ply
format ascii 1.0
comment Sanitized challenge scan; coordinates retain source units.
element vertex 5592
property float x
property float y
property float z
element face 11196
property list uchar int vertex_indices
end_header
-49.602119 -4.6205792 4.9618659
-49.591331 -4.9301205 5.1756053
-49.57962 -5.2324977 5.3993182
-49.566994 -5.5273867 5.6327653
-26.690357 -13.162228 0
-25.271711 -15.71496 0
-25.77236 -14.87968 0
-26.245411 -14.028464 0
-27.106724 -12.281897 0
-27.494062 -11.388413 0
-27.851959 -10.482736 0
-28.47793 -8.6386862 0
-28.745333 -7.7022886 0
-28.981955 -6.7576437 0
-29.18754 -5.8057628 0
-29.361872 -4.8476648 0
-28.180033 -9.5658321 0
-25.468719 -10.549489 5.1643605
-29.375179 -4.6994152 3.1645541
-29.264778 -5.3270826 3.5747616
-29.353148 -4.8462243 3.2574079
-29.321844 -5.0166378 3.3646669
-28.773682 -7.5266414 5.5929708
-29.087498 -6.2141581 4.2638721
-29.026358 -6.4940457 4.5123463
-29.208994 -5.6303205 3.7950037
-29.177078 -5.8036819 3.929934
-29.150373 -5.9261084 4.024828
-28.966646 -6.7654786 4.7699556
-28.969372 -6.7547102 4.7597699
-28.900063 -7.0283303 5.0357642
-28.835718 -7.2821417 5.3102007
-29.368126 -4.7129831 5.0019517
-29.3482 -4.8454075 5.1054401
-29.325256 -4.9700313 5.2024374
-29.236559 -5.4512086 5.6166887
-29.279135 -5.2203426 5.4109755
-29.346792 -4.8451753 5.6310525
-26.103544 -8.8609591 5.2426229
-25.799936 -9.7104082 5.20509
-26.379219 -8.0020485 5.2769198
-26.845621 -6.2595215 5.3356605
-27.03056 -5.402318 5.359364
-27.007151 -5.5070553 5.4522943
-26.954268 -5.7431026 5.6762266
-26.626665 -7.134593 5.3079433
-49.454304 -7.3565259 7.5171986
-49.43494 -7.5808883 7.8187003
-49.539055 -6.0934482 6.1278501
-49.523777 -6.3640132 6.3889585
-49.507645 -6.6258793 6.6587405
-49.553467 -5.8144727 5.8756957
-49.457443 -4.5770559 6.788136
-49.490677 -6.8787661 6.9369082
-49.472889 -7.1224017 7.2231631
-49.44569 -4.8265047 6.9992185
-49.433155 -5.0690918 7.2184834
-49.419872 -5.3043661 7.4455338
-49.405842 -5.5320759 7.6801271
-49.414818 -7.795248 8.1273451
-49.372391 -8.1930532 8.7647352
-49.393963 -7.9993758 8.4428024
-49.350128 -8.3760729 9.0927973
-49.327198 -8.5482388 9.4266386
-49.303623 -8.7093658 9.7659006
-49.375622 -5.9638343 8.170929
-49.359459 -6.1674204 8.4266119
-49.342621 -6.3625183 8.6887875
-49.391087 -5.751977 7.9220119
-49.306988 -6.7264204 9.2314854
-49.325123 -6.5489182 8.9571743
-49.288231 -6.8948355 9.511426
-49.268871 -7.0539827 9.7966976
-49.279434 -8.8592825 10.110221
-49.254654 -8.9978275 10.45923
-49.229309 -9.1248522 10.812556
-49.207397 -7.474165 10.681415
-49.203423 -9.240222 11.169818
-49.177032 -9.3438129 11.530636
-49.150154 -9.4355125 11.894621
-49.185852 -7.5946388 10.9849
-49.163811 -7.7050958 11.29214
-49.1413 -7.8054171 11.602803
-49.118355 -7.8954959 11.916557
-49.248932 -7.203692 10.086994
-49.228432 -7.3438029 10.382006
-49.122826 -9.5152245 12.261385
-49.095074 -9.5828629 12.630534
-49.066929 -9.6383553 13.001675
-49.094982 -7.9752355 12.233067
-49.047085 -8.1033659 12.872992
-49.071217 -8.0445499 12.551991
-49.038418 -9.6816416 13.374408
-49.009575 -9.712676 13.748335
-49.022614 -8.1516199 13.195722
-48.997818 -8.1892595 13.519838
-48.97274 -8.2162466 13.844992
-28.711786 -7.7616119 5.883595
-28.730112 -7.6982102 5.8053446
-28.64662 -7.9868684 6.1814895
-28.584309 -8.2020521 6.4868116
-28.52492 -8.4069328 6.7992344
-28.409693 -8.7850237 7.4436069
-28.35322 -8.9578438 7.774806
-28.468517 -8.6012907 7.1184239
-28.459293 -8.6330328 7.1747108
-26.902966 -5.9715405 5.9078841
-26.853294 -6.1921234 6.1470189
-26.838451 -6.2578497 6.2232199
-26.800213 -6.4047151 6.3929739
-26.746874 -6.6090274 6.6457291
-26.69562 -6.8047972 6.9051938
-26.6465 -6.9918146 7.1710906
-26.610044 -7.1301394 7.3824196
-26.598166 -7.1699066 7.4430227
-26.547501 -7.3389449 7.7204509
-28.300304 -9.119544 8.1117573
-28.251001 -9.2699518 8.4540997
-28.205366 -9.4089041 8.8014669
-26.499454 -7.4986525 8.0034628
-26.454075 -7.6488585 8.2917566
-26.411411 -7.7894025 8.585022
-26.37151 -7.9201326 8.8829441
-28.163445 -9.536253 9.1534872
-28.156336 -9.5577879 9.2198553
-28.121817 -9.6519299 9.5095091
-28.083632 -9.7557507 9.8693981
-26.34915 -7.9929271 9.0651226
-26.332676 -8.0409441 9.18507
-26.294418 -8.1517181 9.4910316
-26.259409 -8.2522831 9.8007097
-28.049723 -9.8475885 10.232829
-28.02013 -9.9273443 10.599415
-27.994881 -9.9949341 10.968761
-26.227684 -8.3425341 10.113773
-26.199278 -8.4223709 10.429886
-26.174221 -8.4917116 10.748709
-27.974005 -10.050283 11.340474
-27.957523 -10.093335 11.714155
-26.15254 -8.5504799 11.069902
-26.134258 -8.5986118 11.393121
-26.119396 -8.6360579 11.718019
-27.945456 -10.124042 12.089403
-27.937813 -10.142371 12.465818
-27.934603 -10.148303 12.842995
-26.107969 -8.6627789 12.044248
-26.099989 -8.6787424 12.37146
-26.095465 -8.6839352 12.699303
-26.0944 -8.6783504 13.027427
-27.935829 -10.141832 13.220531
-27.941492 -10.122964 13.598021
-27.951586 -10.091721 13.975061
-26.0968 -8.6619921 13.35548
-26.102657 -8.6348801 13.683112
-26.111967 -8.597043 14.009972
-4.7744088 -49.525478 1.5764872
-4.0588923 -49.539005 1.3437485
-3.6958008 -49.545479 1.2450596
-4.4185567 -49.532337 1.4542638
-2.9608965 -49.557804 1.0835712
-2.5898705 -49.563644 1.0209446
-2.2169905 -49.569263 0.97049004
-3.3296716 -49.551746 1.1583029
-1.8426563 -49.574654 0.93226165
-1.4672683 -49.579803 0.90630037
-1.0912288 -49.584717 0.89263391
-0.71494037 -49.589386 0.89127702
-6.8084712 -49.480766 2.5475099
-8.3319368 -49.439735 3.647604
-7.7443361 -49.456482 3.1777537
-7.1272502 -49.472794 2.7473428
-7.4393163 -49.464695 2.957499
-8.0419827 -49.448158 3.4078708
-9.893362 -49.387619 5.272882
-10.121282 -49.378757 5.5721993
-8.6138887 -49.431225 3.8966968
-8.887537 -49.42263 4.1548824
-9.1525869 -49.413963 4.4218841
-9.4087563 -49.405231 4.6974158
-6.8462167 -49.443264 4.3790894
-7.1050396 -49.436024 4.5791907
-9.6557693 -49.39645 4.9811831
-8.2935381 -49.398697 5.7005348
-7.6023498 -49.421299 5.0042572
-7.8403039 -49.413826 5.2287664
-7.3571739 -49.428699 4.7876544
-8.0707827 -49.406292 5.4609418
-5.4731584 -49.511219 1.8555225
-5.8153071 -49.503838 2.0120356
-6.4833212 -49.488602 2.3582146
-6.1521482 -49.496296 2.1796594
-5.1260686 -49.518436 1.7102879
-5.7496819 -49.471191 3.6664464
-5.4617057 -49.477882 3.5111809
-4.5694623 -49.497135 3.1030319
-3.9542344 -49.509224 2.8804021
-4.2636714 -49.503262 2.9866834
-4.8712797 -49.49086 3.2293227
-5.1688004 -49.484444 3.3654211
-3.0073779 -49.5261 2.623045
-2.6867039 -49.531368 2.5580609
-2.3640726 -49.536449 2.5036027
-1.3878968 -49.550499 2.4039123
-2.0398293 -49.541332 2.4597294
-1.714321 -49.546021 2.4264872
-1.0609059 -49.554771 2.3920283
-0.73369867 -49.55883 2.3908484
-3.6414826 -49.515022 2.784302
-3.3257511 -49.520653 2.6984856
-6.0324211 -49.464378 3.8310511
-6.5809822 -49.450405 4.1875634
-6.3096199 -49.457447 4.0048189
-12.281897 -27.106724 0
-11.388413 -27.494062 0
-10.482736 -27.851959 0
-9.5658321 -28.180033 0
-8.6386862 -28.47793 0
-7.7022886 -28.745333 0
-6.7576437 -28.981955 0
-5.8057628 -29.18754 0
-4.8476648 -29.361872 0
-3.8843758 -29.504763 0
-5.2238369 -29.289434 1.4466197
-5.5653052 -29.226873 1.602017
-4.1710691 -29.45936 1.0483701
-3.8840353 -29.502176 0.96078819
-3.8119535 -29.51053 0.93875462
-4.8470941 -29.358414 1.2910526
-4.8774395 -29.352861 1.3025218
-4.5263524 -29.406324 1.1696597
-2.9169271 -29.616058 0
-1.9463552 -29.695641 0
-0.97369891 -29.743425 0
-1.9719164 -29.691996 0.56855381
-1.9462547 -29.694107 0.56596613
-1.597754 -29.711325 0.53060728
-1.2225307 -29.729828 0.50491595
-0.97365487 -29.742079 0.49604896
-0.84660745 -29.744171 0.49144021
-3.4493003 -29.552517 0.84078389
-2.9167352 -29.614111 0.72123104
-3.0836153 -29.59482 0.75475585
-2.7152085 -29.630745 0.68062806
-2.3444872 -29.661312 0.61850142
-6.7562513 -28.975985 2.258692
-6.8741708 -28.946241 2.3322775
-7.1853685 -28.867706 2.5410094
-8.3564215 -28.548729 3.4744339
-7.7002358 -28.737671 2.9222629
-7.7863297 -28.712898 2.988585
-7.4895425 -28.790901 2.759877
-8.0753622 -28.629688 3.2268062
-9.8584414 -28.060516 5.1411252
-10.075583 -27.981943 5.4463325
-10.282616 -27.906963 5.7585826
-8.6292057 -28.470106 3.7312036
-8.6357412 -28.468222 3.7377744
-8.8933096 -28.384726 3.996654
-9.1485653 -28.301929 4.2706881
-9.394702 -28.222038 4.5530176
-9.6314249 -28.142603 4.8432884
-9.5616808 -28.167805 4.7577772
-6.5561972 -29.019539 2.1337655
-6.2318211 -29.090118 1.9457389
-5.9014392 -29.161966 1.7684809
-5.8048515 -29.182959 1.7206808
-4.1402793 -29.459591 2.6284995
-3.8834772 -29.497938 2.5362496
-3.7077591 -29.518316 2.4761679
-4.0167732 -29.478041 2.5817554
-3.8834553 -29.49777 2.598433
-4.493926 -27.219309 2.6753128
-4.2909036 -27.249624 2.6515446
-4.2951565 -27.24898 2.6531541
-4.8933644 -27.144619 2.9136896
-4.493844 -27.218813 2.7358999
-4.5964446 -27.199785 2.7785769
-5.1856799 -27.090208 3.0584819
-2.4415689 -29.649164 2.1560247
-3.3953822 -29.554514 2.3806825
-3.0800314 -29.591024 2.2954905
-2.9163265 -29.609962 2.2569785
-2.9162657 -29.609346 2.4852836
-2.7619817 -29.622717 2.2205803
-1.9459862 -29.69001 2.0787797
-2.1192026 -29.675745 2.1020014
-1.795167 -29.697475 2.0584688
-1.4697993 -29.713549 2.0254569
-1.1435182 -29.729639 2.0031166
-0.97352153 -29.738007 1.9970599
-0.81660968 -29.740591 1.9913678
-1.9459342 -29.689217 2.371846
-0.97349834 -29.737299 2.2582414
-10.339282 -49.369869 5.8788157
-10.54713 -49.360966 6.1924019
-10.744604 -49.352055 6.5126228
-11.426695 -49.316544 7.8528929
-10.931492 -49.343151 6.8391352
-11.107594 -49.334255 7.1715894
-11.27272 -49.325386 7.5096292
-8.5083332 -49.39106 5.947289
-8.7149353 -49.383381 6.2009392
-9.1026917 -49.367947 6.727839
-8.913126 -49.375675 6.461216
-9.2834291 -49.360207 7.0005226
-9.4551458 -49.352455 7.278975
-9.6176567 -49.344715 7.5628991
-9.7707882 -49.336979 7.8519897
-11.569354 -49.307747 8.2010136
-11.700544 -49.299 8.5536165
-9.9143772 -49.329266 8.145937
-10.048268 -49.321579 8.4444275
-10.172319 -49.313927 8.7471409
-11.820124 -49.290314 8.910326
-11.927966 -49.281693 9.2707596
-12.023955 -49.273155 9.634532
-10.286398 -49.30632 9.0537519
-10.390381 -49.298767 9.3639345
-10.484157 -49.291271 9.6773548
-12.107989 -49.264702 10.001251
-12.179976 -49.256348 10.370527
-12.239841 -49.2481 10.741963
-10.567625 -49.283848 9.9936781
-10.640697 -49.276497 10.312565
-10.703296 -49.269234 10.633675
-10.755351 -49.262062 10.956663
-12.287518 -49.239967 11.115163
-12.322956 -49.231956 11.489724
-12.346119 -49.224075 11.865248
-10.796809 -49.25499 11.281183
-10.827626 -49.248024 11.60689
-10.847768 -49.241169 11.933432
-12.35698 -49.216335 12.241331
-12.35553 -49.208748 12.617572
-12.341768 -49.201313 12.993567
-10.857211 -49.23444 12.260461
-10.85595 -49.22784 12.587626
-10.843984 -49.221378 12.914578
-12.31571 -49.194046 13.368913
-12.277383 -49.186951 13.743209
-10.821324 -49.215057 13.240966
-10.787997 -49.208889 13.566441
-10.744038 -49.202873 13.890654
-10.47932 -27.835573 6.0775404
-10.476929 -27.836531 6.0736632
-10.665399 -27.761091 6.4027267
-10.840744 -27.690834 6.7339396
-11.005167 -27.624876 7.0708256
-11.158491 -27.563288 7.4130225
-11.300554 -27.506136 7.7601647
-11.38013 -27.474066 7.9743891
-11.431179 -27.451529 8.1118412
-11.550217 -27.39887 8.4676609
-11.657578 -27.351263 8.8273067
-11.753149 -27.308758 9.1903925
-11.836825 -27.2714 9.5565271
-11.908519 -27.239229 9.9253216
-11.968153 -27.21228 10.296379
-12.015662 -27.19058 10.669305
-12.050998 -27.174154 11.043695
-12.07412 -27.163019 11.419153
-12.085006 -27.157188 11.795276
-12.083641 -27.156666 12.171659
-12.07003 -27.161453 12.5479
-12.044187 -27.171547 12.923598
-12.006137 -27.186934 13.298348
-11.955923 -27.207598 13.67175
-11.893599 -27.233517 14.043405
-20.343267 -21.720287 0
-19.621708 -22.374269 0
-23.004295 -18.879137 0
-22.374269 -19.621708 0
-23.609686 -18.11635 0
-24.189796 -17.334162 0
-24.744001 -16.533413 0
-21.720287 -20.343267 0
-21.043045 -21.043045 0
-16.533413 -24.744001 0
-18.879137 -23.004295 0
-18.11635 -23.609686 0
-17.334162 -24.189796 0
-14.87968 -25.77236 0
-15.71496 -25.271711 0
-14.028464 -26.245411 0
-13.162228 -26.690357 0
-22.410358 -16.059036 4.7938128
-20.124168 -18.848339 4.5201087
-19.497131 -19.497131 4.4453273
-21.31291 -17.491055 4.6621957
-20.729643 -18.179409 4.5924239
-21.873348 -16.784012 4.7293491
-13.000883 -24.322943 3.675261
-16.787071 -21.877337 4.1231685
-16.062691 -22.415459 4.0373001
-15.321082 -22.929621 3.9494808
-14.563036 -23.419268 3.8598034
-13.789361 -23.883875 3.7683644
-17.493448 -21.315828 4.2069936
-18.849201 -20.125088 4.3681588
-18.18107 -20.731537 4.2886858
-23.87524 -13.784376 4.9703951
-24.31308 -12.995612 5.0234437
-22.923372 -15.316907 4.8555188
-23.411839 -14.558416 4.9144001
-24.724895 -12.192969 5.0734887
-25.110245 -11.377304 5.1204777
-12.198446 -24.736 3.5805926
-11.382904 -25.122604 3.4844606
-10.555131 -25.48234 3.3869674
-8.866436 -26.119678 3.1883159
-9.7160091 -25.814817 3.2882173
-8.0073204 -26.396599 3.0873699
-7.1395793 -26.645273 2.9854872
-6.8248963 -26.714399 4.1197391
-7.1365852 -26.634098 4.3801532
-7.0763226 -26.649649 4.3270416
-7.3207321 -26.580114 4.5423875
-8.4295664 -26.237883 5.7329164
-7.55792 -26.510456 4.7656393
-7.7876582 -26.44286 4.9966006
-8.009697 -26.377127 5.2350178
-8.0021687 -26.379616 5.2269363
-8.223711 -26.306223 5.4804926
-6.2641416 -26.865437 2.8827767
-5.3819423 -27.05685 2.7793484
-5.3813205 -27.053724 3.1635303
-6.0316243 -26.910004 3.5488892
-6.2625952 -26.858803 3.7038941
-5.7550945 -26.971193 3.3762186
-5.4730392 -27.033499 3.2127359
-6.566802 -26.780748 3.9208326
-6.3023167 -26.848625 3.7305348
-8.6270409 -26.172174 5.9920201
-8.8159256 -26.109171 6.2575254
-9.1669807 -25.980272 6.8063684
-8.8580828 -26.095072 6.3211102
-8.9959536 -26.043909 6.5290461
-9.3288431 -25.919867 7.0892277
-9.4813652 -25.862755 7.3773198
-9.6243868 -25.809 7.6703362
-9.7026949 -25.779442 7.8450933
-9.881238 -25.705099 8.2697487
-9.9948225 -25.657488 8.575552
-10.09836 -25.613813 8.885004
-10.191739 -25.574123 9.197773
-10.274859 -25.53846 9.513526
-10.347633 -25.506863 9.8319225
-9.7577276 -25.756599 7.9679227
-10.409981 -25.479364 10.152623
-10.461837 -25.455996 10.475283
-10.503146 -25.436779 10.799559
-10.530675 -25.4233 11.09132
-10.533861 -25.421612 11.125098
-10.553944 -25.409956 11.451543
-10.563385 -25.402906 11.778565
-10.562174 -25.400473 12.105816
-10.550314 -25.402658 12.432942
-10.527817 -25.409458 12.759596
-10.525301 -25.410324 12.78435
-10.494692 -25.419737 13.085403
-10.450983 -25.434113 13.410028
-10.396739 -25.452667 13.733126
-10.332017 -25.47538 14.054349
-48.980431 -9.7314253 14.123056
-48.951015 -9.7378693 14.498169
-48.921356 -9.7320013 14.873273
-48.947395 -8.2325497 14.170836
-48.921818 -8.2381535 14.497022
-48.896027 -8.2330513 14.823198
-48.891495 -9.7138271 15.247965
-48.861454 -9.6833668 15.621845
-48.831268 -9.6406527 15.994513
-48.87006 -8.217247 15.149018
-48.843937 -8.1907597 15.474131
-48.817688 -8.1536169 15.79819
-48.791344 -8.1058588 16.120846
-48.800972 -9.5857296 16.365568
-48.770599 -9.5186586 16.734615
-48.740177 -9.4395094 17.101257
-48.764935 -8.0475359 16.441755
-48.73848 -7.9787107 16.760576
-48.712017 -7.899457 17.076963
-48.709743 -9.3483677 17.465103
-48.679325 -9.2453318 17.825762
-48.64896 -9.1305103 18.182848
-48.685566 -7.8098602 17.390579
-48.659161 -7.7100153 17.70109
-48.632828 -7.6000299 18.00816
-48.618679 -9.0040274 18.53598
-48.588516 -8.8660173 18.884777
-48.606602 -7.480022 18.311462
-48.580498 -7.3501191 18.610672
-48.558498 -8.71663 19.228868
-48.528664 -8.5560226 19.567884
-48.499039 -8.3843699 19.901463
-48.469658 -8.2018538 20.229246
-48.554554 -7.2104611 18.90547
-48.528793 -7.0611978 19.195536
-48.503246 -6.9024882 19.480564
-48.47794 -6.7345028 19.76025
-48.4529 -6.5574212 20.034288
-48.440556 -8.0086708 20.55088
-48.411758 -7.8050265 20.866026
-48.383301 -7.5911403 21.174343
-48.355209 -7.3672409 21.475502
-48.428154 -6.3714328 20.302389
-48.403725 -6.1767378 20.564266
-48.379646 -5.9735436 20.819641
-48.355934 -5.7620683 21.068232
-48.332626 -5.5425382 21.309782
-48.327518 -7.1335673 21.76918
-48.300251 -6.8903708 22.055061
-48.273445 -6.6379113 22.332844
-48.309738 -5.3151884 21.544025
-48.287296 -5.0802622 21.770718
-48.265324 -4.8380117 21.989609
-48.243851 -4.5886955 22.200472
-27.966097 -10.048133 14.35125
-27.98501 -9.9922504 14.72618
-28.008308 -9.9241304 15.099455
-26.12472 -8.548521 14.335708
-26.140902 -8.4893665 14.659972
-26.160496 -8.4196424 14.982418
-28.035965 -9.8438473 15.470671
-28.067949 -9.7514868 15.839433
-26.183481 -8.3394222 15.302701
-26.209833 -8.2487946 15.620475
-26.239523 -8.1478539 15.935403
-28.227865 -9.2636461 17.281248
-28.275352 -9.1127443 17.631443
-28.326479 -8.9505568 17.976835
-28.104227 -9.6471472 16.205343
-28.137613 -9.5514326 16.504063
-28.144011 -9.5309563 16.567955
-28.184069 -9.4030991 16.926626
-26.290911 -7.9752269 16.403467
-26.272518 -8.0367098 16.247147
-26.30665 -7.9155231 16.555202
-26.341463 -7.7844305 16.859211
-26.379114 -7.6435308 17.159014
-26.419559 -7.4929748 17.454296
-26.462761 -7.3329225 17.74474
-26.508667 -7.1635461 18.030031
-26.524025 -7.107091 18.118528
-28.381191 -8.777257 18.317057
-28.429628 -8.6240339 18.595415
-28.438318 -8.593051 18.651653
-28.493025 -8.3982306 18.979887
-28.550753 -8.1928968 19.301847
-28.611439 -7.9772696 19.617186
-28.675018 -7.7515802 19.925564
-28.692879 -7.6882339 20.006548
-28.735361 -7.5161877 20.226175
-26.693386 -6.3970599 19.111712
-26.552948 -6.9851108 18.30953
-26.597536 -6.7977681 18.583094
-26.644365 -6.6016817 18.850582
-26.732756 -6.2332048 19.307541
-26.742853 -6.1841555 19.366068
-26.788464 -5.9632797 19.613043
-26.835827 -5.7345581 19.852819
-26.884897 -5.4982352 20.085144
-26.914978 -5.3537221 20.218357
-28.795889 -7.2712765 20.51897
-28.858768 -7.017065 20.803816
-28.923931 -6.7538266 21.080402
-28.926207 -6.7446451 21.089449
-28.98221 -6.4820194 21.347719
-29.042021 -6.2017694 21.606148
-29.103617 -5.9133711 21.855434
-29.129101 -5.7941384 21.951982
-29.160892 -5.6172504 22.094839
-29.215494 -5.3136911 22.324238
-26.932241 -5.254631 20.309496
-26.976017 -5.0040407 20.525496
-27.021101 -4.7466364 20.733303
-48.247124 -6.3764591 22.602224
-48.221317 -6.1062942 22.862919
-48.196049 -5.8277059 23.114647
-48.171352 -5.5409923 23.357138
-48.147251 -5.2464609 23.590134
-48.123772 -4.944427 23.813383
-48.100937 -4.6352139 24.026649
-29.271431 -5.0029397 22.543707
-29.301207 -4.8376489 22.652636
-29.323513 -4.6854286 22.752609
-25.202299 -15.671797 30.113708
-25.701433 -14.838729 30.173309
-26.173046 -13.989785 30.22962
-26.616636 -13.125873 30.282581
-27.031731 -12.247918 30.332132
-27.774681 -10.45365 30.420807
-27.417883 -11.356858 30.378225
-25.277458 -10.470266 30.122305
-28.39872 -8.6146574 30.495264
-28.665297 -7.6808429 30.52706
-28.901184 -6.738811 30.555185
-29.106133 -5.7895699 30.579613
-29.279922 -4.8341346 30.600315
-28.101744 -9.5392561 30.459835
-25.907536 -8.7944231 30.197496
-25.606197 -9.6374903 30.161537
-26.130281 -8.1004515 30.22407
-26.181158 -7.9419398 30.230139
-26.832897 -5.3373952 30.30785
-26.42675 -7.0810266 30.259432
-26.644077 -6.2125278 30.285345
-12.22683 -49.180035 14.116053
-12.164102 -49.173306 14.487047
-12.089269 -49.166771 14.855794
-10.689492 -49.197021 14.213257
-10.624419 -49.191341 14.533906
-10.54889 -49.185833 14.852257
-12.00241 -49.160439 15.221897
-11.903618 -49.154316 15.584967
-11.792998 -49.148407 15.944613
-10.462984 -49.180511 15.16797
-10.366793 -49.175373 15.480705
-10.260421 -49.170425 15.790129
-10.143982 -49.16568 16.095909
-11.670671 -49.142719 16.300449
-11.536765 -49.13726 16.652098
-11.391425 -49.132034 16.99918
-10.017599 -49.161133 16.39772
-9.8814087 -49.156796 16.695236
-11.234807 -49.127045 17.341322
-11.067078 -49.122303 17.678162
-10.888417 -49.117809 18.009336
-9.7355576 -49.152672 16.98814
-9.5802002 -49.148766 17.276117
-9.4155045 -49.145081 17.558863
-9.2416449 -49.141617 17.836069
-9.0588093 -49.138382 18.107441
-10.699017 -49.113571 18.334494
-10.499079 -49.109589 18.65328
-10.288817 -49.105869 18.965359
-10.068459 -49.102421 19.270395
-9.8382378 -49.099239 19.56806
-8.8671932 -49.135384 18.37269
-8.6670008 -49.132618 18.631529
-8.4584475 -49.130089 18.883682
-8.2417564 -49.127804 19.128881
-9.5984011 -49.096333 19.858038
-9.349206 -49.093704 20.140015
-8.0171595 -49.125759 19.366861
-7.7848959 -49.123962 19.597368
-7.5452166 -49.122414 19.820154
-7.298377 -49.121113 20.034983
-7.044642 -49.120064 20.241623
-9.0909195 -49.091354 20.413692
-8.8238173 -49.089287 20.678774
-8.5481863 -49.087505 20.93498
-8.2643204 -49.08601 21.182032
-6.7842832 -49.119263 20.439852
-7.9725256 -49.084801 21.419668
-7.6731124 -49.083881 21.647631
-7.3664026 -49.083256 21.865681
-7.0527244 -49.08292 22.07358
-6.7324133 -49.082874 22.271109
-6.5175791 -49.118717 20.629459
-6.2448149 -49.118427 20.810242
-5.9662838 -49.118385 20.982006
-5.6822829 -49.118599 21.144567
-5.393117 -49.119068 21.29775
-5.0990958 -49.119789 21.441395
-4.8005338 -49.120762 21.575344
-4.4977508 -49.121986 21.699453
-4.191071 -49.123459 21.813595
-3.8808231 -49.125179 21.917641
-3.5673389 -49.127148 22.011482
-3.2509544 -49.129356 22.09502
-2.9320083 -49.131813 22.168161
-2.610842 -49.134506 22.230831
-2.2877994 -49.137432 22.282961
-1.9632268 -49.140594 22.324495
-1.6374713 -49.143986 22.355389
-11.819229 -27.264664 14.412913
-11.732897 -27.301004 14.77988
-11.634692 -27.342501 15.143912
-11.52472 -27.389109 15.50462
-11.4031 -27.440777 15.861616
-11.371852 -27.454079 15.944445
-11.269912 -27.493574 16.214441
-11.125329 -27.549692 16.562765
-10.969519 -27.610262 16.906235
-10.802649 -27.675217 17.244484
-10.624897 -27.744488 17.57715
-10.465666 -27.806606 17.853231
-10.436442 -27.816916 17.903854
-10.23742 -27.887205 18.224146
-10.028116 -27.961189 18.537796
-9.8087568 -28.038794 18.844469
-9.5795755 -28.119934 19.143841
-9.5490971 -28.130732 19.181084
-9.3407249 -28.196959 19.435432
-9.092535 -28.275894 19.719061
-8.8352871 -28.357765 19.99444
-8.6227636 -28.425442 20.207607
-8.569231 -28.440578 20.26124
-8.2945805 -28.51828 20.519051
-8.0117216 -28.598354 20.767754
-7.7209558 -28.68071 21.007078
-7.6875129 -28.690187 21.032824
-7.4224825 -28.756004 21.236584
-7.1167173 -28.83198 21.456181
-6.8040013 -28.909725 21.665661
-6.744267 -28.924585 21.702911
-4.2262735 -27.103239 21.254217
-6.48456 -28.980227 21.864614
-6.1588173 -29.050056 22.052967
-5.827147 -29.121197 22.230556
-5.7939825 -29.128315 22.246944
-3.9201238 -27.147688 21.369225
-3.6104102 -27.192749 21.474148
-3.5805662 -27.197102 21.483181
-3.2973483 -27.228968 21.568682
-2.9813762 -27.264614 21.652895
-2.6885917 -27.297729 21.720749
-2.6628332 -27.299793 21.7267
-2.3419518 -27.325579 21.789837
-2.0191941 -27.351606 21.842434
-1.7939137 -27.369835 21.871611
-1.6948658 -27.374594 21.884367
-1.3692626 -27.390331 21.91551
-1.0428244 -27.406199 21.93598
-0.89741874 -27.413305 21.940325
-0.71582729 -27.416233 21.945629
-6.4058123 -49.083118 22.458054
-6.0732718 -49.083656 22.634216
-5.735147 -49.084488 22.799406
-5.3918009 -49.085606 22.953447
-5.0436006 -49.087013 23.096174
-4.6909189 -49.088707 23.227434
-4.3341336 -49.090687 23.347088
-3.9736269 -49.092949 23.455008
-1.3108821 -49.147606 22.375608
-0.9838087 -49.151443 22.385134
-0.65660137 -49.155502 22.383955
-3.6097846 -49.09549 23.551075
-3.2429965 -49.098312 23.635187
-2.8736551 -49.10141 23.707258
-2.5021563 -49.104778 23.767208
-2.1288977 -49.108414 23.814972
-1.754279 -49.112312 23.850498
-1.3787013 -49.116474 23.873753
-1.0025669 -49.120892 23.884706
-0.62627846 -49.125557 23.883348
-5.4897776 -29.183252 22.396984
-5.1471806 -29.245163 22.552256
-4.8376365 -29.301132 22.680519
-4.7997217 -29.306713 22.696198
-4.4476585 -29.358574 22.828474
-4.0914965 -29.411076 22.94915
-3.8762219 -29.442829 23.014318
-3.7315569 -29.459352 23.057999
-3.3681955 -29.500889 23.154854
-2.9107394 -29.553234 23.257763
-3.0018892 -29.542797 23.239758
-2.6329176 -29.575865 23.312433
-2.2617505 -29.606134 23.372927
-1.9421985 -29.632223 23.41432
-1.8888007 -29.634829 23.421198
-1.5143596 -29.653126 23.457016
-1.1389571 -29.671503 23.480556
-0.97161317 -29.67971 23.485559
-0.76291138 -29.683109 23.491655
-11.358851 -27.422693 28.459818
-10.455627 -27.779936 28.351879
-9.5411911 -28.107441 28.242596
-8.6165199 -28.40486 28.13209
-7.6826038 -28.671867 28.020473
-6.7404428 -28.908182 27.907871
-5.7910447 -29.113546 27.794401
-4.8354259 -29.287743 27.680183
-3.8746095 -29.430582 27.565344
-2.9096241 -29.54191 27.450005
-3.5740201 -27.147381 27.529243
-2.6839557 -27.25066 27.422859
-1.9415026 -29.621607 27.334286
-0.97128165 -29.669584 27.218315
-1.7909601 -27.32477 27.31612
-0.89598882 -27.369625 27.209143
-10.256886 -25.502224 14.373354
-10.171427 -25.533173 14.689799
-10.075731 -25.568193 15.003346
-9.969902 -25.607246 15.313661
-9.8540516 -25.650291 15.620408
-9.7283039 -25.697283 15.92326
-9.6787729 -25.715883 16.032417
-9.5927563 -25.744991 16.221828
-9.4475641 -25.794353 16.515814
-9.2929058 -25.847143 16.804939
-9.1289473 -25.903307 17.088894
-8.9558649 -25.962784 17.367373
-8.773818 -26.023546 17.640038
-8.8281212 -26.006805 17.558758
-8.5829659 -26.082546 17.906542
-8.3835697 -26.144348 18.166685
-8.1758432 -26.208883 18.420197
-7.9600043 -26.275736 18.666792
-7.9698348 -26.273026 18.655573
-7.504745 -26.401678 19.137903
-7.7361951 -26.337584 18.906063
-7.2659016 -26.467949 19.362061
-7.1041164 -26.512922 19.504284
-7.0198851 -26.53339 19.578239
-6.766922 -26.594976 19.786146
-6.5073533 -26.658289 19.98567
-6.2315555 -26.725683 20.183235
-6.241457 -26.723259 20.176603
-5.9694066 -26.780813 20.358557
-5.691597 -26.839348 20.531504
-5.4083309 -26.899137 20.695271
-5.3529024 -26.910856 20.724943
-5.1198139 -26.952219 20.84952
-4.826427 -27.004383 20.994202
-4.5285072 -27.057453 21.129204
-4.4689584 -27.068081 21.153875
-20.288481 -21.661791 29.526785
-19.569019 -22.31419 29.440834
-22.941677 -18.827747 29.843721
-22.31352 -19.568432 29.768692
-24.12364 -17.286755 29.984892
-24.676182 -16.488096 30.05088
-23.545265 -18.066917 29.915815
-22.242029 -15.938413 29.759874
-20.986214 -20.986214 29.610138
-19.973007 -18.70676 29.488855
-19.350681 -19.350681 29.414515
-21.661467 -20.288177 29.690802
-20.573933 -18.042856 29.560638
-21.152821 -17.359673 29.629782
-21.709049 -16.657942 29.69622
-21.314222 -17.15605 29.649061
-16.489573 -24.678389 29.07291
-18.828594 -22.942707 29.352375
-18.067999 -23.546675 29.261503
-17.288046 -24.125441 29.168314
-15.942048 -22.247103 29.00728
-16.660984 -21.713018 29.09318
-14.84049 -25.704483 28.875866
-15.673429 -25.204924 28.975393
-13.991647 -26.176531 28.774435
-13.127808 -26.62056 28.671209
-14.453665 -23.243383 28.829443
-15.206014 -22.757408 28.919338
-13.685804 -23.70451 28.737692
-12.903252 -24.140287 28.644182
-18.044508 -20.575817 29.258472
-18.707619 -19.973921 29.337692
-17.362053 -21.155724 29.176939
-23.695919 -13.680845 29.933495
-23.235992 -14.449069 29.878576
-22.751192 -15.201859 29.820683
-24.539206 -12.101397 30.03418
-24.130476 -12.898008 29.985382
-24.921667 -11.291861 30.079836
-12.249896 -27.036097 28.566299
-12.106845 -24.550253 28.549015
-11.297432 -24.933964 28.452291
-10.475879 -25.291008 28.354113
-8.7998724 -25.923586 28.15382
-9.6430616 -25.621002 28.254589
-7.9472098 -26.198441 28.05192
-7.0859871 -26.445263 27.948992
-6.217124 -26.66379 27.84515
-5.3415499 -26.853783 27.740503
-4.4602008 -27.015039 27.635162
-49.653942 -1.9275703 3.636107
-49.65707 -1.207405 3.4177797
-49.656002 -1.5692701 3.5210707
-49.657143 -0.84236228 3.3263443
-49.656219 -0.47453299 3.2468624
-49.654301 -0.10431093 3.1794195
-49.65139 0.26790741 3.1240873
-49.647488 0.64172351 3.0809255
-49.642601 1.016737 3.0499802
-49.635803 -3.3175132 4.2110538
-49.620876 -3.9813387 4.5652118
-49.628822 -3.6523237 4.3827214
-49.646843 -2.6319451 3.9009099
-49.641811 -2.9772656 4.0503926
-49.650887 -2.2819219 3.7627654
-49.611973 -4.3042059 4.7583284
-49.530399 -1.7547214 5.1618876
-49.511215 -2.9463754 5.7009797
-49.517284 -2.6552355 5.5517039
-49.522511 -2.3593683 5.4119978
-49.526886 -2.0590894 5.2820134
-49.535038 -0.18307889 4.7132764
-49.533371 0.13885339 4.6546302
-49.530838 0.46252149 4.6065154
-49.527447 0.78757894 4.5689836
-49.534851 -1.1350243 4.9517183
-49.533058 -1.4465895 5.0517502
-49.535778 -0.82035893 4.8618994
-49.535843 -0.5029304 4.7823911
-49.636734 1.3925463 3.0312843
-49.629894 1.7687491 3.0248582
-49.622086 2.1449425 3.0307086
-49.613319 2.5207236 3.0488291
-49.603607 2.89569 3.0792003
-49.592953 3.2694402 3.1217899
-49.581371 3.6415739 3.1765523
-49.568878 4.011693 3.2434287
-49.555481 4.3794007 3.3223474
-49.541199 4.7443032 3.4132242
-49.526043 5.1060104 3.5159616
-49.510033 5.4641342 3.6304495
-49.523197 1.1136777 4.5420747
-49.518093 1.4404683 4.5258174
-49.512146 1.7676011 4.5202293
-49.505356 2.0947258 4.5253167
-49.497734 2.4214921 4.5410728
-49.489288 2.7475498 4.5674834
-49.480022 3.0725501 4.6045179
-49.469952 3.3961446 4.6521373
-49.459091 3.7179873 4.7102904
-49.493183 5.8182917 3.7565656
-49.475513 6.1681037 3.8941743
-49.457043 6.513195 4.043129
-49.447441 4.0377331 4.7789154
-49.43502 4.3550401 4.8579388
-49.421841 4.6695676 4.9472756
-49.407921 4.9809799 5.0468302
-49.393269 5.2889428 5.1564965
-49.377903 5.5931268 5.2761559
-49.361843 5.8932061 5.4056821
-49.3451 6.1888599 5.5449343
-49.327698 6.4797707 5.6937647
-49.43779 6.8531961 4.2032695
-49.417778 7.1877437 4.3744245
-49.397026 7.516479 4.5564113
-49.375557 7.8390498 4.7490344
-49.353394 8.1551113 4.9520874
-49.330559 8.464325 5.1653533
-49.307076 8.7663584 5.3886037
-49.282974 9.0608902 5.6215992
-29.504763 -3.8843758 0
-29.616058 -2.9169271 0
-29.695641 -1.9463552 0
-29.743425 -0.97369891 0
-29.759359 3.6444702e-15 0
-29.743425 0.97369891 0
-29.746916 -0.49308714 1.611588
-29.753159 -0.12069006 1.5569768
-29.755171 3.6439573e-15 1.5433066
-29.751106 0.25316212 1.5139606
-29.745054 0.62815285 1.4829235
-29.737961 1.0039382 1.464131
-29.739449 0.97356874 1.4657227
-29.695641 1.9463552 0
-29.616058 2.9169271 0
-29.504763 3.8843758 0
-29.719511 1.3799143 1.4567906
-29.701025 1.7558991 1.4618
-29.691658 1.9460942 1.4705878
-29.676443 2.1313713 1.4786749
-29.645655 2.5059261 1.5073863
-29.614929 2.8792844 1.5483953
-29.611862 2.9165137 1.5537292
-29.573273 3.2508309 1.600789
-29.361872 4.8476648 0
-29.18754 5.8057628 0
-29.517601 -3.7104068 2.6266193
-29.557251 -3.3695018 2.4686074
-29.65955 -2.3180459 2.0614233
-29.689281 -1.9592053 1.9485661
-29.690372 -1.94601 1.9448884
-29.609898 -2.9163203 2.280565
-29.597456 -3.0234947 2.3218949
-29.630114 -2.6729124 2.1860039
-29.473125 -4.0459495 2.7953339
-29.497459 -3.8834143 2.7138572
-29.42371 -4.3757744 2.9745579
-29.64444 -2.4473786 3.716146
-29.669754 -2.1425848 3.5977371
-29.686083 -1.9457288 3.5286281
-29.691675 -1.8340768 3.4891167
-29.725983 -1.2316028 1.7566402
-29.738808 -0.97354776 1.7019968
-29.740673 -0.86346865 1.6783882
-29.707787 -1.5969995 1.8466482
-29.741476 -0.56963223 3.1544089
-29.734625 -0.97341084 3.2439067
-29.736053 -0.8896054 3.2230332
-29.751053 3.6434529e-15 3.0600176
-29.746904 -0.2475614 3.0963218
-29.749838 0.076213434 3.0486374
-29.744621 0.40123525 3.0109618
-29.739357 0.72731417 2.983973
-29.735363 0.97343498 2.9717166
-29.731415 1.0540494 2.9674919
-29.707264 -1.5222421 3.3901715
-29.722979 -1.2072879 3.3015177
-29.556559 -3.3360746 4.1294255
-29.492815 -3.882803 4.4395099
-29.489645 -3.9039495 4.4519243
-29.448263 -4.1796975 4.6263289
-29.523159 -3.6226919 4.286026
-29.605461 -2.9158835 3.9227817
-29.619436 -2.7480602 3.8445063
-29.590515 -3.0443904 3.9823456
-29.407742 -4.449472 4.8097367
-29.489557 -3.882374 5.650095
-29.600754 -2.9154198 5.6654639
-29.680264 -1.9453473 5.6771426
-29.728003 -0.97319406 5.6851187
-29.743916 3.6425788e-15 5.689383
-29.727989 0.97319359 5.6899319
-29.530586 3.6203601 1.6652875
-29.500134 3.8837664 1.7202667
-29.71537 1.380985 2.9611087
-29.699297 1.7079284 2.9654648
-29.687578 1.9458268 2.9764566
-29.6803 2.0344725 2.9803257
-29.653526 2.3601723 3.0052924
-29.626808 2.6848316 3.0409524
-29.607754 2.9161093 3.0740874
-29.597143 3.0080435 3.0870285
-29.560024 3.3293734 3.1431141
-29.523115 3.6486259 3.2097499
-29.495972 3.8832183 3.2668476
-29.484697 3.9874334 1.7416474
-29.430443 4.3515553 1.8293761
-29.376627 4.7125077 1.9290687
-29.356594 4.8467932 1.9709817
-29.315834 5.069757 2.0400298
-29.251225 5.4229817 2.1623843
-29.187368 5.7718911 2.2963557
-29.181391 5.8045397 2.3101506
-29.113779 6.1159062 2.440969
-29.040142 6.4548454 2.5968266
-29.483727 3.9654062 3.2866492
-29.43693 4.2792773 3.3733382
-29.390564 4.5900559 3.4703379
-29.352339 4.8460908 3.5596442
-29.342958 4.8973751 3.5774088
-29.287432 5.2007747 3.6939054
-29.680237 1.9453456 5.6867638
-29.600716 2.915416 5.679883
-29.489506 3.8823671 5.6692967
-29.232618 5.5000973 3.8203793
-29.178579 5.795023 3.9566944
-29.176994 5.8036652 3.9610426
-29.115831 6.0850482 4.1019535
-29.053848 6.3700466 4.2567425
-28.992989 6.6497192 4.420918
-29.346727 4.8451643 5.6550159
-29.172533 5.8027778 5.6370559
-28.981955 6.7576437 0
-28.745333 7.7022886 0
-28.47793 8.6386862 0
-28.180033 9.5658321 0
-27.851959 10.482736 0
-27.494062 11.388413 0
-27.106724 12.281897 0
-26.690357 13.162228 0
-26.245411 14.028464 0
-25.77236 14.87968 0
-25.271711 15.71496 0
-28.974691 6.75595 2.7476141
-28.966532 6.7883463 2.7637608
-28.883993 7.1158752 2.9408813
-28.802959 7.4372826 3.128813
-28.736694 7.6999741 3.2944157
-28.721691 7.7521896 3.3272116
-28.633171 8.0601206 3.5353043
-28.970093 6.754878 4.4874511
-28.927519 6.9236526 4.5938478
-28.546656 8.3609228 3.7535903
-28.467625 8.63556 3.9672735
-28.461575 8.6542635 3.9817836
-28.3692 8.9396553 4.218945
-28.27939 9.2169828 4.4655895
-28.859892 7.1916013 4.7755342
-28.793795 7.4533472 4.9660673
-28.731812 7.6986656 5.1574826
-28.728951 7.7086043 5.165216
-28.967112 6.7541828 5.6154361
-28.65745 7.9569435 5.3721385
-28.730677 7.6983614 5.5901794
-28.591841 8.1846848 5.5751796
-28.19224 9.4859495 4.7214527
-28.1677 9.5616455 4.7984538
-26.364178 8.0478268 5.3148675
-26.329191 8.1541538 5.4093976
-26.103199 8.8608418 5.2864218
-26.252113 8.3880129 5.6317849
-28.101147 9.7461376 4.985733
-28.010475 9.9973497 5.2584839
-27.923069 10.239372 5.5396299
-25.799562 9.710268 5.253088
-25.468319 10.549323 5.2165065
-49.496563 -3.5132291 6.0275946
-49.504307 -3.232475 5.8596668
-49.487995 -3.7883365 6.2045832
-49.478615 -4.0575027 6.3904438
-49.46843 -4.3204393 6.5849771
-49.309654 6.7656274 5.8520145
-49.290985 7.046124 6.0195127
-49.271713 7.3209596 6.1960807
-49.251854 7.5898409 6.3815293
-49.231434 7.852479 6.5756602
-49.210476 8.108593 6.778265
-49.258278 9.3476028 5.8640909
-49.189003 8.3579092 6.9891272
-49.167034 8.6001596 7.2080207
-49.144588 8.8350859 7.4347115
-49.121712 9.0623159 7.6688323
-49.233013 9.6261911 6.1158185
-49.207203 9.8963566 6.376513
-49.180882 10.157808 6.6458945
-49.154076 10.410268 6.9236751
-49.126812 10.653465 7.2095575
-49.099117 10.887138 7.5032353
-49.07103 11.111038 7.8043938
-49.098392 9.2819662 7.9105048
-49.092667 9.3330193 7.9705186
-49.074684 9.4934416 8.1590986
-49.050602 9.6966352 8.4144697
-49.026176 9.8913307 8.6763468
-49.042568 11.324924 8.112711
-49.013771 11.528568 8.4278564
-48.984669 11.721751 8.7494917
-49.001431 10.077318 8.9444485
-48.976387 10.2544 9.2184887
-48.95108 10.422386 9.4981718
-48.925533 10.581096 9.7832003
-48.955288 11.904267 9.0772743
-48.925667 12.07592 9.4108524
-48.895828 12.236526 9.7498684
-48.899776 10.730359 10.073268
-48.873829 10.870017 10.368065
-48.847729 10.99992 10.667274
-48.821499 11.119927 10.970577
-48.795166 11.229913 11.277648
-48.768761 11.329758 11.588158
-48.74231 11.419354 11.901773
-48.715847 11.498609 12.218162
-48.689392 11.567433 12.536981
-48.662983 11.625756 12.857891
-48.636639 11.673515 13.180548
-48.61039 11.710658 13.504606
-48.58427 11.737145 13.82972
-48.865814 12.385915 10.09396
-48.835648 12.523925 10.442758
-48.805367 12.650408 10.795889
-48.775002 12.765229 11.152975
-48.744583 12.868265 11.513635
-48.714149 12.959407 11.87748
-48.683727 13.038556 12.244123
-48.653355 13.105627 12.613169
-48.623058 13.16055 12.984224
-48.592873 13.203264 13.356893
-48.562836 13.233725 13.730772
-26.177385 8.6143513 5.8619475
-26.105085 8.8329239 6.099638
-26.096577 8.8585939 6.1294994
-26.028574 9.0433683 6.3440723
-25.954008 9.2455759 6.595468
-25.882401 9.4393501 6.8536291
-27.83902 10.471944 5.8288689
-27.837135 10.477156 5.835814
-27.750338 10.694661 6.1252556
-27.665367 10.907443 6.4291215
-27.584387 11.110068 6.7401576
-27.507488 11.302318 7.0580297
-27.476011 11.380937 7.1984015
-27.430826 11.483911 7.3820882
-27.35582 11.654677 7.7120919
-25.813828 9.6244822 7.1182795
-25.784128 9.7044592 7.2411566
-25.74478 9.800704 7.3888531
-25.676266 9.9678469 7.665134
-27.285543 11.814494 8.0479231
-27.220072 11.96319 8.3892221
-27.159475 12.100605 8.7356234
-25.611338 10.125787 7.9470606
-25.550066 10.274357 8.2343321
-25.492514 10.413398 8.526639
-25.438559 10.542756 8.8236551
-25.440762 10.537909 8.8125296
-27.103819 12.226593 9.0867558
-27.083912 12.271561 9.2264605
-27.05044 12.340964 9.44203
-25.384052 10.662211 9.1247311
-25.333817 10.77173 9.4299192
-25.287903 10.871194 9.7388926
-27.000805 12.443626 9.8011761
-25.246365 10.960496 10.051321
-25.209246 11.039542 10.366869
-25.176584 11.108246 10.685199
-25.148415 11.166534 11.005971
-26.956736 12.534501 10.163947
-26.918276 12.613493 10.529957
-26.885469 12.680517 10.898811
-26.858349 12.735501 11.270117
-26.836945 12.778387 11.643476
-26.82128 12.809128 12.018488
-26.811369 12.827692 12.394753
-26.807226 12.834058 12.771865
-26.808853 12.82822 13.149424
-26.81625 12.810184 13.527021
-26.829409 12.77997 13.904257
-24.744001 16.533413 0
-24.189796 17.334162 0
-25.109819 11.377111 5.1767163
-24.724447 12.192748 5.13376
-24.312611 12.99536 5.0876832
-23.87475 13.784093 5.0385346
-23.411331 14.558102 4.9863672
-22.92285 15.316558 4.9312367
-22.409824 16.058653 4.8732009
-20.574066 13.777201 4.6533198
-20.953865 14.410855 4.6992106
-20.738394 14.023133 4.6731057
-20.658243 13.898823 4.663444
-20.814434 14.15 4.6822934
-20.886284 14.279286 4.6909981
-21.130295 14.81783 4.7208071
-21.017105 14.544564 4.7069216
-21.075935 14.680271 4.7141228
-21.180124 14.957093 4.7269669
-21.22537 15.097913 4.7325954
-19.767458 12.915993 4.557056
-19.880243 13.011684 4.5704551
-20.298315 13.429757 4.6202793
-20.198986 13.320163 4.6084166
-20.394007 13.542542 4.6317258
-20.485956 13.658399 4.6427431
-20.096123 13.213878 4.596149
-19.989838 13.111014 4.5834908
-19.16 12.495565 4.4851241
-19.030714 12.423716 4.4698586
-19.532799 12.735933 4.5292253
-19.411177 12.651757 4.5148234
-19.651602 12.824043 4.5433083
-19.286867 12.571606 4.5001183
-21.301924 15.383615 4.7422361
-21.333149 15.528192 4.7462382
-21.359629 15.673713 4.7496881
-21.38133 15.820022 4.752583
-21.398235 15.966963 4.7549191
-21.265985 15.240138 4.7376871
-21.38133 16.999979 4.7555017
-21.359629 17.146288 4.7533312
-21.333149 17.291809 4.7506008
-21.312355 17.490599 4.7486658
-21.301924 17.436384 4.7473145
-21.278269 17.530825 4.7447877
-21.410322 16.114378 4.7566943
-21.41758 16.26211 4.7579069
-21.42 16.41 4.7585554
-21.41758 16.55789 4.7586384
-21.872803 16.783592 4.8123226
-21.410322 16.705622 4.7581568
-21.398235 16.853037 4.7571111
-21.279259 17.526871 4.962173
-21.280243 17.522942 5.1781783
-21.281342 17.518559 5.4191298
-18.899145 12.356135 4.4543371
-18.629728 12.234064 4.4225931
-18.765436 12.292895 4.4385762
-18.49217 12.179706 4.4064054
-18.352907 12.129876 4.3900299
-17.926384 12.008076 4.339952
-18.069862 12.044015 4.3567853
-18.212088 12.08463 4.3734841
-17.781809 11.976851 4.3230028
-17.489979 11.928669 4.288826
-17.636288 11.950372 4.3059545
-17.04789 11.89242 4.2371435
-16.9 11.89 4.2198787
-16.75211 11.89242 4.2026253
-16.604378 11.899677 4.1854024
-16.456963 11.911765 4.1682286
-16.310022 11.928669 4.1511226
-16.163712 11.950372 4.1341014
-16.018192 11.976851 4.1171842
-17.343037 11.911765 4.271636
-17.195621 11.899677 4.2544022
-15.873615 12.008076 4.100389
-15.730138 12.044015 4.0837336
-15.587914 12.08463 4.0672364
-15.447094 12.129876 4.0509143
-15.30783 12.179706 4.0347848
-15.170271 12.234064 4.0188661
-15.034564 12.292895 4.0031743
-14.900855 12.356135 3.9877264
-14.769287 12.423716 3.9725394
-14.64 12.495565 3.957629
-14.513133 12.571606 3.9430115
-14.388823 12.651757 3.9287024
-14.2672 12.735933 3.914717
-14.148398 12.824043 3.9010706
-14.032542 12.915993 3.8877773
-13.919757 13.011684 3.8748515
-13.810163 13.111014 3.8623073
-13.703877 13.213878 3.850158
-13.601014 13.320163 3.8384163
-13.501684 13.429757 3.8270955
-13.405993 13.542542 3.8162069
-13.314043 13.658399 3.805763
-13.225933 13.777201 3.7957742
-13.141757 13.898823 3.7862515
-13.061606 14.023133 3.7772055
-12.985565 14.15 3.7686448
-12.913716 14.279286 3.7605796
-12.534016 15.240138 3.7186444
-12.498076 15.383615 3.7148051
-12.46685 15.528192 3.7115188
-12.440372 15.673713 3.7087886
-12.41867 15.820022 3.7066178
-12.401765 15.966963 3.7050085
-12.389678 16.114378 3.7039626
-12.382421 16.26211 3.703481
-12.38 16.41 3.7035644
-12.382421 16.55789 3.7042127
-12.389678 16.705622 3.705425
-12.401765 16.853037 3.7072003
-12.41867 16.999979 3.7095368
-12.440372 17.146288 3.7124314
-12.46685 17.291809 3.7158813
-12.498076 17.436384 3.7198832
-12.846135 14.410855 3.7530184
-12.782895 14.544564 3.7459688
-12.724065 14.680271 3.7394388
-12.669705 14.81783 3.7334352
-12.619876 14.957093 3.7279644
-12.57463 15.097913 3.7230325
-12.534016 17.579863 3.7244325
-12.669705 18.002171 3.7413125
-12.57463 17.722086 3.7295239
-12.619876 17.862906 3.7351527
-21.291477 17.47809 7.64393
-21.292439 17.474253 7.8548651
-21.301924 17.436384 9.797555
-18.250248 15.145354 7
-18.290903 15.19021 7
-17.876926 14.838976 7
-18.119789 15.019096 7
-18.073627 14.979931 7
-18.208147 15.101852 7
-18.164646 15.059752 7
-17.977583 14.906234 7
-18.026209 14.942296 7
-17.927805 14.871781 7
-17.825001 14.807853 7
-17.772083 14.778445 7
-17.718235 14.750786 7
-17.663507 14.724902 7
-17.494663 14.658179 7
-17.607964 14.700823 7
-17.551662 14.678574 7
-17.437027 14.639661 7
-17.378815 14.623037 7
-17.320091 14.608328 7
-17.201357 14.58471 7
-17.260918 14.595548 7
-17.141474 14.575827 7
-17.081331 14.568909 7
-17.020996 14.563961 7
-16.960531 14.56099 7
-16.9 14.56 7
-16.83947 14.56099 7
-16.779005 14.563961 7
-16.718668 14.568909 7
-16.658527 14.575827 7
-16.598644 14.58471 7
-16.539083 14.595548 7
-16.479908 14.608328 7
-16.421185 14.623037 7
-16.362974 14.639661 7
-16.305338 14.658179 7
-16.248337 14.678574 7
-16.192036 14.700823 7
-16.136492 14.724902 7
-16.081766 14.750786 7
-16.027916 14.778445 7
-15.975 14.807853 7
-18.651821 15.815337 7
-18.631426 15.758337 7
-18.67034 15.872973 7
-18.531555 15.537916 7
-18.438219 15.382195 7
-18.471024 15.433075 7
-18.502148 15.485 7
-18.330069 15.236372 7
-18.367704 15.283792 7
-18.403767 15.332417 7
-18.559214 15.591766 7
-18.585098 15.646492 7
-18.609177 15.702036 7
-18.714453 16.049084 7
-18.686962 15.931185 7
-18.701672 15.989909 7
-18.72529 16.108643 7
-18.734173 16.168526 7
-18.741093 16.228668 7
-18.746038 16.289003 7
-18.74901 16.34947 7
-18.75 16.41 7
-18.74901 16.47053 7
-18.746038 16.530996 7
-18.741093 16.591331 7
-18.734173 16.651474 7
-18.72529 16.711357 7
-18.714453 16.770918 7
-18.701672 16.830091 7
-18.686962 16.888815 7
-18.67034 16.947027 7
-18.651821 17.004663 7
-18.631426 17.061663 7
-18.609177 17.117964 7
-18.585098 17.173508 7
-18.559214 17.228233 7
-18.531555 17.282084 7
-18.502148 17.334999 7
-18.471024 17.386925 7
-18.438219 17.437805 7
-18.403767 17.487583 7
-18.367704 17.536209 7
-18.330069 17.583628 7
-18.290903 17.629789 7
-18.250248 17.674646 7
-18.208147 17.718147 7
-18.164646 17.760248 7
-18.119789 17.800903 7
-18.073627 17.840069 7
-18.026209 17.877705 7
-17.977583 17.913767 7
-17.927805 17.948219 7
-17.876926 17.981024 7
-17.825001 18.012148 7
-15.975 18.012148 7
-15.923075 14.838976 7
-15.872195 14.871781 7
-15.822416 14.906234 7
-15.773791 14.942296 7
-15.726373 14.979931 7
-15.68021 15.019096 7
-15.635354 15.059752 7
-15.591852 15.101852 7
-15.549751 15.145354 7
-15.509096 15.19021 7
-15.469931 15.236372 7
-15.432297 15.283792 7
-15.396234 15.332417 7
-15.361781 15.382195 7
-15.328976 15.433075 7
-15.297853 15.485 7
-15.268446 15.537916 7
-15.240786 15.591766 7
-15.214902 15.646492 7
-15.190823 15.702036 7
-15.168574 15.758337 7
-15.148179 15.815337 7
-15.129661 15.872973 7
-15.113037 15.931185 7
-15.098328 15.989909 7
-15.085547 16.049084 7
-15.07471 16.108643 7
-15.065827 16.168526 7
-15.058908 16.228668 7
-15.053961 16.289003 7
-15.05099 16.34947 7
-15.05 16.41 7
-15.05099 16.47053 7
-15.053961 16.530996 7
-15.058908 16.591331 7
-15.168574 17.061663 7
-15.190823 17.117964 7
-15.268446 17.282084 7
-15.240786 17.228233 7
-15.214902 17.173508 7
-15.872195 17.948219 7
-15.923075 17.981024 7
-15.773791 17.877705 7
-15.822416 17.913767 7
-15.68021 17.800903 7
-15.726373 17.840069 7
-15.549751 17.674646 7
-15.591852 17.718147 7
-15.635354 17.760248 7
-15.396234 17.487583 7
-15.361781 17.437805 7
-15.469931 17.583628 7
-15.509096 17.629789 7
-15.432297 17.536209 7
-15.328976 17.386925 7
-15.297853 17.334999 7
-15.065827 16.651474 7
-15.085547 16.770918 7
-15.07471 16.711357 7
-15.098328 16.830091 7
-15.113037 16.888815 7
-15.129661 16.947027 7
-15.148179 17.004663 7
-25.124769 11.214346 11.32884
-25.105673 11.251629 11.653462
-25.091145 11.278342 11.979488
-25.081202 11.294458 12.306571
-25.075853 11.29996 12.634356
-25.075106 11.294843 12.962498
-25.07896 11.279108 13.290642
-25.087412 11.252777 13.618437
-25.100452 11.215876 13.945533
-23.609686 18.11635 0
-23.004295 18.879137 0
-22.374269 19.621708 0
-21.720287 20.343267 0
-21.043045 21.043045 0
-20.343267 21.720287 0
-19.621708 22.374269 0
-18.879137 23.004295 0
-18.11635 23.609686 0
-17.334162 24.189796 0
-16.533413 24.744001 0
-15.71496 25.271711 0
-14.87968 25.77236 0
-14.028464 26.245411 0
-13.162228 26.690357 0
-17.926384 20.811924 4.3617306
-18.156593 20.751217 4.3884463
-18.069862 20.775984 4.378386
-17.781809 20.843149 4.3449354
-17.636288 20.869627 4.3280182
-17.489979 20.891331 4.3109975
-17.492895 21.315153 4.312386
-16.75211 20.92758 4.2249756
-16.786526 21.876625 4.2313399
-16.604378 20.920322 4.2077169
-16.456963 20.908236 4.1904836
-16.163712 20.869627 4.1561651
-16.310022 20.891331 4.1732936
-16.018192 20.843149 4.1391168
-17.343037 20.908236 4.2938905
-17.195621 20.920322 4.2767167
-17.04789 20.92758 4.2594938
-16.9 20.93 4.2422409
-16.062155 22.414713 4.1481352
-15.730138 20.775984 4.1053343
-15.587914 20.735371 4.0886359
-15.873615 20.811924 4.1221671
-15.447094 20.690125 4.0720897
-15.170271 20.585936 4.039526
-15.30783 20.640295 4.0557141
-14.64 20.324434 3.9769955
-14.513133 20.248394 3.9620016
-14.900855 20.463865 4.0077829
-15.034564 20.527105 4.0235434
-14.769287 20.396284 3.9922612
-12.913716 18.540712 3.7711213
-12.985565 18.67 3.7798262
-13.501684 19.390244 3.84184
-13.314043 19.161602 3.8193762
-13.405993 19.277458 3.8303936
-13.061606 18.796867 3.7890141
-13.225933 19.042799 3.8087997
-13.141757 18.921177 3.7986753
-14.2672 20.084066 3.9328942
-14.032542 19.904007 3.9050634
-14.148398 19.995956 3.9188116
-13.703877 19.606123 3.8659706
-13.810163 19.708986 3.8786287
-13.919757 19.808315 3.8916645
-14.388823 20.168243 3.9472959
-13.601014 19.499838 3.8537033
-15.32056 22.928839 4.062861
-14.562529 23.418451 3.9756081
-13.788871 23.883026 3.8864694
-13.000413 24.322063 3.7955403
-12.281897 27.106724 0
-11.388413 27.494062 0
-10.482736 27.851959 0
-9.5658321 28.180033 0
-8.6386862 28.47793 0
-7.7022886 28.745333 0
-6.7576437 28.981955 0
-5.8057628 29.18754 0
-5.1895685 29.29538 1.551962
-12.724065 18.139729 3.7479966
-12.782895 18.275436 3.755198
-12.846135 18.409145 3.7629089
-12.197997 24.73509 3.7029183
-11.382479 25.121666 3.6087015
-10.55473 25.481375 3.512991
-9.7156363 25.813826 3.4158888
-8.8660917 26.118664 3.3174992
-8.0070057 26.395561 3.2179265
-6.7560978 28.975325 2.507755
-6.8086705 28.962053 2.5448356
-7.1392961 26.644217 3.1172779
-7.1124177 28.885326 2.7741857
-7.408432 28.810511 3.0131772
-7.6963978 28.737682 3.261554
-7.699995 28.736773 3.2648666
-7.9765182 28.657089 3.5191844
-7.7246103 26.457861 5.3445187
-7.9366255 26.395132 5.5977921
-8.000865 26.37608 5.6798363
-8.5104618 28.503086 4.0606813
-8.6353769 28.46702 4.2004132
-8.7639513 28.425299 4.3440304
-9.0081425 28.346008 4.6353931
-6.7968512 26.718998 4.403378
-7.1358523 26.631363 4.7214508
-7.0400558 26.656164 4.6273055
-8.2479725 28.578819 3.785656
-9.2425385 28.269842 4.9343953
-9.4668875 28.196886 5.2407169
-9.5611391 28.166208 5.3786697
-9.6811819 28.122751 5.5540905
-7.5043216 26.522892 5.0981641
-7.2759957 26.590157 4.8589916
-6.1803389 29.100763 2.1163061
-5.8047628 29.182512 1.8883159
-5.5257273 29.233725 1.7293184
-5.8559694 29.171373 1.9174656
-6.4979873 29.031578 2.3254957
-6.2638912 26.864363 3.0156603
-5.3817258 27.055761 2.913183
-5.1969719 27.086668 3.2347345
-5.4787536 27.030611 3.4075663
-5.3810229 27.052227 3.3476629
-5.7550244 26.969398 3.5894847
-4.9098358 27.140293 3.0711365
-4.4937444 27.218206 2.8099551
-4.4936814 27.217825 2.8566384
-4.6174779 27.19479 2.9169014
-4.3677816 27.237015 2.7953014
-6.0251579 26.909437 3.7802083
-6.262114 26.856739 3.9593129
-6.5463805 26.783585 4.1873808
-6.2889132 26.849854 3.9795456
-4.8476648 29.361872 0
-3.8843758 29.504763 0
-4.1499047 29.462393 1.0866557
-3.8840258 29.502104 0.98778808
-3.7941573 29.512535 0.95435286
-4.8477612 29.358032 1.3855621
-4.8470526 29.358162 1.385245
-4.5012836 29.409876 1.2304572
-2.9169271 29.616058 0
-2.3365242 29.66217 0.54312772
-1.9463552 29.695641 0
-0.97369891 29.743425 0
-1.9650841 29.692823 0.47028425
-1.9462723 29.694376 0.4672268
-1.5920806 29.711931 0.40972111
-0.97366887 29.742508 0.33794537
-0.84145474 29.744707 0.32528216
-1.2173389 29.730474 0.36135286
-3.4347367 29.554211 0.83377236
-3.0715635 29.596289 0.72492188
-2.9167452 29.61421 0.68394923
-2.7053931 29.631693 0.62801385
-3.9461985 40.045731 1.0851803
-4.9583387 40.105324 1.5808215
-4.6264277 40.085594 1.4045767
-4.2889271 40.065723 1.2393039
-2.5304215 39.964985 0.58329415
-2.1671567 39.944714 0.48714665
-1.4321517 39.904217 0.33080518
-1.800936 39.92445 0.40295359
-0.68847388 39.863934 0.22293828
-1.0611986 39.884037 0.27077866
-3.246531 40.00547 0.81102812
-3.5986092 40.025639 0.94237071
-2.8903413 39.985245 0.69129318
-6.8129945 40.219555 2.8573391
-7.0962114 40.237713 3.1044731
-7.6376486 40.27309 3.625922
-7.3711939 40.255562 3.3607588
-8.3830347 40.323547 4.4717903
-7.8952889 40.290276 3.8996785
-8.1438398 40.307102 4.181735
-8.6126184 40.339596 4.7695327
-8.8323431 40.355232 5.0746441
-9.041975 40.370434 5.3867974
-9.2412901 40.385193 5.7056589
-6.7880969 40.2463 4.9107132
-7.0042281 40.260933 5.1559801
-7.2122235 40.275234 5.4082017
-7.4118614 40.289188 5.6671085
-3.883455 29.497768 2.5988145
-3.904134 29.494678 2.6072774
-4.3123913 29.433607 2.794271
-4.2054181 29.449617 2.742151
-3.8834035 29.497377 2.7443647
-2.3440669 29.657356 2.0838263
-3.290144 29.566656 2.3674228
-2.9776046 29.602898 2.2625704
-2.9163301 29.609997 2.2442052
-3.5990853 29.530802 2.4823632
-2.9165018 29.608919 2.6318009
-2.6622427 29.631037 2.1680331
-1.3764195 29.718494 1.8941244
-1.9460011 29.690237 1.9948509
-2.0233114 29.683857 2.0100124
-1.7007424 29.702417 1.9467807
-1.0505573 29.734617 1.8520651
-0.97353506 29.73842 1.8446662
-0.72393227 29.742571 1.8207597
-1.9459081 29.688818 2.5187278
-0.97348529 29.7369 2.4053626
-5.2843056 40.124889 1.7678497
-5.6039782 40.144276 1.9654609
-6.2230806 40.182404 2.3915749
-6.5218472 40.201115 2.6196215
-5.9170151 40.163452 2.1734436
-5.3340025 40.1525 3.5993192
-4.5176764 40.102486 3.0569494
-4.2342272 40.085472 2.8943162
-3.9456086 40.068317 2.74106
-5.0678587 40.136021 3.4096398
-4.7956529 40.119347 3.2287853
-2.4359686 39.981056 2.1208134
-3.0518537 40.016182 2.3391416
-3.354105 40.033653 2.4633238
-3.6521299 40.051037 2.5973444
-2.7456987 39.998646 2.2249308
-1.4886597 39.928192 1.8700833
-2.1229949 39.96344 2.0269012
-1.8071123 39.945812 1.9432946
-1.1679777 39.910599 1.8073455
-0.84540957 39.893051 1.7551484
-6.0932465 40.200596 4.2192307
-5.5937996 40.16877 3.7976205
-5.846971 40.184807 4.0043311
-6.3323622 40.216114 4.4420877
-6.5640616 40.231358 4.6726642
-17.772083 18.041553 7
-17.718235 18.069214 7
-17.663507 18.095098 7
-17.607964 18.119177 7
-17.551662 18.141426 7
-17.494663 18.161821 7
-17.437027 18.18034 7
-17.378815 18.196962 7
-17.320091 18.211672 7
-17.260918 18.224453 7
-17.201357 18.235291 7
-17.141474 18.244173 7
-17.081331 18.251091 7
-17.020996 18.256039 7
-16.960531 18.25901 7
-16.9 18.26 7
-16.83947 18.25901 7
-16.779005 18.256039 7
-16.718668 18.251091 7
-16.658527 18.244173 7
-16.598644 18.235291 7
-16.539083 18.224453 7
-16.421185 18.196962 7
-16.362974 18.18034 7
-16.479908 18.211672 7
-16.305338 18.161821 7
-16.248337 18.141426 7
-16.136492 18.095098 7
-16.192036 18.119177 7
-16.081766 18.069214 7
-16.027916 18.041553 7
-18.069862 20.775984 8.8770084
-9.8851233 28.048857 5.8741632
-10.07831 27.978792 6.2005429
-10.260533 27.912634 6.5328808
-10.591558 27.787905 7.2140627
-10.431601 27.850451 6.8708215
-10.476075 27.834263 6.9663754
-10.74007 27.728201 7.5621939
-8.3355761 26.264673 6.1241717
-8.5218019 26.202463 6.3966398
-8.698884 26.143141 6.6748962
-8.1404066 26.329702 5.8577833
-8.8564291 26.0902 6.941381
-8.8666544 26.08639 6.9586477
-9.0252018 26.027115 7.2476611
-9.1740484 25.971268 7.5415468
-9.313036 25.918909 7.8399897
-9.8555593 25.705263 9.389308
-9.9327984 25.671896 9.7082787
-10.876889 27.673105 7.9148192
-11.001867 27.622675 8.2715616
-11.114873 27.576967 8.6320381
-11.380908 27.468529 9.7320004
-11.378318 27.469688 9.7195044
-11.215783 27.536028 8.9958639
-11.304492 27.499903 9.362648
-9.4420147 25.870092 8.1426697
-9.6997404 25.771591 8.8562984
-9.5608463 25.824873 8.4492636
-9.669405 25.783298 8.7594433
-9.7677097 25.7428 9.0729122
-9.9993448 25.642735 10.029479
-10.055128 25.617809 10.352569
-10.100086 25.597149 10.677199
-10.134173 25.580772 11.003024
-10.157351 25.568701 11.329695
-10.169597 25.560944 11.65686
-10.170895 25.557512 11.984172
-11.44507 27.439613 10.103557
-11.496759 27.416101 10.476878
-11.53592 27.398016 10.851566
-11.562511 27.385378 11.227221
-11.576501 27.378201 11.603437
-11.577878 27.37649 11.979815
-10.161245 25.558409 12.311277
-10.140658 25.563631 12.637827
-10.109157 25.573175 12.963471
-10.066772 25.587032 13.287862
-10.013552 25.605185 13.610651
-9.9495525 25.627613 13.931493
-11.566638 27.380249 12.355948
-11.542796 27.389475 12.731437
-11.506374 27.404156 13.105877
-11.457415 27.424278 13.478868
-11.395968 27.449818 13.850013
-11.373913 27.459053 13.960159
-9.9312744 40.439445 7.0412531
-10.076029 40.451744 7.388401
-10.209358 40.463505 7.7401133
-9.4300737 40.399487 6.0308867
-9.6081238 40.413303 6.3621321
-9.7752504 40.426628 6.6990414
-7.6029267 40.302784 5.9324226
-7.7852154 40.316006 6.2038603
-7.9585328 40.328838 6.4811311
-8.1226931 40.341267 6.7639375
-8.2775192 40.353283 7.0519776
-8.4228468 40.364868 7.3449421
-8.5585194 40.376015 7.6425176
-10.33112 40.47472 8.0960131
-10.441183 40.485378 8.4557199
-10.539431 40.495468 8.8188486
-10.625757 40.504974 9.18501
-10.70007 40.513889 9.553812
-10.76229 40.522205 9.924859
-8.684392 40.386707 7.9443851
-8.8003311 40.396935 8.2502222
-8.9062109 40.406689 8.5597
-9.0019178 40.415955 8.872489
-9.0873499 40.424728 9.1882524
-9.1624165 40.432995 9.5066538
-9.2270374 40.440746 9.8273506
-10.81235 40.529911 10.297754
-10.850197 40.536999 10.672099
-10.875791 40.543465 11.047492
-10.889102 40.549294 11.423532
-10.890119 40.554485 11.799814
-9.2811413 40.447979 10.150001
-9.3246727 40.454681 10.474257
-9.357583 40.460842 10.799775
-9.379837 40.466465 11.126204
-9.3914127 40.471535 11.453195
-9.3922968 40.476048 11.780396
-10.878838 40.559036 12.175938
-10.855273 40.562935 12.551498
-10.819448 40.566181 12.926095
-10.771403 40.568771 13.299326
-10.711189 40.570705 13.670793
-10.638869 40.571976 14.040095
-9.3824873 40.480007 12.10746
-9.3619967 40.483395 12.434035
-9.3308449 40.486217 12.759771
-9.2890663 40.488472 13.08432
-9.2367058 40.490154 13.407334
-9.1738186 40.491257 13.728467
-9.1004744 40.491787 14.047376
-48.5583 11.752949 14.15554
-48.532513 11.758051 14.481716
-48.506931 11.752448 14.807901
-48.481586 11.736144 15.133745
-48.456509 11.709158 15.458899
-48.431717 11.671517 15.783015
-48.407242 11.623263 16.105747
-48.38311 11.564447 16.426744
-48.359344 11.495132 16.74567
-48.335976 11.415394 17.062181
-48.313026 11.325315 17.375933
-48.29052 11.224994 17.686596
-48.268475 11.114536 17.993835
-48.53297 13.251899 14.105465
-48.503315 13.257767 14.480568
-48.473896 13.251323 14.855681
-48.444752 13.232574 15.230402
-48.415909 13.201539 15.604329
-48.387398 13.158253 15.977062
-48.359253 13.10276 16.348204
-48.331501 13.035122 16.717352
-48.304173 12.95541 17.084116
-48.277298 12.86371 17.448101
-48.250904 12.760119 17.80892
-48.225021 12.64475 18.166182
-48.225895 10.8637 18.596731
-48.205399 10.72359 18.891743
-48.185459 10.57388 19.182039
-48.246929 10.994062 18.297323
-48.174892 12.379179 18.868517
-48.150703 12.229263 19.212837
-48.147343 10.246318 19.747252
-48.1661 10.414733 19.467312
-48.129204 10.068815 20.021563
-48.127132 12.068136 19.552099
-48.111706 9.8824158 20.289949
-48.104202 11.89597 19.885941
-48.08194 11.712951 20.214003
-48.078705 9.4837322 20.807808
-48.063244 9.2718744 21.056725
-48.048485 9.0519733 21.298609
-47.996876 8.0967627 22.190762
-48.034454 8.8242636 21.533203
-48.021172 8.5889893 21.760254
-48.00864 8.3464022 21.979519
-48.094868 9.6873178 20.552124
-48.060368 11.519274 20.535934
-48.039509 11.315145 20.851393
-48.019386 11.100786 21.160036
-48.000023 10.876424 21.461538
-47.981438 10.642299 21.755575
-47.946682 10.145777 22.319996
-47.963654 10.398664 22.04183
-48.199673 12.517725 18.519506
-27.067446 -4.4826941 20.932692
-27.069813 -4.4692445 20.942188
-27.106359 -4.2126656 21.12277
-27.145779 -3.9366834 21.303961
-27.186113 -3.6550348 21.476107
-27.196812 -3.580528 21.518396
-27.22024 -3.3681591 21.638464
-27.252542 -3.0762777 21.791208
-27.285471 -2.779654 21.934372
-27.295631 -2.6883852 21.974825
-27.312054 -2.4787419 22.067257
-27.336037 -2.1737895 22.190016
-27.360413 -1.8650643 22.302755
-27.366072 -1.7936671 22.326221
-26.619984 6.616416 21.270658
-27.058592 4.4673915 22.313396
-27.042231 4.5587349 22.282633
-26.933208 5.1689854 22.043297
-26.987335 4.8657427 22.167963
-26.813559 5.7626076 21.763428
-26.688448 6.3371501 21.444588
-26.714987 6.2290621 21.507153
-26.752274 6.0524316 21.608845
-26.875944 5.4680605 21.908457
-26.900799 5.3509016 21.961491
-25.14024 11.110532 14.596224
-25.166943 11.042202 14.919124
-27.02812 12.345655 16.137491
-25.198149 10.96353 15.239931
-25.233826 10.874595 15.558302
-25.273933 10.775497 15.873897
-27.066177 12.263525 16.399719
-27.079632 12.231796 16.500849
-27.132971 12.106308 16.860371
-25.31843 10.666339 16.186377
-25.367268 10.54724 16.495407
-25.381269 10.513266 16.575851
-25.416811 10.418256 16.800375
-25.468937 10.279564 17.101103
-27.191277 11.969385 17.215925
-27.25449 11.821176 17.567129
-27.32254 11.661838 17.913607
-25.52487 10.131336 17.397377
-25.584551 9.9737329 17.688873
-25.647917 9.806921 17.975283
-25.699131 9.6724682 18.190153
-26.848312 12.73761 14.280725
-26.872944 12.683148 14.656021
-26.903276 12.616646 15.029746
-26.939276 12.53817 15.401496
-26.980906 12.447807 15.770878
-25.777077 9.4462376 18.530956
-25.913862 9.050869 19.062187
-25.843931 9.2527733 18.799725
-26.260555 7.9660525 20.226393
-26.272802 7.9219179 20.267687
-25.986794 8.8407373 19.318068
-25.992832 8.8233767 19.337887
-26.055393 8.6224651 19.566517
-26.125927 8.3964062 19.80777
-26.198944 8.162817 20.041616
-27.624411 10.916453 19.243576
-27.470629 11.310427 18.590733
-27.447716 11.369216 18.481926
-27.395355 11.491542 18.25499
-27.54546 11.118632 18.920258
-25.713369 9.6310511 18.256176
-27.707399 10.704108 19.560339
-27.877203 10.249679 20.172241
-27.794336 10.481822 19.870214
-27.801422 10.463715 19.893837
-28.227585 9.2288599 21.300358
-28.576469 8.0733662 22.284197
-28.406706 8.6668425 21.81175
-28.315834 8.95189 21.560596
-28.491314 8.3738518 22.052855
-28.421179 8.6214705 21.849216
-28.126114 9.5475292 20.97784
-28.14205 9.4974566 21.031311
-26.412727 7.4190288 20.694738
-26.341764 7.6738544 20.485287
-26.485615 7.1577148 20.895813
-26.501448 7.1010413 20.93659
-26.553005 6.890048 21.087721
-27.962807 10.008061 20.466639
-28.051723 9.7572441 20.753143
-48.222893 -4.3325815 22.403076
-48.202477 -4.069943 22.597208
-48.182617 -3.8010621 22.782656
-48.163345 -3.526226 22.959227
-48.144672 -3.2457297 23.126722
-48.126629 -2.959873 23.284971
-48.078773 -4.3191524 24.229704
-48.057301 -3.9965816 24.422327
-48.109226 -2.6689622 23.433802
-48.092487 -2.3733087 23.573055
-48.076424 -2.0732293 23.702579
-48.061058 -1.7690454 23.822241
-48.046406 -1.4610823 23.931906
-48.032486 -1.1496702 24.031462
-48.01931 -0.83514231 24.1208
-48.006886 -0.51783556 24.199821
-47.995239 -0.19808973 24.268446
-47.984375 0.12375283 24.326599
-47.974304 0.44734749 24.374218
-47.965042 0.77234769 24.411253
-48.036549 -3.6678462 24.604313
-48.016537 -3.3332989 24.775469
-47.997284 -2.9932973 24.935608
-47.978813 -2.6482062 25.084562
-47.961143 -2.2983944 25.222172
-47.944294 -1.944237 25.348288
-47.928284 -1.586113 25.462776
-47.956593 1.0984054 24.437664
-47.913132 -1.224406 25.565514
-47.898846 -0.85950327 25.656389
-47.885448 -0.49179551 25.73531
-47.872955 -0.12167656 25.802185
-47.861374 0.25045729 25.856947
-47.850723 0.6242075 25.899536
-47.841007 0.99917394 25.929909
-47.92688 2.7323186 24.409754
-47.923489 3.0573757 24.372221
-47.920956 3.3810441 24.324106
-47.919289 3.7029765 24.265461
-47.943111 6.4662728 23.277756
-47.923927 5.2746186 23.816849
-47.918549 4.3402562 24.116837
-47.918488 4.0228515 24.196341
-47.919479 4.6549215 24.027018
-47.921272 4.9664869 23.926989
-47.931816 5.8792658 23.566738
-47.927444 5.5789871 23.696726
-47.937042 6.1751332 23.427034
-47.948971 1.4251716 24.453421
-47.942181 1.7522962 24.458508
-47.936234 2.0794291 24.452919
-47.931129 2.40622 24.436663
-47.832241 1.3749551 25.948029
-47.824432 1.7511483 25.953878
-47.817593 2.127351 25.947453
-47.811726 2.5031605 25.928757
-47.806839 2.8781741 25.897812
-47.802937 3.2519901 25.85465
-47.800026 3.6242085 25.799318
-47.798325 5.0891676 25.457666
-47.812515 6.4971628 24.928345
-47.800388 5.4474678 25.34263
-47.80344 5.8018193 25.215973
-47.807487 6.1518426 25.077827
-47.797184 4.3622599 25.652393
-47.798107 3.9944305 25.731874
-47.797256 4.7273026 25.560957
-47.966331 7.3082342 22.774155
-47.975712 7.5774002 22.588293
-47.985897 7.8403368 22.393759
-47.957764 7.0331268 22.951141
-47.950024 6.7523727 23.11907
-47.90086 9.3343706 23.103041
-47.887333 9.0472841 23.345972
-47.852207 8.1404772 24.016872
-47.83345 7.5012364 24.413527
-47.842354 7.8241034 24.220409
-47.874706 8.7523947 23.579418
-47.862995 8.4500179 23.803131
-47.93055 9.8839111 22.589779
-47.915272 9.6133451 22.850887
-47.825504 7.1722212 24.596016
-47.818523 6.8374104 24.767683
-29.371017 -4.3615103 22.950665
-29.419468 -4.0314236 23.138102
-29.442276 -3.8761492 23.219746
-29.462784 -3.6956396 23.314245
-29.501577 -3.3545046 23.478954
-29.540989 -3.0082829 23.632467
-29.552114 -2.9106293 23.672024
-29.572592 -2.6575091 23.773958
-29.601351 -2.3024609 23.903666
-29.630465 -1.9434557 24.021708
-29.630577 -1.9420906 24.022108
-29.648026 -1.5811098 24.127022
-29.66573 -1.2155824 24.220417
-29.677572 -0.97154307 24.27434
-29.679531 -0.84734339 24.301479
-29.685408 -0.47686565 24.369802
-29.691351 -0.10438962 24.425943
-27.377241 -1.5530516 22.404732
-27.39196 -1.2379789 22.496265
-27.4069 -0.92013782 22.577444
-27.407984 -0.89724445 22.5825
-27.412306 -0.60005891 22.647413
-27.417086 -0.27791083 22.706797
-27.421286 3.358139e-15 22.748669
-27.420477 0.04594671 22.755476
-27.414848 0.3710179 22.792797
-27.40929 0.69713211 22.819435
-27.405937 0.89717746 22.829184
-27.399664 1.0238591 22.835033
-29.693026 3.6363467e-15 24.438194
-29.688532 0.26951361 24.469151
-29.68231 0.6445483 24.499798
-29.674513 1.0203482 24.517994
-29.676916 0.97152168 24.515738
-29.551321 2.8955498 24.417221
-29.550108 2.9104314 24.414919
-29.509241 3.2670031 24.358805
-29.466934 3.6364365 24.288179
-29.439547 3.8757896 24.234238
-28.979538 6.4694996 23.283995
-28.920792 6.7433825 23.137842
-29.252764 5.0852466 23.881889
-29.366968 4.3673725 24.109457
-29.4207 4.0033808 24.20513
-29.313744 4.7281775 24.00189
-29.297691 4.8370686 23.965511
-29.125834 5.787004 23.606531
-29.124702 5.7932639 23.603714
-29.188889 5.4382911 23.74996
-29.052229 6.1307888 23.450855
-27.383566 1.3508019 22.83939
-27.367559 1.6777384 22.833008
-27.361927 1.7933955 22.82695
-27.34474 2.0041831 22.815355
-27.318275 2.3298481 22.786697
-27.291986 2.654458 22.747362
-27.289299 2.6877613 22.742212
-27.25635 2.9774799 22.69664
-27.182512 3.6178699 22.563259
-27.188147 3.5793872 22.572033
-27.219904 3.298733 22.635256
-27.136257 3.9343936 22.480103
-27.0905 4.248147 22.386606
-29.656027 1.3963331 24.523003
-29.637577 1.7723092 24.515663
-29.629265 1.9420046 24.506769
-29.612425 2.1477418 24.495447
-29.581808 2.5222528 24.462477
-29.422369 -3.8735282 30.617271
-29.533318 -2.908778 30.630463
-29.612652 -1.9409158 30.639874
-29.660288 -0.97097725 30.645494
-29.676172 3.634283e-15 30.64732
-29.660288 0.97097731 30.64535
-26.99301 -4.4565639 30.326921
-27.124243 -3.5709743 30.342545
-27.226458 -2.6815722 30.354696
-27.299549 -1.7893069 30.363367
-27.343435 -0.89513135 30.368546
-27.358067 3.3503969e-15 30.370226
-27.343435 0.89513135 30.368412
-29.612654 1.9409158 30.639584
-29.533319 2.908778 30.630028
-29.422371 3.8735285 30.616693
-29.279924 4.8341351 30.599594
-29.106134 5.7895703 30.578751
-28.901186 6.7388115 30.55418
-27.299551 1.7893071 30.3631
-27.226463 2.6815724 30.354296
-27.124249 3.5709748 30.342012
-26.993015 4.4565649 30.326258
-26.832905 5.3373966 30.307055
-26.644083 6.2125297 30.284418
-28.744686 7.4511404 22.716349
-28.663692 7.7657394 22.505657
-28.686186 7.6864409 22.558954
-28.906012 6.8027377 23.105988
-28.824566 7.1300068 22.916458
-28.665298 7.6808438 30.525913
-28.398724 8.6146584 30.493979
-28.101746 9.539257 30.458412
-26.42676 7.0810289 30.258375
-26.18116 7.941968 30.228954
-25.907545 8.794426 30.196186
-27.774685 10.45365 30.419249
-27.417887 11.35686 30.376532
-27.031734 12.24792 30.330307
-25.27747 10.470271 30.120745
-25.606207 9.6374941 30.160103
-26.616642 13.125875 30.280622
-26.173052 13.989787 30.227533
-25.701437 14.838732 30.171097
-25.202305 15.671801 30.11137
-25.118069 11.168444 14.271578
-21.333149 17.291809 17.685328
-21.348696 17.206373 22.620979
-21.359629 17.146288 26.092226
-24.92168 11.291866 30.078154
-24.809132 11.530088 30.064684
-24.539219 12.101403 30.032375
-24.130491 12.898015 29.983459
-23.695934 13.680853 29.931458
-23.236008 14.449079 29.876421
-22.751207 15.20187 29.818417
-24.676186 16.4881 30.048422
-24.123646 17.28676 29.982313
-22.242046 15.938424 29.757498
-20.574066 13.777201 29.558279
-20.953865 14.410855 29.60363
-20.738394 14.023133 29.577904
-20.658243 13.898823 29.568333
-20.814434 14.15 29.586983
-20.886284 14.279286 29.595562
-21.017105 14.544564 29.611179
-19.880243 13.011684 29.475401
-19.767458 12.915993 29.461926
-20.298315 13.429757 29.525343
-20.198986 13.320163 29.513477
-20.394007 13.542542 29.536774
-20.485956 13.658399 29.547756
-20.096123 13.213878 29.50119
-19.989838 13.111014 29.488493
-19.532799 12.735933 29.433889
-19.411177 12.651757 29.419357
-19.651602 12.824043 29.448084
-19.286867 12.571606 29.404505
-19.16 12.495565 29.389345
-19.030714 12.423716 29.373896
-21.130295 14.81783 29.624689
-21.075935 14.680271 29.618202
-21.180124 14.957093 29.630636
-21.22537 15.097913 29.636034
-21.301924 15.383615 29.645163
-21.333149 15.528192 29.648886
-21.359629 15.673713 29.652039
-21.38133 15.820022 29.654623
-21.398235 15.966963 29.656631
-21.410322 16.114378 29.658066
-21.41758 16.26211 29.658922
-21.42 16.41 29.659201
-21.41758 16.55789 29.658901
-21.265985 15.240138 29.640879
-21.709066 16.657953 29.693735
-21.410322 16.705622 29.658022
-21.398235 16.853037 29.656567
-21.38133 16.999979 29.654535
-21.368294 17.087866 29.652969
-18.765436 12.292895 29.342196
-18.629728 12.234064 29.325979
-18.49217 12.179706 29.30954
-18.352907 12.129876 29.292896
-18.899145 12.356135 29.358175
-17.926384 12.008076 29.241922
-18.212088 12.08463 29.276068
-18.069862 12.044015 29.259069
-17.636288 11.950372 29.207251
-17.489979 11.928669 29.189762
-17.781809 11.976851 29.224642
-16.604378 11.899677 29.083904
-16.456963 11.911765 29.066282
-16.310022 11.928669 29.048717
-16.163712 11.950372 29.031227
-16.018192 11.976851 29.01383
-17.343037 11.911765 29.172199
-17.195621 11.899677 29.154579
-17.04789 11.89242 29.136921
-16.9 11.89 29.119244
-16.75211 11.89242 29.101564
-15.873615 12.008076 28.996546
-15.587914 12.08463 28.962389
-15.730138 12.044015 28.979393
-15.447094 12.129876 28.945553
-15.30783 12.179706 28.928902
-15.170271 12.234064 28.912455
-15.034564 12.292895 28.896229
-14.900855 12.356135 28.880241
-18.290903 15.19021 29.285257
-18.250248 15.145354 29.280401
-17.876926 14.838976 29.2358
-18.119789 15.019096 29.264816
-18.073627 14.979931 29.2593
-18.164646 15.059752 29.270176
-18.208147 15.101852 29.275372
-17.977583 14.906234 29.247826
-18.026209 14.942296 29.253635
-17.927805 14.871781 29.241879
-17.772083 14.778445 29.22327
-17.718235 14.750786 29.216837
-17.663507 14.724902 29.210297
-17.494663 14.658179 29.190119
-17.607964 14.700823 29.203659
-17.551662 14.678574 29.196932
-17.825001 14.807853 29.229595
-16.658527 14.575827 29.090179
-16.598644 14.58471 29.083019
-16.539083 14.595548 29.075899
-16.479908 14.608328 29.068825
-16.421185 14.623037 29.061804
-16.362974 14.639661 29.054846
-16.305338 14.658179 29.047955
-16.136492 14.724902 29.027765
-16.248337 14.678574 29.04114
-16.192036 14.700823 29.034407
-16.081766 14.750786 29.021223
-16.027916 14.778445 29.014784
-15.975 14.807853 29.008457
-17.437027 14.639661 29.183231
-17.378815 14.623037 29.176273
-17.320091 14.608328 29.169256
-17.201357 14.58471 29.155066
-17.141474 14.575827 29.147907
-17.081331 14.568909 29.140718
-17.260918 14.595548 29.162184
-17.020996 14.563961 29.133507
-16.9 14.56 29.119043
-16.960531 14.56099 29.12628
-16.83947 14.56099 29.111809
-16.779005 14.563961 29.10458
-16.718668 14.568909 29.097368
-18.631426 15.758337 29.325918
-18.651821 15.815337 29.328354
-18.67034 15.872973 29.330563
-18.531555 15.537916 29.313997
-18.471024 15.433075 29.30677
-18.438219 15.382195 29.302853
-18.502148 15.485 29.310486
-18.330069 15.236372 29.289936
-18.367704 15.283792 29.294432
-18.403767 15.332417 29.298738
-18.559214 15.591766 29.317299
-18.585098 15.646492 29.320389
-18.609177 15.702036 29.323263
-18.714453 16.049084 29.335823
-18.686962 15.931185 29.332544
-18.701672 15.989909 29.334299
-18.72529 16.108643 29.337112
-18.734173 16.168526 29.338171
-18.741093 16.228668 29.338993
-18.746038 16.289003 29.339581
-18.74901 16.34947 29.33993
-18.75 16.41 29.340044
-18.74901 16.47053 29.339922
-18.746038 16.530996 29.339561
-18.741093 16.591331 29.338966
-18.734173 16.651474 29.338135
-18.72529 16.711357 29.337069
-18.714453 16.770918 29.335768
-18.701672 16.830091 29.334236
-18.686962 16.888815 29.332474
-18.67034 16.947027 29.330482
-18.651821 17.004663 29.328264
-18.631426 17.061663 29.325823
-18.609177 17.117964 29.323158
-18.585098 17.173508 29.320276
-18.559214 17.228233 29.317179
-18.531555 17.282084 29.313868
-18.502148 17.334999 29.310349
-18.471024 17.386925 29.306623
-18.438219 17.437805 29.3027
-18.403767 17.487583 29.298578
-18.290903 17.629789 29.285076
-18.36727 17.536757 29.29421
-18.367704 17.536209 29.294264
-18.330069 17.583628 29.289761
-18.250248 17.674646 29.280212
-18.208147 17.718147 29.275177
-18.164646 17.760248 29.269974
-18.119789 17.800903 29.264608
-18.073627 17.840069 29.259089
-18.026209 17.877705 29.253418
-17.977583 17.913767 29.247602
-17.927805 17.948219 29.24165
-17.876926 17.981024 29.235565
-17.825001 18.012148 29.229357
-15.975 18.012148 29.008217
-14.513133 12.571606 28.833879
-14.769287 12.423716 28.86451
-14.64 12.495565 28.849051
-15.923075 14.838976 29.002247
-15.591852 15.101852 28.962635
-15.549751 15.145354 28.9576
-15.872195 14.871781 28.996162
-15.822416 14.906234 28.99021
-15.773791 14.942296 28.984394
-15.726373 14.979931 28.978724
-15.68021 15.019096 28.973204
-15.635354 15.059752 28.967838
-15.509096 15.19021 28.952736
-14.388823 12.651757 28.819014
-14.2672 12.735933 28.80447
-14.148398 12.824043 28.790262
-14.032542 12.915993 28.776407
-13.919757 13.011684 28.762918
-13.810163 13.111014 28.749809
-13.703877 13.213878 28.737099
-13.601014 13.320163 28.724794
-13.501684 13.429757 28.712914
-13.405993 13.542542 28.701466
-13.314043 13.658399 28.690466
-13.225933 13.777201 28.679926
-13.141757 13.898823 28.669853
-13.061606 14.023133 28.660263
-12.985565 14.15 28.651165
-12.913716 14.279286 28.642567
-15.469931 15.236372 28.948051
-15.432297 15.283792 28.943548
-15.396234 15.332417 28.939236
-15.361781 15.382195 28.935112
-15.328976 15.433075 28.931187
-15.297853 15.485 28.927464
-15.268446 15.537916 28.923944
-15.240786 15.591766 28.920633
-15.214902 15.646492 28.917536
-15.190823 15.702036 28.914654
-15.168574 15.758337 28.911989
-15.148179 15.815337 28.909548
-15.129661 15.872973 28.90733
-15.113037 15.931185 28.905338
-15.098328 15.989909 28.903576
-15.085547 16.049084 28.902044
-15.058908 16.228668 28.898846
-15.07471 16.108643 28.900743
-15.065827 16.168526 28.899677
-15.053961 16.289003 28.898251
-15.05 16.41 28.897768
-15.05099 16.34947 28.89789
-15.05099 16.47053 28.897881
-15.053961 16.530996 28.898232
-15.058908 16.591331 28.898819
-15.168574 17.061663 28.911892
-15.190823 17.117964 28.914549
-15.268446 17.282084 28.923813
-15.240786 17.228233 28.920511
-15.214902 17.173508 28.917421
-15.549751 17.674646 28.957411
-15.591852 17.718147 28.962439
-15.872195 17.948219 28.995934
-15.923075 17.981024 29.002012
-15.822416 17.913767 28.989986
-15.773791 17.877705 28.984177
-15.726373 17.840069 28.97851
-15.68021 17.800903 28.972996
-15.635354 17.760248 28.967636
-15.396234 17.487583 28.939074
-15.361781 17.437805 28.934959
-15.509096 17.629789 28.952555
-15.469931 17.583628 28.947876
-15.432297 17.536209 28.94338
-15.328976 17.386925 28.931042
-15.297853 17.334999 28.927326
-15.065827 16.651474 28.899641
-15.085547 16.770918 28.901989
-15.07471 16.711357 28.900698
-15.098328 16.830091 28.903513
-15.113037 16.888815 28.905268
-15.129661 16.947027 28.907249
-15.148179 17.004663 28.909458
-12.846135 14.410855 28.63448
-12.782895 14.544564 28.626909
-12.724065 14.680271 28.619867
-12.669705 14.81783 28.613359
-12.619876 14.957093 28.607393
-12.57463 15.097913 28.601973
-12.534016 15.240138 28.597109
-12.498076 15.383615 28.592802
-12.46685 15.528192 28.589058
-12.440372 15.673713 28.585882
-12.41867 15.820022 28.583277
-12.401765 15.966963 28.581245
-12.389678 16.114378 28.57979
-12.382421 16.26211 28.578911
-12.38 16.41 28.578611
-12.382421 16.55789 28.578888
-12.389678 16.705622 28.579746
-12.401765 16.853037 28.581179
-12.41867 16.999979 28.583189
-12.440372 17.146288 28.585772
-12.46685 17.291809 28.588926
-12.498076 17.436384 28.592648
-12.534016 17.579863 28.596933
-12.669705 18.002171 28.613121
-12.57463 17.722086 28.601778
-12.619876 17.862906 28.607176
-17.926384 20.811924 16.764946
-17.922855 20.812687 16.970182
-9.8748417 25.654297 14.250044
-11.322206 27.478731 14.218938
-11.236172 27.511662 14.585241
-11.137913 27.549429 14.94852
-11.027535 27.591997 15.308381
-10.905157 27.639318 15.664442
-10.770908 27.691343 16.016321
-9.7895002 25.685204 14.565963
-9.6936197 25.720303 14.878913
-9.682045 25.724575 14.912624
-9.5874891 25.755978 15.188606
-9.4710798 25.794933 15.494674
-9.344492 25.837566 15.796782
-9.2078619 25.883829 16.09461
-10.624933 27.748014 16.363642
-10.467388 27.809273 16.706032
-10.466762 27.809517 16.707283
-10.298776 27.868656 17.043213
-10.118967 27.932037 17.374741
-9.9281521 27.999372 17.700262
-9.0613356 25.933674 16.387835
-8.9050713 25.987047 16.676144
-8.8301334 26.012733 16.804064
-8.7394104 26.040531 16.959274
-8.564518 26.094307 17.236919
-8.3804379 26.151085 17.508747
-8.1873655 26.210806 17.774462
-7.9855084 26.273405 18.033781
-7.9712906 26.277824 18.050852
-9.7265377 28.070591 18.019426
-7.7754536 26.331715 18.286524
-7.5570989 26.391949 18.532335
-7.3306499 26.454557 18.770943
-9.5498838 28.133049 18.279551
-9.5144053 28.1443 18.331911
-9.2922773 28.2148 18.637459
-9.0600491 28.288565 18.935652
-8.8179703 28.365519 19.226171
-7.1052127 26.517015 18.993349
-7.0963664 26.519157 19.002098
-6.8549142 26.577726 19.22566
-8.6233644 28.427423 19.444643
-8.5664062 28.443508 19.508736
-8.3059053 28.517124 19.783113
-8.0363798 28.59334 20.048914
-7.7581153 28.672079 20.305853
-7.6879807 28.691935 20.366472
-7.4718137 28.745558 20.553761
-7.1775246 28.818607 20.792307
-6.875433 28.893637 21.021198
-6.7446299 28.926142 21.113731
-6.6061349 26.638199 19.441278
-6.3502946 26.70051 19.648726
-6.2323937 26.729279 19.738087
-6.0879297 26.759548 19.847847
-5.8192859 26.815952 20.03842
-5.544436 26.873772 20.220184
-5.353529 26.914007 20.337654
-5.263835 26.929861 20.392986
-6.5661883 28.964331 21.240278
-4.9779749 26.980495 20.556694
-4.6868191 27.032173 20.71104
-4.4694133 27.070835 20.817356
-4.3908191 27.08217 20.855894
-4.0905457 27.125578 20.991171
-3.7859356 27.16971 21.116625
-6.2500482 29.03203 21.449289
-5.9271116 29.101225 21.647949
-5.7942595 29.129707 21.723814
-5.5980778 29.165094 21.836136
-5.263196 29.225538 22.013618
-4.9225864 29.287054 22.180149
-3.5808799 27.199484 21.193363
-3.4774964 27.211054 21.232166
-3.1657422 27.246037 21.337723
-2.8506484 27.281488 21.433086
-2.6887906 27.299747 21.476372
-2.5328233 27.312187 21.518223
-2.2126215 27.33782 21.59305
-1.8901058 27.363729 21.65741
-1.7940212 27.371475 21.673347
-1.5660144 27.382362 21.711338
-1.2404698 27.397995 21.754719
-0.9136557 27.413776 21.78746
-0.89745992 27.414564 21.788551
-10.554523 40.572582 14.40684
-10.458238 40.572525 14.770635
-10.35012 40.571808 15.131087
-10.230283 40.570423 15.487814
-10.098856 40.568382 15.840432
-9.0167484 40.491737 14.363718
-8.9227314 40.491112 14.677156
-8.8185263 40.489906 14.987353
-8.7042418 40.488132 15.293977
-8.5800018 40.485786 15.596701
-8.4459381 40.482864 15.895199
-9.9559793 40.565681 16.188564
-9.8018064 40.562325 16.531836
-8.3021965 40.479378 16.189152
-9.6365032 40.558311 16.869883
-8.1489286 40.475327 16.478245
-7.9863219 40.470718 16.762129
-7.8144827 40.465553 17.040621
-9.4602451 40.553654 17.202339
-9.273221 40.548355 17.528852
-9.075633 40.542416 17.849072
-8.867691 40.535847 18.162653
-7.6336637 40.459843 17.313301
-7.4440346 40.453587 17.579916
-7.2457991 40.446796 17.840183
-7.0391698 40.439476 18.093824
-8.6496172 40.528652 18.469263
-8.4216471 40.520844 18.76857
-6.8243675 40.431637 18.340565
-8.1840229 40.512428 19.060255
-7.9370003 40.50341 19.344007
-7.6808429 40.493805 19.619522
-7.4158258 40.48362 19.886501
-7.1422324 40.47287 20.144665
-6.8603559 40.461559 20.39373
-4.837841 29.30237 22.218214
-4.577076 29.340729 22.335667
-6.6016221 40.423283 18.580141
-6.3711724 40.414425 18.8123
-6.133265 40.405079 19.036789
-5.888155 40.395245 19.253368
-5.6361046 40.384937 19.461807
-5.3773832 40.374168 19.661882
-5.1122689 40.362946 19.853378
-4.8410449 40.351284 20.036091
-4.564002 40.339199 20.209826
-6.5704975 40.449707 20.633436
-6.2729683 40.437321 20.863522
-5.9680867 40.424416 21.083742
-5.6561794 40.411007 21.293863
-4.2814364 40.326702 20.374395
-3.9936512 40.313801 20.529623
-3.7009537 40.300518 20.675343
-5.3375797 40.39711 21.493658
-5.0126295 40.382736 21.682913
-4.6816764 40.367901 21.861423
-4.3450747 40.352623 22.029003
-4.0031848 40.336918 22.185467
-3.4036584 40.286861 20.811399
-3.1020832 40.272846 20.937647
-2.796551 40.258488 21.053949
-2.4873888 40.243805 21.160185
-2.1749282 40.228806 21.256235
-3.6563733 40.320801 22.330652
-1.8595031 40.21352 21.342001
-1.5414516 40.197948 21.417391
-1.2211145 40.182114 21.482321
-0.89883453 40.166039 21.536722
-17.781809 20.843149 25.171915
-23.545271 18.066921 29.91312
-22.941683 18.827753 29.840914
-22.313526 19.568438 29.765772
-21.661472 20.288183 29.687777
-20.986219 20.986219 29.607008
-20.288488 21.661798 29.523554
-19.569025 22.314196 29.437506
-17.772083 18.041553 29.223028
-17.718235 18.069214 29.216589
-17.663507 18.095098 29.210045
-17.607964 18.119177 29.203403
-17.494663 18.161821 29.189857
-17.551662 18.141426 29.196672
-16.658527 18.244173 29.089905
-16.598644 18.235291 29.082748
-16.539083 18.224453 29.075628
-16.421185 18.196962 29.061537
-16.362974 18.18034 29.054581
-16.479908 18.211672 29.068556
-16.136492 18.095098 29.027515
-16.305338 18.161821 29.047693
-16.248337 18.141426 29.04088
-16.192036 18.119177 29.034153
-16.081766 18.069214 29.020975
-16.027916 18.041553 29.01454
-17.437027 18.18034 29.182968
-17.378815 18.196962 29.176008
-17.320091 18.211672 29.168987
-17.201357 18.235291 29.154793
-17.141474 18.244173 29.147635
-17.081331 18.251091 29.140444
-17.260918 18.224453 29.161913
-17.020996 18.256039 29.133232
-16.960531 18.25901 29.126003
-16.9 18.26 29.118769
-16.83947 18.25901 29.111532
-16.779005 18.256039 29.104305
-16.718668 18.251091 29.097094
-17.715811 20.855158 29.216091
-17.636288 20.869627 29.206585
-17.489979 20.891331 29.189095
-18.8286 22.942715 29.348951
-18.068005 23.546682 29.25799
-16.604378 20.920322 29.083233
-16.456963 20.908236 29.065613
-16.310022 20.891331 29.048048
-16.163712 20.869627 29.030561
-16.018192 20.843149 29.013168
-16.661001 21.713039 29.089941
-15.942064 22.247126 29.003963
-17.343037 20.908236 29.171528
-17.362072 21.155745 29.173784
-17.195621 20.920322 29.153906
-17.04789 20.92758 29.136246
-16.9 20.93 29.118568
-16.75211 20.92758 29.100891
-15.587914 20.735371 28.961744
-15.873615 20.811924 28.99589
-15.730138 20.775984 28.978741
-15.447094 20.690125 28.944914
-15.30783 20.640295 28.92827
-15.170271 20.585936 28.911833
-14.513133 20.248394 28.833307
-14.900855 20.463865 28.879637
-15.034564 20.527105 28.895615
-14.769287 20.396284 28.863914
-14.64 20.324434 28.848467
-12.913716 18.540712 28.642248
-12.985565 18.67 28.650827
-13.314043 19.161602 28.690056
-13.405993 19.277458 28.701038
-13.501684 19.390244 28.712467
-13.061606 18.796867 28.659908
-13.225933 19.042799 28.679533
-13.141757 18.921177 28.669479
-14.2672 20.084066 28.803923
-14.032542 19.904007 28.775885
-14.148398 19.995956 28.789728
-13.703877 19.606123 28.73662
-13.810163 19.708986 28.749317
-13.919757 19.808315 28.762411
-14.388823 20.168243 28.818453
-13.601014 19.499838 28.724333
-15.20603 22.757431 28.915945
-14.45368 23.243408 28.825975
-16.489576 24.678396 29.069229
-17.288052 24.125448 29.164715
-15.673434 25.204931 28.971632
-14.840495 25.704491 28.87203
-13.685819 23.704535 28.734156
-12.903266 24.140314 28.640581
-13.991652 26.176538 28.770529
-13.127812 26.620569 28.667238
-12.724065 18.139729 28.61961
-12.782895 18.275436 28.626631
-12.846135 18.409145 28.63418
-12.106858 24.55028 28.545353
-11.297444 24.933992 28.448572
-10.47589 25.291039 28.350342
-12.2499 27.036106 28.562267
-11.358855 27.422703 28.455727
-10.455631 27.779947 28.347734
-9.6430731 25.621031 28.250767
-8.7998819 25.923616 28.149954
-7.9472194 26.198471 28.048012
-7.0859947 26.445293 27.945045
-9.5411949 28.107452 28.238403
-8.6165228 28.404869 28.127851
-7.6826067 28.671879 28.016195
-6.7404451 28.908194 27.903559
-6.541173 26.582321 27.879911
-6.2171311 26.663822 27.841171
-5.3415561 26.853815 27.736496
-5.7910471 29.113558 27.790056
-4.4602065 27.015072 27.631132
-4.8354278 29.287754 27.675814
-3.5740247 27.147411 27.525192
-2.6839592 27.250694 27.418793
-1.7909622 27.324804 27.312042
-0.89598989 27.369659 27.205059
-4.2267313 29.392302 22.479927
-3.8717866 29.444437 22.612738
-3.8763649 29.443914 22.611019
-3.5132337 29.485353 22.734118
-3.1508434 29.526743 22.843775
-2.9108324 29.554178 22.907949
-2.7852223 29.564386 22.94165
-2.4169652 29.594347 23.027695
-2.0460503 29.624559 23.101702
-1.942251 29.633024 23.118919
-1.6733387 29.646112 23.163719
-1.2989479 29.66437 23.213602
-0.9231835 29.681141 23.251276
-0.97163439 29.680361 23.246391
-3.305011 40.304291 22.464401
-2.9494748 40.287403 22.586571
-2.5901449 40.270157 22.697029
-2.227406 40.252575 22.79566
-1.8616469 40.234669 22.882357
-1.4932592 40.216461 22.957026
-1.1226372 40.197975 23.019588
-0.7501778 40.179226 23.069979
-3.8746111 29.430593 27.560953
-2.9096253 29.541922 27.445597
-1.9415034 29.621618 27.329866
-0.97128206 29.669598 27.213888
-0.33880594 -49.5938 0.9022311
0.036771737 -49.597961 0.92548442
0.41139045 -49.60186 0.96101207
0.78464907 -49.605499 1.0087761
1.1561478 -49.608864 1.0687251
1.5254891 -49.611961 1.1407952
1.8922772 -49.614784 1.2249091
2.2561195 -49.617329 1.3209765
2.6166263 -49.619591 1.4288949
2.9734113 -49.621571 1.5485486
-0.40662518 -49.562668 2.4003737
-0.080035932 -49.566288 2.420594
0.24571949 -49.569679 2.4514875
0.57029217 -49.572842 2.4930215
0.89333469 -49.575768 2.5451512
1.2145009 -49.578461 2.6078207
1.5334471 -49.580917 2.6809633
1.8498317 -49.58313 2.7645001
2.1633158 -49.585098 2.8583424
3.326093 -49.623264 1.6798093
3.6742935 -49.624672 1.8225368
4.0176396 -49.62579 1.9765779
4.3557644 -49.626617 2.141768
4.6883049 -49.627155 2.3179297
5.0149059 -49.627403 2.5048749
2.4735639 -49.586819 2.962389
2.7802436 -49.588291 3.0765288
3.0830264 -49.589516 3.2006395
3.3815885 -49.590488 3.3345883
3.6756098 -49.591206 3.4782319
3.9647756 -49.591675 3.6314161
5.335217 -49.627357 2.7024031
4.2487764 -49.591888 3.793977
4.527308 -49.59185 3.9657407
4.8000717 -49.59156 4.1465235
5.0667758 -49.591011 4.3361311
5.3271351 -49.59021 4.5343604
5.6488953 -49.627022 2.9103029
5.9556055 -49.626392 3.1283517
6.2550182 -49.625473 3.3563159
6.5468135 -49.624268 3.5939515
6.8306789 -49.622772 3.8410037
5.5808702 -49.589165 4.7410002
7.1063099 -49.620987 4.0972085
7.3734121 -49.618923 4.3622913
7.6316986 -49.616573 4.6359682
5.8277092 -49.587864 4.9558287
6.0673885 -49.586311 5.1786151
6.2996511 -49.584515 5.409122
6.5242486 -49.582474 5.6471019
7.8808937 -49.613941 4.9179459
8.1207304 -49.611034 5.2079229
8.3509512 -49.607857 5.5055885
-5.4667053e-15 -29.759359 0
-0.47033745 -29.750332 0.4901135
-0.094224066 -29.756456 0.50110215
-5.4664525e-15 -29.757984 0.50694603
0.28144345 -29.75333 0.52420813
0.656187 -29.747103 0.55953097
0.97369891 -29.743425 0
1.9463552 -29.695641 0
1.02959 -29.739031 0.60705817
0.97364563 -29.741798 0.59997147
1.4013575 -29.720604 0.66656661
1.7709633 -29.702251 0.73820293
1.9462171 -29.693533 0.77816105
2.1380892 -29.677681 0.82176286
2.9169271 -29.616058 0
3.8843758 -29.504763 0
4.8476648 -29.361872 0
2.5023341 -29.647556 0.91716975
2.8632371 -29.617672 1.0244381
2.9166498 -29.613243 1.0422359
3.2205358 -29.578009 1.1432496
3.5737436 -29.537018 1.2736474
3.8838799 -29.500996 1.3998302
3.9224768 -29.495228 1.4155014
4.2664714 -29.443781 1.5684795
4.4953437 -27.227894 1.6262213
5.8057628 -29.18754 0
6.7576437 -28.981955 0
7.7022886 -28.745333 0
8.6386862 -28.47793 0
9.5658321 -28.180033 0
10.482736 -27.851959 0
11.388413 -27.494062 0
-0.48941836 -29.745949 1.9902141
-0.16236325 -29.751274 1.9997694
-5.4657033e-15 -29.753904 2.0098393
0.16427168 -29.751188 2.0199149
-5.4656359e-15 -29.753538 2.1445916
0.49013573 -29.745773 2.0506303
0.64084333 -29.743256 2.069829
0.83944166 -27.742889 2.0516002
0.85399914 -27.578999 2.0503068
0.90281832 -27.578247 2.0446112
0.90281463 -27.578135 2.0581551
1.1647146 -27.56492 2.1000719
1.486115 -27.548615 2.1623573
1.804727 -27.534813 1.9394637
1.8052925 -27.532307 2.2351205
1.8045666 -27.532368 2.2349555
2.1220329 -27.505644 2.3180735
2.4358683 -27.479134 2.4113398
2.7047598 -27.461885 1.8346081
3.6019523 -27.359545 1.7301565
2.7464795 -27.451408 2.5147913
2.7042181 -27.456387 2.5007451
3.0536246 -27.415127 2.6281674
4.6052308 -29.39308 1.7326275
4.8468428 -29.356892 1.8596414
4.9384317 -29.340094 1.9077071
5.2657762 -29.28002 2.0934324
3.3568654 -27.379213 2.7515273
3.600729 -27.350252 2.8601694
3.6558998 -27.341862 2.884701
3.9504836 -27.296968 3.0274222
4.240201 -27.252716 3.1797023
4.4930506 -27.214005 3.3233714
4.5247545 -27.208084 3.3413563
4.8039293 -27.155848 3.5120645
5.0773215 -27.104586 3.6918163
5.5868134 -29.221064 2.2897694
5.8044744 -29.181063 2.4329016
5.9012408 -29.159986 2.4964411
6.2087693 -29.092966 2.7131474
6.5089779 -29.027498 2.9398062
6.7557087 -28.973656 3.1391432
6.8015652 -28.962067 3.1761432
7.0862999 -28.890057 3.4217696
7.362772 -28.820091 3.6765957
7.6306849 -28.752245 3.9403484
7.6994696 -28.734812 4.0126719
7.8898349 -28.679886 4.2126093
8.1398878 -28.607687 4.4931803
8.3805456 -28.538149 4.7818103
8.6115513 -28.471346 5.0781894
8.6346598 -28.464657 5.109942
8.8327446 -28.400236 5.3818569
9.0438061 -28.331535 5.6926212
12.281897 -27.106724 0
6.7409396 -49.580185 5.8923001
6.9494934 -49.577656 6.1444535
8.57131 -49.604404 5.8106241
7.1496854 -49.574894 6.4032936
7.3413019 -49.571892 6.6685419
7.5241375 -49.568657 6.9399147
7.6979966 -49.565197 7.2171211
7.8626928 -49.561508 7.4998651
8.0180492 -49.557602 7.7878432
8.7815714 -49.600685 6.1227026
8.9815092 -49.596706 6.4414907
9.1709099 -49.592464 6.7666459
9.3495703 -49.587971 7.0978208
9.5172997 -49.583229 7.4346604
9.6739178 -49.578239 7.7768044
8.1639013 -49.553478 8.0807467
8.3000908 -49.549141 8.3782635
8.4264746 -49.544594 8.6800737
8.5429125 -49.539848 8.9858541
9.8192577 -49.573013 8.1238861
9.9531631 -49.567554 8.4755335
10.075491 -49.561867 8.8313713
8.6492853 -49.534901 9.2952776
8.7454758 -49.529762 9.6080132
8.8313818 -49.524441 9.9237251
10.18611 -49.555958 9.1910162
10.284903 -49.549835 9.5540857
10.371761 -49.543503 9.9201899
8.9069118 -49.518932 10.242077
8.9719839 -49.513252 10.562726
9.0265293 -49.507404 10.885329
10.446595 -49.536968 10.288936
10.509322 -49.530243 10.65993
9.0704889 -49.501389 11.209542
9.103816 -49.495216 11.535017
9.1264753 -49.488895 11.861404
10.559875 -49.523327 11.032775
10.598203 -49.516228 11.40707
10.624261 -49.508961 11.782416
9.138443 -49.482433 12.188356
9.1397038 -49.475834 12.515522
9.1302595 -49.469105 12.842551
10.638022 -49.501526 12.158411
10.639473 -49.493938 12.534652
10.628612 -49.486198 12.910735
9.1101179 -49.462254 13.169093
9.0793018 -49.455288 13.4948
9.0378437 -49.448212 13.81932
10.605449 -49.478321 13.286259
10.57001 -49.47031 13.660821
10.522333 -49.462173 14.034019
9.2445011 -28.266146 6.0101676
9.4346142 -28.204138 6.3341546
9.5601044 -28.163158 6.5651398
9.613966 -28.1436 6.664196
9.7823915 -28.082369 6.9998937
9.9396544 -28.025118 7.340981
10.085586 -27.971905 7.6870918
10.22003 -27.922789 8.0378571
10.342842 -27.877823 8.3929005
10.453891 -27.837053 8.7518415
10.474297 -27.829538 8.8264217
10.553095 -27.797558 9.1142349
10.640313 -27.762026 9.4797487
10.715446 -27.731262 9.8480043
10.778409 -27.705297 10.21861
10.829139 -27.684164 10.591167
10.867579 -27.667883 10.965277
10.893687 -27.656469 11.340539
10.907439 -27.649939 11.716552
10.89782 -27.651543 12.469218
10.908816 -27.648296 12.092914
10.874459 -27.659678 12.845066
10.838761 -27.672689 13.220054
10.790764 -27.690567 13.593778
10.730516 -27.713289 13.96584
5.3839755 -27.067072 1.5229136
6.2668962 -26.877251 1.420344
7.1431575 -26.658628 1.3186229
8.0118217 -26.411438 1.2178591
8.8719559 -26.135939 1.1181608
9.7226372 -25.832428 1.019635
9.8923025 -25.765556 1
10.562708 -25.500631 1
11.391409 -25.141376 1
5.3446388 -27.054356 3.8804193
5.3801169 -27.047674 3.9072368
5.6056886 -26.997511 4.0775156
5.8601098 -26.940819 4.28303
6.1076145 -26.88555 4.4967675
6.2608352 -26.851257 4.638134
6.3479748 -26.828743 4.7184362
6.5809593 -26.768423 4.9477601
6.806252 -26.709965 5.1845989
7.023612 -26.653433 5.4287004
7.1340494 -26.624636 5.5612612
7.2328501 -26.5954 5.6797318
10.219345 -10.336748 1
13.162228 -26.690357 0
14.028464 -26.245411 0
12.207913 -24.755199 1
13.011344 -24.342514 1
13.800842 -23.903761 1
14.575562 -23.439411 1
14.87968 -25.77236 0
15.71496 -25.271711 0
16.533413 -24.744001 0
17.334162 -24.189796 0
15.334675 -22.949963 1
16.077366 -22.435938 1
16.802843 -21.89789 1
17.373541 -21.44495 1
14.512612 -20.241533 1
14.393561 -20.133633 1
14.635129 -20.345482 1
13.758923 -19.409966 1
13.854635 -19.539019 1
13.954518 -19.664871 1
13.580418 -19.142813 1
13.497815 -19.004999 1
13.346354 -18.721638 1
13.419766 -18.864557 1
13.667484 -19.277849 1
14.058467 -19.787388 1
14.166368 -19.906439 1
14.278106 -20.021894 1
13.154702 -18.279549 1
13.100574 -18.128267 1
13.051423 -17.975298 1
13.007304 -17.820801 1
12.968264 -17.664944 1
12.934344 -17.507893 1
12.905581 -17.349817 1
12.882006 -17.190884 1
12.863643 -17.031263 1
12.850513 -16.87113 1
12.842628 -16.710651 1
12.84 -16.549999 1
12.842628 -16.389349 1
12.850513 -16.22887 1
12.863643 -16.068735 1
12.882006 -15.909117 1
13.277658 -18.576391 1
13.213752 -18.428976 1
15.295 -20.802185 1
15.435442 -20.880234 1
14.760982 -20.445364 1
14.890035 -20.541077 1
15.02215 -20.632515 1
15.157187 -20.719584 1
15.578362 -20.953646 1
15.723608 -21.022341 1
15.871024 -21.086248 1
16.020452 -21.145298 1
16.171732 -21.199427 1
16.324701 -21.248577 1
16.479198 -21.292696 1
16.635056 -21.331736 1
16.792107 -21.365656 1
16.950184 -21.394419 1
17.109116 -21.417994 1
17.268736 -21.436357 1
18.11635 -23.609686 0
18.879137 -23.004295 0
19.621708 -22.374269 0
20.343267 -21.720287 0
21.043045 -21.043045 0
21.720287 -20.343267 0
22.374269 -19.621708 0
23.004295 -18.879137 0
23.609686 -18.11635 0
22.606415 -15.831052 1
12.905581 -15.750183 1
12.934344 -15.592107 1
12.968264 -15.435056 1
13.007304 -15.279199 1
13.051423 -15.124702 1
13.100574 -14.971732 1
13.154702 -14.820453 1
13.213752 -14.671024 1
13.277658 -14.523608 1
13.346354 -14.378363 1
13.419766 -14.235442 1
13.497815 -14.095 1
13.580418 -13.957187 1
13.667484 -13.82215 1
13.758923 -13.690035 1
13.854635 -13.560982 1
13.954518 -13.435129 1
14.058467 -13.312612 1
14.166368 -13.193562 1
14.278106 -13.078106 1
14.393561 -12.966368 1
14.512612 -12.858466 1
14.635129 -12.754519 1
14.760982 -12.654635 1
14.890035 -12.558923 1
15.02215 -12.467484 1
15.157187 -12.380417 1
15.295 -12.297815 1
15.435442 -12.219767 1
15.578362 -12.146355 1
15.723608 -12.077659 1
15.871024 -12.013751 1
16.020452 -11.954701 1
16.171732 -11.900573 1
16.324701 -11.851423 1
16.479198 -11.807304 1
16.635056 -11.768264 1
16.792107 -11.734344 1
16.950184 -11.705582 1
17.109116 -11.682006 1
17.268736 -11.663643 1
17.428871 -11.650513 1
17.58935 -11.642629 1
17.75 -11.64 1
17.91065 -11.642629 1
18.071129 -11.650513 1
18.231264 -11.663643 1
18.390884 -11.682006 1
18.549816 -11.705582 1
18.707893 -11.734344 1
18.864944 -11.768264 1
19.020802 -11.807304 1
19.175299 -11.851423 1
19.328268 -11.900573 1
19.479548 -11.954701 1
19.628975 -12.013751 1
19.776392 -12.077659 1
19.921637 -12.146355 1
20.064558 -12.219767 1
20.205 -12.297815 1
20.47785 -12.467484 1
20.342813 -12.380417 1
20.739019 -12.654635 1
20.864872 -12.754519 1
20.609966 -12.558923 1
22.399427 -14.971732 1
22.345299 -14.820453 1
22.286249 -14.671024 1
22.222342 -14.523608 1
21.221895 -13.078106 1
21.545481 -13.435129 1
21.333633 -13.193562 1
21.441534 -13.312612 1
22.002184 -14.095 1
21.741077 -13.690035 1
21.919582 -13.957187 1
21.832516 -13.82215 1
22.080233 -14.235442 1
22.153645 -14.378363 1
21.645365 -13.560982 1
22.594419 -15.750183 1
22.565657 -15.592107 1
22.492695 -15.279199 1
22.531736 -15.435056 1
22.448578 -15.124702 1
22.949963 -15.334675 1
23.439411 -14.575562 1
23.903761 -13.800842 1
20.987389 -12.858466 1
21.106438 -12.966368 1
23.400038 -4.558917 -0.68278837
23.400522 -4.908905 -0.54449564
23.406439 -6.0409141 0
23.403246 -5.5943875 -0.23397848
23.401592 -5.2541852 -0.39483893
23.405481 -5.9291482 -0.062086523
7.4337425 -26.53581 5.9374228
7.6260271 -26.478622 6.2015748
7.8094974 -26.423897 6.4719067
7.9839578 -26.371695 6.7481275
7.9984465 -26.367346 6.7728343
8.1492872 -26.316641 7.0298328
8.3052454 -26.26403 7.3168259
8.4516563 -26.214443 7.6088104
8.5883665 -26.167933 7.9054742
8.715229 -26.124548 8.2064991
8.8321047 -26.084337 8.5115623
8.8520889 -26.077414 8.5693588
8.9389114 -26.044138 8.8202734
9.0354986 -26.006828 9.1323576
9.1217546 -25.97319 9.4474983
9.1975851 -25.943258 9.7653551
9.2629099 -25.917063 10.085589
9.3176594 -25.894634 10.407858
9.3617754 -25.875996 10.731815
9.3952093 -25.861168 11.057116
9.4179268 -25.850166 11.383409
9.4299021 -25.843 11.710345
9.4311237 -25.839682 12.037573
9.4215889 -25.840212 12.364754
9.3703051 -25.85281 13.017536
9.401309 -25.844589 12.691524
9.3286114 -25.864866 13.342443
9.2762718 -25.880745 13.665897
9.2133408 -25.900429 13.987553
16.211781 -17.577805 7
16.246233 -17.627584 7
16.064901 -17.313507 7
16.040823 -17.257965 7
16.147854 -17.475 7
16.118446 -17.422085 7
16.178976 -17.526926 7
16.090786 -17.368235 7
15.97966 -17.087027 7
15.998179 -17.144663 7
16.018574 -17.201662 7
15.963037 -17.028814 7
15.948328 -16.970091 7
15.935547 -16.910917 7
15.92471 -16.851357 7
15.915827 -16.791473 7
15.908908 -16.731331 7
15.903961 -16.670996 7
15.90099 -16.610531 7
15.9 -16.549999 7
15.90099 -16.48947 7
15.903961 -16.429005 7
15.908908 -16.368668 7
15.915827 -16.308527 7
15.92471 -16.248644 7
15.935547 -16.189083 7
15.948328 -16.12991 7
15.963037 -16.071184 7
15.97966 -16.012974 7
15.998179 -15.955337 7
16.018574 -15.898337 7
16.040823 -15.842035 7
16.53021 -17.940903 7
16.623791 -18.017704 7
16.576372 -17.98007 7
16.773075 -18.121023 7
16.825001 -18.152147 7
16.672417 -18.053766 7
16.722195 -18.088219 7
16.877916 -18.181555 7
16.931767 -18.209215 7
16.986492 -18.235098 7
16.359097 -17.769791 7
16.441853 -17.858147 7
16.399752 -17.814646 7
16.282297 -17.676208 7
16.319931 -17.723627 7
16.485353 -17.900249 7
17.098337 -18.281425 7
17.155336 -18.301821 7
17.212973 -18.320339 7
17.271185 -18.336964 7
17.389082 -18.364452 7
17.329908 -18.351673 7
17.042036 -18.259176 7
17.448643 -18.37529 7
17.508526 -18.384172 7
17.568668 -18.391092 7
17.629004 -18.396038 7
17.68947 -18.39901 7
17.75 -18.4 7
17.268736 -21.436357 9.6674166
17.81053 -18.39901 7
17.870996 -18.396038 7
17.931332 -18.391092 7
17.991474 -18.384172 7
18.051357 -18.37529 7
18.110918 -18.364452 7
18.170092 -18.351673 7
18.228815 -18.336964 7
18.287027 -18.320339 7
18.344664 -18.301821 7
18.401663 -18.281425 7
18.457964 -18.259176 7
18.513508 -18.235098 7
18.568233 -18.209215 7
18.622084 -18.181555 7
18.674999 -18.152147 7
18.726925 -18.121023 7
18.777805 -18.088219 7
18.827583 -18.053766 7
18.876209 -18.017704 7
18.923628 -17.98007 7
18.96979 -17.940903 7
19.014647 -17.900249 7
19.058147 -17.858147 7
19.100248 -17.814646 7
19.140903 -17.769791 7
19.180069 -17.723627 7
19.217703 -17.676208 7
19.253767 -17.627584 7
19.288219 -17.577805 7
19.321024 -17.526926 7
19.352146 -17.475 7
19.381554 -17.422085 7
19.409214 -17.368235 7
19.435099 -17.313507 7
19.459177 -17.257965 7
19.481426 -17.201662 7
19.501822 -17.144663 7
19.52034 -17.087027 7
19.536963 -17.028814 7
19.551672 -16.970091 7
19.564453 -16.910917 7
19.575291 -16.851357 7
19.584173 -16.791473 7
19.591091 -16.731331 7
19.596039 -16.670996 7
19.599009 -16.610531 7
19.6 -16.549999 7
19.599009 -16.48947 7
19.596039 -16.429005 7
19.591091 -16.368668 7
19.584173 -16.308527 7
19.575291 -16.248644 7
19.564453 -16.189083 7
19.52034 -16.012974 7
19.481426 -15.898337 7
19.501822 -15.955337 7
19.459177 -15.842035 7
19.551672 -16.12991 7
19.536963 -16.071184 7
16.064901 -15.786492 7
16.090786 -15.731766 7
16.118446 -15.677916 7
16.147854 -15.625 7
16.178976 -15.573074 7
16.211781 -15.522195 7
16.246233 -15.472416 7
16.282297 -15.423791 7
16.319931 -15.376372 7
16.359097 -15.330211 7
16.399752 -15.285355 7
16.441853 -15.241853 7
16.485353 -15.199752 7
16.53021 -15.159097 7
16.576372 -15.11993 7
16.623791 -15.082296 7
16.672417 -15.046233 7
16.722195 -15.011782 7
16.773075 -14.978976 7
16.825001 -14.947853 7
16.877916 -14.918446 7
16.931767 -14.890785 7
16.986492 -14.864902 7
17.042036 -14.840823 7
17.098337 -14.818574 7
17.155336 -14.79818 7
17.212973 -14.77966 7
17.271185 -14.763038 7
17.329908 -14.748327 7
17.389082 -14.735547 7
17.448643 -14.72471 7
17.508526 -14.715827 7
17.568668 -14.708908 7
17.629004 -14.703961 7
17.68947 -14.700991 7
17.75 -14.7 7
18.170092 -14.748327 7
17.81053 -14.700991 7
17.870996 -14.703961 7
17.931332 -14.708908 7
17.991474 -14.715827 7
18.051357 -14.72471 7
18.110918 -14.735547 7
18.228815 -14.763038 7
18.287027 -14.77966 7
18.344664 -14.79818 7
18.457964 -14.840823 7
18.401663 -14.818574 7
18.513508 -14.864902 7
18.568233 -14.890785 7
18.923628 -15.11993 7
19.321024 -15.573074 7
19.253767 -15.472416 7
19.288219 -15.522195 7
19.140903 -15.330211 7
19.100248 -15.285355 7
19.014647 -15.199752 7
18.96979 -15.159097 7
19.058147 -15.241853 7
19.217703 -15.423791 7
19.180069 -15.376372 7
18.726925 -14.978976 7
18.674999 -14.947853 7
18.622084 -14.918446 7
18.827583 -15.046233 7
18.777805 -15.011782 7
18.876209 -15.082296 7
19.409214 -15.731766 7
19.381554 -15.677916 7
19.435099 -15.786492 7
19.352146 -15.625 7
22.594419 -15.750183 7.7383695
24.189796 -17.334162 0
24.744001 -16.533413 0
25.271711 -15.71496 0
25.77236 -14.87968 0
26.245411 -14.028464 0
26.690357 -13.162228 0
24.342514 -13.011344 1
24.755199 -12.207913 1
25.141376 -11.391409 1
25.500631 -10.562708 1
27.106724 -12.281897 0
27.494062 -11.388413 0
27.851959 -10.482736 0
25.832581 -9.7226944 1
26.136868 -8.8722706 1
26.413166 -8.0123463 1
26.103413 -6.3020549 0
26.66118 -7.1438417 1
26.880646 -6.2676878 1
26.907312 -6.1202397 1.6103256
26.968021 -5.8462338 1.4302049
28.180033 -9.5658321 0
28.47793 -8.6386862 0
28.745333 -7.7022886 0
28.526957 -8.4525938 1.458158
28.473669 -8.637394 1.6403856
28.743229 -7.701725 0.80212498
28.769913 -7.5961518 0.71673757
28.689161 -7.8895555 0.95442253
28.606916 -8.1751184 1.2017061
28.981955 -6.7576437 0
29.000265 -6.6720428 0.063858986
29.022995 -6.5676193 0
28.981638 -6.7575698 0.12006309
28.923735 -6.98704 0.27129844
28.845943 -7.2951703 0.48904622
27.071327 -5.3848214 1
27.089298 -5.2815442 1.0974638
27.12398 -5.0954509 1
27.029871 -5.5665879 1.2591376
27.070061 -5.3845692 1.1557781
29.266422 -5.3170443 1
29.273685 -5.3171625 0.9996748
29.273581 -5.3177371 1
29.326908 -5.0269661 0.84773386
29.377096 -4.7319794 0.70554405
29.359833 -4.8473282 0.76102072
29.359192 -4.8472223 1
27.88986 -10.346126 3.8089652
27.817924 -10.538327 4.1352186
27.841711 -10.478878 4.0341959
27.745222 -10.719849 4.4676733
27.676769 -10.890575 4.8057528
27.612638 -11.050323 5.1490946
27.5529 -11.198925 5.4973316
26.575342 -7.3948469 2.641793
26.506536 -7.628818 2.8725882
26.439821 -7.8552475 3.110872
26.372875 -8.0738535 3.3564966
26.303036 -8.284359 3.6093211
26.39506 -8.0068541 3.2811112
26.776365 -6.6499481 1.9975381
26.843613 -6.3882437 1.7994949
26.874884 -6.2663441 1.713324
26.646162 -7.153585 2.4187336
26.649902 -7.1408195 2.407676
26.710674 -6.9051557 2.2040181
28.361956 -8.981905 1.9980088
28.20178 -9.4753361 2.5713537
28.173134 -9.5634899 2.6844139
28.280399 -9.2332277 2.2806814
28.446363 -8.7216358 1.7236382
28.120934 -9.7078848 2.8699491
28.040339 -9.9306631 3.1760409
27.963287 -10.143487 3.4891579
26.109253 -8.8655806 4.4068031
26.110136 -8.8631964 4.4032936
26.043764 -9.0417624 4.6849694
26.235786 -8.4866247 3.8688328
26.171198 -8.6804352 4.1347532
25.981462 -9.2088976 4.9686565
25.922415 -9.3668098 5.2575612
25.866686 -9.5153303 5.5513735
47.374397 -5.645081 -1.4680357
47.373329 -5.2998009 -1.6176924
47.372845 -4.9498134 -1.755985
47.372948 -4.5954924 -1.8827657
47.381104 -6.6490049 -0.95254385
47.376053 -5.9852839 -1.3071752
47.378288 -6.3200445 -1.1352832
47.384499 -6.9718127 -0.75915271
47.388466 -7.2881227 -0.55531693
47.416737 -8.7606068 0.61251432
47.393005 -7.5975952 -0.34125474
47.398106 -7.8999 -0.11719541
47.403767 -8.1947126 0.11662116
47.409977 -8.4817171 0.35994458
47.424034 -9.0310831 0.87405992
47.440216 -9.5456448 1.4229491
47.431866 -9.2928553 1.1443013
47.476486 -7.4919033 1.485082
47.476517 -7.4932404 1.4862158
47.454361 -6.1802802 0.51308781
47.447014 -5.3224287 0.036546383
47.444649 -4.726357 -0.23346856
47.445576 -5.0266004 -0.10333221
47.448959 -5.6135249 0.18601772
47.451408 -5.8995776 0.34492159
47.461758 -6.7244391 0.87647712
47.46619 -6.9873123 1.0713115
47.457809 -6.4553323 0.69033629
47.471115 -7.2436709 1.2746301
47.468319 -10.247453 2.3063037
47.478668 -10.4617 2.6155081
47.489491 -10.665713 2.9315434
47.512505 -11.042171 3.5827463
47.500771 -10.859272 3.2540712
47.524673 -11.214211 3.9172165
47.537262 -11.375212 4.2571239
47.550266 -11.524998 4.6021047
47.563663 -11.66341 4.9517889
47.577442 -11.790301 5.3058023
47.591587 -11.905534 5.6637659
47.610157 -10.259931 5.4791241
47.622135 -10.37027 5.7869616
47.449085 -9.7891788 1.7097048
47.458454 -10.023198 2.0042615
47.482391 -7.7357531 1.7058417
47.488739 -7.9709496 1.9332727
47.502811 -8.4183941 2.4105675
47.495548 -8.1985779 2.1682651
47.510521 -8.6301641 2.6599202
47.518669 -8.8336592 2.9160566
47.527248 -9.0286627 3.1787019
47.536247 -9.2149649 3.4475751
47.555466 -9.5606794 4.0028477
47.545658 -9.3923674 3.7223885
47.56567 -9.7197208 4.2886524
47.576252 -9.8693218 4.5794959
47.587196 -10.009322 4.8750677
47.598507 -10.139571 5.1750507
25.586605 -10.200716 7.4001937
25.552599 -10.279569 7.7194328
27.393232 -11.576183 6.5679903
27.497618 -11.336217 5.8500905
27.479065 -11.382201 5.9805102
27.443798 -11.462007 6.20713
27.347733 -11.678656 6.9322071
27.307344 -11.769315 7.2993894
27.272112 -11.848063 7.6691442
25.522667 -10.348057 8.0409279
25.496843 -10.406106 8.3643332
25.475155 -10.453655 8.6893034
25.457624 -10.490655 9.0154905
25.444273 -10.517064 9.3425455
25.435112 -10.532854 9.6701174
25.433243 -10.534795 9.7935276
27.242073 -11.914814 8.0410767
27.217262 -11.969499 8.4147863
27.197702 -12.012057 8.789875
27.183416 -12.042445 9.1659393
27.174419 -12.060629 9.5425787
27.170721 -12.066589 9.9193888
25.814333 -9.6542988 5.8497791
25.793953 -9.7081556 5.9758873
25.762594 -9.7835188 6.1525846
25.712692 -9.9028749 6.4594131
25.666695 -10.012269 6.7698464
25.624651 -10.111586 7.0835519
25.430004 -10.538006 9.9978628
25.429497 -10.533243 10.282364
25.429399 -10.532522 10.32541
25.432854 -10.5164 10.652429
25.440512 -10.489661 10.978563
25.452366 -10.452332 11.303462
25.468403 -10.404454 11.626779
25.488605 -10.346078 11.948167
27.172325 -12.06032 10.295965
27.17923 -12.041828 10.671906
27.191427 -12.011132 11.046807
27.208904 -11.968267 11.42027
27.231646 -11.913278 11.791891
25.512951 -10.277266 12.267282
25.541416 -10.198092 12.583781
27.259623 -11.846222 12.161275
27.292807 -11.767173 12.528025
27.331161 -11.676215 12.891748
27.374649 -11.573445 13.252056
27.42322 -11.458973 13.608563
27.459341 -11.374031 13.845985
27.47526 -11.332898 13.960957
25.573969 -10.108641 12.897328
25.610575 -10.009008 13.207586
25.651192 -9.8993015 13.514223
25.695782 -9.7796383 13.816909
25.731382 -9.6846056 14.035908
47.606087 -12.008986 6.0252962
47.620918 -12.100544 6.3900065
47.636074 -12.180113 6.7575059
47.634438 -10.470472 6.0982342
47.647045 -10.56043 6.4126081
47.659943 -10.640047 6.7297478
47.651531 -12.247607 7.1274009
47.667278 -12.302953 7.4992952
47.673122 -10.709237 7.0493126
47.686562 -10.767927 7.3709602
47.700256 -10.816054 7.6943469
47.683296 -12.346091 7.8727908
47.699566 -12.376978 8.247488
47.716072 -12.395577 8.6229849
47.728333 -10.880424 8.3449497
47.714184 -10.853566 8.0191259
47.742683 -10.896597 8.6714687
47.7328 -12.401871 8.9988804
47.749725 -12.395851 9.3747711
47.76683 -12.377525 9.7502556
47.757229 -10.902069 8.9983339
47.77195 -10.896835 9.3251953
47.786823 -10.8809 9.6517038
47.784103 -12.346913 10.12493
47.801521 -12.304047 10.498394
47.819069 -12.248972 10.870249
47.801842 -10.85428 9.9775076
47.81699 -10.817005 10.302259
47.832249 -10.769114 10.62561
47.847595 -10.710659 10.947216
47.83672 -12.181748 11.240094
47.854462 -12.102448 11.607536
47.872276 -12.011154 11.972179
47.863022 -10.641702 11.26673
47.878513 -10.562316 11.583812
47.894047 -10.472588 11.89812
47.890141 -11.907967 12.333634
47.908035 -11.792995 12.691514
47.909611 -10.372613 12.20932
47.925182 -10.262497 12.517077
47.925945 -11.666363 13.045435
47.943848 -11.528205 13.395019
47.961723 -11.37867 13.73989
47.94075 -10.142361 12.821063
47.956295 -10.01233 13.120951
47.971802 -9.8725452 13.416421
47.987251 -9.7231569 13.707155
48.002632 -9.5643234 13.992845
8.5688896 -49.403954 15.72223
8.454812 -49.396347 16.028843
8.9857874 -49.44104 14.142308
8.9231892 -49.433777 14.463417
8.8501177 -49.426426 14.782305
8.7666483 -49.419003 15.098627
10.462469 -49.453926 14.405456
10.390482 -49.445572 14.774732
8.6728725 -49.411507 15.412048
10.102617 -49.419964 15.865657
10.306448 -49.437119 15.141452
10.210459 -49.428581 15.505223
8.33076 -49.388695 16.331554
8.1968689 -49.381012 16.630045
8.0532799 -49.373295 16.923994
7.737638 -49.357819 17.497007
7.9001489 -49.365562 17.213083
7.5659213 -49.350067 17.775461
7.3851838 -49.342327 18.048145
9.983037 -49.411274 16.222366
9.8518467 -49.402527 16.57497
9.7091885 -49.39373 16.92309
9.555213 -49.384892 17.266354
9.3900862 -49.376019 17.604395
9.2139845 -49.367126 17.936848
5.3875322 -49.27425 20.196793
-0.0031861935 -49.164257 22.349495
0.32232192 -49.168941 22.316254
0.6465652 -49.173824 22.272381
1.6082439 -49.189621 22.077497
0.96919674 -49.178905 22.217922
1.2898707 -49.184174 22.152939
1.9239755 -49.195251 21.99168
2.236727 -49.20105 21.89558
3.7441983 -49.232391 21.264801
4.5921125 -49.252827 20.771164
5.1287093 -49.26701 20.396894
4.8634748 -49.259869 20.588419
4.3149137 -49.245895 20.944931
4.0321746 -49.239082 21.109537
3.1537724 -49.219414 21.546659
2.8519549 -49.213139 21.672951
2.546164 -49.207012 21.789299
3.451293 -49.22583 21.410563
5.4097428 -49.23748 22.028641
5.0909638 -49.229511 22.228474
6.9974279 -49.326893 18.575043
6.7908249 -49.319214 18.828693
6.5760307 -49.311577 19.075449
7.1956182 -49.334599 18.314768
8.4037743 -49.331516 19.203783
5.8848424 -49.288979 19.771727
6.122797 -49.296452 19.547216
6.3532753 -49.303986 19.315041
5.6396666 -49.281574 19.988329
8.1758556 -49.322655 19.503101
7.6912484 -49.305042 20.078568
7.938262 -49.313828 19.7948
9.0270967 -49.358219 18.263361
8.8296223 -49.349308 18.583582
8.6217747 -49.340405 18.897167
6.8963819 -49.279053 20.879286
6.6144295 -49.270538 21.12838
7.4350796 -49.296314 20.354099
7.1700292 -49.287647 20.621101
5.7218089 -49.245579 21.818483
6.0268288 -49.253792 21.59823
6.3244753 -49.262115 21.368113
10.658087 -27.740831 14.335842
10.476999 -27.810255 15.068081
10.468301 -27.813608 15.097069
10.573551 -27.773165 14.703387
10.116509 -27.936472 16.140907
10.368581 -27.84833 15.429459
10.248376 -27.890308 15.787193
9.9731226 -27.986771 16.490223
9.818367 -28.041149 16.834764
9.6524105 -28.099552 17.174164
9.5506802 -28.135397 17.366093
9.4754648 -28.159161 17.508005
9.287735 -28.218544 17.835897
9.0893774 -28.281361 18.157568
0.91485822 -27.413345 21.832365
0.89744735 -27.414181 21.834742
-0.38863605 -27.421597 21.944475
-0.061659679 -27.427046 21.932615
-5.0384586e-15 -27.428089 21.928354
0.26485848 -27.423908 21.909887
0.59048665 -27.418858 21.876448
1.2377421 -27.39794 21.777493
1.5586689 -27.382717 21.712093
2.19344 -27.339754 21.549744
1.8773283 -27.364954 21.636183
1.7940307 -27.371618 21.656061
3.1227231 -27.251894 21.228874
3.5810566 -27.200827 21.030104
3.7231004 -27.180304 20.964783
3.4250336 -27.218178 21.101776
4.3051786 -27.0965 20.661795
4.0166082 -27.137997 20.818033
2.5065696 -27.314882 21.453022
2.6888607 -27.300459 21.390125
2.8164344 -27.286152 21.346041
5.3377609 -29.212496 21.823711
4.6798491 -29.325872 22.194168
5.0117898 -29.27128 22.014355
4.8378892 -29.302664 22.108595
8.4327965 -28.482868 19.081703
8.1942654 -28.550156 19.374941
7.9462795 -28.620167 19.660299
7.6891074 -28.692823 19.937479
7.6882815 -28.693058 19.938313
7.4231381 -28.758724 20.205988
8.8806028 -28.347544 18.472673
8.6616364 -28.417019 18.780874
8.6238489 -28.429018 18.830553
6.865623 -28.896946 20.716406
6.2762108 -29.0271 21.189228
6.5747471 -28.963266 20.957651
6.7448134 -28.926928 20.816628
7.1485453 -28.826778 20.465723
5.7943616 -29.130224 21.529945
5.970283 -29.09256 21.410973
5.6573482 -29.1549 21.622553
-0.32962137 -49.159775 22.37207
-0.25023898 -49.13047 23.869682
0.12514891 -49.135624 23.843721
0.49948323 -49.14101 23.805492
0.87236309 -49.146629 23.755039
1.6121644 -49.158527 23.61768
1.2433892 -49.15247 23.692411
1.9782935 -49.164795 23.530924
2.3413846 -49.171268 23.432234
2.7010491 -49.177937 23.32172
3.0569017 -49.184795 23.199495
3.4085612 -49.191837 23.065695
3.7556512 -49.199055 22.920462
4.7658138 -49.221672 22.417768
4.4346409 -49.213982 22.596323
4.0977998 -49.206436 22.763948
0.97162247 -29.679996 23.380491
1.1124589 -29.67313 23.361267
1.4837799 -29.65506 23.298157
2.2193885 -29.610254 23.135513
1.8528508 -29.637133 23.22294
1.9422363 -29.632799 23.201658
-0.38664138 -29.689272 23.49033
-0.010617651 -29.695461 23.47669
-5.4549998e-15 -29.695639 23.475956
0.36490437 -29.689735 23.450508
0.73937941 -29.683712 23.412048
3.9994416 -29.425905 22.52063
3.8763785 -29.444019 22.572435
3.2994826 -29.509758 22.801649
3.6517239 -29.469604 22.666895
2.5829239 -29.580717 23.036097
2.9430439 -29.550426 22.924833
2.9108253 -29.554106 22.934803
4.3423033 -29.375479 22.362947
5.7917776 -29.117233 26.409857
6.741436 -28.912441 26.296324
7.6838942 -28.676683 26.183651
9.5431814 -28.113306 25.961359
8.6181431 -28.41021 26.071955
10.458017 -27.786287 25.85198
11.361672 -27.429504 25.743937
-5.4531918e-15 -29.685795 27.102215
0.89604688 -27.371401 26.994932
-5.0305753e-15 -27.385176 27.102043
0.97130227 -29.670216 26.986109
1.9415851 -29.622864 26.870125
1.7911924 -27.328314 26.88793
2.9098091 -29.543789 26.754381
3.8749378 -29.433075 26.639008
2.6844776 -27.255957 26.781145
3.5749452 -27.154408 26.674698
4.835937 -29.290838 26.524124
9.1398888 -25.923897 14.307062
9.0559931 -25.951122 14.624086
8.9617434 -25.982077 14.938284
8.8341131 -26.024458 15.311358
8.8572397 -26.016729 15.24932
8.7426367 -26.051712 15.556793
8.6180296 -26.089104 15.860416
8.4835434 -26.129707 16.159883
8.3393192 -26.173477 16.454872
8.1855145 -26.220367 16.745068
8.0222921 -26.270329 17.030157
7.9735579 -26.285299 17.109188
7.6684384 -26.36834 17.58359
7.8498812 -26.318888 17.30975
7.4781361 -26.420372 17.851421
7.2791786 -26.474932 18.112957
5.4044023 -26.906353 19.944742
5.3541059 -26.916908 19.981195
5.1384816 -26.954824 20.137392
4.5885525 -27.051865 20.496149
4.4697533 -27.072895 20.565622
4.8664417 -27.002775 20.321247
6.8562646 -26.582603 18.615849
6.233315 -26.733229 19.249212
6.6327505 -26.63653 18.856686
6.4014897 -26.692463 19.090143
7.1066475 -26.522371 18.32505
7.0717926 -26.530735 18.367891
6.1627593 -26.7479 19.315926
5.9168606 -26.799162 19.533714
5.6639848 -26.851997 19.743395
17.185425 -21.426773 16.817427
22.578711 -15.663853 15.219631
22.565657 -15.592107 21.437098
5.3436165 -26.864174 26.463259
6.2199244 -26.6758 26.358496
7.0896244 -26.458839 26.25452
7.951786 -26.213526 26.151443
8.8054829 -25.940115 26.049377
9.6497993 -25.638905 25.948429
10.483831 -25.310207 25.848711
11.306682 -24.954378 25.750326
4.4616423 -27.023766 26.568697
13.995928 -26.184538 25.428961
12.253177 -27.043337 25.637342
13.131576 -26.628201 25.532312
12.117468 -24.571795 25.653379
13.69938 -23.728024 25.464224
14.468808 -23.267736 25.372217
12.91532 -24.162865 25.55798
14.845305 -25.712824 25.327394
15.678801 -25.213562 25.227726
16.495518 -24.687286 25.130062
15.222775 -22.782494 25.282057
15.960473 -22.272814 25.193836
17.294582 -24.134562 25.034504
16.68111 -21.739246 25.107656
17.109116 -21.417994 23.366369
14.512612 -20.241533 25.366755
14.393561 -20.133633 25.380978
14.635129 -20.345482 25.352118
13.758923 -19.409966 25.456785
13.854635 -19.539019 25.445353
13.954518 -19.664871 25.433424
13.667484 -19.277849 25.467705
14.058467 -19.787388 25.421007
14.278106 -20.021894 25.39477
14.166368 -19.906439 25.408117
13.580418 -19.142813 25.478102
13.497815 -19.004999 25.487967
13.346354 -18.721638 25.50605
13.419766 -18.864557 25.497284
13.154702 -18.279549 25.528925
13.100574 -18.128267 25.535385
13.051423 -17.975298 25.541248
13.007304 -17.820801 25.546511
12.968264 -17.664944 25.551165
12.934344 -17.507893 25.555208
12.905581 -17.349817 25.558634
12.882006 -17.190884 25.561441
12.863643 -17.031263 25.563623
12.850513 -16.87113 25.565182
12.842628 -16.710651 25.566113
12.84 -16.549999 25.566414
12.842628 -16.389349 25.566088
12.850513 -16.22887 25.565134
12.863643 -16.068735 25.563553
12.882006 -15.909117 25.561346
13.277658 -18.576391 25.51425
13.213752 -18.428976 25.521877
15.295 -20.802185 25.273275
15.435442 -20.880234 25.256493
14.760982 -20.445364 25.337082
14.890035 -20.541077 25.321663
15.02215 -20.632515 25.305878
15.157187 -20.719584 25.289742
15.871024 -21.086248 25.204441
16.020452 -21.145298 25.186584
16.171732 -21.199427 25.168505
15.578362 -20.953646 25.239414
15.723608 -21.022341 25.222057
16.324701 -21.248577 25.150223
16.479198 -21.292696 25.13176
16.635056 -21.331736 25.113131
16.950184 -21.394419 25.075468
16.792107 -21.365656 25.09436
17.090094 -21.415173 25.058744
16.211781 -17.577805 25.163446
16.246233 -17.627584 25.159332
16.064901 -17.313507 25.180984
16.040823 -17.257965 25.183859
16.118446 -17.422085 25.174591
16.147854 -17.475 25.171082
16.178976 -17.526926 25.167364
16.090786 -17.368235 25.177895
15.97966 -17.087027 25.191156
15.998179 -17.144663 25.188948
16.018574 -17.201662 25.186514
15.963037 -17.028814 25.19314
15.948328 -16.970091 25.194893
15.935547 -16.910917 25.196417
15.92471 -16.851357 25.197706
15.915827 -16.791473 25.198765
15.908908 -16.731331 25.199587
15.903961 -16.670996 25.200174
15.90099 -16.610531 25.200525
15.9 -16.549999 25.200638
15.90099 -16.48947 25.200516
15.903961 -16.429005 25.200157
15.908908 -16.368668 25.19956
15.915827 -16.308527 25.198729
15.92471 -16.248644 25.197662
15.935547 -16.189083 25.196363
15.948328 -16.12991 25.19483
15.963037 -16.071184 25.193068
15.97966 -16.012974 25.191076
15.998179 -15.955337 25.188858
16.018574 -15.898337 25.186417
16.040823 -15.842035 25.183752
16.53021 -17.940903 25.12541
16.623791 -18.017704 25.114231
16.576372 -17.98007 25.119896
16.931767 -18.209215 25.077431
16.986492 -18.235098 25.07089
16.825001 -18.152147 25.090189
16.773075 -18.121023 25.096394
16.672417 -18.053766 25.108421
16.722195 -18.088219 25.102472
16.877916 -18.181555 25.083866
16.441853 -17.858147 25.135965
16.399752 -17.814646 25.140995
16.359097 -17.769791 25.145851
16.282297 -17.676208 25.155025
16.319931 -17.723627 25.15053
16.485353 -17.900249 25.13077
17.098337 -18.281425 25.057526
17.212973 -18.320339 25.043825
17.155336 -18.301821 25.050713
17.271185 -18.336964 25.036869
17.389082 -18.364452 25.022778
17.329908 -18.351673 25.02985
17.042036 -18.259176 25.064253
17.448643 -18.37529 25.015659
17.508526 -18.384172 25.008501
17.568668 -18.391092 25.001312
17.629004 -18.396038 24.994101
17.68947 -18.39901 24.986874
17.75 -18.4 24.979637
18.075138 -23.555977 24.941158
18.836346 -22.952154 24.850122
19.577393 -22.323738 24.761496
20.297483 -21.671402 24.675371
22.324409 -19.577982 24.432928
22.953188 -18.837194 24.357712
23.55739 -18.076221 24.285433
17.991474 -18.384172 24.950771
18.051357 -18.37529 24.943613
18.110918 -18.364452 24.936493
18.170092 -18.351673 24.929419
18.228815 -18.336964 24.9224
18.287027 -18.320339 24.91544
18.344664 -18.301821 24.908548
18.401663 -18.281425 24.901733
18.568233 -18.209215 24.881817
18.457964 -18.259176 24.895002
18.513508 -18.235098 24.888361
18.622084 -18.181555 24.875378
18.674999 -18.152147 24.869051
18.726925 -18.121023 24.862841
18.827583 -18.053766 24.850803
18.777805 -18.088219 24.856756
18.876209 -18.017704 24.84499
18.923628 -17.98007 24.839319
18.96979 -17.940903 24.833797
19.100248 -17.814646 24.818193
19.140903 -17.769791 24.81333
19.180069 -17.723627 24.808645
19.217703 -17.676208 24.804142
19.253767 -17.627584 24.799828
19.288219 -17.577805 24.795708
19.014647 -17.900249 24.828432
19.058147 -17.858147 24.823229
19.321024 -17.526926 24.79178
17.81053 -18.39901 24.972403
17.870996 -18.396038 24.965176
17.931332 -18.391092 24.957962
19.352146 -17.475 24.788057
19.381554 -17.422085 24.784538
19.409214 -17.368235 24.781227
19.435099 -17.313507 24.77813
19.459177 -17.257965 24.775248
19.481426 -17.201662 24.772585
19.501822 -17.144663 24.770142
19.52034 -17.087027 24.767923
19.536963 -17.028814 24.765932
19.551672 -16.970091 24.76417
19.564453 -16.910917 24.762638
19.575291 -16.851357 24.761337
19.584173 -16.791473 24.760271
19.591091 -16.731331 24.759439
19.596039 -16.670996 24.758844
19.599009 -16.610531 24.758486
19.6 -16.549999 24.758362
19.599009 -16.48947 24.758476
19.596039 -16.429005 24.758827
19.591091 -16.368668 24.759413
19.584173 -16.308527 24.760235
19.575291 -16.248644 24.761292
19.564453 -16.189083 24.762585
19.52034 -16.012974 24.767843
19.501822 -15.955337 24.770052
19.481426 -15.898337 24.772488
19.459177 -15.842035 24.775143
19.551672 -16.12991 24.764107
19.536963 -16.071184 24.765862
20.995844 -20.995844 24.591843
21.671728 -20.297789 24.511
13.667484 -13.82215 25.467299
13.758923 -13.690035 25.456358
13.854635 -13.560982 25.444908
13.954518 -13.435129 25.432959
14.058467 -13.312612 25.420525
14.166368 -13.193562 25.407618
14.278106 -13.078106 25.394253
12.905581 -15.750183 25.558516
12.934344 -15.592107 25.555065
12.968264 -15.435056 25.550999
13.007304 -15.279199 25.54632
13.051423 -15.124702 25.541035
13.100574 -14.971732 25.535149
13.154702 -14.820453 25.528667
13.213752 -14.671024 25.521597
13.277658 -14.523608 25.513948
13.346354 -14.378363 25.505726
13.419766 -14.235442 25.496939
13.497815 -14.095 25.4876
13.580418 -13.957187 25.477715
14.393561 -12.966368 25.380444
14.512612 -12.858466 25.366203
14.635129 -12.754519 25.351551
16.064901 -15.786492 25.18087
16.090786 -15.731766 25.177773
16.118446 -15.677916 25.174461
16.147854 -15.625 25.170942
16.178976 -15.573074 25.167217
16.211781 -15.522195 25.163294
16.246233 -15.472416 25.159172
16.399752 -15.285355 25.140806
16.282297 -15.423791 25.154858
16.319931 -15.376372 25.150354
16.359097 -15.330211 25.14567
16.441853 -15.241853 25.135771
16.485353 -15.199752 25.130568
16.53021 -15.159097 25.125202
16.576372 -15.11993 25.119682
16.623791 -15.082296 25.114012
16.931767 -14.890785 25.077183
16.986492 -14.864902 25.070639
16.672417 -15.046233 25.108196
16.722195 -15.011782 25.102243
16.773075 -14.978976 25.096159
16.825001 -14.947853 25.089951
16.877916 -14.918446 25.083622
17.042036 -14.840823 25.063999
17.098337 -14.818574 25.057266
17.212973 -14.77966 25.043562
17.155336 -14.79818 25.050451
17.271185 -14.763038 25.036602
17.329908 -14.748327 25.029581
17.389082 -14.735547 25.022507
17.448643 -14.72471 25.015387
17.508526 -14.715827 25.008228
17.568668 -14.708908 25.001038
17.629004 -14.703961 24.993826
17.68947 -14.700991 24.986597
17.75 -14.7 24.979362
14.760982 -12.654635 25.3365
14.890035 -12.558923 25.321068
15.02215 -12.467484 25.305267
15.295 -12.297815 25.27264
15.157187 -12.380417 25.28912
15.435442 -12.219767 25.255846
15.871024 -12.013751 25.203764
16.020452 -11.954701 25.185898
16.171732 -11.900573 25.16781
15.578362 -12.146355 25.238758
15.723608 -12.077659 25.22139
16.324701 -11.851423 25.149523
16.479198 -11.807304 25.131052
16.635056 -11.768264 25.112417
16.950184 -11.705582 25.074745
16.792107 -11.734344 25.093643
17.109116 -11.682006 25.055744
17.268736 -11.663643 25.036663
17.58935 -11.642629 24.998339
17.428871 -11.650513 25.017521
17.75 -11.64 24.979134
22.399427 -14.971732 24.423616
22.345299 -14.820453 24.430077
22.558538 -15.559146 24.404642
22.492695 -15.279199 24.412491
22.531736 -15.435056 24.407835
22.448578 -15.124702 24.417753
22.788734 -15.226946 24.3771
23.275156 -14.473421 24.318899
23.736649 -13.704359 24.26368
18.170092 -14.748327 24.92915
17.991474 -14.715827 24.950499
18.051357 -14.72471 24.943342
18.110918 -14.735547 24.936222
18.228815 -14.763038 24.922132
18.287027 -14.77966 24.915174
18.344664 -14.79818 24.908287
18.568233 -14.890785 24.881569
18.457964 -14.840823 24.894747
18.401663 -14.818574 24.901474
18.513508 -14.864902 24.888109
18.923628 -15.11993 24.839106
19.321024 -15.573074 24.791636
19.288219 -15.522195 24.795553
19.253767 -15.472416 24.799667
19.100248 -15.285355 24.818005
19.140903 -15.330211 24.813148
19.217703 -15.423791 24.803974
19.180069 -15.376372 24.80847
19.014647 -15.199752 24.82823
18.96979 -15.159097 24.83359
19.058147 -15.241853 24.823034
18.726925 -14.978976 24.862608
18.674999 -14.947853 24.868811
18.622084 -14.918446 24.875135
18.827583 -15.046233 24.85058
18.777805 -15.011782 24.856527
18.876209 -15.082296 24.84477
17.81053 -14.700991 24.972126
17.870996 -14.703961 24.964899
17.931332 -14.708908 24.957687
19.409214 -15.731766 24.781105
19.381554 -15.677916 24.784409
19.435099 -15.786492 24.778017
19.352146 -15.625 24.78792
18.071129 -11.650513 24.940748
18.231264 -11.663643 24.921608
18.549816 -11.705582 24.883533
18.390884 -11.682006 24.902531
18.707893 -11.734344 24.864641
18.864944 -11.768264 24.845869
19.175299 -11.851423 24.808779
19.328268 -11.900573 24.790497
19.020802 -11.807304 24.827242
17.91065 -11.642629 24.95993
19.479548 -11.954701 24.772417
19.628975 -12.013751 24.75456
19.776392 -12.077659 24.736944
19.921637 -12.146355 24.719587
20.064558 -12.219767 24.702509
20.205 -12.297815 24.685726
20.47785 -12.467484 24.653124
20.342813 -12.380417 24.66926
20.739019 -12.654635 24.62192
20.864872 -12.754519 24.606884
20.609966 -12.558923 24.637339
22.286249 -14.671024 24.437122
22.222342 -14.523608 24.444752
21.221895 -13.078106 24.564232
21.545481 -13.435129 24.525578
21.333633 -13.193562 24.550882
21.441534 -13.312612 24.537994
22.002184 -14.095 24.471035
21.741077 -13.690035 24.502216
21.919582 -13.957187 24.4809
21.832516 -13.82215 24.491297
22.080233 -14.235442 24.461716
22.153645 -14.378363 24.452951
21.645365 -13.560982 24.513647
20.987389 -12.858466 24.592247
21.106438 -12.966368 24.578024
27.528612 -11.195318 14.308952
27.586445 -11.046434 14.652035
27.648697 -10.886407 14.989837
27.715303 -10.715406 15.321996
27.78619 -10.533615 15.648155
27.81193 -10.467669 15.757781
27.856592 -10.341152 15.968179
25.743019 -9.6501245 14.115378
25.79026 -9.5108576 14.409428
25.84096 -9.3620434 14.698584
25.895063 -9.2038422 14.98254
25.952515 -9.0364208 15.260988
26.013252 -8.8599615 15.533633
26.022413 -8.8334188 15.571814
26.071463 -8.6745586 15.800439
26.131552 -8.480484 16.060921
26.194412 -8.2779589 16.314756
26.259979 -8.0672026 16.561674
26.288839 -7.9746323 16.663118
26.323702 -7.8483667 16.801609
26.386423 -7.6217008 17.034264
26.451363 -7.3875003 17.259243
26.518448 -7.1460171 17.476307
26.528917 -7.1084018 17.507927
26.580256 -6.8973894 17.685549
26.642513 -6.6419778 17.886488
26.706472 -6.3800774 18.07885
26.741882 -6.2353325 18.177958
27.928286 -10.138254 16.281637
28.003643 -9.9251785 16.588089
28.082581 -9.7021523 16.887201
28.136143 -9.5509329 17.076572
28.162058 -9.4693661 17.178789
28.239115 -9.2270231 17.462671
28.319155 -8.9754715 17.738295
28.40209 -8.714982 18.005363
28.430937 -8.6244307 18.092241
26.767822 -6.1118989 18.262617
26.825556 -5.8377156 18.437635
26.884583 -5.5579009 18.603497
26.927216 -5.3561559 18.714239
26.942013 -5.2727084 18.760147
26.993597 -4.9823761 18.90761
28.481483 -8.4457283 18.263878
28.560076 -8.168046 18.513437
28.641001 -7.8822846 18.753624
28.695766 -7.6890073 18.905437
28.720673 -7.5886927 18.984344
27.046122 -4.6873255 19.045418
28.795492 -7.2875285 19.205502
28.872128 -6.9792228 19.416563
28.930235 -6.7455845 19.565395
28.947699 -6.6640611 19.617424
29.016665 -6.3422918 19.808115
29.086983 -6.0143909 19.988071
29.134033 -5.7951198 20.099146
29.154701 -5.6806455 20.157276
29.216002 -5.3413515 20.315714
29.278254 -4.996995 20.462885
29.306908 -4.8385897 20.524487
29.334997 -4.6478395 20.598913
47.979557 -11.217917 14.07968
47.997326 -11.046121 14.414025
48.015011 -10.863462 14.742567
48.032597 -10.670138 15.064954
48.05006 -10.466356 15.380841
48.067387 -10.252334 15.689889
48.017921 -9.3962154 14.273181
48.033108 -9.2190132 14.547865
48.048176 -9.0329075 14.816603
48.063103 -8.8380957 15.079105
48.084553 -10.0283 15.991768
48.077877 -8.6347866 15.335093
48.092487 -8.4231997 15.584292
48.106907 -8.2035599 15.826434
48.121124 -7.9761024 16.06126
48.101543 -9.7944956 16.286154
48.118343 -9.5511703 16.572733
48.134926 -9.298584 16.851196
48.151279 -9.0370083 17.121246
48.135136 -7.7410717 16.288521
48.148911 -7.4987192 16.507969
48.167389 -8.7667236 17.382595
48.183231 -8.488018 17.634962
48.198792 -8.20119 17.878077
48.214054 -7.9065485 18.111677
48.162441 -7.2493043 16.719374
48.175713 -6.993094 16.922504
48.188709 -6.7303624 17.117147
48.20142 -6.4613914 17.303093
48.213825 -6.1864686 17.480141
48.225922 -5.9058886 17.648102
48.23769 -5.6199517 17.806797
48.249119 -5.3289647 17.956057
48.260189 -5.0332379 18.09572
48.229 -7.6044073 18.335518
48.243618 -7.2950907 18.549355
48.257885 -6.9789295 18.752958
48.271793 -6.6562624 18.946115
48.285328 -6.3274355 19.128614
48.270901 -4.7330894 18.225637
48.29847 -5.9927998 19.300262
48.311203 -5.6527143 19.460875
48.323521 -5.3075433 19.610281
48.335403 -4.9576564 19.748318
48.346844 -4.6034279 19.87484
24.136368 -17.295876 24.216166
24.689499 -16.496996 24.149988
25.21619 -15.680435 24.086969
25.715879 -14.847071 24.027178
26.18803 -13.997793 23.970676
26.632132 -13.133514 23.917526
24.172714 -12.920585 24.211494
24.582888 -12.122938 24.162405
24.966722 -11.312275 24.116465
25.323809 -10.489466 24.073719
25.375896 -10.357798 24.067482
27.047712 -12.255159 23.867785
27.434324 -11.363669 23.821505
27.791553 -10.46 23.778736
25.653765 -9.6553926 24.034216
25.95623 -8.8109522 23.997997
26.230879 -7.9570503 23.965103
26.695583 -6.2245369 23.909428
26.75511 -5.9492068 23.90229
26.477419 -7.0946026 23.93557
26.885136 -5.3477855 23.886703
28.119017 -9.5451193 23.739525
28.416361 -8.6200085 23.703913
28.68327 -7.6856589 23.671938
28.919455 -6.7430711 23.643637
29.124662 -5.7932558 23.619036
29.298676 -4.8372307 23.598164
23.4021 -3.4844773 -1.0280633
23.403957 -3.1194506 -1.1195431
23.400139 -4.204596 -0.80956894
23.400827 -3.8463218 -0.92470169
23.406395 -2.751632 -1.1990432
23.409414 -2.3814158 -1.2664783
23.413008 -2.0091984 -1.3217763
23.417173 -1.6353782 -1.3648779
23.421907 -1.2603557 -1.3957371
23.427202 -0.88453233 -1.4143207
23.433056 -0.50831062 -1.4206089
23.439459 -0.13209333 -1.4145949
23.446407 0.2437166 -1.3962852
23.453892 0.61871672 -1.3656993
23.461903 0.99250555 -1.3228701
23.470436 1.3646828 -1.2678434
23.479479 1.7348498 -1.2006781
23.489021 2.1026103 -1.1214461
23.499056 2.4675705 -1.0302323
23.509571 2.8293397 -0.92713439
23.520554 3.1875303 -0.81226271
23.531994 3.5417588 -0.68574035
23.543879 3.8916459 -0.54770267
23.556194 4.2368169 -0.39829758
23.568932 4.5769024 -0.23768501
23.582071 4.9115376 -0.066036992
23.586967 5.0305228 0
23.903761 13.800842 1
23.439411 14.575562 1
21.336391 17.510324 1
21.89789 16.802843 1
22.949963 15.334675 1
22.435938 16.077366 1
5.3321033 29.269365 1.5807374
8.011507 26.4104 1.3485625
5.8057628 29.18754 0
6.7576437 28.981955 0
7.7022886 28.745333 0
6.2666454 26.876175 1.5533445
7.1428742 26.657572 1.4505455
8.8716106 26.134924 1.2475048
9.7222633 25.831436 1.1474807
10.562553 25.500259 1.0485976
10.975193 25.321812 1
11.391409 25.141376 1
8.6386862 28.47793 0
9.5658321 28.180033 0
10.482736 27.851959 0
11.388413 27.494062 0
2.0633674 27.512722 2.0454524
2.0912082 27.510391 2.0511186
2.4086809 27.483732 2.1266582
2.1375725 28.398766 2.0389841
2.7046492 27.460764 1.9704845
3.6018057 27.358433 1.865531
2.7234867 27.456575 2.2125864
2.7044566 27.458809 2.2073755
3.0348189 27.419956 2.308933
3.3428516 27.383631 2.4154627
3.6011033 27.353096 2.5143836
3.6471751 27.346115 2.5320823
3.9471045 27.300562 2.6587605
4.4951615 27.226791 1.7609484
5.3837585 27.065983 1.6568491
4.242764 27.25556 2.7952456
4.4935937 27.217297 2.9211853
4.5337672 27.209816 2.9414093
4.8194442 27.156521 3.0971887
5.099926 27.104094 3.2623034
5.3749118 27.052589 3.4365759
5.3808718 27.051472 3.4406333
5.6606851 29.209084 1.7598701
5.8047857 29.182629 1.8446786
5.9829807 29.14385 1.9498192
6.298718 29.075102 2.1503627
6.6078105 29.007759 2.3612196
6.9096546 28.936653 2.5822356
6.7561216 28.975426 2.4696822
5.6436443 26.993196 3.619941
7.203949 28.862289 2.8131683
7.4906425 28.789804 3.0537014
7.7000117 28.736834 3.2413588
7.7693033 28.716871 3.3036098
8.0393944 28.639011 3.5626886
7.7530551 26.447195 5.6394477
5.9062986 26.934837 3.8120816
6.1626043 26.877777 4.0127888
6.2618566 26.855637 4.0958929
6.4120178 26.816946 4.2219176
6.6543756 26.754381 4.4392176
6.889596 26.693537 4.6644101
8.3010044 28.563549 3.8305612
8.553854 28.490564 4.1069407
7.117425 26.634478 4.897253
7.1354327 26.629799 4.9169002
7.3372545 26.570261 5.1375933
7.5491967 26.507605 5.3850827
8.635375 28.467016 4.2020941
8.7973738 28.414425 4.3916092
9.0314684 28.338375 4.6842189
9.2560358 28.265364 4.9844174
9.4708366 28.195471 5.2918825
9.5610943 28.166075 5.4304404
9.6754265 28.124659 5.6063414
1.8222351e-15 29.759359 0
-0.46502265 29.750931 0.30159798
-0.088028908 29.757132 0.29021651
1.8221868e-15 29.758572 0.29043439
0.28862932 29.753845 0.29127914
0.66489196 29.747652 0.30469483
0.97369891 29.743425 0
1.9463552 29.695641 0
0.97367001 29.742542 0.32583427
1.0403923 29.73925 0.33043984
1.4143174 29.720778 0.36859408
1.786793 29.702341 0.4189789
1.9462761 29.694433 0.4458994
2.1570601 29.677052 0.48163474
2.9169271 29.616058 0
3.8843758 29.504763 0
2.5248137 29.646694 0.55647051
4.8476648 29.361872 0
2.8899326 29.61652 0.64333475
2.916754 29.614302 0.65065318
3.2514503 29.575546 0.74228495
3.609515 29.534052 0.85307527
3.8840399 29.502211 0.94799995
3.9636507 29.490326 0.97561115
4.3131495 29.438114 1.1098473
4.6581106 29.386545 1.2555163
4.8470712 29.358276 1.3427273
4.9979024 29.330639 1.4125307
-0.31437683 39.843922 0.18733533
0.060692087 39.824028 0.1640079
0.43633121 39.804272 0.15298097
0.81213832 39.784679 0.15426636
1.1877109 39.765263 0.16786267
1.5626469 39.746048 0.19375536
1.9365448 39.727055 0.2319167
2.3090041 39.708305 0.28230581
2.6796262 39.689816 0.34486878
3.0480139 39.671612 0.41953856
3.4137731 39.653706 0.50623518
3.7765117 39.636124 0.60486591
4.1358418 39.618877 0.715325
4.4913783 39.60199 0.83749425
4.8427401 39.58548 0.97124285
5.1895518 39.569363 1.1164275
5.5314417 39.553658 1.2728928
5.8680429 39.53838 1.4404712
6.1989965 39.523544 1.6189831
-0.39660007 29.747984 1.8001647
-0.068779439 29.753374 1.7902678
1.8219376e-15 29.754499 1.7904381
0.25873631 29.750263 1.7911953
0.58592123 29.744877 1.8028612
0.9125424 29.739471 1.8252221
1.8218542e-15 29.753139 2.2917945
0.97353625 29.738457 1.8314079
1.2377986 29.725401 1.8583726
1.5616904 29.70937 1.9021854
1.8839755 29.693388 1.9565866
1.9460056 29.690308 1.9691601
1.9459887 29.69005 2.0645366
2.2038672 29.669022 2.0216334
2.2398188 29.66605 2.0301867
0.97350544 29.737516 2.1781454
-0.19599943 39.858166 1.6825892
0.1301475 39.84087 1.6623043
-0.52130109 39.875568 1.7135482
0.45679012 39.823689 1.6527158
0.78357899 39.806652 1.6538334
0.78357905 39.806652 1.6538334
1.1101639 39.789768 1.6656563
1.4361953 39.77306 1.6881716
1.7613237 39.756542 1.7213556
2.0852015 39.740242 1.7651722
2.4074814 39.724163 1.8195746
2.7278187 39.708332 1.8845049
3.0458701 39.69276 1.9598933
3.3612952 39.677475 2.0456593
3.6737556 39.662476 2.1417105
3.982918 39.647793 2.2479448
4.2884502 39.633434 2.3642478
4.5900254 39.619419 2.4904954
4.887321 39.605762 2.6265521
5.1800179 39.59248 2.7722726
5.4678035 39.579578 2.9275002
6.5239468 39.509171 1.8082377
6.8425465 39.49527 2.0080318
7.1544538 39.481865 2.218152
7.4593353 39.46896 2.4383731
7.7568645 39.456573 2.6684594
5.7503691 39.567081 3.0920694
6.0274119 39.554993 3.2658036
6.298636 39.543335 3.4485168
6.5637503 39.532112 3.6400135
8.0467224 39.444721 2.908164
8.328599 39.433411 3.1572309
8.6021929 39.422661 3.4153929
8.8672104 39.412476 3.6823738
6.8224716 39.521343 3.8400884
7.074522 39.511036 4.0485268
7.3196321 39.501202 4.2651067
7.5575395 39.491856 4.4895954
7.7879891 39.482998 4.7217526
8.0107346 39.474644 4.9613299
8.2255363 39.466805 5.2080708
8.4321671 39.459484 5.4617105
9.1233673 39.40287 3.9578876
9.3703899 39.393852 4.2416396
9.6080141 39.385437 4.5333252
9.8359842 39.377625 4.832633
10.054057 39.370434 5.1392417
8.6304016 39.45269 5.7219782
10.262 39.363865 5.4528232
10.459588 39.357925 5.7730422
14.575562 23.439411 1
15.334675 22.949963 1
16.077366 22.435938 1
16.802843 21.89789 1
17.510324 21.336391 1
14.028464 26.245411 0
12.207913 24.755199 1
13.011344 24.342514 1
13.800842 23.903761 1
12.281897 27.106724 0
13.162228 26.690357 0
14.87968 25.77236 0
15.71496 25.271711 0
16.533413 24.744001 0
17.334162 24.189796 0
18.199057 20.752045 1
18.868299 20.145479 1
20.752045 18.199057 1
20.145479 18.868299 1
19.51734 19.51734 1
18.11635 23.609686 0
18.879137 23.004295 0
20.343267 21.720287 0
19.621708 22.374269 0
22.374269 19.621708 0
21.720287 20.343267 0
23.004295 18.879137 0
23.609686 18.11635 0
21.043045 21.043045 0
7.9486132 26.389101 5.9004159
8.0003691 26.373682 5.9743752
8.1354113 26.328608 6.1677732
8.3134193 26.269032 6.4411888
8.482542 26.212259 6.7203445
8.6425982 26.158352 7.0049424
8.793417 26.10737 7.2946773
8.8551445 26.086416 7.4232492
8.9346867 26.056494 7.5892773
9.8696489 28.054239 5.9274411
10.053468 27.987524 6.2547927
10.226685 27.924585 6.5880466
10.389112 27.865492 6.9268451
10.475924 27.833862 7.1239929
10.540457 27.807932 7.2708583
10.680532 27.75156 7.6197233
9.0663061 26.006763 7.8884149
9.1882524 25.960459 8.1917381
9.3003941 25.917629 8.4989233
9.4026108 25.878317 8.8096409
9.4947939 25.842569 9.123558
9.5768442 25.810419 9.4403391
9.648674 25.781906 9.7596445
10.809355 27.699623 7.9730225
10.926787 27.652174 8.3303785
11.032703 27.609264 8.6914072
11.126991 27.570942 9.0557241
11.209548 27.537247 9.4229374
11.280287 27.508215 9.792654
9.696372 25.762644 10.008853
9.7101793 25.756544 10.08114
9.7612486 25.733479 10.404491
9.801919 25.71451 10.72933
9.8321486 25.699657 11.055308
9.851903 25.688938 11.382075
9.8611622 25.68236 11.709283
11.33913 27.483875 10.16448
11.377538 27.467806 10.470468
11.386 27.463938 10.538018
11.420809 27.447739 10.912881
11.443597 27.436749 11.288645
11.454338 27.430979 11.664909
9.8599167 25.679934 12.03658
9.8481665 25.68166 12.363616
9.8259249 25.687538 12.690042
9.7932167 25.697561 13.015506
9.7500753 25.71172 13.339662
9.6965466 25.729996 13.66216
9.6855364 25.733854 13.717422
9.6325903 25.750462 13.982684
11.453022 27.430435 12.04127
11.439651 27.43512 12.417325
11.414238 27.445026 12.792671
11.37681 27.460144 13.166906
11.374721 27.461004 13.18267
11.327315 27.478695 13.539654
11.265873 27.501894 13.910498
8.8200312 39.446438 5.9885945
9.0008497 39.440727 6.2612743
9.1726665 39.435562 6.5397253
9.3352947 39.43095 6.8236494
10.646612 39.352623 6.099555
10.82287 39.347965 6.4320126
10.988173 39.343956 6.7700586
9.4885626 39.426903 7.1127434
9.6323051 39.423416 7.4066963
9.7663679 39.420494 7.7051945
11.142346 39.340599 7.1133318
11.285222 39.337898 7.4614635
11.41665 39.335854 7.8140812
9.8906088 39.418148 8.0079174
10.004892 39.41637 8.3145418
10.109098 39.415169 8.6247387
11.536487 39.334473 8.1708078
11.644605 39.333755 8.5312605
10.203115 39.414543 8.9381762
10.28684 39.414494 9.2545185
10.360186 39.415024 9.5734272
10.423073 39.416126 9.8945608
10.475433 39.417805 10.217575
10.517211 39.420059 10.542124
10.548363 39.422886 10.86786
10.568854 39.426273 11.194434
10.578663 39.430229 11.521499
10.57778 39.434746 11.848701
10.566204 39.439816 12.175691
10.543949 39.445438 12.50212
10.511039 39.451599 12.827637
10.467508 39.458302 13.151894
10.413404 39.465534 13.474544
10.348783 39.473286 13.795241
11.74089 39.333698 8.8950548
11.825236 39.334305 9.2617998
11.897556 39.335575 9.6311026
11.95777 39.337505 10.002569
12.005816 39.340096 10.3758
12.04164 39.343346 10.750397
12.065205 39.347244 11.125957
12.076486 39.351791 11.502081
12.075469 39.356987 11.878364
12.062158 39.362816 12.254403
12.036564 39.369282 12.629796
11.998717 39.376369 13.004141
11.948657 39.384075 13.377036
11.886437 39.392391 13.748083
25.357084 -0.86636865 0
25.432423 -0.9367016 0
25.264055 -0.60477734 0
25.240032 -0.53722763 0
25.337006 -0.27951834 0
25.362417 -0.21198699 0
25.713451 -1.1990575 0
25.848217 -1.2750955 0
26.308748 -1.534938 0
26.517456 -1.6197424 0
25.645115 0.038899563 0
25.72411 0.10900508 0
26.182188 0.35031891 0
26.324722 0.42540482 0
26.942019 0.65460002 0
27.142336 -1.8736504 0
27.446053 -1.9704045 0
28.213327 -2.2148321 0
29.421885 -4.4324813 0.57336098
29.467255 -4.1288905 0.45105663
29.50379 -3.8842478 0.36167499
29.51107 -3.8214986 0.33885503
29.547121 -3.5105336 0.23715247
29.583502 -3.1964614 0.14569366
29.615858 -2.9169073 0.074123174
29.618942 -2.8795984 0.064631678
29.520571 -2.5581176 0
29.643229 -2.5855603 0
29.695641 -1.9463552 0
29.502071 -3.8840215 1
29.613358 -2.916661 1
29.692932 -1.9461777 1
27.163607 0.73687345 0
27.918411 0.95161968 0
28.239874 1.0430773 0
29.743425 -0.97369891 0
29.759359 0 0
29.743425 0.97369891 0
29.740713 -0.9736101 1
29.756645 0 1
29.740713 0.9736101 1
26.197119 5.1979451 0
26.880646 6.2676878 1
29.105198 1.2412702 0
29.552364 1.3436887 0
29.723646 1.3763105 0
29.709488 1.6610539 0.062234946
29.6665 2.2939849 0.23392603
29.695276 1.9463314 0.13443077
29.692589 1.9788284 0.14269835
29.640636 2.6060324 0.33539978
29.615028 2.9146369 0.44701099
29.614849 2.9168079 0.44787729
29.579681 3.2196314 0.56908882
29.692932 1.9461777 1
29.613358 2.916661 1
29.544704 3.520525 0.70105153
29.510212 3.8169944 0.84275454
29.502401 3.8840649 0.87753773
29.502071 3.8840215 1
29.265591 5.3768063 0
29.248278 5.471087 0.057186499
29.18754 5.8057628 0
29.189964 5.7884316 0.26404113
29.186806 5.8056164 0.27605426
29.122852 6.0990815 0.48153669
27.311489 3.9671898 1
27.28442 4.1444612 1.0921679
27.233019 4.4961896 1
27.240519 4.4313059 1.2533553
27.230625 4.4957943 1.292403
27.19001 4.7129068 1.4241196
27.138281 4.9888749 1.604039
27.071327 5.3848214 1
29.343243 4.1108904 1
29.468737 4.1088443 0.99438196
29.467237 4.118844 1
29.056679 6.402545 0.7090072
28.992104 6.6984887 0.94618315
26.975807 5.7800732 2.1967769
26.919872 6.0306206 2.4112904
26.865072 6.2740917 2.6338098
26.867517 6.264627 2.62515
26.803923 6.5103474 2.8644338
26.74461 6.7390037 3.1025527
27.087559 5.2588806 1.7928236
27.064119 5.3833876 1.8860304
27.033142 5.5227108 1.9904841
26.66118 7.1438417 1
26.413166 8.0123463 1
26.136868 8.8722706 1
25.141376 11.391409 1
24.755199 12.207913 1
25.832581 9.7226944 1
25.500631 10.562708 1
28.47793 8.6386862 0
28.180033 9.5658321 0
28.981955 6.7576437 0
28.745333 7.7022886 0
28.979321 6.7570295 0.99629563
28.921234 6.9867253 1.1931667
28.850351 7.2668452 1.4494157
27.851959 10.482736 0
27.494062 11.388413 0
27.106724 12.281897 0
26.690357 13.162228 0
25.77236 14.87968 0
26.245411 14.028464 0
24.342514 13.011344 1
25.271711 15.71496 0
24.744001 16.533413 0
24.189796 17.334162 0
26.687202 6.9598145 3.3479102
26.640673 7.1383467 3.55968
26.63055 7.172564 3.6002986
28.781559 7.5385146 1.7145649
28.740395 7.7009654 1.8837107
28.71139 7.8015013 1.988489
28.638042 8.0555534 2.2709785
28.567329 8.3003063 2.5614746
28.499327 8.5354967 2.8596656
28.470148 8.6363249 2.9963696
28.429625 8.7609463 3.1654336
28.359507 8.9763956 3.4783962
26.569904 7.3771024 3.8596632
26.511641 7.5731077 4.125443
26.455818 7.7603703 4.3973546
26.402502 7.9386888 4.6751051
26.383137 8.0032368 4.7831883
26.347969 8.107935 4.9585671
26.294056 8.2678986 5.2473578
26.243151 8.4183693 5.5410628
28.292677 9.1815519 3.7980566
28.229208 9.3761969 4.1240721
28.169165 9.5601234 4.4560938
28.16857 9.5619411 4.4596424
28.106318 9.7332344 4.7940478
28.047361 9.8952389 5.1372757
27.992428 10.045961 5.4854064
47.373634 -4.2372179 -1.9978985
47.374908 -3.8753734 -2.1012599
47.379204 -3.1425281 -2.2722399
47.376762 -3.5103467 -2.1927397
47.382221 -2.7723119 -2.3396749
47.385815 -2.4000945 -2.394973
47.38998 -2.0262744 -2.4380746
47.444317 -4.1139145 -0.46396711
47.447632 -3.1703098 -0.73350978
47.444912 -3.8023717 -0.5640825
47.446022 -3.4877243 -0.65396219
47.459126 -1.879812 -0.94684434
47.449757 -2.8504677 -0.80264032
47.452381 -2.5285406 -0.86127955
47.455505 -2.2048731 -0.90936476
47.394714 -1.6512518 -2.4689338
47.400009 -1.2754284 -2.4875174
47.405861 -0.89920664 -2.4938056
47.412266 -0.52298939 -2.4877915
47.419212 -0.14717945 -2.4694819
47.426697 0.22782069 -2.4388959
47.434711 0.60160947 -2.3960669
47.443241 0.97378671 -2.3410401
47.463242 -1.5537055 -0.97367841
47.467846 -1.2269025 -0.98983806
47.472935 -0.89975315 -0.99530607
47.478504 -0.5726077 -0.99007654
47.484547 -0.24581647 -0.97415495
47.491055 0.080270603 -0.94755858
47.498024 0.40530428 -0.91031593
47.50544 0.72893673 -0.86246651
47.513306 1.0508211 -0.80406207
47.444225 -4.4220195 -0.35372299
47.452286 1.3439537 -2.2738748
47.461826 1.7117144 -2.1946428
47.471863 2.0766745 -2.1034291
47.482376 2.4384437 -2.0003312
47.493359 2.7966342 -1.8854594
47.504799 3.1508627 -1.758937
47.516685 3.5007498 -1.6208993
47.529003 3.8459208 -1.4714943
47.521603 1.3706129 -0.73516446
47.530327 1.6879697 -0.65584826
47.539471 2.0025513 -0.56619781
47.549019 2.3140216 -0.46630934
47.541737 4.1860061 -1.3108817
47.554878 4.5206418 -1.1392337
47.568409 4.8494687 -0.956734
47.582317 5.1721358 -0.76357812
47.596588 5.488297 -0.55997282
47.558968 2.6220462 -0.35628998
47.569305 2.9262958 -0.23625733
47.580017 3.2264445 -0.10633982
47.591087 3.5221708 0.03332334
47.602516 3.8131583 0.18258254
47.614281 4.0990953 0.34127787
47.626377 4.3796754 0.50923961
47.611206 5.7976136 -0.34613612
47.626152 6.0997548 -0.12229705
47.641415 6.3943968 0.11130472
47.656975 6.6812239 0.35441905
47.638786 4.6545978 0.6862877
47.651497 4.9235692 0.87223244
47.664494 5.1863003 1.0668752
47.677765 5.4425106 1.2700073
47.691296 5.691926 1.481411
47.70507 5.9342785 1.7008601
47.719078 6.1693091 1.9281199
47.733299 6.3967662 2.1629462
47.747719 6.616406 2.4050884
47.672817 6.9599295 0.6067856
47.688923 7.2302151 0.86813414
47.70528 7.4917903 1.1381848
47.721863 7.7443762 1.4166484
47.738659 7.9877019 1.7032267
47.762325 6.8279934 2.6542873
47.75565 8.2215061 1.997613
47.77282 8.4455404 2.2994919
47.790142 8.6595631 2.6085401
47.7771 7.031302 2.9102752
47.79203 7.2261138 3.1727786
47.807095 7.4122205 3.4415164
47.822281 7.5894222 3.7162004
47.80761 8.8633451 2.9244268
47.825191 9.0566683 3.2468135
47.84288 9.2393265 3.5753555
47.83757 7.7575297 3.9965367
47.852951 7.9163632 4.2822256
47.868404 8.065752 4.5729604
47.860649 9.4111242 3.9097006
47.883907 8.2055368 4.8684301
47.899456 8.3355665 5.1683183
47.915024 8.4557037 5.4723039
47.930595 8.5658188 5.7800612
47.878479 9.5718765 4.2494907
47.896358 9.7214117 4.5943623
47.914261 9.8595686 4.9439454
47.932171 9.9862013 5.2978668
47.950066 10.101172 5.6557465
26.195307 8.5591869 5.8393688
26.150576 8.6901999 6.1419554
26.109005 8.8112688 6.4484987
26.09306 8.8573999 6.5774126
26.068239 8.9223022 6.7587786
26.029388 9.0231647 7.0724144
25.994198 9.1137209 7.3889937
25.962708 9.1938725 7.7081785
27.941578 10.18524 5.8380675
27.894861 10.312925 6.1948819
27.852333 10.428883 6.5554667
27.834885 10.47631 6.7212806
27.811895 10.533021 6.9195318
27.774391 10.625216 7.2866516
27.74165 10.705339 7.656353
25.93495 9.2635336 8.0296259
25.910957 9.3226309 8.352993
25.890753 9.3710995 8.6779308
25.874357 9.4088888 9.0040941
25.861792 9.4359579 9.3311348
25.853067 9.4522791 9.6586981
27.713705 10.773308 8.0282402
27.69059 10.829045 8.4019146
27.672325 10.872493 8.7769766
27.658934 10.903606 9.1530247
27.650427 10.922349 9.5296545
27.646816 10.928703 9.9064646
25.848192 9.4578323 9.9864368
25.847174 9.4526138 10.313999
25.850014 9.4366283 10.641034
25.856707 9.4098921 10.967191
25.867247 9.3724356 11.292122
25.881622 9.324297 11.615478
25.899818 9.2655296 11.936913
27.648106 10.922661 10.283051
27.654291 10.90423 10.65901
27.665369 10.873429 11.03394
27.681326 10.830292 11.407438
27.702147 10.774862 11.779106
25.921816 9.1961946 12.256083
25.94759 9.1163683 12.572646
25.977114 9.0261354 12.886262
26.039188 8.8391132 13.436109
26.046394 8.8148603 13.503358
26.010355 8.9255915 13.196598
26.082556 8.6941004 13.806334
27.727804 10.707203 12.148544
27.758276 10.627384 12.515358
27.793528 10.535492 12.879153
27.818666 10.470205 13.10568
27.832077 10.431648 13.239607
27.916998 10.188596 13.949033
27.872431 10.315989 13.596397
47.946156 8.6657944 6.0912609
47.961693 8.7555227 6.4055696
47.97718 8.8349085 6.722651
47.992607 8.9038649 7.0421653
48.007957 8.9623203 7.3637705
48.023212 9.0102119 7.6871219
47.96793 10.20436 6.0172014
47.985741 10.295653 6.381845
48.003483 10.374954 6.7492862
48.021137 10.442178 7.119132
48.038681 10.497252 7.4909863
48.038361 9.0474873 8.0118732
48.053379 9.0741062 8.337678
48.068256 9.0900421 8.6641855
48.082977 9.0952759 8.9910469
48.097519 9.0898037 9.3179121
48.111874 9.0736303 9.6444321
48.056099 10.540119 7.8644509
48.073372 10.570732 8.2391253
48.090481 10.589058 8.6146097
48.107407 10.595077 8.9905005
48.12413 10.588783 9.366396
48.14064 10.570184 9.7418928
48.126022 9.046773 9.9702549
48.13995 9.0092602 10.295034
48.153641 8.961134 10.618421
48.167084 8.9024439 10.940068
48.18026 8.8332529 11.259633
48.193161 8.7536364 11.576773
48.205769 8.6636791 11.891147
48.15691 10.539298 10.11659
48.172928 10.496159 10.490086
48.188671 10.440813 10.86198
48.204132 10.37332 11.231875
48.234119 10.202191 11.964085
48.219284 10.293751 11.599375
48.218067 8.5634766 12.202419
48.230049 8.4531374 12.510257
48.241699 8.332778 12.81433
48.263954 8.0625286 13.409885
48.274536 7.9129281 13.700729
48.284737 7.7538862 13.986533
48.253006 8.202529 13.114313
48.315533 9.4074173 14.072165
48.248619 10.098741 12.325615
48.262764 9.9835072 12.683578
48.276543 9.856617 13.037592
48.28994 9.7182045 13.387277
48.30294 9.5684175 13.732257
23.736662 13.704368 24.261631
23.275171 14.473431 24.316738
22.788752 15.226956 24.374826
22.277925 15.964136 24.435833
21.185286 17.386316 24.566334
21.743246 16.684181 24.499691
9.5583324 25.774229 14.300873
9.4738741 25.80167 14.616382
9.3793058 25.832754 14.928872
9.2747278 25.867451 15.23801
9.1602526 25.90572 15.543464
9.0360031 25.947521 15.844907
8.902112 25.992811 16.142015
11.19255 27.529793 14.27904
11.107428 27.562363 14.644886
11.010595 27.599569 15.007645
10.902157 27.641373 15.366926
10.782229 27.687727 15.722346
10.650941 27.738585 16.073524
8.4433527 26.135263 17.004374
8.2721119 26.187874 17.281099
8.0920296 26.243376 17.55196
7.7056346 26.353477 18.075054
7.9720869 26.280449 17.720184
7.9031725 26.299297 17.816696
8.8315144 26.016804 16.286009
8.7585878 26.038942 16.434509
8.6055689 26.085602 16.722075
10.508431 27.793888 16.420086
10.466948 27.810013 16.512348
10.354639 27.849478 16.761713
10.189844 27.907473 17.098011
10.014301 27.969332 17.4286
9.8281975 28.034985 17.753128
9.6317339 28.104362 18.071241
9.5499582 28.133268 18.194477
5.3106284 26.922564 20.248827
5.3537192 26.914965 20.220093
-0.58645481 27.419477 21.809671
-0.25871387 27.424746 21.82119
1.6795402e-15 27.428974 21.821831
0.069125637 27.427841 21.822033
0.39638975 27.422567 21.812283
0.72316909 27.417389 21.791832
0.89746356 27.414675 21.775187
1.0488555 27.407356 21.760771
1.6957422 27.376356 21.66692
1.3730632 27.391775 21.719147
2.3342102 27.328365 21.531145
1.7940352 27.371687 21.647688
2.0161672 27.353834 21.604248
3.8768489 27.157101 21.012255
3.5759523 27.200529 21.136082
3.5809441 27.199972 21.134029
3.2706654 27.234697 21.250067
4.7525878 27.02129 20.582411
4.465724 27.072071 20.735207
4.4695268 27.071524 20.733183
5.0343208 26.971394 20.420225
4.173543 27.11421 20.878582
2.6496987 27.303192 21.447641
2.6888232 27.300081 21.4359
2.9618263 27.26936 21.353951
5.2598615 29.226068 22.042032
4.9244852 29.286638 22.206749
7.4998465 26.410072 18.326698
7.2860284 26.469023 18.57136
7.0643349 26.528833 18.808794
6.8347387 26.584377 19.038822
7.1057038 26.51885 18.764538
6.2327013 26.730597 19.574921
6.1027536 26.757757 19.681566
6.5978107 26.641825 19.261106
6.353806 26.701111 19.47541
5.8449259 26.811764 19.879353
5.5808153 26.867203 20.068501
8.4995527 28.462471 19.554564
8.2447729 28.534456 19.827574
7.9812918 28.608952 20.091957
9.2079372 28.241756 18.687052
9.4248857 28.172918 18.382666
8.9812727 28.31374 18.98403
8.7451363 28.388786 19.273285
8.6233892 28.427507 19.412827
6.844615 28.901251 21.058147
6.5411296 28.969645 21.275604
6.7446203 28.926098 21.129852
7.7093916 28.685875 20.347437
7.6879807 28.691936 20.366268
7.4288974 28.756195 20.593857
7.1405225 28.827766 20.830849
6.2305627 29.036144 21.482941
5.9134245 29.104094 21.679888
5.7942462 29.129642 21.748568
5.5896959 29.166536 21.866331
10.092577 39.499588 14.742194
9.9866972 39.509346 15.051673
10.273717 39.481552 14.113642
10.188285 39.490326 14.429406
11.62755 39.420902 14.846175
9.870759 39.519573 15.35751
9.7448874 39.530266 15.659377
9.6092129 39.541409 15.956953
11.517487 39.431557 15.205882
11.395725 39.442776 15.561782
11.262396 39.454536 15.913494
8.5982275 39.617092 17.634787
8.398591 39.631046 17.893694
8.1905947 39.645348 18.145914
9.3090591 39.56501 16.537956
9.4638853 39.552994 16.249918
9.1449003 39.577442 16.820765
8.9715824 39.590275 17.098034
11.117641 39.466835 16.260643
10.961617 39.479649 16.602854
10.794491 39.492973 16.939762
8.7892933 39.603497 17.369473
10.616441 39.50679 17.271009
10.427657 39.521088 17.596237
10.228342 39.535843 17.915098
4.5834832 29.33971 22.36042
4.8378286 29.302298 22.245821
-0.57495654 40.149738 21.58054
-0.24982812 40.133221 21.613724
0.076203182 40.116512 21.636238
0.40278804 40.099628 21.648062
0.72957659 40.082588 21.649179
1.0562197 40.065411 21.639591
1.3823663 40.048115 21.619307
2.0317764 40.013226 21.546747
2.3543444 39.995678 21.494549
1.7076683 40.030712 21.588346
3.3093617 39.942841 21.274994
3.6223357 39.925224 21.181082
3.9320657 39.907635 21.076963
5.4205942 39.820808 20.407579
5.1319757 39.837963 20.560835
4.8384972 39.855244 20.70455
4.2382207 39.890099 20.962753
4.540472 39.872627 20.838572
2.6750267 39.978088 21.431812
2.9934793 39.960468 21.358601
5.4752941 39.840557 22.062592
5.1325655 39.86055 22.216715
4.784976 39.880642 22.359524
7.7504287 39.674919 18.62923
7.9744639 39.659977 18.391182
7.5187292 39.690163 18.859808
7.279614 39.705685 19.082664
7.0333385 39.721474 19.297564
6.7801666 39.737511 19.504274
6.5203695 39.753777 19.702576
6.2542257 39.77026 19.892256
5.7040434 39.803791 20.244946
5.9820199 39.786934 20.073111
8.5575609 39.650715 19.941135
8.2825785 39.668568 20.197422
10.01871 39.551048 18.227251
9.7989845 39.566685 18.532362
9.3302069 39.599178 19.120159
9.5694017 39.582733 18.830105
9.0816555 39.616001 19.402216
8.8240156 39.633186 19.675974
7.7082138 39.705166 20.682274
7.9993615 39.686726 20.444555
7.4094477 39.723873 20.91032
7.1033821 39.742828 21.128452
6.1447058 39.800957 21.721073
6.4706726 39.781387 21.534046
6.7903452 39.762005 21.336433
5.8127947 39.820686 21.897318
11.812124 39.401306 14.116885
11.725798 39.410812 14.483047
5.3436227 26.864206 26.459249
7.0896325 26.458872 26.250572
7.9517951 26.213556 26.147532
6.2199316 26.675831 26.354515
5.79178 29.117245 26.405512
6.7414384 28.912453 26.292009
7.683897 28.676695 26.179371
9.6498108 25.638933 25.944605
8.8054934 25.940147 26.045506
11.306694 24.954407 25.746599
10.483844 25.310238 25.844933
9.5431852 28.113316 25.957165
8.6181459 28.410221 26.067717
10.458022 27.786297 25.847836
11.361677 27.429514 25.739843
0.89604807 27.371435 26.990849
1.6768605e-15 27.38521 27.097958
1.7911946 27.328348 26.883852
2.6844807 27.255991 26.777079
3.5749497 27.15444 26.670647
4.4616475 27.0238 26.564665
4.8359389 29.290852 26.519754
-0.54692698 29.687227 23.276823
-0.17002106 29.693359 23.29007
1.8183642e-15 29.69614 23.290491
0.20677719 29.692755 23.291096
0.58312738 29.686626 23.279882
0.95891702 29.680542 23.256367
0.97163361 29.680336 23.255152
1.3331257 29.66267 23.220736
1.9422481 29.63298 23.134624
2.0767839 29.622009 23.112873
2.4450583 29.592009 23.040857
1.7059507 29.644485 23.172867
3.1731169 29.524134 22.860891
3.5319552 29.483147 22.753174
3.8870668 29.442265 22.633722
3.8763556 29.443844 22.637327
2.8107834 29.562248 22.956795
2.9108264 29.554117 22.930315
4.2375031 29.390642 22.50281
-0.37627992 40.160233 23.108139
-0.0013439329 40.141018 23.134033
0.37422869 40.121601 23.147629
0.75003576 40.102005 23.148914
1.1256748 40.082253 23.137888
1.5007439 40.062359 23.114559
1.8748409 40.042347 23.078957
2.2475655 40.02224 23.031116
3.3535235 39.961567 22.814749
3.7167883 39.941296 22.718601
2.6185186 40.00206 22.97109
2.987303 39.981831 22.898941
4.0767083 39.921036 22.610601
4.432898 39.90081 22.490868
1.8177314e-15 29.685806 27.097786
0.97130269 29.670227 26.981682
1.9415858 29.622875 26.865704
2.9098103 29.5438 26.749973
3.8749394 29.433086 26.634617
14.468823 23.267759 25.368744
15.222792 22.782516 25.278654
15.960489 22.272837 25.190512
16.681128 21.739267 25.104412
17.383926 21.182375 25.020443
13.699395 23.728048 25.460682
13.995933 26.184547 25.425053
12.117482 24.571823 25.649712
12.915334 24.162891 25.554373
12.253181 27.043348 25.633307
13.13158 26.62821 25.528339
14.845311 25.712833 25.323557
15.678805 25.21357 25.223965
16.495523 24.687294 25.126377
17.294588 24.134569 25.030903
22.324415 19.577986 24.430006
22.953194 18.837198 24.3549
23.557396 18.076225 24.282734
18.068134 20.602757 24.938702
18.733011 20.001034 24.85927
19.37785 19.37785 24.782236
20.001951 18.733871 24.707684
20.604645 18.06979 24.635691
18.075144 23.555984 24.937643
18.836351 22.952162 24.846697
20.297489 21.67141 24.672136
19.577398 22.323746 24.758163
21.671734 20.297794 24.507971
20.99585 20.99585 24.588709
26.625822 6.7459278 16.793409
26.681047 6.5175099 17.026232
26.948837 5.2670727 18.072248
26.79047 6.0382156 17.468939
26.84276 5.7878819 17.678427
26.738243 6.2814841 17.251389
26.749046 6.2370028 17.291092
26.896595 5.5307255 17.879555
26.932976 5.3573017 18.006189
27.084581 -4.4716825 19.137596
27.09672 -4.3878274 19.173548
27.140776 -4.0841274 19.292072
27.185472 -3.7766693 19.400534
27.213722 -3.5827546 19.461842
27.226877 -3.4657187 19.498999
27.262278 -3.1515651 19.587471
27.298084 -2.83465 19.665577
27.314442 -2.690238 19.696169
27.328482 -2.5152185 19.733484
27.354372 -2.1936281 19.791082
27.380491 -1.8703007 19.838095
27.386595 -1.7950124 19.846529
27.398621 -1.5454489 19.874838
27.414415 -1.2195132 19.901018
27.430166 -0.89288032 19.916504
27.430086 -0.89796805 19.916256
27.435476 -0.56573063 19.921745
27.440876 -0.23858631 19.916264
27.444878 0 19.904438
27.443468 0.088249445 19.900194
27.438349 0.41450661 19.873774
27.433334 0.73970842 19.836681
27.430939 0.89799601 19.813351
27.423004 1.0635952 19.7892
29.387102 -4.2942739 20.723616
29.439823 -3.936764 20.836618
29.448645 -3.8769875 20.853371
29.483091 -3.5755289 20.93825
29.524773 -3.2110846 21.028048
29.559086 -2.9113157 21.091537
29.564581 -2.8438177 21.105925
29.594725 -2.4739945 21.172146
29.625065 -2.1021731 21.226196
29.638102 -1.9425838 21.24407
29.648546 -1.7286364 21.268333
29.666878 -1.3538132 21.298431
29.685284 -0.97819006 21.316229
29.685596 -0.97180581 21.316322
29.691633 -0.60197192 21.322247
29.697805 -0.22575535 21.315943
29.70153 0 21.304756
29.699093 0.15013336 21.297539
29.693035 0.52533191 21.267164
29.687033 0.89931786 21.224516
29.685875 0.97181487 21.213833
26.99638 4.9972548 18.256437
27.177052 3.8615816 18.902622
27.219271 3.5650883 19.040676
27.252798 3.2643132 19.169353
27.217257 3.5832198 19.032204
27.407654 1.3858154 19.731363
27.388298 1.7951239 19.640882
27.392494 1.7059392 19.663006
27.344923 2.3388214 19.495831
27.37002 2.0237467 19.584538
27.317028 2.6904926 19.382799
27.320168 2.6507778 19.396851
27.28688 2.9594271 19.288101
27.093805 4.4400163 18.597778
27.089157 4.4724379 18.57859
27.045084 4.7214651 18.43166
27.135014 4.1533318 18.754946
28.932491 6.7461104 18.711796
28.941103 6.7058058 18.745512
29.004335 6.4100547 18.976751
29.069223 6.1067753 19.198133
29.251253 5.1554108 19.801807
29.359636 4.4900045 20.151814
29.310331 4.8255329 19.982027
29.308378 4.8388329 19.974739
29.135695 5.7962928 19.409424
29.135868 5.7954845 19.409937
29.192879 5.4791155 19.610876
29.671253 1.2718512 21.170086
29.653229 1.6424105 21.103594
29.638655 1.94262 21.039507
29.63312 2.0105968 21.025103
29.603394 2.3761384 20.935036
29.559931 2.9113991 20.7782
29.5387 3.0973442 20.719526
29.458241 3.8029587 20.458036
29.449793 3.8771389 20.426311
29.498203 3.452327 20.594563
29.573959 2.7384837 20.83305
29.409782 4.1490116 20.310503
26.259098 8.1130323 14.972561
26.12195 8.5633936 14.10506
26.164537 8.4228773 14.399216
26.210268 8.2727032 14.688485
26.300493 7.9781675 15.194871
26.30975 7.9440541 15.251192
26.358236 7.7660141 15.524255
26.462978 7.3832874 16.051872
26.40933 7.5790253 15.791245
28.136337 9.5646124 15.310547
28.140625 9.5524549 15.332134
28.19486 9.3809519 15.637127
28.256403 9.186574 15.957405
27.965725 10.049607 14.297135
28.018562 9.8991709 14.640332
28.075453 9.7374487 14.978257
26.519123 7.179009 16.305861
26.537914 7.1108127 16.385117
26.572626 6.9664931 16.553162
28.389612 8.7664852 16.577627
28.321342 8.981679 16.271017
28.434385 8.6254759 16.764975
28.458113 8.541276 16.877045
28.524382 8.3063288 17.169056
28.593405 8.0618124 17.453119
28.698534 7.6897492 17.849155
28.665108 7.807991 17.72893
28.734325 7.5452175 17.996424
28.801598 7.2737632 18.255283
28.871014 6.9938521 18.505049
48.337391 6.6116014 15.578814
48.344658 6.3917847 15.821115
48.351463 6.1641564 16.056107
48.39463 3.2198069 18.092712
48.393188 3.515635 17.952833
48.391254 3.8052912 17.804102
48.391247 3.8067315 17.803362
48.374012 5.1805191 16.918068
48.378448 4.9176455 17.112904
48.357811 5.9289598 16.283539
48.363686 5.6864471 16.503166
48.369091 5.4368777 16.71475
48.388794 4.0927844 17.644459
48.385857 4.372488 17.476891
48.385845 4.373487 17.476292
48.382393 4.6485386 17.299044
48.430225 6.6749234 17.629436
48.43644 6.3879185 17.872759
48.442101 6.0931063 18.106577
48.281235 -4.4288397 18.345671
48.291183 -4.1208148 18.45569
48.300732 -3.8093452 18.555578
48.309875 -3.4947634 18.645227
48.3186 -3.1774065 18.724545
48.3269 -2.8576148 18.793442
48.334763 -2.5357301 18.851847
48.342182 -2.2120981 18.899696
48.349148 -1.8870642 18.936939
48.357826 -4.2452374 19.989712
48.368343 -3.8834682 20.09281
48.378376 -3.518508 20.184023
48.38792 -3.1507475 20.263256
48.355656 -1.5609771 18.963535
48.361702 -1.2341859 18.979456
48.367268 -0.90704042 18.984686
48.37236 -0.57989115 18.979218
48.376961 -0.25308818 18.963058
48.381081 0.073018387 18.936224
48.384701 0.3980794 18.898745
48.387825 0.7217468 18.85066
48.39045 1.0436739 18.792021
48.396961 -2.7805803 20.330421
48.405495 -2.4084032 20.385448
48.413506 -2.0346143 20.428276
48.42099 -1.6596142 20.458862
48.42794 -1.2838043 20.477173
48.434341 -0.90758699 20.483187
48.440197 -0.53136522 20.476898
48.445492 -0.15554187 20.458315
48.450226 0.21948069 20.427456
48.454391 0.59330082 20.384354
48.457985 0.9655183 20.329056
48.39257 1.363516 18.722889
48.394184 1.6809307 18.643343
48.395889 2.3071208 18.453346
48.395294 1.9955779 18.553463
48.395981 2.615226 18.343103
48.395557 2.9195633 18.222849
48.461002 1.3357345 20.261621
48.46344 1.703553 20.182121
48.466572 2.4304242 19.98728
48.465298 2.0685797 20.090641
48.467361 3.1430194 19.745365
48.465809 3.8382874 19.457417
48.466877 3.4930074 19.607073
48.467258 2.7886987 19.872147
48.461918 4.5132508 19.124664
48.459099 4.8422112 18.941925
48.455708 5.165019 18.748533
48.447201 5.7908015 18.330635
48.451736 5.481329 18.544699
48.464153 4.1784902 19.296556
48.303959 7.4081717 14.541805
48.294548 7.5855742 14.266993
48.312958 7.221869 14.810679
48.321537 7.026866 15.073324
48.327702 9.2353764 14.406634
48.350716 8.8589191 15.057837
48.339432 9.0524788 14.73531
48.329685 6.8233705 15.329461
48.361538 8.6549072 15.373873
48.371887 8.4406586 15.683077
48.381752 8.2164049 15.98512
48.391121 7.9823852 16.279676
48.399986 7.7388506 16.566431
48.416168 7.2242889 17.11532
48.40834 7.4860616 16.845079
48.423466 6.9538131 17.376867
27.045874 -4.4652915 23.867424
27.177622 -3.578002 23.851608
27.280241 -2.6868696 23.839275
27.353621 -1.7928511 23.830439
29.441303 -3.8760211 23.581043
29.552397 -2.9106569 23.567692
29.631834 -1.942173 23.558125
27.39768 -0.89690721 23.825106
27.412373 0 23.82328
27.397682 0.89690727 23.82497
29.679531 -0.97160721 23.552351
29.695435 0 23.550377
29.679531 0.97160721 23.552206
26.885141 5.3477869 23.885904
26.695591 6.2245388 23.908497
27.353624 1.7928512 23.83017
27.280245 2.6868696 23.838875
27.177628 3.5780025 23.851074
29.631834 1.942173 23.557835
29.552397 2.9106572 23.567257
29.441305 3.8760214 23.580465
27.045879 4.4652925 23.866756
29.298677 4.8372312 23.597443
29.124664 5.7932563 23.618172
28.919456 6.7430716 23.64263
26.230888 7.9570532 23.963917
26.477428 7.0946054 23.934509
25.95624 8.810956 23.996681
25.323822 10.48947 24.072151
24.582901 12.122945 24.160595
24.966736 11.312281 24.114775
25.653776 9.6553965 24.032774
28.416365 8.6200094 23.702627
28.11902 9.5451212 23.7381
28.683271 7.6856594 23.670792
27.791557 10.460002 23.777176
27.434328 11.363671 23.819809
27.047718 12.255161 23.865955
24.172729 12.920592 24.209566
26.632137 13.133516 23.915565
26.188034 13.997796 23.968588
25.715885 14.847074 24.024961
24.689505 16.497 24.147526
25.216196 15.680439 24.084629
24.136374 17.295879 24.213585
3 0 1 1097
3 1 2 1098
3 0 883 21
3 0 19 1
3 24 48 51
3 29 49 48
3 1 25 2
3 2 27 3
3 3 23 51
3 372 373 11
3 5 6 11
3 5 11 374
3 373 374 11
3 6 7 11
3 4 11 7
3 9 10 11
3 8 9 11
3 4 8 11
3 12 13 11
3 14 15 11
3 13 14 11
3 15 938 11
3 938 939 11
3 13 23 14
3 14 21 15
3 10 16 11
3 1 19 25
3 0 21 19
3 20 21 883
3 18 20 883
3 2 26 27
3 2 25 26
3 3 27 23
3 24 51 23
3 32 1098 33
3 34 33 1098
3 29 48 24
3 28 30 49
3 30 31 53
3 28 49 29
3 11 16 102
3 11 97 12
3 12 22 31
3 12 30 13
3 15 20 18
3 15 18 974
3 14 19 21
3 14 25 19
3 14 27 26
3 14 26 25
3 15 21 20
3 13 29 24
3 13 28 29
3 13 24 23
3 14 23 27
3 12 31 30
3 13 30 28
3 10 131 16
3 11 99 97
3 11 100 99
3 12 97 98
3 12 98 22
3 11 101 100
3 11 104 101
3 16 103 102
3 16 116 103
3 16 117 116
3 16 118 117
3 11 105 104
3 11 102 105
3 32 33 37
3 32 37 1003
3 34 37 33
3 34 36 37
3 35 37 36
3 35 42 37
3 37 42 1004
3 41 108 45
3 41 44 106
3 35 43 42
3 41 42 43
3 41 43 44
3 3 51 52
3 2 3 1098
3 48 55 51
3 48 49 57
3 48 56 55
3 51 55 52
3 3 52 1098
3 49 50 58
3 50 53 58
3 46 66 54
3 53 54 68
3 53 68 58
3 54 65 68
3 48 57 56
3 49 58 57
3 59 61 69
3 60 71 61
3 60 62 72
3 60 72 71
3 63 64 85
3 62 63 84
3 62 84 72
3 46 47 67
3 47 59 70
3 54 66 65
3 46 67 66
3 47 70 67
3 59 69 70
3 61 71 69
3 46 54 98
3 46 97 47
3 47 99 59
3 59 100 61
3 30 50 49
3 30 53 50
3 31 54 53
3 34 1098 52
3 36 52 55
3 56 35 55
3 56 57 44
3 68 65 109
3 65 66 110
3 57 58 106
3 68 106 58
3 60 61 101
3 60 105 62
3 62 102 63
3 64 116 73
3 73 118 74
3 63 103 64
3 84 85 120
3 67 111 66
3 67 70 112
3 69 114 70
3 69 71 114
3 71 72 115
3 84 120 72
3 64 73 76
3 63 85 84
3 64 76 85
3 73 74 80
3 74 75 81
3 74 81 80
3 73 80 76
3 77 78 83
3 78 79 89
3 75 77 82
3 75 82 81
3 77 83 82
3 78 89 83
3 79 86 91
3 86 87 90
3 87 88 94
3 79 91 89
3 86 90 91
3 87 94 90
3 88 92 95
3 92 93 96
3 93 463 466
3 88 95 94
3 92 96 95
3 93 466 96
3 74 123 75
3 75 124 77
3 77 125 78
3 85 76 122
3 80 128 76
3 80 81 128
3 82 129 81
3 78 126 79
3 79 132 86
3 86 133 87
3 83 134 82
3 83 89 135
3 91 136 89
3 87 133 88
3 88 137 92
3 90 139 91
3 94 140 90
3 94 95 140
3 92 142 93
3 93 142 463
3 144 464 463
3 95 96 145
3 96 466 146
3 146 466 467
3 22 98 54
3 46 98 97
3 47 97 99
3 61 100 101
3 59 99 100
3 60 101 104
3 60 104 105
3 34 52 36
3 35 36 55
3 22 54 31
3 68 107 106
3 68 108 107
3 56 43 35
3 56 44 43
3 106 44 57
3 68 109 108
3 65 110 109
3 66 111 110
3 67 112 111
3 70 113 112
3 63 102 103
3 64 103 116
3 73 116 117
3 62 105 102
3 73 117 118
3 74 118 123
3 75 123 124
3 72 120 119
3 85 121 120
3 85 122 121
3 76 127 122
3 76 128 127
3 70 114 113
3 71 115 114
3 115 72 119
3 10 137 133
3 10 138 137
3 10 142 138
3 10 143 142
3 16 123 118
3 16 124 123
3 16 125 124
3 16 126 125
3 16 131 126
3 40 45 113
3 38 40 127
3 40 113 114
3 40 114 115
3 10 132 131
3 10 133 132
3 40 115 119
3 40 119 120
3 38 127 128
3 40 120 121
3 40 121 122
3 40 122 127
3 45 109 110
3 45 110 111
3 45 108 109
3 41 106 107
3 41 107 108
3 45 111 112
3 45 112 113
3 38 128 129
3 38 129 130
3 38 130 134
3 38 134 135
3 38 135 136
3 38 136 139
3 38 139 140
3 38 140 141
3 38 141 145
3 38 145 146
3 77 124 125
3 78 125 126
3 79 126 131
3 79 131 132
3 86 132 133
3 88 133 137
3 129 82 130
3 81 129 128
3 130 82 134
3 83 135 134
3 89 136 135
3 136 91 139
3 90 140 139
3 92 137 138
3 92 138 142
3 142 143 463
3 143 144 463
3 144 149 464
3 149 150 465
3 140 95 141
3 95 145 141
3 96 146 145
3 146 467 147
3 147 467 148
3 472 152 148
3 472 153 152
3 6 587 7
3 5 586 6
3 4 7 588
3 4 589 8
3 8 590 9
3 9 592 10
3 17 856 405
3 17 39 593
3 38 146 147
3 38 147 148
3 39 38 601
3 159 199 162
3 159 160 200
3 160 161 201
3 161 163 203
3 163 164 202
3 164 165 205
3 165 166 206
3 166 2798 206
3 155 224 158
3 187 228 191
3 155 191 229
3 156 158 226
3 156 239 157
3 157 241 162
3 159 162 242
3 160 233 161
3 159 243 160
3 161 235 163
3 163 236 164
3 164 238 165
3 165 2852 166
3 167 211 170
3 170 210 171
3 169 171 179
3 175 184 176
3 176 186 177
3 168 172 185
3 169 180 172
3 168 183 175
3 171 210 179
3 169 179 180
3 172 180 185
3 168 185 183
3 175 183 184
3 178 300 181
3 177 182 178
3 176 184 186
3 177 186 182
3 173 181 301
3 173 303 174
3 178 182 300
3 181 300 301
3 170 171 245
3 167 170 262
3 168 175 251
3 169 246 171
3 169 172 250
3 168 249 172
3 173 174 260
3 174 293 252
3 175 176 247
3 176 177 255
3 177 178 257
3 178 181 258
3 179 430 180
3 185 180 413
3 183 185 415
3 173 259 181
3 182 420 300
3 183 416 184
3 184 418 186
3 186 419 182
3 187 198 188
3 188 193 190
3 155 194 191
3 155 158 196
3 156 195 158
3 156 157 207
3 187 191 197
3 191 194 197
3 155 196 194
3 156 207 195
3 158 195 196
3 167 189 209
3 189 190 192
3 190 193 192
3 188 198 193
3 167 209 211
3 189 192 209
3 170 211 210
3 187 197 198
3 157 162 208
3 162 199 208
3 160 201 200
3 159 200 199
3 161 203 201
3 157 208 207
3 163 204 203
3 163 202 204
3 164 205 202
3 165 206 205
3 189 264 190
3 187 188 222
3 188 190 223
3 167 263 189
3 207 279 195
3 193 198 277
3 193 277 192
3 209 192 429
3 196 269 194
3 195 268 196
3 197 276 198
3 273 197 194
3 208 280 207
3 199 281 208
3 201 285 200
3 200 278 199
3 201 203 286
3 204 202 288
3 203 204 287
3 205 290 202
3 205 206 290
3 209 428 211
3 211 426 210
3 210 431 179
3 214 215 261
3 215 216 256
3 216 217 248
3 217 218 244
3 217 245 246
3 217 244 245
3 158 225 226
3 156 226 239
3 155 229 224
3 191 228 227
3 191 227 229
3 187 222 228
3 158 224 225
3 162 240 242
3 162 241 240
3 157 239 241
3 159 242 243
3 160 243 233
3 161 233 234
3 161 234 235
3 163 235 236
3 164 236 237
3 164 237 238
3 165 238 2852
3 218 219 265
3 219 220 227
3 220 221 225
3 221 239 226
3 219 223 265
3 219 228 222
3 219 222 223
3 218 263 262
3 218 265 264
3 218 264 263
3 218 262 244
3 219 227 228
3 220 224 229
3 220 229 227
3 220 225 224
3 221 226 225
3 221 230 241
3 221 241 239
3 230 240 241
3 230 231 243
3 230 242 240
3 230 243 242
3 231 232 236
3 231 236 235
3 231 233 243
3 231 234 233
3 231 235 234
3 232 237 236
3 232 238 237
3 232 2852 238
3 170 244 262
3 171 246 245
3 170 245 244
3 175 247 251
3 172 248 250
3 172 249 248
3 169 250 246
3 168 251 249
3 174 252 260
3 252 293 253
3 177 256 255
3 176 255 247
3 177 257 256
3 178 258 257
3 181 259 258
3 180 430 413
3 185 413 415
3 183 415 414
3 183 414 416
3 173 261 259
3 173 260 261
3 422 417 300
3 184 416 418
3 186 418 419
3 182 421 420
3 182 419 421
3 300 420 422
3 212 213 350
3 213 214 344
3 214 261 260
3 214 260 252
3 214 252 253
3 216 251 247
3 216 247 255
3 215 256 257
3 216 255 256
3 217 250 248
3 216 248 249
3 216 249 251
3 217 246 250
3 215 257 258
3 215 258 259
3 215 259 261
3 213 344 343
3 213 343 345
3 214 253 254
3 214 254 344
3 213 345 346
3 213 346 347
3 213 349 350
3 212 351 352
3 212 350 351
3 212 352 353
3 213 347 348
3 213 348 349
3 189 263 264
3 190 265 223
3 190 264 265
3 188 223 222
3 167 262 263
3 196 268 267
3 195 279 268
3 194 269 266
3 196 267 269
3 426 211 428
3 192 277 425
3 192 425 429
3 209 429 428
3 197 275 276
3 273 275 197
3 198 276 274
3 198 274 277
3 194 266 272
3 272 273 194
3 208 281 280
3 199 283 281
3 207 280 279
3 199 278 283
3 200 285 278
3 201 284 285
3 204 288 287
3 202 289 288
3 202 290 289
3 206 2884 290
3 201 286 284
3 203 287 286
3 210 427 431
3 210 426 427
3 430 179 431
3 268 279 270
3 267 268 270
3 266 269 270
3 267 270 269
3 266 270 272
3 271 273 272
3 271 424 276
3 277 274 424
3 276 424 274
3 271 276 275
3 271 275 273
3 279 280 270
3 280 281 270
3 281 282 270
3 278 282 283
3 281 283 282
3 278 285 282
3 285 291 282
3 270 2890 272
3 271 2892 424
3 2892 271 272
3 286 287 291
3 287 288 291
3 288 289 292
3 289 290 292
3 290 2884 292
3 284 291 285
3 284 286 291
3 282 2890 270
3 282 291 2890
3 288 292 291
3 291 292 2890
3 2892 272 2890
3 174 302 293
3 293 304 294
3 294 305 295
3 297 307 298
3 295 306 297
3 295 305 306
3 298 310 299
3 297 306 307
3 298 307 310
3 173 301 303
3 174 303 302
3 293 302 304
3 294 304 305
3 296 299 311
3 296 312 308
3 299 310 311
3 296 311 312
3 308 316 309
3 308 312 316
3 313 318 314
3 314 322 315
3 309 317 313
3 309 316 317
3 313 317 318
3 314 318 322
3 253 293 294
3 254 294 295
3 295 297 343
3 297 298 345
3 296 308 348
3 298 299 346
3 296 347 299
3 417 301 300
3 301 432 303
3 302 433 304
3 303 432 302
3 305 304 436
3 306 305 434
3 306 438 307
3 308 309 349
3 309 313 351
3 313 314 352
3 310 440 311
3 311 447 312
3 312 441 316
3 314 315 353
3 315 319 354
3 316 442 317
3 317 443 318
3 318 444 322
3 307 439 310
3 315 323 319
3 319 324 320
3 320 325 321
3 315 322 323
3 319 323 324
3 320 324 325
3 321 329 326
3 326 330 327
3 327 330 331
3 327 331 328
3 321 325 329
3 326 329 330
3 328 335 332
3 328 331 335
3 332 336 333
3 332 335 336
3 333 336 337
3 333 337 334
3 334 337 338
3 338 340 339
3 339 341 607
3 337 340 338
3 339 340 341
3 341 342 607
3 319 320 355
3 320 321 357
3 321 326 357
3 323 446 324
3 322 445 323
3 324 448 325
3 325 449 329
3 326 327 359
3 327 328 360
3 328 332 361
3 329 450 330
3 330 452 331
3 331 453 335
3 332 333 361
3 333 334 362
3 334 338 363
3 335 455 336
3 336 456 337
3 337 457 340
3 338 339 364
3 339 607 365
3 340 459 341
3 341 459 342
3 610 342 461
3 295 343 344
3 253 294 254
3 254 295 344
3 297 345 343
3 298 346 345
3 308 349 348
3 299 347 346
3 296 348 347
3 301 417 432
3 304 435 436
3 302 432 433
3 304 433 435
3 305 436 434
3 306 437 438
3 306 434 437
3 307 438 439
3 309 350 349
3 309 351 350
3 313 352 351
3 314 353 352
3 311 440 447
3 312 447 441
3 316 441 442
3 315 354 353
3 319 355 354
3 317 442 443
3 318 443 444
3 322 444 445
3 323 445 446
3 310 439 440
3 212 353 354
3 212 354 355
3 212 355 356
3 212 356 357
3 212 358 359
3 212 357 358
3 212 359 360
3 212 360 361
3 320 356 355
3 320 357 356
3 326 359 358
3 326 358 357
3 324 446 448
3 329 449 450
3 325 448 449
3 327 360 359
3 328 361 360
3 330 450 451
3 330 451 452
3 331 452 453
3 335 453 454
3 333 362 361
3 334 363 362
3 338 364 363
3 335 454 455
3 336 455 456
3 337 456 457
3 340 457 458
3 340 458 459
3 339 365 364
3 365 607 366
3 366 608 367
3 459 460 342
3 342 460 461
3 610 461 462
3 212 361 857
3 375 11 376
3 371 11 375
3 369 11 378
3 368 11 369
3 368 376 11
3 379 11 380
3 377 380 11
3 381 11 383
3 377 11 382
3 381 382 11
3 378 11 379
3 214 11 215
3 215 11 216
3 216 11 217
3 218 11 219
3 217 11 218
3 219 11 220
3 383 11 384
3 212 384 11
3 212 11 213
3 213 11 214
3 370 372 11
3 370 11 371
3 404 401 3036
3 17 3036 39
3 404 3036 405
3 17 405 3036
3 41 45 3036
3 39 3036 38
3 38 3036 40
3 40 3036 45
3 41 3036 42
3 220 11 221
3 221 11 230
3 230 11 231
3 231 11 232
3 232 11 2851
3 2851 11 2857
3 2857 11 2858
3 2858 11 2865
3 2865 11 2866
3 2866 11 2867
3 2867 11 2877
3 2877 11 2878
3 2878 11 2879
3 2879 11 2880
3 2880 11 2881
3 2881 11 2882
3 2882 11 2883
3 2883 11 2938
3 2938 11 3037
3 409 408 410
3 409 411 423
3 412 423 411
3 411 416 412
3 412 413 430
3 408 447 410
3 409 420 411
3 409 410 435
3 409 422 420
3 411 418 416
3 412 414 415
3 412 416 414
3 412 415 413
3 411 421 419
3 411 419 418
3 411 420 421
3 409 417 422
3 409 432 417
3 409 435 433
3 409 433 432
3 410 436 435
3 410 434 436
3 410 437 434
3 386 387 3036
3 397 3036 399
3 387 398 3036
3 398 399 3036
3 392 393 3036
3 392 3036 397
3 393 394 3036
3 412 431 423
3 423 429 424
3 423 428 429
3 424 429 425
3 425 277 424
3 423 426 428
3 423 427 426
3 423 431 427
3 412 430 431
3 407 408 3036
3 394 395 3036
3 395 396 3036
3 391 3036 396
3 406 407 3036
3 391 406 3036
3 408 409 3036
3 409 423 3036
3 385 390 3036
3 385 3036 402
3 402 3036 403
3 388 389 3036
3 388 3036 390
3 386 3036 389
3 400 3036 401
3 400 403 3036
3 368 818 376
3 368 369 819
3 369 378 835
3 370 371 821
3 371 375 829
3 375 376 826
3 377 834 380
3 377 382 841
3 378 379 836
3 379 380 837
3 381 840 382
3 381 383 842
3 383 384 843
3 372 824 373
3 5 374 823
3 373 822 374
3 370 820 372
3 387 849 398
3 386 828 387
3 388 830 389
3 388 390 833
3 386 389 827
3 385 832 390
3 392 397 839
3 392 838 393
3 394 844 395
3 393 845 394
3 395 846 396
3 391 396 847
3 398 848 399
3 397 399 850
3 400 401 851
3 402 403 853
3 385 402 825
3 400 852 403
3 404 854 401
3 404 405 856
3 408 441 447
3 408 442 441
3 408 443 442
3 408 444 443
3 408 445 444
3 408 446 445
3 408 448 446
3 410 438 437
3 410 439 438
3 410 440 439
3 410 447 440
3 408 449 448
3 408 450 449
3 408 451 450
3 408 452 451
3 408 453 452
3 408 454 453
3 212 857 384
3 391 858 406
3 406 859 407
3 407 859 408
3 463 464 467
3 464 465 468
3 465 469 472
3 463 467 466
3 464 468 467
3 465 472 468
3 469 470 473
3 470 471 474
3 469 473 472
3 470 474 473
3 471 475 474
3 471 476 475
3 475 476 477
3 477 478 479
3 478 482 480
3 475 477 479
3 478 480 479
3 480 482 481
3 481 482 483
3 481 483 485
3 483 484 485
3 484 486 485
3 484 488 486
3 486 488 487
3 149 465 464
3 150 469 465
3 151 470 469
3 148 467 468
3 472 148 468
3 153 472 473
3 153 473 474
3 470 517 471
3 471 518 476
3 476 519 477
3 475 520 474
3 479 521 475
3 480 521 479
3 477 523 478
3 478 524 482
3 482 531 483
3 481 522 480
3 481 485 525
3 485 486 526
3 483 533 484
3 484 534 488
3 486 487 536
3 490 535 487
3 491 538 490
3 487 488 489
3 487 489 490
3 490 492 491
3 489 492 490
3 491 492 493
3 491 493 496
3 493 494 496
3 494 497 496
3 495 498 497
3 494 495 497
3 495 501 498
3 498 501 499
3 499 502 500
3 499 501 502
3 500 503 505
3 500 502 503
3 504 506 505
3 503 504 505
3 504 510 506
3 506 510 507
3 507 511 508
3 507 510 511
3 508 512 509
3 508 511 512
3 509 512 576
3 509 576 513
3 513 577 514
3 513 576 577
3 514 578 515
3 488 528 489
3 489 529 492
3 496 539 491
3 492 530 493
3 493 544 494
3 494 546 495
3 495 547 501
3 501 548 502
3 497 540 496
3 497 498 541
3 499 541 498
3 499 500 554
3 500 505 555
3 506 556 505
3 506 507 553
3 502 549 503
3 503 550 504
3 508 558 507
3 504 552 510
3 509 559 508
3 509 513 560
3 514 561 513
3 510 563 511
3 511 564 512
3 512 565 576
3 567 577 576
3 514 515 573
3 515 516 574
3 2010 574 516
3 150 151 469
3 151 517 470
3 471 517 518
3 476 518 519
3 477 519 523
3 478 523 524
3 153 474 154
3 474 520 154
3 520 475 521
3 521 480 522
3 481 525 522
3 485 526 525
3 482 524 531
3 483 531 532
3 483 532 533
3 484 533 534
3 488 534 528
3 489 528 529
3 486 527 526
3 486 536 527
3 487 535 536
3 490 537 535
3 490 538 537
3 538 491 539
3 496 540 539
3 497 541 540
3 10 591 143
3 38 148 600
3 492 529 530
3 493 530 544
3 494 544 545
3 494 545 546
3 495 546 547
3 501 547 548
3 502 548 549
3 503 549 550
3 499 542 541
3 499 543 542
3 499 554 543
3 500 555 554
3 505 556 555
3 506 553 556
3 507 557 553
3 507 558 557
3 508 559 558
3 559 509 560
3 504 550 551
3 504 551 552
3 510 552 563
3 511 563 564
3 512 564 565
3 565 566 576
3 567 576 566
3 567 568 577
3 568 569 578
3 513 561 560
3 514 562 561
3 562 514 573
3 515 574 573
3 2010 575 574
3 6 586 587
3 7 587 588
3 4 588 589
3 143 591 144
3 144 591 149
3 149 591 150
3 8 589 590
3 9 590 592
3 150 591 151
3 151 591 517
3 10 592 591
3 17 593 856
3 148 152 600
3 152 153 600
3 517 591 518
3 518 591 519
3 153 154 600
3 154 520 600
3 520 521 600
3 521 522 600
3 522 525 600
3 528 599 529
3 529 599 530
3 530 599 544
3 519 591 523
3 523 591 524
3 524 591 531
3 531 591 532
3 532 599 533
3 533 599 534
3 525 526 600
3 526 527 602
3 527 536 602
3 535 602 536
3 535 537 603
3 537 538 603
3 528 534 599
3 39 601 593
3 38 600 601
3 538 539 603
3 539 540 603
3 540 541 603
3 541 542 603
3 542 543 603
3 543 554 605
3 514 577 578
3 515 578 579
3 515 579 516
3 516 580 2010
3 516 579 580
3 580 581 2010
3 581 582 2011
3 568 578 577
3 569 579 578
3 571 580 579
3 572 581 580
3 581 583 582
3 582 585 2016
3 570 571 579
3 569 570 579
3 571 572 580
3 572 583 581
3 582 583 584
3 582 584 585
3 544 599 545
3 546 545 594
3 546 594 547
3 547 594 548
3 548 594 549
3 549 594 550
3 550 594 551
3 551 595 552
3 552 595 563
3 563 595 564
3 564 595 565
3 565 595 566
3 567 566 596
3 558 606 557
3 558 559 606
3 559 560 606
3 554 555 605
3 555 556 605
3 556 553 605
3 553 557 605
3 560 561 606
3 561 562 606
3 562 573 604
3 573 574 604
3 574 575 604
3 575 1924 604
3 567 596 568
3 568 596 569
3 569 596 570
3 570 597 571
3 571 597 572
3 572 597 583
3 583 597 584
3 584 598 585
3 598 2093 585
3 526 602 600
3 532 591 599
3 535 603 602
3 543 605 603
3 587 851 588
3 588 854 589
3 591 592 593
3 589 856 590
3 589 854 856
3 590 593 592
3 591 593 601
3 590 856 593
3 545 599 594
3 551 594 595
3 566 595 596
3 570 596 597
3 584 597 598
3 562 604 606
3 1924 2167 604
3 557 606 605
3 596 606 597
3 597 604 598
3 594 599 600
3 591 601 599
3 594 603 595
3 594 600 602
3 594 602 603
3 595 603 605
3 599 601 600
3 595 605 596
3 596 605 606
3 597 606 604
3 598 604 2167
3 342 608 607
3 608 611 609
3 609 611 613
3 342 610 608
3 608 610 611
3 611 612 613
3 612 614 613
3 614 617 615
3 612 616 614
3 614 616 617
3 617 618 620
3 615 617 620
3 618 621 620
3 618 619 621
3 619 622 621
3 619 623 622
3 622 623 625
3 623 624 625
3 624 628 625
3 625 628 626
3 626 628 629
3 626 629 627
3 627 629 630
3 627 630 633
3 630 631 633
3 631 632 634
3 366 607 608
3 367 608 609
3 609 613 676
3 611 610 462
3 611 782 612
3 612 782 616
3 614 615 678
3 613 614 677
3 615 620 679
3 616 784 617
3 617 785 618
3 618 786 619
3 619 787 623
3 620 621 680
3 621 622 682
3 623 788 624
3 622 625 683
3 625 626 684
3 626 627 685
3 627 633 686
3 624 790 628
3 628 791 629
3 629 792 630
3 630 793 631
3 631 795 632
3 632 796 638
3 631 634 633
3 632 635 634
3 632 638 635
3 635 638 636
3 636 638 639
3 636 639 637
3 637 639 640
3 637 640 642
3 641 643 642
3 640 641 642
3 641 644 643
3 643 644 649
3 644 645 649
3 645 650 649
3 645 646 650
3 646 647 651
3 646 651 650
3 647 648 652
3 647 652 651
3 653 654 648
3 648 654 652
3 653 659 655
3 653 655 654
3 655 659 656
3 656 660 657
3 633 634 688
3 634 635 689
3 635 636 690
3 636 637 691
3 638 796 639
3 639 798 640
3 640 800 641
3 641 802 644
3 637 642 692
3 642 643 694
3 643 649 695
3 644 801 645
3 645 803 646
3 647 646 805
3 647 805 648
3 653 648 807
3 649 650 696
3 650 651 698
3 651 652 699
3 652 654 700
3 654 655 702
3 655 656 703
3 656 657 704
3 657 658 705
3 656 659 660
3 657 660 661
3 658 661 662
3 657 661 658
3 662 663 727
3 663 664 728
3 658 662 727
3 664 665 729
3 663 728 727
3 664 729 728
3 665 666 730
3 666 667 731
3 668 732 667
3 659 653 809
3 660 659 810
3 660 811 661
3 661 812 662
3 662 814 663
3 663 815 664
3 658 727 708
3 665 664 816
3 665 816 666
3 666 712 667
3 668 667 713
3 668 714 669
3 670 669 716
3 670 717 671
3 671 719 672
3 672 719 673
3 674 673 722
3 674 723 675
3 735 675 724
3 735 726 736
3 736 726 737
3 367 609 676
3 613 677 676
3 462 782 611
3 616 783 784
3 782 783 616
3 614 678 677
3 615 679 678
3 620 680 679
3 617 784 785
3 618 785 786
3 619 786 787
3 623 787 788
3 621 681 680
3 621 682 681
3 622 683 682
3 625 684 683
3 627 686 685
3 626 685 684
3 633 687 686
3 633 688 687
3 624 788 789
3 624 789 790
3 628 790 791
3 629 791 792
3 630 792 793
3 631 793 795
3 632 795 794
3 632 794 796
3 361 362 857
3 362 363 857
3 363 364 857
3 634 689 688
3 635 690 689
3 636 691 690
3 637 692 691
3 796 797 639
3 639 797 798
3 640 798 800
3 641 800 799
3 641 799 802
3 644 802 801
3 642 693 692
3 642 694 693
3 643 695 694
3 649 696 695
3 648 806 807
3 645 801 803
3 646 803 804
3 646 804 805
3 805 806 648
3 656 704 703
3 657 705 704
3 658 706 705
3 650 697 696
3 650 698 697
3 651 699 698
3 652 700 699
3 654 701 700
3 654 702 701
3 655 703 702
3 364 365 857
3 365 366 857
3 366 367 857
3 367 676 857
3 676 677 766
3 677 678 766
3 678 679 766
3 679 680 766
3 680 681 766
3 681 682 766
3 682 683 766
3 683 684 766
3 684 685 767
3 685 686 767
3 686 687 767
3 687 688 767
3 688 689 767
3 689 690 767
3 690 691 768
3 691 692 768
3 693 694 768
3 692 693 768
3 653 807 809
3 658 708 706
3 708 727 709
3 709 728 710
3 659 809 808
3 659 808 810
3 660 810 811
3 661 811 812
3 662 812 813
3 662 813 814
3 663 814 815
3 664 815 816
3 666 816 817
3 666 817 707
3 666 707 712
3 667 712 713
3 668 713 714
3 669 714 715
3 669 715 716
3 670 716 717
3 671 717 718
3 671 718 719
3 673 719 720
3 673 720 721
3 673 721 722
3 674 722 723
3 675 723 724
3 735 724 725
3 735 725 726
3 665 730 729
3 666 731 730
3 667 732 731
3 668 669 733
3 668 733 732
3 669 734 733
3 670 734 669
3 671 738 670
3 671 672 739
3 672 673 740
3 673 674 741
3 670 738 734
3 671 739 738
3 672 740 739
3 673 741 740
3 674 742 741
3 674 675 742
3 675 735 743
3 735 736 744
3 675 743 742
3 735 744 743
3 736 737 745
3 736 745 744
3 737 746 745
3 709 727 728
3 711 728 729
3 729 730 747
3 730 731 748
3 731 732 750
3 732 733 751
3 733 734 752
3 734 738 754
3 739 740 757
3 740 741 758
3 741 742 759
3 738 739 755
3 742 743 761
3 743 744 762
3 744 745 763
3 745 746 765
3 676 766 857
3 699 700 769
3 694 695 768
3 695 696 769
3 696 697 769
3 697 698 769
3 699 769 698
3 700 701 770
3 701 702 770
3 702 703 770
3 703 704 770
3 704 705 771
3 705 706 771
3 684 767 766
3 690 768 767
3 695 769 768
3 700 770 769
3 704 771 770
3 710 728 711
3 711 729 747
3 730 748 747
3 731 750 749
3 731 749 748
3 732 751 750
3 733 752 751
3 734 753 752
3 734 754 753
3 738 755 754
3 739 757 755
3 740 756 757
3 740 758 756
3 741 759 758
3 742 760 759
3 742 761 760
3 743 762 761
3 744 763 762
3 745 764 763
3 745 765 764
3 707 776 712
3 706 708 771
3 708 709 771
3 709 710 772
3 710 711 772
3 711 747 772
3 747 748 772
3 748 749 773
3 749 750 773
3 750 751 773
3 713 712 776
3 713 776 714
3 714 776 715
3 715 777 716
3 716 777 717
3 717 777 718
3 718 780 719
3 719 780 720
3 720 780 721
3 721 780 722
3 722 781 723
3 723 781 724
3 724 781 725
3 725 781 726
3 726 781 3758
3 751 752 773
3 752 753 774
3 753 754 774
3 709 772 771
3 748 773 772
3 752 774 773
3 707 867 776
3 754 755 774
3 757 756 775
3 755 757 775
3 756 758 775
3 758 759 775
3 759 760 778
3 760 761 778
3 761 762 778
3 762 763 779
3 763 764 779
3 764 765 779
3 765 3820 779
3 755 775 774
3 759 778 775
3 715 776 777
3 718 777 780
3 762 779 778
3 722 780 781
3 767 768 861
3 768 769 863
3 769 770 864
3 770 771 864
3 771 772 865
3 771 865 864
3 772 773 866
3 772 866 865
3 773 774 776
3 773 867 866
3 773 776 867
3 774 775 777
3 775 778 780
3 774 777 776
3 775 780 777
3 778 779 781
3 779 3840 781
3 778 781 780
3 368 819 818
3 369 835 819
3 371 829 821
3 370 821 820
3 373 824 822
3 374 822 823
3 5 823 586
3 372 820 824
3 375 826 829
3 376 818 826
3 385 825 832
3 386 827 828
3 387 828 849
3 388 831 830
3 388 833 831
3 389 830 827
3 390 832 833
3 380 834 837
3 377 841 834
3 378 836 835
3 379 837 836
3 381 842 840
3 383 843 842
3 382 840 841
3 392 839 838
3 394 845 844
3 393 838 845
3 395 844 846
3 396 846 847
3 398 849 848
3 399 848 850
3 397 850 839
3 400 851 852
3 401 855 851
3 403 852 853
3 402 853 825
3 404 856 854
3 401 854 855
3 408 859 454
3 454 859 455
3 455 859 456
3 456 859 457
3 457 859 458
3 459 458 860
3 384 857 843
3 459 862 460
3 460 862 461
3 461 862 462
3 462 862 782
3 782 862 783
3 391 847 858
3 406 858 859
3 783 862 784
3 784 862 785
3 785 862 786
3 787 862 788
3 788 862 789
3 786 862 787
3 789 861 790
3 790 861 791
3 791 861 792
3 792 861 793
3 793 861 795
3 794 795 861
3 794 863 796
3 796 863 797
3 797 863 798
3 798 863 800
3 799 800 864
3 799 864 802
3 802 864 801
3 801 864 803
3 803 864 804
3 804 864 805
3 818 819 848
3 822 825 823
3 822 824 832
3 820 833 824
3 824 833 832
3 823 825 853
3 822 832 825
3 826 828 829
3 821 827 830
3 818 849 826
3 818 848 849
3 826 849 828
3 827 829 828
3 821 829 827
3 820 821 830
3 820 830 831
3 820 831 833
3 819 835 850
3 835 836 839
3 835 839 850
3 834 845 837
3 837 845 838
3 836 837 838
3 836 838 839
3 834 841 844
3 840 846 841
3 842 843 858
3 840 842 847
3 840 847 846
3 842 858 847
3 834 844 845
3 841 846 844
3 819 850 848
3 586 852 587
3 586 823 853
3 586 853 852
3 588 855 854
3 588 851 855
3 587 852 851
3 458 859 860
3 459 860 862
3 805 864 806
3 806 864 807
3 789 862 861
3 794 861 863
3 800 863 864
3 807 864 809
3 809 864 808
3 808 865 810
3 810 865 811
3 811 865 812
3 812 865 813
3 814 813 866
3 814 866 815
3 815 866 816
3 816 866 817
3 707 817 867
3 808 864 865
3 813 865 866
3 817 866 867
3 843 857 859
3 766 859 857
3 843 859 858
3 766 860 859
3 766 767 862
3 766 862 860
3 767 861 862
3 768 863 861
3 769 864 863
3 872 890 873
3 873 891 874
3 874 892 875
3 875 909 876
3 877 879 886
3 868 882 884
3 880 881 887
3 877 887 881
3 880 888 882
3 868 884 894
3 882 888 884
3 878 883 1095
3 878 1095 879
3 0 1096 883
3 883 1096 1094
3 879 1095 885
3 883 1094 1095
3 877 886 887
3 879 885 886
3 880 887 888
3 869 870 895
3 868 894 870
3 869 896 871
3 871 889 872
3 870 893 895
3 870 894 893
3 869 895 896
3 871 896 889
3 872 889 890
3 873 890 891
3 874 891 892
3 875 892 909
3 876 910 897
3 897 911 898
3 898 912 899
3 899 913 900
3 900 914 901
3 901 915 902
3 902 916 903
3 903 917 904
3 876 909 910
3 897 910 911
3 898 911 912
3 899 912 913
3 900 913 914
3 901 914 915
3 902 915 916
3 903 916 917
3 904 917 921
3 904 921 905
3 905 922 906
3 906 923 907
3 907 924 908
3 905 921 922
3 906 922 923
3 907 923 924
3 908 924 925
3 908 925 918
3 918 926 919
3 918 925 926
3 919 927 920
3 920 928 930
3 919 926 927
3 920 927 928
3 928 929 930
3 877 881 964
3 868 966 882
3 868 870 967
3 880 970 881
3 880 882 969
3 872 873 944
3 873 874 945
3 874 875 945
3 875 876 948
3 876 897 948
3 869 982 870
3 869 871 979
3 871 872 980
3 878 879 974
3 18 883 878
3 877 972 879
3 884 977 894
3 884 888 976
3 885 1095 995
3 998 1096 1097
3 996 1095 1094
3 997 1094 1096
3 886 1000 887
3 885 1002 886
3 887 975 888
3 896 983 889
3 893 894 993
3 893 994 895
3 895 984 896
3 889 987 890
3 890 986 891
3 891 989 892
3 892 990 909
3 897 898 954
3 898 899 955
3 899 900 955
3 900 901 957
3 901 902 958
3 902 903 959
3 903 904 961
3 904 905 1010
3 905 906 1023
3 906 907 1024
3 907 908 1025
3 908 918 1027
3 918 919 1028
3 919 920 1029
3 920 930 1031
3 909 991 910
3 910 1012 911
3 911 1012 912
3 912 1014 913
3 913 1015 914
3 914 1016 915
3 915 1018 916
3 916 1019 917
3 917 1021 921
3 921 1021 922
3 922 1034 923
3 923 1034 924
3 924 1035 925
3 925 1038 926
3 926 1042 927
3 927 1042 928
3 928 1043 929
3 929 1046 1099
3 1046 1100 1099
3 929 931 930
3 931 1099 932
3 932 1100 933
3 929 1099 931
3 932 1099 1100
3 933 1100 1101
3 933 1101 934
3 934 1102 935
3 935 1103 936
3 930 931 1032
3 931 932 1062
3 932 933 1063
3 933 934 1064
3 934 935 1066
3 935 936 1067
3 1068 1101 1100
3 1075 1102 1101
3 936 937 1070
3 937 1105 1072
3 1073 1105 1110
3 1074 1110 1111
3 939 940 11
3 940 941 11
3 941 942 11
3 942 943 11
3 943 951 11
3 15 972 938
3 938 969 939
3 938 965 970
3 938 970 969
3 939 967 940
3 939 969 971
3 939 971 966
3 939 966 967
3 940 967 968
3 940 968 982
3 940 980 941
3 941 945 942
3 942 948 943
3 951 952 11
3 952 953 11
3 953 962 11
3 962 963 11
3 941 980 981
3 941 981 944
3 941 944 945
3 942 945 946
3 942 947 948
3 942 946 947
3 943 948 950
3 943 950 949
3 940 982 979
3 940 979 980
3 963 1050 11
3 1050 1051 11
3 943 954 951
3 951 957 952
3 1051 1052 11
3 1052 1053 11
3 952 1010 953
3 943 949 954
3 951 954 955
3 951 955 956
3 951 956 957
3 952 957 958
3 952 958 959
3 952 959 960
3 952 960 961
3 952 961 1010
3 953 1010 1011
3 953 1011 962
3 962 1026 963
3 962 1011 1023
3 962 1023 1024
3 962 1024 1025
3 962 1025 1026
3 963 1026 1027
3 963 1030 1050
3 963 1027 1028
3 963 1028 1029
3 963 1029 1030
3 1031 1050 1030
3 1053 1054 11
3 1054 1055 11
3 1055 1056 11
3 1056 1057 11
3 1057 1058 11
3 882 966 971
3 868 967 966
3 870 968 967
3 881 970 965
3 877 964 973
3 881 965 964
3 879 972 974
3 18 878 974
3 877 973 972
3 880 969 970
3 882 971 969
3 871 980 979
3 869 979 982
3 870 982 968
3 872 981 980
3 872 944 981
3 873 945 944
3 875 946 945
3 875 947 946
3 875 948 947
3 897 950 948
3 896 985 983
3 889 983 987
3 890 987 986
3 891 986 988
3 891 988 989
3 892 989 990
3 909 990 991
3 888 975 976
3 884 976 977
3 894 977 978
3 887 1001 975
3 887 1000 1001
3 886 1002 1000
3 885 995 1002
3 998 997 1096
3 999 1095 996
3 996 1094 997
3 999 995 1095
3 1003 998 1097
3 32 1003 1098
3 894 978 993
3 893 993 994
3 895 994 984
3 896 984 985
3 897 949 950
3 897 954 949
3 898 955 954
3 900 956 955
3 900 957 956
3 901 958 957
3 902 959 958
3 903 960 959
3 903 961 960
3 904 1010 961
3 910 991 992
3 910 992 1012
3 912 1012 1013
3 912 1013 1014
3 913 1014 1015
3 914 1015 1016
3 915 1016 1017
3 915 1017 1018
3 916 1018 1019
3 917 1019 1020
3 917 1020 1021
3 905 1011 1010
3 905 1023 1011
3 906 1024 1023
3 907 1025 1024
3 908 1026 1025
3 908 1027 1026
3 918 1028 1027
3 919 1029 1028
3 920 1030 1029
3 920 1031 1030
3 930 1032 1031
3 922 1021 1022
3 922 1022 1033
3 922 1033 1034
3 924 1034 1035
3 925 1035 1036
3 925 1036 1037
3 925 1037 1038
3 926 1038 1042
3 928 1042 1043
3 929 1043 1044
3 929 1044 1045
3 929 1045 1046
3 1046 1047 1100
3 938 972 973
3 938 973 964
3 15 974 972
3 938 964 965
3 999 1005 995
3 1000 1006 1001
3 1002 1005 1000
3 1002 995 1005
3 975 1006 976
3 1001 1006 975
3 976 1006 977
3 996 997 1004
3 998 1004 997
3 1003 37 998
3 999 996 1005
3 996 1004 1005
3 998 37 1004
3 1000 1005 1006
3 984 994 1007
3 985 1008 983
3 984 1008 985
3 987 1008 986
3 986 1008 988
3 988 1008 989
3 989 1008 990
3 987 983 1008
3 990 1008 991
3 991 1009 992
3 977 1007 978
3 993 978 1007
3 993 1007 994
3 984 1007 1008
3 991 1008 1009
3 977 1006 1007
3 1004 1049 1005
3 1004 42 1081
3 1005 1048 1006
3 1006 1041 1007
3 1007 1040 1008
3 1008 1039 1009
3 1031 1032 1050
3 1032 1061 1050
3 992 1009 1012
3 1012 1039 1013
3 1013 1039 1014
3 1014 1039 1015
3 1015 1039 1016
3 1016 1039 1017
3 1017 1039 1018
3 1018 1040 1019
3 1019 1040 1020
3 1020 1040 1021
3 1021 1040 1022
3 1022 1041 1033
3 1012 1009 1039
3 1008 1040 1039
3 1007 1041 1040
3 1006 1048 1041
3 1018 1039 1040
3 1022 1040 1041
3 1005 1049 1048
3 1049 1004 1079
3 1004 1081 1079
3 1033 1041 1034
3 1034 1041 1035
3 1035 1041 1036
3 1036 1048 1037
3 1037 1048 1038
3 1038 1048 1042
3 1042 1048 1043
3 1043 1048 1044
3 1044 1049 1045
3 1045 1049 1046
3 1036 1041 1048
3 1044 1048 1049
3 1046 1049 1047
3 1047 1079 1068
3 1047 1049 1079
3 1050 1061 1051
3 1051 1065 1052
3 1052 1071 1053
3 1058 1059 11
3 1059 1060 11
3 1060 1205 11
3 1205 1206 11
3 1206 1508 11
3 1053 1084 1054
3 931 1061 1032
3 931 1062 1061
3 932 1063 1062
3 933 1064 1063
3 934 1065 1064
3 934 1066 1065
3 935 1067 1066
3 936 1070 1067
3 937 1071 1070
3 937 1072 1071
3 1072 1105 1073
3 1047 1068 1100
3 1068 1069 1101
3 1069 1075 1101
3 1075 1076 1102
3 1076 1077 1104
3 1077 1078 1104
3 1073 1110 1074
3 1074 1111 1083
3 1083 1112 1084
3 1084 1112 1089
3 1089 1113 1090
3 1051 1061 1062
3 1051 1062 1063
3 1051 1063 1064
3 1051 1064 1065
3 1052 1065 1066
3 1052 1066 1067
3 1052 1067 1070
3 1052 1070 1071
3 1053 1071 1072
3 1053 1072 1073
3 1053 1073 1074
3 1053 1074 1083
3 1053 1083 1084
3 1054 1163 1055
3 1055 1168 1056
3 1054 1084 1089
3 1054 1089 1090
3 1054 1090 1091
3 1068 1079 1069
3 1069 1079 1075
3 1075 1079 1076
3 1076 1081 1077
3 1076 1079 1081
3 1077 1081 1078
3 1078 1081 1080
3 1080 1081 1082
3 1082 1085 1086
3 1085 1087 1086
3 1086 1087 1088
3 1087 1156 1088
3 1087 1157 1156
3 1085 1092 1087
3 1087 1092 1158
3 1054 1091 1162
3 1054 1162 1163
3 1055 1163 1164
3 1055 1164 1165
3 1055 1165 1166
3 1055 1166 1167
3 1055 1167 1168
3 1056 1168 1169
3 1056 1169 1170
3 1056 1170 1175
3 1056 1175 1176
3 1056 1176 1177
3 1056 1184 1057
3 1 1098 1097
3 0 1097 1096
3 1003 1097 1098
3 934 1101 1102
3 935 1102 1103
3 936 1104 937
3 936 1103 1104
3 937 1106 1105
3 937 1104 1106
3 1105 1106 1107
3 1105 1107 1110
3 1108 1111 1110
3 1107 1108 1110
3 1108 1109 1111
3 1117 1111 1109
3 1117 1112 1111
3 1112 1117 1113
3 1113 1117 1118
3 1113 1118 1114
3 1114 1118 1119
3 1114 1120 1115
3 1114 1119 1120
3 1115 1120 1121
3 1115 1121 1116
3 1116 1125 1122
3 1116 1121 1125
3 1122 1125 1126
3 1122 1126 1123
3 1123 1127 1124
3 1123 1126 1127
3 1124 1127 1128
3 1124 1128 1129
3 1128 1132 1129
3 1129 1132 1130
3 1130 1133 1131
3 1076 1103 1102
3 1076 1104 1103
3 1078 1106 1104
3 1080 1107 1106
3 1088 1108 1107
3 1108 1156 1109
3 1117 1109 1156
3 1117 1157 1118
3 1119 1118 1157
3 1119 1159 1120
3 1083 1111 1112
3 1089 1112 1113
3 1090 1113 1114
3 1091 1114 1115
3 1115 1116 1162
3 1116 1122 1164
3 1122 1123 1165
3 1120 1161 1121
3 1121 1161 1125
3 1125 1171 1126
3 1126 1174 1127
3 1123 1124 1166
3 1124 1129 1167
3 1129 1130 1169
3 1127 1174 1128
3 1128 1179 1132
3 1132 1179 1133
3 1133 1180 1134
3 1130 1131 1170
3 1131 1145 1175
3 1145 1146 1177
3 1130 1132 1133
3 1131 1133 1134
3 1131 1134 1145
3 1134 1135 1145
3 1135 1136 1146
3 1135 1146 1145
3 1136 1147 1146
3 1136 1137 1147
3 1137 1148 1147
3 1137 1138 1148
3 1138 1149 1148
3 1138 1139 1149
3 1139 1140 1150
3 1140 1141 1151
3 1141 1142 1153
3 1142 1143 1154
3 1143 1144 1155
3 1139 1150 1149
3 1140 1151 1150
3 1141 1152 1151
3 1141 1153 1152
3 1142 1154 1153
3 1143 1155 1154
3 1144 1883 1155
3 1181 1135 1134
3 1135 1186 1136
3 1136 1187 1137
3 1188 1138 1137
3 1138 1190 1139
3 1139 1191 1140
3 1140 1192 1141
3 1141 1193 1142
3 1142 1500 1143
3 1143 1501 1144
3 1144 1502 1870
3 1870 1503 1871
3 1872 1871 1503
3 1146 1147 1177
3 1147 1148 1183
3 1148 1149 1189
3 1149 1150 1189
3 1150 1151 1195
3 1151 1152 1196
3 1152 1153 1197
3 1153 1154 1198
3 1154 1155 1199
3 1155 1883 1200
3 1201 1883 1884
3 1078 1080 1106
3 1080 1082 1107
3 1107 1082 1086
3 1090 1114 1091
3 1091 1115 1162
3 1116 1163 1162
3 1116 1164 1163
3 1122 1165 1164
3 1123 1166 1165
3 1124 1167 1166
3 1129 1168 1167
3 1107 1086 1088
3 1156 1108 1088
3 1117 1156 1157
3 1119 1157 1158
3 1119 1158 1159
3 1120 1159 1160
3 1120 1160 1161
3 1161 1171 1125
3 1126 1171 1172
3 1129 1169 1168
3 1130 1170 1169
3 1131 1175 1170
3 1145 1176 1175
3 1145 1177 1176
3 1147 1183 1177
3 1126 1172 1173
3 1126 1173 1174
3 1174 1178 1128
3 1128 1178 1179
3 1133 1179 1180
3 1180 1182 1134
3 1181 1134 1182
3 1135 1181 1186
3 1148 1184 1183
3 1087 1158 1157
3 1092 1159 1158
3 1092 1160 1159
3 1092 1161 1160
3 1056 1177 1183
3 1056 1183 1184
3 1092 1093 1172
3 1092 1171 1161
3 1092 1172 1171
3 1093 1173 1172
3 1093 1174 1173
3 1093 1207 1182
3 1093 1178 1174
3 1093 1179 1178
3 1093 1180 1179
3 1093 1182 1180
3 1207 1181 1182
3 1181 1207 1186
3 1186 1207 1187
3 1187 1207 1188
3 1188 1207 1190
3 1190 1207 1191
3 1191 1207 1192
3 1192 1207 1193
3 1193 1207 1499
3 1057 1184 1185
3 1057 1185 1189
3 1057 1189 1194
3 1057 1194 1195
3 1057 1195 1196
3 1057 1196 1197
3 1057 1197 1198
3 1057 1198 1199
3 1057 1199 1200
3 1057 1200 1201
3 1057 1201 1202
3 1136 1186 1187
3 1137 1187 1188
3 1138 1188 1190
3 1139 1190 1191
3 1140 1191 1192
3 1192 1193 1141
3 1142 1193 1499
3 1142 1499 1500
3 1143 1500 1501
3 1144 1501 1502
3 1870 1502 1503
3 1872 1503 1504
3 1872 1504 1505
3 1873 1505 1506
3 1148 1185 1184
3 1148 1189 1185
3 1150 1194 1189
3 1150 1195 1194
3 1151 1196 1195
3 1152 1197 1196
3 1153 1198 1197
3 1154 1199 1198
3 1155 1200 1199
3 1200 1883 1201
3 1201 1884 1202
3 1202 1886 1203
3 1057 2202 1058
3 1058 2203 1059
3 1059 2204 1060
3 3036 1081 42
3 3036 1082 1081
3 1082 3036 1085
3 1092 1085 3036
3 1093 1092 3036
3 1093 3036 1207
3 1207 3036 1208
3 1208 3036 1209
3 1508 1509 11
3 1509 1510 11
3 1510 1511 11
3 1511 1512 11
3 1512 1513 11
3 1513 1514 11
3 1514 1515 11
3 1515 1516 11
3 1516 1517 11
3 1517 1518 11
3 1518 1519 11
3 1519 1520 11
3 1520 1521 11
3 1521 1522 11
3 1522 1573 11
3 1573 1574 11
3 1574 1575 11
3 1575 1576 11
3 1576 1577 11
3 1577 1578 11
3 1578 1579 11
3 1579 1580 11
3 1580 1636 11
3 1212 1244 1213
3 1212 1225 1226
3 1212 1237 1225
3 1212 1230 1214
3 1212 1214 1217
3 1212 1227 1229
3 1212 1228 1227
3 1212 1231 1228
3 1212 1226 1232
3 1212 1232 1231
3 1212 1229 1230
3 1212 1216 1218
3 1212 1217 1216
3 1212 1222 1220
3 1212 1223 1224
3 1212 1220 1223
3 1212 1219 1215
3 1212 1218 1219
3 1212 1215 1221
3 1212 1221 1222
3 1249 1250 1248
3 1212 1224 1244
3 1213 1239 1240
3 1213 1240 1241
3 1213 1241 1242
3 1213 1244 1239
3 1213 1242 1243
3 1213 1243 1251
3 1213 1251 1252
3 1213 1252 1253
3 1213 1253 1255
3 1253 1254 1255
3 1254 1256 1255
3 1255 1256 1257
3 1245 1255 1257
3 1245 1246 1255
3 1246 1247 1255
3 1247 1249 1255
3 1248 1255 1249
3 1248 1250 1258
3 1249 1258 1250
3 1248 1258 1259
3 1249 1259 1258
3 1249 1260 1259
3 1248 1259 1260
3 1209 3036 1210
3 1210 3036 1211
3 1211 3036 1212
3 1212 3036 1237
3 1270 1271 3036
3 1236 3036 1238
3 1235 1237 3036
3 1235 3036 1236
3 1233 3036 1234
3 1233 1238 3036
3 1234 3036 1261
3 1261 3036 1263
3 1262 1263 3036
3 1265 3036 1268
3 1267 1268 3036
3 1266 1267 3036
3 1266 3036 1269
3 1269 3036 1271
3 1264 3036 1265
3 1262 3036 1264
3 1270 3036 1280
3 1280 3036 1281
3 1272 1281 3036
3 1272 3036 1273
3 1274 3036 1275
3 1273 3036 1274
3 1275 3036 1276
3 1276 3036 1277
3 1279 3036 1282
3 1282 3036 1283
3 1277 3036 1278
3 1278 3036 1279
3 1283 3036 1284
3 1284 3036 1285
3 1285 3036 1286
3 1286 3036 1287
3 1294 3036 1295
3 1295 3036 1296
3 1287 3036 1288
3 1288 3036 1289
3 1289 3036 1290
3 1290 3036 1291
3 1291 3036 1292
3 1292 3036 1293
3 1293 3036 1294
3 1296 3036 1297
3 1297 3036 1298
3 1298 3036 1299
3 1299 3036 1300
3 1300 3036 1301
3 1302 3036 1303
3 1301 3036 1302
3 1303 3036 1304
3 1305 3036 1306
3 1304 3036 1305
3 1306 3036 1307
3 1307 3036 1308
3 1308 3036 1325
3 1325 3036 1326
3 1326 3036 1327
3 1327 3036 1328
3 1309 1330 3036
3 1328 3036 1329
3 1329 3036 1330
3 1636 1637 11
3 1637 1644 11
3 1644 1646 11
3 1646 1647 11
3 1647 4485 11
3 11 4485 4491
3 11 4491 4492
3 11 4492 4499
3 11 4499 4500
3 11 4416 4417
3 11 4500 4502
3 11 4502 4416
3 11 4417 4418
3 11 4418 4426
3 11 4607 4608
3 11 4426 4427
3 11 4427 4428
3 11 4428 4429
3 11 4429 4607
3 1553 3036 1554
3 1559 1560 3036
3 1558 3036 1560
3 1554 3036 1558
3 1556 1559 3036
3 1556 3036 1557
3 1309 3036 1310
3 1310 3036 1311
3 1311 3036 1312
3 1312 3036 1313
3 1313 3036 1314
3 1314 3036 1315
3 1315 3036 1316
3 1316 3036 1317
3 1317 3036 1318
3 1318 3036 1319
3 1319 3036 1320
3 1320 3036 1321
3 1321 3036 1322
3 1323 3036 1324
3 1322 3036 1323
3 1324 3036 1331
3 1331 3036 1333
3 1333 3036 1334
3 1332 1334 3036
3 1332 3036 1582
3 1583 3036 1584
3 1582 3036 1583
3 1553 1584 3036
3 1557 3036 1569
3 1569 3036 1570
3 1570 3036 1571
3 1571 3036 1572
3 1572 3036 1585
3 1585 3036 1588
3 3036 1631 1588
3 1207 1500 1499
3 1207 1501 1500
3 1207 1502 1501
3 1248 1336 1255
3 1248 1260 1335
3 1249 1335 1260
3 1247 1337 1249
3 1248 1335 1336
3 1249 1336 1335
3 1255 1336 1337
3 1249 1337 1336
3 1246 2207 1247
3 1386 1359 1387
3 1385 1359 1386
3 1388 1339 1359
3 1343 1344 1359
3 1344 1341 1359
3 1343 1359 1338
3 1338 1359 1339
3 1388 1359 1389
3 1390 1389 1359
3 1385 1390 1359
3 1346 1359 1342
3 1346 1345 1359
3 1348 1359 1340
3 1347 1340 1359
3 1347 1359 1345
3 1351 1353 1359
3 1354 1359 1353
3 1348 1349 1359
3 1350 1359 1349
3 1350 1351 1359
3 1341 1342 1359
3 1354 1352 1359
3 1352 1355 1359
3 1355 1356 1359
3 1356 1357 1359
3 1358 1360 1359
3 1360 1361 1359
3 1361 1362 1359
3 1362 1363 1359
3 1363 1364 1359
3 1364 1365 1359
3 1365 1366 1359
3 1366 1367 1359
3 1367 1368 1359
3 1368 1369 1359
3 1369 1370 1359
3 1370 1371 1359
3 1371 1372 1359
3 1372 1373 1359
3 1373 1374 1359
3 1359 1374 1375
3 1359 1375 1376
3 1359 1376 1377
3 1359 1377 1378
3 1359 1378 1379
3 1359 1379 1380
3 1359 1380 1436
3 1359 1436 1437
3 1359 1437 1438
3 1359 1438 1439
3 1359 1439 1440
3 1359 1440 1441
3 1359 1441 1442
3 1359 1442 1443
3 1359 1443 1444
3 1359 1444 1445
3 1359 1445 1446
3 1359 1446 1447
3 1359 1447 1448
3 1359 1448 1449
3 1359 1449 1450
3 1359 1450 1451
3 1397 1359 1398
3 1394 1359 1397
3 1398 1359 1399
3 1399 1359 1400
3 1400 1359 1401
3 1401 1359 1402
3 1402 1359 1403
3 1403 1359 1404
3 1404 1359 1405
3 1405 1359 1406
3 1406 1359 1407
3 1407 1359 1408
3 1391 1359 1392
3 1393 1359 1382
3 1392 1359 1393
3 1384 1387 1359
3 1384 1359 1391
3 1381 1382 1359
3 1395 1383 1359
3 1381 1359 1383
3 1395 1359 1396
3 1396 1359 1394
3 1408 1359 1409
3 1409 1359 1410
3 1410 1359 1411
3 1411 1359 1412
3 1412 1359 1413
3 1413 1359 1414
3 1414 1359 1415
3 1415 1359 1416
3 1416 1359 1417
3 1417 1359 1418
3 1418 1359 1419
3 1419 1359 1420
3 1420 1359 1421
3 1421 1359 1422
3 1422 1359 1423
3 1423 1359 1424
3 1424 1359 1425
3 1425 1359 1426
3 1426 1359 1427
3 1427 1359 1428
3 1428 1359 1429
3 1429 1359 1430
3 1430 1359 1431
3 1431 1359 1432
3 1432 1359 1433
3 1433 1359 1434
3 1434 1359 1733
3 1733 1359 1734
3 1734 1359 1735
3 1735 1359 1736
3 1736 1359 1737
3 1359 1451 1452
3 1359 1473 1491
3 1359 1489 1487
3 1359 1487 1488
3 1359 1485 1489
3 1359 1491 1490
3 1359 1486 1485
3 1359 1490 1486
3 1737 1359 1738
3 1359 1739 1738
3 1359 1740 1739
3 1359 1741 1740
3 1359 1742 1741
3 1359 1743 1742
3 1359 1744 1743
3 1359 1745 1744
3 1359 1746 1745
3 1359 1747 1746
3 1359 1748 1747
3 1359 1749 1748
3 1359 1750 1749
3 1359 1751 1750
3 1359 1752 1751
3 1359 1753 1752
3 1359 1754 1753
3 1359 1757 1754
3 1359 1755 1757
3 1359 1760 1761
3 1359 1761 1759
3 1359 1762 1760
3 1359 1763 1762
3 1359 1435 1763
3 1359 1477 1435
3 1359 1476 1477
3 1359 1479 1476
3 1359 1756 1755
3 1359 1758 1756
3 1359 1759 1758
3 1359 1481 1478
3 1359 1480 1481
3 1359 1483 1484
3 1359 1482 1483
3 1359 1484 1480
3 1359 1478 1479
3 1359 1488 1482
3 1359 1452 1453
3 1359 1453 1454
3 1359 1454 1455
3 1359 1455 1456
3 1359 1456 1457
3 1359 1457 1458
3 1359 1458 1459
3 1359 1459 1460
3 1359 1460 1461
3 1359 1461 1462
3 1359 1462 1463
3 1359 1463 1464
3 1359 1464 1465
3 1359 1465 1466
3 1359 1466 1467
3 1359 1467 1468
3 1359 1468 1469
3 1359 1469 1470
3 1359 1492 1494
3 1359 1470 1492
3 1359 1494 1493
3 1359 1493 1495
3 1359 1496 1497
3 1359 1498 1471
3 1359 1471 1472
3 1359 1497 1498
3 1359 1495 1496
3 1359 1472 1475
3 1359 1475 1474
3 1359 1474 1473
3 1207 1503 1502
3 1207 1208 2212
3 1060 2205 1205
3 1205 2217 1206
3 1206 2218 1508
3 1255 1337 2207
3 1247 2207 1337
3 1245 2209 1246
3 1208 1209 2213
3 1209 1210 2214
3 1210 1211 2215
3 1211 1212 2216
3 1212 1213 2219
3 1215 2221 1221
3 1216 2222 1218
3 1216 1217 2223
3 1214 2220 1217
3 1218 2224 1219
3 1215 1219 2225
3 1221 2226 1222
3 1220 1222 2242
3 1220 2241 1223
3 1223 2243 1224
3 1224 2244 1244
3 1226 2227 1232
3 1225 2228 1226
3 1227 1228 2230
3 1229 2231 1230
3 1214 1230 2232
3 1227 2229 1229
3 1228 1231 2233
3 1231 1232 2234
3 1233 1234 2240
3 1235 1236 2236
3 1235 2235 1237
3 1225 1237 2237
3 1233 2239 1238
3 1236 1238 2238
3 1239 1244 2254
3 1239 2245 1240
3 1240 2246 1241
3 1241 2247 1242
3 1242 2248 1243
3 1213 1255 2255
3 1243 2249 1251
3 1251 2250 1252
3 1252 2251 1253
3 1253 2252 1254
3 1254 2256 1256
3 1256 2257 1257
3 1245 1257 2258
3 1234 1261 2264
3 1261 1263 2260
3 1262 2261 1263
3 1262 1264 2262
3 1264 1265 2263
3 1265 1268 2266
3 1266 2265 1267
3 1267 2267 1268
3 1266 1269 2270
3 1269 1271 2268
3 1270 2269 1271
3 1273 1274 2280
3 1274 1275 2271
3 1275 1276 2272
3 1276 1277 2273
3 1277 1278 2274
3 1278 1279 2275
3 1270 1280 2276
3 1280 1281 2277
3 1272 2278 1281
3 1272 1273 2279
3 1282 1283 2283
3 1279 1282 2281
3 1283 1284 2282
3 1284 1285 2284
3 1285 1286 2285
3 1286 1287 2286
3 1287 1288 2287
3 1288 1289 2288
3 1290 1291 2390
3 1291 1292 2388
3 1292 1293 2401
3 1289 1290 2389
3 1293 1294 2402
3 1295 1296 2404
3 1294 1295 2403
3 1296 1297 2405
3 1297 1298 2406
3 1298 1299 2407
3 1299 1300 2408
3 1300 1301 2409
3 1301 1302 2410
3 1302 1303 2411
3 1303 1304 2412
3 1304 1305 2413
3 1305 1306 2414
3 1306 1307 2415
3 1307 1308 2416
3 1308 1325 2470
3 1310 1311 2478
3 1311 1312 2479
3 1312 1313 2480
3 1313 1314 2481
3 1314 1315 2482
3 1315 1316 2483
3 1316 1317 2483
3 1317 1318 2484
3 1318 1319 2486
3 1319 1320 2486
3 1320 1321 2487
3 1321 1322 2488
3 1322 1323 2489
3 1325 1326 2471
3 1326 1327 2472
3 1327 1328 2473
3 1328 1329 2474
3 1329 1330 2475
3 1309 2476 1330
3 1309 1310 2477
3 1323 1324 2490
3 1324 1331 2491
3 1331 1333 2492
3 1333 1334 2494
3 1332 2495 1334
3 1524 1525 1529
3 1523 1529 1525
3 1523 1526 1529
3 1526 1527 1529
3 1529 1527 1528
3 1530 1531 1540
3 1530 1532 1531
3 1531 1532 1533
3 1531 1533 1535
3 1531 1535 1534
3 1531 1534 1536
3 1531 1536 1544
3 1531 1544 1541
3 1529 1537 1538
3 1528 1537 1529
3 1529 1538 1539
3 1529 1539 1531
3 1531 1539 1540
3 1541 1561 1563
3 1541 1563 1562
3 1565 1569 1566
3 1564 1569 1565
3 1564 1568 1569
3 1555 1557 1569
3 1555 1569 1568
3 1541 1543 1545
3 1541 1545 1547
3 1541 1544 1542
3 1541 1542 1543
3 1541 1546 1551
3 1541 1551 1550
3 1541 1550 1552
3 1541 1547 1546
3 1562 1566 1569
3 1541 1548 1549
3 1541 1549 1567
3 1541 1552 1548
3 1541 1567 1561
3 1541 1562 1569
3 1576 1604 1577
3 1577 1597 1578
3 1578 1592 1579
3 1579 1619 1580
3 1580 1581 1641
3 1580 1618 1581
3 1579 1616 1619
3 1579 1620 1616
3 1579 1591 1620
3 1580 1617 1618
3 1580 1619 1617
3 1585 1588 1586
3 1588 1587 1586
3 1574 1768 1575
3 1575 1613 1576
3 1589 1588 1590
3 1590 1588 1593
3 1593 1588 1621
3 1577 1609 1598
3 1577 1602 1609
3 1578 1596 1595
3 1578 1594 1592
3 1579 1592 1591
3 1578 1595 1594
3 1577 1598 1597
3 1578 1597 1596
3 1576 1605 1604
3 1576 1610 1605
3 1577 1604 1603
3 1577 1603 1602
3 1576 1611 1610
3 1576 1612 1611
3 1576 1613 1612
3 1588 1622 1621
3 1590 1593 1607
3 1587 1588 1791
3 1575 1769 1767
3 1575 1770 1769
3 1575 1768 1770
3 1575 1765 1613
3 1575 1766 1765
3 1575 1767 1766
3 1574 1771 1768
3 1574 1783 1771
3 1574 1784 1783
3 1574 1785 1784
3 1589 1590 1775
3 1588 1589 1776
3 1590 1599 1600
3 1590 1614 1599
3 1589 1775 1772
3 1588 1776 1777
3 1589 1773 1774
3 1589 1772 1773
3 1589 1774 1776
3 1590 1600 1601
3 1590 1601 1775
3 1593 1634 1606
3 1593 1606 1608
3 1593 1608 1607
3 1590 1615 1614
3 1590 1607 1615
3 1588 1631 1622
3 1621 1622 1625
3 1622 1623 1625
3 1593 1621 1633
3 1593 1633 1635
3 1621 1632 1633
3 1621 1626 1632
3 1621 1625 1624
3 1621 1624 1626
3 1622 1628 1630
3 1622 1631 1628
3 1622 1630 1627
3 1622 1627 1623
3 1628 1629 1630
3 1628 1631 1629
3 1629 1631 1688
3 1631 1690 1688
3 1631 4433 1690
3 1690 4433 1696
3 1696 4433 1705
3 1593 1635 1634
3 1580 1641 1636
3 1636 1639 1637
3 1637 1640 1654
3 1636 1642 1643
3 1636 1643 1638
3 1636 1641 1642
3 1636 1638 1639
3 1637 1639 1640
3 1581 1618 1659
3 1638 1668 1639
3 1641 1661 1642
3 1642 1661 1643
3 1581 1661 1641
3 1643 1658 1638
3 1637 1655 1644
3 1637 1654 1655
3 1644 1655 1656
3 1644 1645 1646
3 1644 1656 1657
3 1644 1657 1645
3 1645 1648 1646
3 1646 1648 1649
3 1646 1649 1650
3 1646 1650 1647
3 1647 1650 1653
3 1647 1653 1651
3 1647 1651 1652
3 1647 1652 4486
3 1656 1663 1657
3 1645 1657 1665
3 1645 1664 1648
3 1648 1664 1649
3 1649 1667 1650
3 1650 1666 1653
3 1651 1653 4513
3 1651 4513 1652
3 1640 1668 1654
3 1654 1670 1655
3 1639 1668 1640
3 1655 1662 1656
3 1638 1669 1668
3 1638 1658 1669
3 1581 1659 1660
3 1581 1660 1661
3 1643 1661 1658
3 1658 1661 1720
3 1656 1662 1663
3 1657 1663 1665
3 1645 1665 1664
3 1649 1664 1667
3 1650 1667 1666
3 1653 1666 4513
3 1654 1668 1670
3 1655 1670 1662
3 1662 1724 1663
3 1668 1722 1670
3 1668 1669 1722
3 1658 1719 1669
3 1662 1670 1718
3 1662 1718 1724
3 1664 1665 1723
3 1663 1725 1665
3 1664 1727 1667
3 1666 1667 4550
3 1664 1723 1726
3 1663 1724 1725
3 1665 1725 1723
3 1664 1726 1727
3 1667 1727 4550
3 1592 1594 1710
3 1594 1595 1671
3 1595 1596 1672
3 1596 1597 1672
3 1597 1598 1672
3 1598 1609 1673
3 1607 1732 1615
3 1607 1608 1732
3 1615 1682 1614
3 1614 1683 1599
3 1599 1684 1600
3 1600 1685 1601
3 1601 1685 1775
3 1602 1603 1676
3 1604 1605 1675
3 1603 1604 1677
3 1609 1602 1676
3 1611 1679 1610
3 1611 1612 1679
3 1605 1610 1678
3 1612 1613 1680
3 1613 1765 1681
3 1594 1671 1710
3 1595 1672 1671
3 1598 1673 1674
3 1598 1674 1672
3 1672 1674 1728
3 1605 1678 1675
3 1604 1675 1677
3 1609 1676 1673
3 1603 1677 1676
3 1610 1679 1678
3 1612 1680 1679
3 1613 1681 1680
3 1615 1732 1682
3 1614 1682 1683
3 1600 1684 1685
3 1599 1683 1684
3 1673 1731 1674
3 1673 1676 1732
3 1676 1677 1682
3 1675 1683 1677
3 1673 1732 1731
3 1676 1682 1732
3 1677 1683 1682
3 1678 1679 1685
3 1679 1680 1826
3 1680 1681 1827
3 1675 1678 1684
3 1675 1684 1683
3 1678 1685 1684
3 1679 1826 1685
3 1686 1687 1688
3 1686 1690 1695
3 1624 1625 1717
3 1626 1712 1632
3 1624 1716 1626
3 1687 1689 1688
3 1686 1688 1690
3 1630 1715 1627
3 1627 1713 1623
3 1629 1715 1630
3 1623 1713 1625
3 1619 1616 1708
3 1617 1619 1707
3 1617 1707 1618
3 1591 1709 1620
3 1620 1711 1616
3 1591 1592 1709
3 1687 1721 1689
3 1686 1720 1687
3 1629 1688 1715
3 1688 1689 1715
3 1693 1690 1694
3 1695 1690 1692
3 1692 1690 1693
3 1694 1690 1696
3 1697 1696 1691
3 1694 1696 1697
3 1691 1696 1700
3 1699 1700 1696
3 1699 1696 1705
3 1699 1706 1701
3 1702 1706 1703
3 1698 1701 1706
3 1698 1706 1702
3 1703 1706 1704
3 1704 1706 4532
3 1699 1705 1706
3 1697 1691 1724
3 1695 1692 1719
3 1692 1693 1722
3 1686 1695 1720
3 1693 1694 1718
3 1694 1697 1718
3 1698 1726 1701
3 1691 1700 1725
3 1699 1723 1700
3 1699 1701 1723
3 1698 1702 1727
3 1702 1703 4550
3 1703 1704 4550
3 1633 1729 1635
3 1635 1729 1634
3 1632 1729 1633
3 1606 1634 1728
3 1608 1606 1731
3 1619 1708 1707
3 1618 1707 1659
3 1616 1711 1708
3 1620 1709 1711
3 1592 1710 1709
3 1626 1716 1712
3 1627 1714 1713
3 1627 1715 1714
3 1625 1713 1717
3 1624 1717 1716
3 1715 1689 1721
3 1709 1716 1711
3 1708 1711 1717
3 1659 1707 1714
3 1659 1715 1660
3 1660 1721 1661
3 1661 1721 1720
3 1707 1708 1713
3 1707 1713 1714
3 1660 1715 1721
3 1659 1714 1715
3 1709 1710 1712
3 1671 1729 1710
3 1711 1716 1717
3 1709 1712 1716
3 1671 1672 1730
3 1671 1730 1729
3 1710 1729 1712
3 1708 1717 1713
3 1697 1724 1718
3 1692 1722 1719
3 1695 1719 1720
3 1687 1720 1721
3 1693 1718 1722
3 1701 1726 1723
3 1691 1725 1724
3 1700 1723 1725
3 1698 1727 1726
3 1702 4550 1727
3 1669 1719 1722
3 1658 1720 1719
3 1670 1722 1718
3 1729 1730 1634
3 1634 1730 1728
3 1632 1712 1729
3 1606 1728 1731
3 1608 1731 1732
3 1672 1728 1730
3 1674 1731 1728
3 1510 2654 1511
3 1511 2655 1512
3 1512 2656 1513
3 1513 2657 1514
3 1514 2658 1515
3 1524 1764 1525
3 1524 1529 1764
3 1523 1525 2496
3 1515 2693 1516
3 1516 2694 1517
3 1517 2738 1518
3 1518 2737 1519
3 1519 2739 1520
3 1520 2740 1521
3 1521 2743 1522
3 1508 2652 1509
3 1509 2653 1510
3 1525 1764 2496
3 1523 2651 1526
3 1529 2496 1764
3 1523 2496 2497
3 1536 2699 1544
3 1526 2690 1527
3 1527 2691 1528
3 1529 2497 2496
3 1530 1540 2707
3 1530 2695 1532
3 1532 2696 1533
3 1533 2697 1535
3 1534 1535 2698
3 1534 2699 1536
3 1531 1541 2701
3 1528 2702 1537
3 1537 2704 1538
3 1538 2704 1539
3 1539 2706 1540
3 1529 1531 2700
3 1542 2708 1543
3 1542 1544 2710
3 1545 2712 1547
3 1543 2711 1545
3 1546 1547 2713
3 1548 2714 1549
3 1549 2733 1567
3 1550 1551 2715
3 1550 2717 1552
3 1546 2716 1551
3 1548 1552 2718
3 1553 2747 1584
3 1553 1554 2719
3 1554 1558 2720
3 1555 2722 1557
3 1556 1557 2721
3 1556 2725 1559
3 1555 1568 2723
3 1558 1560 2724
3 1559 2726 1560
3 1561 1567 2727
3 1562 1563 2729
3 1561 2729 1563
3 1565 1566 2731
3 1564 2734 1568
3 1564 1565 2730
3 1562 2732 1566
3 1541 1569 2735
3 1569 1570 2736
3 1570 1571 2741
3 1571 1572 2742
3 1587 1791 1794
3 1587 1794 1781
3 1587 1781 1782
3 1587 1782 1795
3 1574 1787 1789
3 1574 1786 1787
3 1574 1802 1786
3 1574 1788 1785
3 1574 1789 1788
3 1574 1803 1802
3 1574 1804 1803
3 1574 1805 1804
3 1588 1777 1778
3 1588 1778 1779
3 1588 1779 1780
3 1588 1780 1790
3 1588 1790 1792
3 1588 1792 1793
3 1588 1793 1791
3 1587 1795 1796
3 1587 1796 1797
3 1587 1797 1798
3 1587 1798 1799
3 1587 1799 1800
3 1587 1800 1801
3 1587 1801 1808
3 1522 2744 1573
3 1573 2751 1574
3 1332 1582 2493
3 1582 1583 2745
3 1583 1584 2747
3 1585 1586 2749
3 1586 1587 2750
3 1572 1585 2748
3 1574 2751 1805
3 1767 1824 1766
3 1767 1769 1825
3 1769 1770 1825
3 1768 1825 1770
3 1771 1783 1822
3 1768 1771 1821
3 1765 1766 1823
3 1773 1828 1774
3 1776 1774 1829
3 1772 1775 1826
3 1772 1826 1773
3 1776 1829 1777
3 1777 1830 1778
3 1778 1830 1779
3 1779 1832 1780
3 1783 1784 1822
3 1784 1785 1833
3 1785 1788 1835
3 1788 1789 1835
3 1789 1787 1837
3 1786 1837 1787
3 1786 1802 1838
3 1790 1840 1792
3 1792 1841 1793
3 1793 1841 1791
3 1790 1780 1839
3 1794 1791 1842
3 1781 1794 1843
3 1782 1781 1844
3 1782 1845 1795
3 1767 1825 1824
3 1768 1820 1825
3 1768 1821 1820
3 1771 1822 1821
3 1681 1765 1823
3 1766 1824 1823
3 1773 1826 1827
3 1685 1826 1775
3 1773 1827 1828
3 1828 1829 1774
3 1777 1829 1830
3 1779 1830 1831
3 1779 1831 1832
3 1780 1832 1839
3 1681 1823 1828
3 1681 1828 1827
3 1823 1824 1829
3 1824 1825 1830
3 1823 1829 1828
3 1824 1830 1829
3 1680 1827 1826
3 1820 1831 1825
3 1825 1831 1830
3 1820 1832 1831
3 1820 1821 1832
3 1821 1822 1839
3 1821 1839 1832
3 1784 1833 1822
3 1785 1834 1833
3 1785 1835 1834
3 1789 1836 1835
3 1789 1837 1836
3 1786 1838 1837
3 1833 1834 1841
3 1834 1835 1842
3 1835 1836 1843
3 1836 1837 1844
3 1837 1838 1845
3 1790 1839 1840
3 1792 1840 1841
3 1791 1841 1842
3 1794 1842 1843
3 1781 1843 1844
3 1782 1844 1845
3 1822 1833 1840
3 1822 1840 1839
3 1833 1841 1840
3 1834 1842 1841
3 1835 1843 1842
3 1836 1844 1843
3 1837 1845 1844
3 1796 1851 1797
3 1797 1852 1798
3 1802 1803 1846
3 1803 1804 1846
3 1805 1806 1848
3 1806 1807 1849
3 1799 1798 1853
3 1799 1854 1800
3 1800 1856 1801
3 1804 1805 1848
3 1795 1845 1796
3 1807 1814 1850
3 1814 1815 1857
3 1808 1801 1863
3 1809 1808 1864
3 1809 1864 1810
3 1810 1865 1811
3 1815 1816 1858
3 1816 1817 1859
3 1817 1818 1860
3 1818 1819 1861
3 1819 2499 1861
3 1811 1867 1812
3 1812 1868 1813
3 1869 2498 1813
3 1802 1846 1838
3 1804 1847 1846
3 1804 1848 1847
3 1806 1849 1848
3 1807 1850 1849
3 1838 1846 1851
3 1846 1852 1851
3 1846 1847 1852
3 1847 1853 1852
3 1847 1848 1853
3 1848 1849 1854
3 1848 1854 1853
3 1849 1855 1854
3 1849 1850 1855
3 1850 1856 1855
3 1850 1857 1856
3 1796 1845 1851
3 1797 1851 1852
3 1798 1852 1853
3 1799 1853 1854
3 1800 1854 1855
3 1800 1855 1856
3 1801 1856 1863
3 1838 1851 1845
3 1814 1857 1850
3 1815 1858 1857
3 1816 1859 1858
3 1817 1860 1859
3 1818 1861 1860
3 1861 2499 1862
3 1857 1863 1856
3 1857 1858 1863
3 1858 1864 1863
3 1858 1859 1864
3 1859 1865 1864
3 1859 1860 1865
3 1860 1866 1865
3 1860 1861 1866
3 1861 1862 1867
3 1862 2583 1868
3 1808 1863 1864
3 1810 1864 1865
3 1811 1865 1866
3 1811 1866 1867
3 1812 1867 1868
3 1813 1868 1869
3 1861 1867 1866
3 1862 1868 1867
3 1869 1868 2583
3 2010 2011 1924
3 2011 2012 1926
3 2012 2013 1927
3 1144 1870 1884
3 1870 1871 1884
3 1871 1872 1885
3 1872 1873 1885
3 1873 1874 1887
3 1874 1875 1888
3 1875 1876 1889
3 1876 1877 1890
3 1877 1878 1891
3 1878 1879 1892
3 1879 1880 1893
3 1879 1893 1892
3 1881 1882 1923
3 1880 1881 1894
3 1880 1894 1893
3 1881 1923 1894
3 1144 1884 1883
3 1871 1885 1884
3 1873 1886 1885
3 1873 1887 1886
3 1874 1888 1887
3 1875 1889 1888
3 1876 1890 1889
3 1877 1891 1890
3 1878 1892 1891
3 1505 1873 1872
3 1873 1506 1874
3 1507 1875 1874
3 1875 2206 1876
3 1876 2206 1877
3 1878 1877 1950
3 1878 1950 1879
3 1879 1953 1880
3 1880 1953 1881
3 1882 1959 1898
3 1898 1960 1895
3 1895 1962 1896
3 1881 1954 1882
3 1899 1957 1923
3 1202 1884 1885
3 1202 1885 1886
3 1203 1886 1887
3 1204 1887 1888
3 1888 1889 1970
3 1889 1890 1971
3 1890 1891 1972
3 1891 1892 1973
3 1892 1893 1974
3 1893 1894 1951
3 1894 1923 1956
3 1882 1898 1899
3 1898 1895 1900
3 1882 1899 1923
3 1895 1896 1904
3 1898 1900 1899
3 1895 1904 1900
3 1897 1902 1907
3 1901 1907 1902
3 1896 1897 1906
3 1896 1906 1904
3 1901 1903 1917
3 1897 1907 1906
3 1901 1916 1907
3 1912 1921 1910
3 1913 1914 2082
3 1912 1913 2090
3 1912 2090 2089
3 1915 1919 1905
3 1903 1905 1918
3 1903 1918 1917
3 1915 1908 1920
3 1908 1909 1920
3 1905 1919 1918
3 1915 1920 1919
3 1901 1917 1916
3 1910 1922 1909
3 1909 1922 1920
3 1910 1921 1922
3 1912 2089 1921
3 1915 1976 1908
3 1897 1896 1966
3 1901 1902 1967
3 1897 1967 1902
3 1899 1900 1963
3 1900 1904 1964
3 1904 1906 1965
3 1901 1990 1903
3 1903 1975 1905
3 1915 1905 1977
3 1906 1907 1988
3 1907 1916 1986
3 1916 1917 1989
3 1908 1980 1909
3 1910 1909 1982
3 1910 1983 1912
3 1913 1978 1914
3 1912 1984 1913
3 1914 2004 1911
3 2003 2079 1911
3 1938 2080 2077
3 2078 2007 2077
3 2079 2005 2078
3 1918 1919 1991
3 1919 1920 1994
3 1920 1922 1992
3 1917 1918 1985
3 1921 2008 1922
3 1921 2089 2009
3 2002 2089 2090
3 1924 575 2010
3 2011 1925 1924
3 2011 1926 1925
3 2012 1927 1926
3 2013 1928 1927
3 2014 1929 1928
3 1929 2014 1930
3 2018 1931 1930
3 2081 1938 1944
3 2081 1944 1945
3 1946 1943 2049
3 1945 1946 2049
3 1506 1507 1874
3 2206 1875 1507
3 1877 2206 1949
3 1877 1949 1950
3 1950 1952 1879
3 1879 1952 1953
3 1881 1953 1954
3 1882 1954 1958
3 1882 1958 1959
3 1898 1959 1960
3 1894 1956 1955
3 1895 1960 1961
3 1895 1961 1962
3 1897 1966 1967
3 1966 1896 1962
3 1923 1957 1956
3 1899 1963 1957
3 1900 1964 1963
3 1203 1887 1204
3 1204 1888 1970
3 1889 1971 1970
3 1890 1972 1971
3 1891 1973 1972
3 1892 1974 1973
3 1893 1951 1974
3 1894 1955 1951
3 1057 1202 2202
3 1907 1986 1987
3 1918 1991 1985
3 1916 1989 1986
3 1917 1985 1989
3 1905 1975 1977
3 1915 1977 1976
3 1908 1976 1980
3 1910 1982 1983
3 1909 1981 1982
3 1909 1980 1981
3 1967 1968 1901
3 1969 1990 1901
3 1901 1968 1969
3 1903 1990 1975
3 1904 1965 1964
3 1906 1988 1965
3 1907 1987 1988
3 1995 2002 2090
3 1997 2083 2000
3 1995 2082 1998
3 1997 1998 2083
3 1919 1994 1993
3 1919 1993 1991
3 1920 1992 1994
3 1922 2008 1992
3 1921 2009 2008
3 2001 2089 2002
3 2001 2009 2089
3 1911 2004 2003
3 1979 2004 1914
3 1979 1914 1978
3 1912 1983 1984
3 1913 1984 1978
3 2078 2006 2007
3 2078 2005 2006
3 2077 2007 1938
3 2079 2003 2005
3 1990 2196 1975
3 1951 2199 1974
3 1955 2199 1951
3 1955 1956 2199
3 1956 1957 2199
3 1953 2200 1954
3 1954 2200 1958
3 1958 2200 1959
3 1959 2200 1960
3 1960 2200 1961
3 1957 1963 2199
3 1963 1964 2199
3 1965 2198 1964
3 1965 1988 2198
3 1966 1962 2201
3 1961 2201 1962
3 1966 2201 1967
3 1967 2201 1968
3 1968 2201 1969
3 1969 2201 1990
3 1202 1203 2202
3 1203 1204 2202
3 1204 1970 2202
3 1970 1971 2199
3 1971 1972 2199
3 1972 1973 2199
3 1058 2202 2203
3 1059 2203 2204
3 1060 2204 2205
3 1973 1974 2199
3 581 2011 2010
3 582 2012 2011
3 2012 2016 2013
3 582 2016 2012
3 2013 2016 2017
3 2013 2017 2014
3 2015 2014 2030
3 2014 2017 2030
3 2015 2030 2031
3 2015 2031 2018
3 2018 2032 2019
3 2018 2031 2032
3 2019 2033 2020
3 2020 2034 2021
3 2021 2035 2022
3 2019 2032 2033
3 2020 2033 2034
3 2021 2034 2035
3 2022 2036 2023
3 2023 2038 2024
3 2022 2035 2036
3 2024 2039 2025
3 2025 2040 2026
3 2023 2036 2038
3 2024 2038 2039
3 2025 2039 2040
3 2026 2041 2027
3 2027 2042 2028
3 2028 2043 2029
3 2029 2044 2037
3 2026 2040 2041
3 2027 2041 2042
3 2028 2042 2043
3 2029 2043 2044
3 2053 2071 2054
3 2057 2092 2049
3 2055 2056 2070
3 2050 2072 2056
3 2050 2054 2072
3 2055 2070 2057
3 2057 2070 2092
3 2037 2062 2058
3 2060 2065 2061
3 2058 2063 2059
3 2037 2044 2062
3 2058 2062 2063
3 2059 2064 2060
3 2059 2063 2064
3 2060 2064 2065
3 2061 2066 2045
3 2045 2067 2046
3 2046 2068 2047
3 2047 2075 2048
3 2061 2065 2066
3 2045 2066 2067
3 2046 2067 2068
3 2047 2068 2075
3 2048 2076 2052
3 2052 2076 2051
3 2053 2051 2069
3 2053 2069 2071
3 2048 2074 2076
3 2048 2075 2074
3 2051 2076 2069
3 2056 2072 2073
3 2054 2071 2072
3 2056 2073 2070
3 2013 2014 1928
3 1930 2014 2015
3 2018 1930 2015
3 1932 2018 2019
3 2019 2020 1934
3 2020 2021 1935
3 2016 2093 2017
3 2017 2094 2030
3 2030 2096 2031
3 2031 2097 2032
3 2021 2022 1936
3 2023 2110 2022
3 2023 2024 2110
3 2024 2025 2112
3 2025 2026 2114
3 2027 2115 2026
3 2027 2028 2115
3 2029 2118 2028
3 2029 2037 2119
3 2032 2098 2033
3 2033 2100 2034
3 2034 2101 2035
3 2035 2102 2036
3 2036 2104 2038
3 2038 2105 2039
3 2039 2107 2040
3 2040 2108 2041
3 2041 2109 2042
3 2042 2123 2043
3 2043 2124 2044
3 2058 2121 2037
3 2061 2145 2060
3 2061 2045 2146
3 2058 2059 2121
3 2059 2060 2143
3 2045 2046 2147
3 2047 2149 2046
3 2047 2048 2150
3 2048 2052 2153
3 2050 1940 2054
3 1942 2050 2056
3 2057 2049 1943
3 1945 2049 2081
3 1948 2056 2055
3 2057 1947 2055
3 2052 2051 2151
3 2053 2155 2051
3 2053 2054 1940
3 2070 2132 2092
3 2044 2126 2062
3 2064 2159 2065
3 2065 2160 2066
3 2066 2127 2067
3 2067 2129 2068
3 2068 2130 2075
3 2062 2156 2063
3 2063 2157 2064
3 2069 2134 2071
3 2074 2075 2136
3 2074 2135 2076
3 2069 2076 2137
3 2072 2139 2073
3 2071 2141 2072
3 2070 2073 2142
3 2077 2080 2086
3 2078 2077 2084
3 2079 2078 2088
3 1914 1911 2083
3 1911 2079 2087
3 1913 2082 2090
3 1914 2083 2082
3 1911 2087 2083
3 2079 2088 2087
3 2081 2085 2080
3 2049 2091 2081
3 2078 2084 2088
3 2077 2086 2084
3 2080 2085 2086
3 2081 2091 2085
3 2049 2092 2091
3 2081 2080 1938
3 1995 2090 2082
3 1998 2082 2083
3 2000 2083 2087
3 1996 2088 2084
3 1999 2087 2088
3 2084 2086 2187
3 2085 2186 2086
3 2091 2092 2133
3 2085 2091 2190
3 2016 585 2093
3 2017 2093 2094
3 2030 2094 2095
3 2030 2095 2096
3 2031 2096 2097
3 2032 2097 2098
3 2033 2098 2099
3 2033 2099 2100
3 2034 2100 2101
3 2035 2101 2102
3 2018 1932 1931
3 1932 2019 1933
3 2019 1934 1933
3 1935 1934 2020
3 2021 1936 1935
3 1936 2022 1937
3 2022 2110 1937
3 2024 2111 2110
3 2024 2112 2111
3 2025 2113 2112
3 2025 2114 2113
3 2026 2115 2114
3 2028 2116 2115
3 2028 2117 2116
3 2028 2118 2117
3 2029 2119 2118
3 2037 2120 2119
3 2037 2121 2120
3 2036 2102 2103
3 2036 2103 2104
3 2038 2104 2105
3 2039 2105 2106
3 2039 2106 2107
3 2040 2107 2108
3 2041 2108 2109
3 2042 2109 2122
3 2042 2122 2123
3 2043 2123 2124
3 2044 2124 2126
3 2071 2134 2141
3 2070 2142 2132
3 2092 2132 2133
3 2073 2140 2142
3 2073 2139 2140
3 2072 2141 2139
3 2059 2143 2121
3 2060 2144 2143
3 2060 2145 2144
3 2061 2146 2145
3 2045 2147 2146
3 2046 2148 2147
3 2046 2149 2148
3 2047 2150 2149
3 2052 2152 2153
3 2052 2151 2152
3 2048 2153 2150
3 1939 2053 1940
3 1942 1940 2050
3 1942 2056 1941
3 2051 2155 2154
3 2051 2154 2151
3 2155 2053 1939
3 1948 2055 1947
3 1948 1941 2056
3 2057 1943 1947
3 2062 2126 2125
3 2062 2125 2156
3 2063 2156 2157
3 2064 2157 2158
3 2064 2158 2159
3 2065 2159 2160
3 2066 2160 2127
3 2067 2127 2128
3 2067 2128 2129
3 2068 2129 2130
3 2075 2130 2131
3 2074 2136 2135
3 2076 2135 2137
3 2075 2131 2136
3 2069 2137 2138
3 2069 2138 2134
3 1924 1925 2167
3 1925 1926 2167
3 1926 1927 2167
3 1927 1928 2167
3 598 2094 2093
3 598 2095 2094
3 2095 2161 2096
3 2096 2161 2097
3 2097 2161 2098
3 2098 2161 2099
3 2099 2162 2100
3 2100 2162 2101
3 2101 2162 2102
3 2102 2162 2103
3 2103 2163 2104
3 2104 2163 2105
3 2105 2163 2106
3 2106 2164 2107
3 2107 2164 2108
3 2108 2164 2109
3 2109 2164 2122
3 1928 1929 2167
3 1929 1930 2168
3 1930 1931 2168
3 1931 1932 2168
3 1932 1933 2168
3 1934 2169 1933
3 1934 1935 2169
3 1935 1936 2169
3 1936 1937 2169
3 1937 2110 2170
3 2110 2111 2170
3 2111 2112 2170
3 2112 2113 2170
3 2113 2114 2171
3 2114 2115 2171
3 2115 2116 2171
3 2117 2172 2116
3 2117 2118 2172
3 2118 2119 2172
3 2119 2120 2172
3 2120 2121 2173
3 2121 2143 2173
3 1944 2185 1945
3 1938 2185 1944
3 2007 2185 1938
3 2127 2160 2175
3 2127 2175 2128
3 2128 2175 2129
3 2131 2176 2136
3 2129 2176 2130
3 2130 2176 2131
3 2136 2176 2135
3 2135 2177 2137
3 2137 2177 2138
3 2134 2138 2177
3 2139 2141 2178
3 2139 2178 2140
3 2142 2140 2178
3 2132 2142 2179
3 2132 2179 2133
3 2134 2178 2141
3 2143 2144 2173
3 2144 2145 2180
3 2145 2146 2180
3 2146 2147 2180
3 2148 2180 2147
3 2148 2149 2181
3 2149 2150 2181
3 2150 2153 2181
3 2153 2152 2182
3 2154 2155 2182
3 2151 2154 2182
3 2151 2182 2152
3 1940 1942 2183
3 1942 1941 2183
3 1941 1948 2184
3 2155 1939 2183
3 1939 1940 2183
3 1943 2184 1947
3 1943 1946 2184
3 1947 2184 1948
3 1945 2185 1946
3 598 2161 2095
3 2099 2161 2162
3 2103 2162 2163
3 2122 2165 2123
3 2123 2165 2124
3 2124 2166 2126
3 2125 2126 2166
3 2106 2163 2164
3 1929 2168 2167
3 1933 2169 2168
3 1937 2170 2169
3 2113 2171 2170
3 2116 2172 2171
3 2120 2173 2172
3 598 2167 2161
3 2161 2168 2162
3 2162 2169 2163
3 2122 2164 2165
3 2124 2165 2166
3 2163 2170 2164
3 2164 2171 2165
3 2165 2172 2166
3 2161 2167 2168
3 2162 2168 2169
3 2163 2169 2170
3 2164 2170 2171
3 2165 2171 2172
3 2166 2172 2173
3 2125 2166 2156
3 2156 2174 2157
3 2157 2174 2158
3 2158 2174 2159
3 2159 2175 2160
3 2129 2175 2176
3 2135 2176 2177
3 2134 2177 2178
3 2142 2178 2179
3 2144 2180 2173
3 2148 2181 2180
3 2153 2182 2181
3 1946 2185 2184
3 2007 2194 2185
3 2155 2183 2182
3 1941 2184 2183
3 2156 2166 2174
3 2159 2174 2175
3 2166 2173 2174
3 2174 2180 2175
3 2175 2181 2176
3 2176 2182 2177
3 2177 2183 2178
3 2178 2184 2179
3 2174 2173 2180
3 2175 2180 2181
3 2176 2181 2182
3 2177 2182 2183
3 2178 2183 2184
3 2179 2184 2185
3 2085 2190 2186
3 2086 2188 2187
3 2084 2187 1996
3 2086 2186 2188
3 1999 2000 2087
3 1996 1999 2088
3 2091 2133 2189
3 2091 2189 2190
3 1980 1976 2196
3 1975 2196 1977
3 1976 1977 2196
3 1980 2196 1981
3 1982 1981 2196
3 1982 2195 1983
3 1983 2195 1984
3 2001 2002 2193
3 1995 2193 2002
3 2003 2004 2194
3 1978 1984 2195
3 1979 1978 2195
3 1979 2194 2004
3 2007 2006 2194
3 2005 2194 2006
3 2003 2194 2005
3 1985 1991 2197
3 1991 1993 2197
3 1993 1994 2197
3 1986 2198 1987
3 1986 1989 2198
3 1985 2198 1989
3 1987 2198 1988
3 2008 2009 2193
3 1992 2008 2197
3 1992 2197 1994
3 2001 2193 2009
3 2186 2190 2191
3 2187 2188 2191
3 2187 2191 1996
3 2186 2191 2188
3 1997 2192 1998
3 1996 2192 1999
3 1997 2000 2192
3 1999 2192 2000
3 1995 1998 2193
3 2179 2190 2189
3 2133 2179 2189
3 1990 2201 2196
3 1953 2210 2200
3 1964 2198 2199
3 1961 2200 2201
3 1970 2199 2202
3 1998 2192 2193
3 2179 2191 2190
3 1996 2191 2192
3 1979 2195 2194
3 1982 2196 2195
3 1985 2197 2198
3 2008 2193 2197
3 2179 2185 2191
3 2191 2194 2192
3 2191 2185 2194
3 2192 2194 2195
3 2192 2195 2193
3 2193 2195 2196
3 2193 2196 2197
3 2197 2201 2198
3 2197 2196 2201
3 2198 2201 2200
3 2202 2211 2212
3 2198 2200 2199
3 2199 2211 2202
3 2199 2200 2210
3 2199 2210 2211
3 2202 2212 2203
3 2203 2213 2204
3 1207 2210 1503
3 1255 2207 2208
3 1246 2208 2207
3 1246 2209 2208
3 1338 1339 2289
3 1343 1338 2290
3 1348 1340 2291
3 1341 2292 1342
3 1346 1342 2293
3 1343 2295 1344
3 1344 2294 1341
3 1346 2297 1345
3 1347 1345 2296
3 1347 2298 1340
3 1348 2305 1349
3 1350 1349 2299
3 1350 2300 1351
3 1354 2304 1352
3 1352 2302 1355
3 1351 2301 1353
3 1354 1353 2303
3 1355 2319 1356
3 1356 2320 1357
3 1359 1357 2321
3 1358 2322 1360
3 1359 2325 1358
3 1360 2323 1361
3 1361 2324 1362
3 1362 2326 1363
3 1363 2328 1364
3 1364 2327 1365
3 1365 2329 1366
3 1367 2331 1368
3 1366 2330 1367
3 1368 2306 1369
3 1369 2307 1370
3 1370 2308 1371
3 1371 2309 1372
3 1372 2310 1373
3 1373 2311 1374
3 1374 2312 1375
3 1375 2314 1376
3 1376 2315 1377
3 1377 2313 1378
3 1378 2316 1379
3 1379 2317 1380
3 1380 2318 1436
3 1393 1382 2332
3 1381 2333 1382
3 1381 1383 2334
3 1385 2337 1390
3 1384 2335 1387
3 1385 1386 2336
3 1386 1387 2338
3 1388 1389 2340
3 1390 2341 1389
3 1388 2339 1339
3 1384 1391 2342
3 1391 1392 2343
3 1392 1393 2344
3 1396 1394 2345
3 1395 2346 1383
3 1395 1396 2347
3 1394 1397 2348
3 1397 1398 2349
3 1398 1399 2350
3 1399 1400 2351
3 1400 1401 2352
3 1401 1402 2353
3 1402 1403 2354
3 1403 1404 2355
3 1404 1405 2356
3 1405 1406 2357
3 1406 1407 2358
3 1407 1408 2359
3 1408 1409 2360
3 1409 1410 2361
3 1410 1411 2362
3 1411 1412 2363
3 1412 1413 2364
3 1413 1414 2365
3 1414 1415 2366
3 1415 1416 2367
3 1416 1417 2368
3 1417 1418 2369
3 1418 1419 2370
3 1419 1420 2371
3 1420 1421 2372
3 1421 1422 2375
3 1422 1423 2376
3 1423 1424 2373
3 1424 1425 2377
3 1425 1426 2378
3 1426 1427 2379
3 1427 1428 2380
3 1428 1429 2381
3 1429 1430 2382
3 1430 1431 2383
3 1431 1432 2384
3 1432 1433 2385
3 1433 1434 2386
3 1435 1477 2450
3 1763 1435 2387
3 1436 2391 1437
3 1437 2394 1438
3 1438 2395 1439
3 1439 2396 1440
3 1440 2397 1441
3 1441 2398 1442
3 1442 2399 1443
3 1443 2392 1444
3 1444 2393 1445
3 1445 2400 1446
3 1446 2417 1447
3 1447 2418 1448
3 1448 2419 1449
3 1449 2420 1450
3 1450 2421 1451
3 1451 2422 1452
3 1452 2423 1453
3 1453 2424 1454
3 1454 2425 1455
3 1455 2426 1456
3 1456 2427 1457
3 1457 2428 1458
3 1458 2429 1459
3 1459 2430 1460
3 1460 2431 1461
3 1461 2432 1462
3 1462 2434 1463
3 1463 2435 1464
3 1464 2433 1465
3 1465 2436 1466
3 1466 2438 1467
3 1467 2437 1468
3 1468 2439 1469
3 1469 2440 1470
3 1470 2441 1492
3 1471 2442 1472
3 1475 1472 2443
3 1473 2444 1491
3 1474 1475 2446
3 1474 2445 1473
3 1476 1479 2451
3 1476 2449 1477
3 1478 2452 1479
3 1478 1481 2453
3 1480 2454 1481
3 1480 1484 2455
3 1484 1483 2448
3 1482 2447 1483
3 1485 1486 2457
3 1487 2459 1488
3 1482 1488 2458
3 1489 1485 2456
3 1487 1489 2460
3 1490 1491 2462
3 1490 2461 1486
3 1492 2463 1494
3 1493 1494 2465
3 1493 2464 1495
3 1495 2466 1496
3 1496 2467 1497
3 1471 1498 2469
3 1497 2468 1498
3 1503 2210 1504
3 1504 2210 1505
3 1506 1505 2210
3 1506 2210 1507
3 1507 2210 2206
3 2206 2210 1949
3 1949 2210 1950
3 1950 2210 1952
3 1952 2210 1953
3 1207 2211 2210
3 1207 2212 2211
3 1205 2205 2217
3 1206 2217 2218
3 1508 2218 2652
3 1255 2208 2255
3 1245 2258 2209
3 1208 2213 2212
3 1209 2214 2213
3 1210 2215 2214
3 1211 2216 2215
3 1212 2219 2216
3 1213 2255 2219
3 1214 2232 2220
3 1215 2225 2221
3 1218 2222 2224
3 1217 2220 2223
3 1216 2223 2222
3 1219 2224 2225
3 1220 2242 2241
3 1222 2226 2242
3 1221 2221 2226
3 1232 2227 2234
3 1226 2228 2227
3 1227 2230 2229
3 1228 2233 2230
3 1229 2229 2231
3 1230 2231 2232
3 1231 2234 2233
3 1235 2236 2235
3 1225 2237 2228
3 1237 2235 2237
3 1238 2239 2238
3 1236 2238 2236
3 1233 2240 2239
3 1223 2241 2243
3 1224 2243 2244
3 1244 2244 2254
3 1240 2245 2246
3 1241 2246 2247
3 1242 2247 2248
3 1243 2248 2249
3 1251 2249 2250
3 1252 2250 2251
3 1253 2251 2252
3 1254 2252 2253
3 1254 2253 2256
3 1239 2254 2245
3 1256 2256 2257
3 1257 2257 2258
3 1261 2260 2264
3 1263 2261 2260
3 1264 2263 2262
3 1262 2262 2261
3 1265 2266 2263
3 1266 2270 2265
3 1267 2265 2267
3 1268 2267 2266
3 1269 2268 2270
3 1271 2269 2268
3 1274 2271 2280
3 1275 2272 2271
3 1276 2273 2272
3 1277 2274 2273
3 1278 2275 2274
3 1279 2281 2275
3 1280 2277 2276
3 1270 2276 2269
3 1281 2278 2277
3 1272 2279 2278
3 1273 2280 2279
3 1282 2283 2281
3 1283 2282 2283
3 1284 2284 2282
3 1285 2285 2284
3 1286 2286 2285
3 1287 2287 2286
3 1288 2288 2287
3 1289 2389 2288
3 1234 2264 2240
3 1340 2298 2291
3 1346 2293 2297
3 1342 2292 2293
3 1347 2296 2298
3 1345 2297 2296
3 1348 2291 2305
3 1349 2305 2299
3 1351 2300 2301
3 1350 2299 2300
3 1352 2304 2302
3 1353 2301 2303
3 1354 2303 2304
3 1338 2289 2290
3 1344 2295 2294
3 1341 2294 2292
3 1343 2290 2295
3 1359 2321 2325
3 1355 2302 2319
3 1356 2319 2320
3 1357 2320 2321
3 1358 2325 2322
3 1360 2322 2323
3 1361 2323 2324
3 1362 2324 2326
3 1363 2326 2328
3 1364 2328 2327
3 1365 2327 2329
3 1366 2329 2330
3 1367 2330 2331
3 1372 2309 2310
3 1373 2310 2311
3 1374 2311 2312
3 1368 2331 2306
3 1369 2306 2307
3 1370 2307 2308
3 1371 2308 2309
3 1375 2312 2314
3 1376 2314 2315
3 1377 2315 2313
3 1378 2313 2316
3 1379 2316 2317
3 1380 2317 2318
3 1436 2318 2391
3 1393 2332 2344
3 1382 2333 2332
3 1383 2346 2334
3 1381 2334 2333
3 1384 2342 2335
3 1386 2338 2336
3 1385 2336 2337
3 1387 2335 2338
3 1388 2340 2339
3 1389 2341 2340
3 1390 2337 2341
3 1339 2339 2289
3 1391 2343 2342
3 1392 2344 2343
3 1396 2345 2347
3 1394 2348 2345
3 1395 2347 2346
3 1397 2349 2348
3 1398 2350 2349
3 1399 2351 2350
3 1400 2352 2351
3 1401 2353 2352
3 1402 2354 2353
3 1403 2355 2354
3 1404 2356 2355
3 1405 2357 2356
3 1428 2381 2380
3 1429 2382 2381
3 1430 2383 2382
3 1431 2384 2383
3 1432 2385 2384
3 1433 2386 2385
3 1434 2659 2386
3 1406 2358 2357
3 1407 2359 2358
3 1408 2360 2359
3 1409 2361 2360
3 1410 2362 2361
3 1411 2363 2362
3 1412 2364 2363
3 1413 2365 2364
3 1414 2366 2365
3 1415 2367 2366
3 1417 2369 2368
3 1416 2368 2367
3 1418 2370 2369
3 1419 2371 2370
3 1420 2372 2371
3 1421 2375 2372
3 1422 2374 2375
3 1422 2376 2374
3 1423 2373 2376
3 1424 2377 2373
3 1425 2378 2377
3 1426 2379 2378
3 1427 2380 2379
3 1435 2450 2387
3 1291 2388 2390
3 1292 2401 2388
3 1290 2390 2389
3 1293 2402 2401
3 1294 2403 2402
3 1295 2404 2403
3 1296 2405 2404
3 1297 2406 2405
3 1298 2407 2406
3 1299 2408 2407
3 1300 2409 2408
3 1301 2410 2409
3 1302 2411 2410
3 1303 2412 2411
3 1304 2413 2412
3 1305 2414 2413
3 1306 2415 2414
3 1307 2416 2415
3 1308 2470 2416
3 1437 2391 2394
3 1438 2394 2395
3 1439 2395 2396
3 1440 2396 2397
3 1441 2397 2398
3 1442 2398 2399
3 1443 2399 2392
3 1444 2392 2393
3 1445 2393 2400
3 1446 2400 2417
3 1447 2417 2418
3 1448 2418 2419
3 1449 2419 2420
3 1450 2420 2421
3 1451 2421 2422
3 1452 2422 2423
3 1453 2423 2424
3 1454 2424 2425
3 1455 2425 2426
3 1456 2426 2427
3 1457 2427 2428
3 1458 2428 2429
3 1459 2429 2430
3 1460 2430 2431
3 1461 2431 2432
3 1462 2432 2434
3 1463 2434 2435
3 1464 2435 2433
3 1465 2433 2436
3 1466 2436 2438
3 1467 2438 2437
3 1468 2437 2439
3 1469 2439 2440
3 1470 2440 2441
3 1471 2469 2442
3 1472 2442 2443
3 1491 2444 2462
3 1473 2445 2444
3 1474 2446 2445
3 1475 2443 2446
3 1477 2449 2450
3 1476 2451 2449
3 1479 2452 2451
3 1478 2453 2452
3 1480 2455 2454
3 1484 2448 2455
3 1483 2447 2448
3 1481 2454 2453
3 1485 2457 2456
3 1487 2460 2459
3 1482 2458 2447
3 1488 2459 2458
3 1489 2456 2460
3 1490 2462 2461
3 1486 2461 2457
3 1494 2463 2465
3 1493 2465 2464
3 1492 2441 2463
3 1495 2464 2466
3 1496 2466 2467
3 1497 2467 2468
3 1498 2468 2469
3 1313 2481 2480
3 1314 2482 2481
3 1315 2483 2482
3 1317 2484 2483
3 1318 2485 2484
3 1318 2486 2485
3 1320 2487 2486
3 1325 2471 2470
3 1326 2472 2471
3 1327 2473 2472
3 1328 2474 2473
3 1329 2475 2474
3 1330 2476 2475
3 1309 2477 2476
3 1310 2478 2477
3 1311 2479 2478
3 1312 2480 2479
3 1321 2488 2487
3 1322 2489 2488
3 1323 2490 2489
3 1324 2491 2490
3 1331 2492 2491
3 1334 2495 2494
3 1333 2494 2492
3 1332 2493 2495
3 2208 2209 2255
3 2209 2259 2255
3 2209 2258 2259
3 2203 2212 2213
3 2204 2213 2214
3 2204 2214 2205
3 2205 2214 2215
3 2205 2215 2217
3 2217 2216 2218
3 2215 2216 2217
3 2218 2216 2219
3 2218 2219 2652
3 2219 2255 2652
3 2255 2653 2652
3 2227 2294 2234
3 2227 2228 2293
3 2228 2237 2297
3 2235 2297 2237
3 2220 2232 2340
3 2220 2341 2223
3 2222 2223 2337
3 2221 2343 2226
3 2226 2343 2242
3 2241 2242 2332
3 2241 2333 2243
3 2224 2338 2225
3 2222 2338 2224
3 2221 2225 2335
3 2229 2339 2231
3 2229 2230 2289
3 2230 2233 2290
3 2233 2234 2294
3 2231 2340 2232
3 2220 2340 2341
3 2231 2339 2340
3 2222 2337 2336
3 2222 2336 2338
3 2225 2338 2335
3 2221 2335 2342
3 2223 2341 2337
3 2251 2352 2252
3 2252 2354 2253
3 2654 2259 2368
3 2243 2333 2244
3 2244 2334 2254
3 2245 2254 2347
3 2245 2345 2246
3 2246 2348 2247
3 2247 2349 2248
3 2248 2350 2249
3 2249 2351 2250
3 2250 2352 2251
3 2253 2355 2256
3 2242 2343 2344
3 2241 2332 2333
3 2242 2344 2332
3 2245 2347 2345
3 2246 2345 2348
3 2244 2333 2334
3 2254 2346 2347
3 2254 2334 2346
3 2221 2342 2343
3 2247 2348 2349
3 2248 2349 2350
3 2249 2350 2351
3 2250 2351 2352
3 2252 2352 2353
3 2252 2353 2354
3 2253 2354 2355
3 2256 2355 2356
3 2256 2356 2257
3 2257 2356 2258
3 2259 2258 2359
3 2258 2356 2357
3 2258 2357 2358
3 2258 2358 2359
3 2259 2359 2360
3 2259 2360 2361
3 2259 2361 2362
3 2259 2362 2363
3 2259 2363 2364
3 2259 2365 2366
3 2259 2364 2365
3 2259 2366 2367
3 2259 2367 2368
3 2255 2259 2653
3 2261 2262 2303
3 2260 2261 2301
3 2239 2240 2305
3 2238 2239 2305
3 2240 2264 2300
3 2260 2300 2264
3 2235 2236 2298
3 2236 2238 2291
3 2262 2263 2304
3 2263 2266 2302
3 2266 2267 2319
3 2265 2270 2321
3 2268 2322 2270
3 2265 2321 2267
3 2266 2319 2302
3 2267 2320 2319
3 2267 2321 2320
3 2233 2295 2290
3 2233 2294 2295
3 2228 2297 2293
3 2227 2292 2294
3 2227 2293 2292
3 2236 2291 2298
3 2238 2305 2291
3 2235 2296 2297
3 2235 2298 2296
3 2230 2290 2289
3 2229 2289 2339
3 2260 2301 2300
3 2240 2299 2305
3 2240 2300 2299
3 2261 2303 2301
3 2262 2304 2303
3 2263 2302 2304
3 2271 2272 2330
3 2272 2273 2306
3 2273 2274 2306
3 2275 2281 2308
3 2274 2275 2307
3 2281 2283 2309
3 2272 2331 2330
3 2272 2306 2331
3 2274 2307 2306
3 2275 2308 2307
3 2282 2311 2310
3 2281 2309 2308
3 2283 2310 2309
3 2282 2312 2311
3 2268 2269 2323
3 2269 2276 2323
3 2276 2277 2326
3 2277 2278 2328
3 2278 2279 2328
3 2279 2280 2329
3 2271 2329 2280
3 2270 2325 2321
3 2270 2322 2325
3 2268 2323 2322
3 2276 2324 2323
3 2276 2326 2324
3 2277 2328 2326
3 2279 2327 2328
3 2279 2329 2327
3 2271 2330 2329
3 2285 2314 2312
3 2285 2286 2314
3 2282 2310 2283
3 2282 2284 2312
3 2284 2285 2312
3 2286 2287 2315
3 2287 2288 2313
3 2288 2389 2317
3 2405 2406 2398
3 2389 2390 2317
3 2388 2318 2390
3 2388 2401 2391
3 2401 2402 2395
3 2402 2403 2396
3 2403 2404 2396
3 2404 2405 2398
3 2390 2318 2317
3 2286 2315 2314
3 2287 2313 2315
3 2288 2316 2313
3 2288 2317 2316
3 2388 2391 2318
3 2401 2394 2391
3 2401 2395 2394
3 2402 2396 2395
3 2404 2397 2396
3 2404 2398 2397
3 2406 2399 2398
3 2406 2392 2399
3 2416 2423 2422
3 2470 2424 2423
3 2408 2393 2392
3 2409 2400 2393
3 2409 2417 2400
3 2411 2418 2417
3 2412 2419 2418
3 2413 2420 2419
3 2414 2421 2420
3 2415 2422 2421
3 2406 2407 2392
3 2407 2408 2392
3 2408 2409 2393
3 2409 2410 2417
3 2410 2411 2417
3 2411 2412 2418
3 2412 2413 2419
3 2413 2414 2420
3 2414 2415 2421
3 2415 2416 2422
3 2416 2470 2423
3 2470 2471 2425
3 2471 2472 2425
3 2472 2473 2426
3 2473 2474 2427
3 2470 2425 2424
3 2746 2446 2443
3 2747 2445 2446
3 2720 2462 2444
3 2719 2444 2445
3 2726 2457 2461
3 2725 2456 2457
3 2720 2461 2462
3 2472 2426 2425
3 2473 2427 2426
3 2474 2428 2427
3 2475 2429 2428
3 2476 2430 2429
3 2477 2431 2430
3 2478 2432 2431
3 2478 2434 2432
3 2480 2435 2434
3 2480 2433 2435
3 2481 2436 2433
3 2483 2438 2436
3 2484 2437 2438
3 2484 2439 2437
3 2486 2440 2439
3 2475 2476 2429
3 2476 2477 2430
3 2474 2475 2428
3 2477 2478 2431
3 2478 2479 2434
3 2479 2480 2434
3 2480 2481 2433
3 2481 2482 2436
3 2482 2483 2436
3 2483 2484 2438
3 2484 2485 2439
3 2485 2486 2439
3 2490 2464 2465
3 2487 2441 2440
3 2488 2463 2441
3 2489 2465 2463
3 2491 2466 2464
3 2492 2467 2466
3 2495 2469 2468
3 2494 2468 2467
3 2493 2442 2469
3 2493 2443 2442
3 2486 2487 2440
3 2487 2488 2441
3 2488 2489 2463
3 2489 2490 2465
3 2490 2491 2464
3 2491 2492 2466
3 2494 2495 2468
3 2492 2494 2467
3 2493 2469 2495
3 2745 2746 2443
3 2493 2745 2443
3 2746 2747 2446
3 1434 1733 2659
3 1733 1734 2660
3 1734 1735 2661
3 1736 1737 2664
3 1737 1738 2663
3 1735 1736 2662
3 1738 1739 2677
3 1739 1740 2678
3 1740 1741 2679
3 1741 1742 2683
3 1742 1743 2680
3 1743 1744 2681
3 1744 1745 2682
3 1745 1746 2684
3 1746 1747 2685
3 1747 1748 2686
3 1748 1749 2687
3 1749 1750 2688
3 1750 1751 2689
3 1751 1752 2665
3 1752 1753 2666
3 1753 1754 2667
3 1756 2669 1755
3 1756 1758 2672
3 1754 1757 2670
3 1757 1755 2668
3 1758 1759 2673
3 1760 2671 1761
3 1759 1761 2674
3 1760 1762 2675
3 1762 1763 2676
3 1523 2497 2651
3 1529 2703 2497
3 1509 2652 2653
3 1510 2653 2654
3 1512 2655 2656
3 1511 2654 2655
3 1513 2656 2657
3 1514 2657 2658
3 1515 2658 2693
3 1526 2651 2690
3 1516 2693 2694
3 1733 2660 2659
3 1734 2661 2660
3 1735 2662 2661
3 1736 2664 2662
3 1737 2663 2664
3 1738 2677 2663
3 1739 2678 2677
3 1741 2683 2679
3 1740 2679 2678
3 1742 2680 2683
3 1743 2681 2680
3 1744 2682 2681
3 1745 2684 2682
3 1746 2685 2684
3 1747 2686 2685
3 1748 2687 2686
3 1749 2688 2687
3 1750 2689 2688
3 1751 2665 2689
3 1754 2670 2667
3 1755 2669 2668
3 1756 2672 2669
3 1757 2668 2670
3 1752 2666 2665
3 1753 2667 2666
3 1758 2673 2672
3 1759 2674 2673
3 1761 2671 2674
3 1762 2676 2675
3 1760 2675 2671
3 1763 2387 2676
3 1527 2690 2691
3 1528 2691 2692
3 1530 2707 2695
3 1532 2695 2696
3 1533 2696 2697
3 1535 2697 2698
3 1534 2698 2699
3 1531 2701 2700
3 1537 2702 2704
3 1528 2692 2702
3 1539 2704 2705
3 1529 2700 2703
3 1539 2705 2706
3 1540 2706 2707
3 1544 2699 2709
3 1544 2709 2710
3 1542 2710 2708
3 1543 2708 2711
3 1545 2711 2712
3 1547 2712 2713
3 1549 2714 2733
3 1550 2715 2717
3 1551 2716 2715
3 1546 2713 2716
3 1548 2718 2714
3 1552 2717 2718
3 1553 2719 2747
3 1554 2720 2719
3 1555 2723 2722
3 1557 2722 2721
3 1556 2721 2725
3 1560 2726 2724
3 1559 2725 2726
3 1558 2724 2720
3 1561 2727 2729
3 1562 2729 2728
3 1566 2732 2731
3 1564 2730 2734
3 1565 2731 2730
3 1562 2728 2732
3 1567 2733 2727
3 1568 2734 2723
3 1541 2735 2701
3 1569 2736 2735
3 1570 2741 2736
3 1517 2694 2738
3 1518 2738 2737
3 1519 2737 2739
3 1521 2740 2743
3 1520 2739 2740
3 1522 2743 2744
3 1571 2742 2741
3 1587 1808 2750
3 1808 1809 2750
3 1809 1810 2750
3 1810 1811 2750
3 1805 2751 1806
3 1806 2751 1807
3 1807 2751 1814
3 1814 2751 1815
3 1815 2751 1816
3 1582 2745 2493
3 1583 2747 2746
3 1583 2746 2745
3 1811 1812 2750
3 1812 1813 2750
3 1813 2498 2750
3 2498 2505 2750
3 1585 2749 2748
3 2505 2506 2750
3 2506 2507 2750
3 1586 2750 2749
3 1816 2751 1817
3 1817 2751 1818
3 1573 2744 2751
3 1818 2751 1819
3 1819 2752 2499
3 2499 2752 2500
3 2500 2752 2501
3 2501 2752 2502
3 2502 2752 2503
3 2503 2752 2504
3 2504 2752 2512
3 2507 2508 2754
3 2508 2509 2754
3 2509 2510 2754
3 2510 2511 2754
3 2511 2518 2754
3 1572 2748 2742
3 2512 2752 2513
3 2513 2752 2514
3 2514 2753 2515
3 2515 2753 2516
3 2516 2753 2517
3 2517 2753 2527
3 2527 2753 2531
3 2518 2519 2754
3 2519 2520 2754
3 2521 2755 2520
3 2521 2522 2755
3 2522 2523 2755
3 2523 2524 2755
3 2524 2525 2755
3 2525 2526 2755
3 2526 2528 2756
3 2528 2529 2756
3 2529 2530 2756
3 2530 2536 2756
3 2531 2758 2532
3 2532 2758 2533
3 2533 2758 2534
3 2534 2758 2535
3 2535 2758 2539
3 2539 2759 2540
3 2536 2537 2757
3 2537 2538 2757
3 2538 2549 2757
3 2549 2550 2757
3 1862 2499 2500
3 2500 2501 2583
3 2501 2502 2584
3 2502 2503 2585
3 2503 2504 2586
3 2504 2512 2587
3 1869 2505 2498
3 2505 2588 2506
3 2506 2589 2507
3 2507 2590 2508
3 2508 2590 2509
3 2509 2591 2510
3 2510 2592 2511
3 2511 2593 2518
3 2512 2513 2594
3 2513 2514 2595
3 2514 2515 2595
3 2515 2516 2597
3 2516 2517 2601
3 2518 2596 2519
3 2519 2598 2520
3 2521 2520 2599
3 2521 2600 2522
3 2522 2600 2523
3 2523 2605 2524
3 2524 2606 2525
3 2525 2607 2526
3 2526 2608 2528
3 2517 2527 2602
3 2527 2531 2603
3 1862 2500 2583
3 2501 2584 2583
3 2502 2585 2584
3 2503 2586 2585
3 2504 2587 2586
3 2512 2594 2587
3 1869 2583 2584
3 2584 2585 2588
3 2585 2586 2589
3 2588 2505 1869
3 2506 2588 2589
3 2507 2589 2590
3 2509 2590 2591
3 2510 2591 2592
3 2511 2592 2593
3 2588 1869 2584
3 2585 2589 2588
3 2586 2590 2589
3 2586 2587 2590
3 2587 2591 2590
3 2587 2592 2591
3 2587 2594 2592
3 2593 2592 2594
3 2513 2595 2594
3 2515 2597 2595
3 2518 2593 2596
3 2519 2596 2598
3 2520 2598 2599
3 2516 2601 2597
3 2521 2599 2600
3 2517 2602 2601
3 2527 2603 2602
3 2531 2604 2603
3 2523 2600 2605
3 2524 2605 2606
3 2525 2606 2607
3 2526 2607 2608
3 2593 2594 2595
3 2593 2595 2597
3 2596 2593 2597
3 2598 2596 2601
3 2596 2597 2601
3 2598 2602 2599
3 2598 2601 2602
3 2600 2599 2602
3 2600 2602 2603
3 2603 2604 2605
3 2604 2609 2606
3 2605 2600 2603
3 2604 2606 2605
3 2607 2606 2609
3 2528 2608 2529
3 2530 2529 2620
3 2530 2620 2536
3 2536 2620 2537
3 2537 2621 2538
3 2531 2532 2604
3 2532 2533 2604
3 2533 2534 2609
3 2534 2535 2610
3 2535 2539 2612
3 2539 2540 2612
3 2540 2541 2613
3 2541 2542 2614
3 2542 2543 2615
3 2543 2544 2616
3 2544 2545 2616
3 2545 2546 2617
3 2546 2547 2629
3 2533 2609 2604
3 2534 2610 2609
3 2535 2612 2610
3 2529 2608 2611
3 2529 2611 2620
3 2540 2613 2612
3 2541 2614 2613
3 2542 2615 2614
3 2543 2616 2615
3 2607 2609 2610
3 2608 2607 2610
3 2608 2610 2612
3 2608 2612 2611
3 2611 2612 2613
3 2611 2613 2620
3 2613 2614 2620
3 2615 2621 2620
3 2614 2615 2620
3 2615 2616 2622
3 2545 2617 2616
3 2546 2629 2617
3 2538 2622 2549
3 2549 2623 2550
3 2550 2624 2551
3 2551 2624 2552
3 2552 2626 2553
3 2553 2627 2554
3 2554 2627 2555
3 2555 2628 2556
3 2556 2633 2558
3 2558 2634 2559
3 2559 2635 2560
3 2560 2635 2561
3 2561 2641 2562
3 2547 2548 2630
3 2548 2557 2630
3 2557 2564 2631
3 2564 2565 2632
3 2565 2566 2636
3 2567 2636 2566
3 2567 2568 2637
3 2568 2569 2638
3 2569 2618 2639
3 2618 2619 2639
3 2619 2772 2640
3 2562 2642 2563
3 2563 2643 2570
3 2570 2643 2571
3 2571 2644 2572
3 2572 2645 2573
3 2573 2647 2574
3 2574 2647 2575
3 2575 2648 2576
3 2576 2649 2577
3 2577 2650 2578
3 2578 2650 2579
3 2579 2650 2580
3 2580 5195 2581
3 2581 5195 2582
3 2537 2620 2621
3 2538 2621 2622
3 2549 2622 2623
3 2550 2623 2624
3 2552 2624 2625
3 2552 2625 2626
3 2553 2626 2627
3 2555 2627 2628
3 2615 2622 2621
3 2616 2623 2622
3 2617 2624 2623
3 2616 2617 2623
3 2617 2629 2624
3 2625 2624 2629
3 2625 2631 2626
3 2547 2630 2629
3 2557 2631 2630
3 2564 2632 2631
3 2556 2628 2633
3 2558 2633 2634
3 2559 2634 2635
3 2561 2635 2641
3 2565 2636 2632
3 2567 2637 2636
3 2568 2638 2637
3 2569 2639 2638
3 2619 2640 2639
3 2640 2772 2646
3 2625 2629 2630
3 2625 2630 2631
3 2627 2626 2631
3 2627 2631 2632
3 2628 2627 2632
3 2633 2628 2636
3 2628 2632 2636
3 2634 2633 2637
3 2633 2636 2637
3 2635 2634 2638
3 2641 2635 2639
3 2634 2637 2638
3 2635 2638 2639
3 2641 2639 2640
3 2562 2641 2642
3 2563 2642 2643
3 2571 2643 2644
3 2572 2644 2645
3 2573 2645 2647
3 2575 2647 2648
3 2576 2648 2649
3 2577 2649 2650
3 2580 2650 5194
3 2580 5194 5195
3 2640 2642 2641
3 2643 2642 2646
3 2640 2646 2642
3 2644 2643 2786
3 2645 2644 2787
3 2645 2788 2647
3 2643 2646 2786
3 2644 2786 2787
3 2645 2787 2788
3 2647 2788 2789
3 2648 2647 2789
3 2649 2648 2790
3 2649 2791 2650
3 5194 2650 2792
3 2497 2703 2651
3 2259 2654 2653
3 2654 2374 2655
3 2654 2369 2370
3 2368 2369 2654
3 2654 2370 2371
3 2654 2372 2375
3 2654 2371 2372
3 2654 2375 2374
3 2657 2374 2376
3 2374 2657 2655
3 2657 2661 2658
3 2657 2656 2655
3 2651 2703 2690
3 2657 2379 2380
3 2657 2380 2381
3 2657 2381 2382
3 2657 2382 2383
3 2657 2383 2384
3 2657 2384 2385
3 2657 2386 2659
3 2657 2385 2386
3 2661 2657 2660
3 2657 2659 2660
3 2657 2376 2373
3 2657 2373 2377
3 2657 2377 2378
3 2657 2378 2379
3 2661 2662 2658
3 2658 2662 2664
3 2658 2663 2677
3 2658 2664 2663
3 2658 2677 2678
3 2658 2678 2679
3 2658 2679 2683
3 2690 2680 2691
3 2690 2693 2683
3 2696 2689 2665
3 2697 2665 2666
3 2698 2666 2667
3 2699 2667 2670
3 2710 2668 2669
3 2710 2670 2668
3 2708 2669 2672
3 2711 2672 2673
3 2690 2683 2680
3 2691 2680 2681
3 2702 2682 2684
3 2692 2681 2682
3 2704 2684 2685
3 2705 2685 2686
3 2707 2687 2688
3 2706 2686 2687
3 2695 2688 2689
3 2695 2689 2696
3 2696 2665 2697
3 2697 2666 2698
3 2699 2670 2709
3 2698 2667 2699
3 2709 2670 2710
3 2691 2681 2692
3 2692 2682 2702
3 2702 2684 2704
3 2704 2685 2705
3 2705 2686 2706
3 2706 2687 2707
3 2695 2707 2688
3 2658 2683 2693
3 2690 2703 2693
3 2693 2703 2694
3 2694 2703 2700
3 2700 2701 2738
3 2694 2700 2738
3 2733 2449 2451
3 2714 2450 2449
3 2727 2451 2452
3 2729 2452 2453
3 2717 2676 2387
3 2716 2671 2675
3 2713 2674 2671
3 2713 2673 2674
3 2715 2675 2676
3 2718 2387 2450
3 2734 2447 2458
3 2730 2448 2447
3 2723 2458 2459
3 2731 2455 2448
3 2732 2454 2455
3 2728 2453 2454
3 2721 2460 2456
3 2722 2459 2460
3 2731 2732 2455
3 2727 2733 2451
3 2728 2729 2453
3 2727 2452 2729
3 2728 2454 2732
3 2712 2673 2713
3 2708 2710 2669
3 2708 2672 2711
3 2711 2673 2712
3 2713 2671 2716
3 2715 2716 2675
3 2715 2676 2717
3 2714 2718 2450
3 2717 2387 2718
3 2714 2449 2733
3 2721 2722 2460
3 2724 2726 2461
3 2719 2445 2747
3 2719 2720 2444
3 2720 2724 2461
3 2725 2457 2726
3 2721 2456 2725
3 2723 2734 2458
3 2730 2731 2448
3 2730 2447 2734
3 2722 2723 2459
3 2701 2735 2737
3 2701 2737 2738
3 2735 2739 2737
3 2735 2736 2739
3 2736 2740 2739
3 2740 2736 2741
3 2741 2742 2743
3 2740 2741 2743
3 2742 2744 2743
3 2507 2754 2750
3 1819 2751 2752
3 2520 2755 2754
3 2540 2759 2541
3 2541 2759 2542
3 2542 2759 2543
3 2543 2759 2544
3 2544 2760 2545
3 2545 2760 2546
3 2546 2760 2547
3 2547 2760 2548
3 2514 2752 2753
3 2531 2753 2758
3 2526 2756 2755
3 2536 2757 2756
3 2539 2758 2759
3 2544 2759 2760
3 2548 2760 2761
3 2550 2551 2762
3 2551 2552 2763
3 2552 2553 2763
3 2553 2554 2763
3 2554 2555 2763
3 2555 2556 2764
3 2556 2558 2764
3 2558 2559 2764
3 2559 2560 2764
3 2560 2561 2766
3 2562 2766 2561
3 2562 2563 2766
3 2563 2570 2766
3 2548 2761 2557
3 2557 2761 2564
3 2564 2761 2565
3 2565 2761 2566
3 2567 2566 2765
3 2567 2765 2568
3 2568 2765 2569
3 2569 2765 2618
3 2570 2571 2768
3 2571 2572 2768
3 2572 2573 2768
3 2573 2574 2768
3 2574 2575 2769
3 2575 2576 2769
3 2576 2577 2769
3 2577 2578 2769
3 2579 2770 2578
3 2579 2580 2770
3 2580 2581 2770
3 2581 2582 2771
3 2582 5110 2771
3 2550 2762 2757
3 2551 2763 2762
3 2555 2764 2763
3 2560 2766 2764
3 2570 2768 2766
3 2566 2761 2765
3 2618 2765 2767
3 2578 2770 2769
3 2581 2771 2770
3 2574 2769 2768
3 2748 2749 2751
3 2749 2752 2751
3 2749 2750 2752
3 2753 2750 2754
3 2750 2753 2752
3 2753 2754 2758
3 2754 2755 2758
3 2756 2759 2755
3 2755 2759 2758
3 2756 2757 2760
3 2760 2757 2762
3 2756 2760 2759
3 2760 2762 2761
3 2742 2748 2744
3 2744 2748 2751
3 2761 2762 2763
3 2763 2764 2765
3 2761 2763 2765
3 2764 2767 2765
3 2764 2766 2767
3 2766 2768 2794
3 2766 2794 2767
3 2768 2769 2795
3 2768 2795 2794
3 2770 2796 2769
3 2769 2796 2795
3 2770 2797 2796
3 2770 2771 2797
3 2771 5300 2797
3 2618 2767 2619
3 2619 2767 2772
3 2772 2794 2774
3 2773 2774 2794
3 2773 2794 2775
3 2646 2772 2774
3 2646 2774 2773
3 2775 2794 2776
3 2776 2795 2777
3 2777 2795 2778
3 2773 2775 2786
3 2775 2776 2787
3 2776 2777 2788
3 2777 2778 2788
3 2778 2779 2789
3 2779 2780 2790
3 2780 2781 2791
3 2781 2782 2791
3 2782 2783 2792
3 2783 2785 2793
3 2784 2793 2785
3 2784 5267 5286
3 2767 2794 2772
3 2778 2795 2779
3 2779 2795 2780
3 2780 2796 2781
3 2781 2796 2782
3 2782 2796 2783
3 2783 2797 2785
3 2784 2785 2797
3 2784 2797 5267
3 2776 2794 2795
3 2780 2795 2796
3 2783 2796 2797
3 2646 2773 2786
3 2775 2787 2786
3 2776 2788 2787
3 2778 2789 2788
3 2779 2790 2789
3 2780 2791 2790
3 2782 2792 2791
3 2783 2793 2792
3 2784 5286 2793
3 2648 2789 2790
3 2649 2790 2791
3 2650 2791 2792
3 2792 2793 5194
3 2798 2799 2808
3 2799 2800 2809
3 2800 2801 2810
3 2801 2802 2811
3 2802 2803 2812
3 166 2853 2798
3 2798 2855 2799
3 2799 2856 2800
3 2800 2860 2801
3 2801 2861 2802
3 2802 2862 2803
3 2803 2864 2804
3 2804 2868 2805
3 2805 2869 2806
3 2806 2871 2807
3 2807 2872 2817
3 2817 2873 2818
3 206 2798 2808
3 2799 2809 2808
3 2800 2810 2809
3 2801 2811 2810
3 2802 2812 2811
3 2803 2804 2813
3 2803 2813 2812
3 2804 2805 2814
3 2805 2806 2815
3 2804 2814 2813
3 2805 2815 2814
3 2806 2816 2815
3 2806 2807 2816
3 2807 2817 2823
3 2807 2823 2816
3 2817 2824 2823
3 2817 2818 2824
3 2818 2819 2825
3 2819 2820 2826
3 2820 2821 2827
3 2818 2825 2824
3 2819 2826 2825
3 2820 2827 2826
3 2821 2822 2828
3 2821 2828 2827
3 2822 2829 2830
3 2829 2835 2831
3 2822 2830 2828
3 2829 2831 2830
3 2832 2835 2836
3 2831 2835 2832
3 2832 2836 2833
3 206 2808 2884
3 2808 2809 2886
3 2809 2810 2887
3 2810 2811 2889
3 2812 2894 2811
3 2813 2896 2812
3 2813 2814 2896
3 2814 2815 2898
3 2816 2901 2815
3 2816 2823 2901
3 2818 2875 2819
3 2819 2907 2820
3 2820 2908 2821
3 2821 2909 2822
3 2822 2920 2829
3 2824 2906 2823
3 2824 2825 2906
3 2826 2913 2825
3 2827 2914 2826
3 2828 2914 2827
3 2828 2830 2915
3 2831 2918 2830
3 2831 2832 2919
3 2832 2833 2919
3 2834 3026 2833
3 2833 2836 2837
3 2834 2837 2838
3 2833 2837 2834
3 2838 2839 2840
3 2834 2838 2840
3 2839 2844 2840
3 2839 2841 2844
3 2841 2845 2844
3 2841 2842 2845
3 2842 2846 2845
3 2843 2847 2846
3 2847 2848 2939
3 2842 2843 2846
3 2843 2848 2847
3 2848 2849 2939
3 2849 2940 2939
3 2849 2850 2940
3 2829 2921 2835
3 2835 2923 2836
3 2836 2924 2837
3 2837 2926 2838
3 2838 2927 2839
3 2840 3027 2834
3 2840 2844 3028
3 2839 2928 2841
3 2841 2929 2842
3 2842 2931 2843
3 2843 2932 2848
3 2844 2845 3030
3 2846 3030 2845
3 2847 3031 2846
3 2847 2939 3033
3 2848 2933 2849
3 2849 2934 2850
3 2850 2936 2941
3 2936 2948 2941
3 166 2852 2853
3 2798 2853 2854
3 2798 2854 2855
3 2799 2855 2856
3 2800 2856 2860
3 2801 2860 2859
3 2801 2859 2861
3 2802 2861 2862
3 2803 2862 2863
3 2803 2863 2864
3 2804 2864 2868
3 2805 2868 2869
3 2806 2869 2870
3 2806 2870 2871
3 2807 2871 2872
3 2817 2872 2873
3 2818 2873 2874
3 2818 2874 2875
3 232 2851 2852
3 2851 2853 2852
3 2851 2854 2853
3 2851 2855 2854
3 2851 2857 2855
3 2855 2857 2856
3 2856 2857 2860
3 2857 2858 2861
3 2857 2859 2860
3 2857 2861 2859
3 2858 2865 2864
3 2858 2862 2861
3 2858 2863 2862
3 2858 2864 2863
3 2864 2865 2868
3 2865 2866 2871
3 2866 2867 2875
3 2865 2869 2868
3 2865 2870 2869
3 2865 2871 2870
3 2866 2872 2871
3 2866 2873 2872
3 2866 2874 2873
3 2866 2875 2874
3 2867 2907 2875
3 2867 2877 2908
3 2867 2908 2907
3 2877 2909 2908
3 2877 2910 2909
3 2877 2878 2922
3 2877 2920 2910
3 2877 2921 2920
3 2877 2922 2921
3 2878 2879 2927
3 2879 2880 2930
3 2808 2885 2884
3 2808 2886 2885
3 2809 2887 2886
3 2810 2889 2887
3 2811 2890 2889
3 2811 2891 2890
3 2891 2811 2894
3 2812 2895 2894
3 2812 2896 2895
3 2814 2899 2896
3 2814 2898 2899
3 2815 2900 2898
3 2815 2901 2900
3 2819 2875 2907
3 2820 2907 2908
3 2821 2908 2909
3 2822 2909 2910
3 2822 2910 2920
3 2823 2905 2901
3 2823 2904 2905
3 2823 2906 2904
3 2825 2911 2906
3 2825 2912 2911
3 2825 2913 2912
3 2826 2914 2913
3 2828 2915 2914
3 2915 2830 2916
3 2830 2917 2916
3 2830 2918 2917
3 2831 2919 2918
3 2833 3024 2919
3 2833 3025 3024
3 2833 3026 3025
3 2884 2885 292
3 2885 2888 292
3 2885 2886 2888
3 292 2888 2890
3 2886 2887 2888
3 2887 2889 2888
3 2889 2890 2888
3 2892 2890 2891
3 2891 2894 2892
3 2892 2894 2893
3 2893 2895 2897
3 2893 2894 2895
3 2895 2896 2897
3 2897 2896 2899
3 2897 2899 2898
3 2897 2898 2900
3 2897 2900 2902
3 2900 2901 2902
3 2902 2905 2903
3 2876 2903 2912
3 2902 2901 2905
3 2903 2905 2904
3 2903 2904 2906
3 2903 2906 2911
3 2903 2911 2912
3 2876 2912 2913
3 2876 2916 3015
3 2876 2913 2914
3 2876 2914 2915
3 2876 2915 2916
3 2916 2917 3015
3 2917 2918 3015
3 2918 2919 3015
3 2829 2920 2921
3 2835 2921 2922
3 2835 2922 2923
3 2836 2923 2924
3 2837 2924 2925
3 2837 2925 2926
3 2838 2926 2927
3 2839 2927 2928
3 2841 2928 2929
3 2842 2929 2930
3 2842 2930 2931
3 2843 2931 2932
3 2848 2932 2933
3 2849 2933 2934
3 2834 3027 3026
3 2840 3028 3027
3 2844 3029 3028
3 2844 3030 3029
3 3030 2846 3031
3 2847 3032 3031
3 2847 3033 3032
3 2940 3034 3033
3 2850 2934 2935
3 2850 2935 2936
3 2936 2937 2948
3 2878 2923 2922
3 2878 2924 2923
3 2878 2925 2924
3 2878 2926 2925
3 2878 2927 2926
3 2879 2928 2927
3 2879 2929 2928
3 2879 2930 2929
3 2880 2931 2930
3 2880 2932 2931
3 2880 2933 2932
3 2880 2934 2933
3 2880 2881 2936
3 2881 2882 2994
3 2880 2935 2934
3 2880 2936 2935
3 2881 2937 2936
3 2882 2883 3005
3 2881 2990 2937
3 2881 2991 2990
3 2881 2992 2991
3 2881 2993 2992
3 2881 2994 2993
3 2882 2995 2994
3 2882 2996 2995
3 2882 2997 2996
3 2882 2998 2997
3 2882 2999 2998
3 2850 2942 2940
3 2941 2943 2942
3 2850 2941 2942
3 2941 2948 2943
3 2944 2948 2949
3 2943 2948 2944
3 2944 2949 2945
3 2945 2950 2946
3 2946 2950 2947
3 2947 2952 2954
3 2945 2949 2950
3 2947 2950 2951
3 2947 2951 2952
3 2952 2953 2954
3 2953 2955 2954
3 2953 2956 2955
3 2953 2958 2956
3 2956 2959 2957
3 2956 2958 2959
3 2959 2960 2961
3 2957 2959 2961
3 2961 2964 2962
3 2960 2964 2961
3 2962 2964 2963
3 2963 2965 2967
3 2963 2964 2965
3 2965 2966 2967
3 2940 3033 2939
3 2940 2942 3035
3 2943 3207 2942
3 2944 3208 2943
3 2944 2945 3209
3 2946 3212 2945
3 2946 2947 3213
3 2954 3214 2947
3 2948 2937 2949
3 2949 2990 2950
3 2950 2992 2951
3 2951 2993 2952
3 2952 2994 2953
3 2953 2995 2958
3 2954 2955 3214
3 2955 2956 3216
3 2957 3217 2956
3 2958 2996 2959
3 2959 2998 2960
3 2960 2998 2964
3 2961 3219 2957
3 2961 2962 3219
3 2962 2963 3221
3 2967 3221 2963
3 2964 3001 2965
3 2965 3002 2966
3 2966 3002 2970
3 2966 2970 2967
3 2967 2970 2968
3 2968 2971 2969
3 2968 2970 2971
3 2969 2971 2972
3 2971 2975 2972
3 2972 2975 2976
3 2972 2976 2973
3 2973 2977 2974
3 2973 2976 2977
3 2974 2977 2978
3 2977 2981 2978
3 2978 2982 2979
3 2979 2982 2980
3 2980 2982 2983
3 2980 2983 2987
3 2978 2981 2982
3 2980 2987 2984
3 2984 2988 2985
3 2984 2987 2988
3 2985 2989 2986
3 2985 2988 2989
3 2967 2968 3223
3 2969 3224 2968
3 2969 2972 3224
3 2970 3003 2971
3 2971 3004 2975
3 2972 2973 3225
3 2973 2974 3226
3 2978 3228 2974
3 2975 3005 2976
3 2976 3007 2977
3 2977 3007 2981
3 2979 3229 2978
3 2980 3229 2979
3 2984 3232 2980
3 2981 3008 2982
3 2982 3009 2983
3 2983 3011 2987
3 2984 2985 3231
3 2985 2986 3233
3 2986 3676 3234
3 2987 3012 2988
3 2988 3013 2989
3 2940 3035 3034
3 2942 3207 3035
3 2943 3208 3207
3 2944 3209 3208
3 2945 3210 3209
3 2945 3211 3210
3 2945 3212 3211
3 2946 3213 3212
3 2947 3214 3213
3 2949 2937 2990
3 2950 2990 2991
3 2950 2991 2992
3 2951 2992 2993
3 2952 2993 2994
3 2953 2994 2995
3 2958 2995 2996
3 2955 3215 3214
3 2955 3216 3215
3 2959 2996 2997
3 2956 3217 3216
3 2957 3218 3217
3 2957 3219 3218
3 2959 2997 2998
3 2964 2998 2999
3 2962 3220 3219
3 2962 3221 3220
3 2967 3222 3221
3 2964 2999 3000
3 2964 3000 3001
3 2965 3001 3002
3 2970 3002 3003
3 2882 3000 2999
3 2882 3001 3000
3 2882 3002 3001
3 2882 3003 3002
3 2882 3004 3003
3 2882 3005 3004
3 2883 3006 3005
3 2883 3007 3006
3 2883 3008 3007
3 2883 3010 3008
3 2967 3223 3222
3 2968 3224 3223
3 2972 3225 3224
3 2971 3003 3004
3 2975 3004 3005
3 2973 3226 3225
3 2974 3227 3226
3 2974 3228 3227
3 2978 3229 3228
3 2976 3005 3006
3 2976 3006 3007
3 2981 3007 3008
3 2980 3230 3229
3 2980 3232 3230
3 2984 3231 3232
3 2982 3008 3010
3 2982 3010 3009
3 2983 3009 3011
3 2985 3233 3231
3 2986 3234 3233
3 3234 3677 3235
3 2987 3011 3012
3 2988 3012 3013
3 2989 3013 3014
3 2883 3839 3010
3 2883 2938 3895
3 2897 2902 3036
3 2902 2903 3036
3 3037 11 3038
3 3038 11 3043
3 3043 11 3044
3 3044 11 3045
3 3045 11 3046
3 3046 11 3101
3 3101 11 3102
3 3102 11 3103
3 3103 11 3104
3 3104 11 3105
3 3105 11 3106
3 3106 11 3107
3 2876 3036 2903
3 2876 3015 3036
3 3020 3022 3021
3 3015 3016 3036
3 3016 3017 3036
3 3017 3018 3036
3 3018 3019 3036
3 3019 3020 3036
3 3020 3021 3036
3 3021 3022 3036
3 3022 3023 3036
3 3023 3039 3036
3 2892 3036 424
3 3015 2919 3024
3 3015 3024 3025
3 2893 3036 2892
3 2893 2897 3036
3 424 3036 423
3 3015 3025 3016
3 3016 3029 3017
3 3016 3025 3026
3 3016 3026 3027
3 3016 3027 3028
3 3016 3028 3029
3 3017 3029 3030
3 3017 3030 3031
3 3017 3034 3018
3 3018 3211 3019
3 3019 3218 3020
3 3017 3031 3032
3 3017 3032 3033
3 3017 3033 3034
3 3018 3034 3035
3 3018 3035 3207
3 3018 3207 3208
3 3018 3208 3209
3 3018 3209 3210
3 3018 3210 3211
3 3019 3211 3212
3 3019 3212 3213
3 3019 3213 3214
3 3019 3214 3215
3 3019 3215 3216
3 3107 11 3108
3 3108 11 3109
3 3109 11 3430
3 3430 11 3431
3 3431 11 3432
3 3432 11 3433
3 3433 11 3434
3 3434 11 3435
3 3435 11 3440
3 3440 11 3441
3 3441 11 3442
3 3203 3453 11
3 3442 11 3451
3 3451 11 3452
3 3452 11 3453
3 3042 3047 3062
3 3047 3083 3088
3 3047 3048 3083
3 3048 3090 3089
3 3048 3091 3090
3 3048 3092 3091
3 3048 3094 3093
3 3048 3093 3092
3 3048 3049 3095
3 3048 3095 3094
3 3049 3096 3095
3 3049 3097 3096
3 3049 3098 3097
3 3049 3099 3098
3 3049 3100 3099
3 3049 3050 3100
3 3036 3039 3040
3 3036 3040 3041
3 3036 3041 3042
3 3042 3061 3057
3 3042 3058 3060
3 3042 3057 3058
3 3042 3059 3081
3 3042 3082 3065
3 3042 3081 3082
3 3042 3060 3059
3 3042 3055 3054
3 3042 3056 3055
3 3042 3062 3056
3 3047 3063 3062
3 3047 3064 3063
3 3047 3052 3064
3 3042 3054 3061
3 3042 3066 3067
3 3042 3067 3068
3 3042 3065 3066
3 3036 3042 3068
3 3047 3053 3051
3 3047 3051 3052
3 3047 3085 3053
3 3047 3086 3085
3 3047 3087 3086
3 3047 3088 3087
3 3048 3084 3083
3 3048 3089 3084
3 3049 3297 3050
3 3050 3297 3100
3 3036 3069 3070
3 3036 3068 3069
3 3036 3070 3071
3 3036 3071 3072
3 3036 3072 3073
3 3036 3073 3074
3 3036 3074 3075
3 3036 3075 3076
3 3036 3076 3077
3 3036 3077 3078
3 3036 3078 3079
3 3036 3079 3080
3 3036 3080 3111
3 3036 3111 3112
3 3036 3112 3113
3 3036 3113 3114
3 3036 3114 3115
3 3036 3115 3116
3 3036 3116 3117
3 3036 3117 3118
3 3036 3118 3119
3 3036 3119 3120
3 3036 3120 3121
3 3036 3121 3122
3 3036 3122 3123
3 3036 3123 3124
3 3036 3124 3125
3 3036 3125 3126
3 3036 3126 3127
3 3036 3127 3128
3 3036 3128 3129
3 3036 3129 3130
3 3036 3130 3131
3 3036 3131 3132
3 3036 3132 3133
3 3036 3134 3135
3 3036 3133 3134
3 3036 3135 3136
3 3036 3136 3137
3 3036 3137 3138
3 3036 3138 3139
3 3036 3139 3140
3 3036 3140 3141
3 3036 3141 3142
3 3036 3142 3143
3 3036 3143 3144
3 3036 3144 3145
3 3036 3145 3146
3 3036 3146 3147
3 3036 3147 3148
3 3036 3148 3149
3 3036 3149 3150
3 3036 3150 3151
3 3036 3151 3152
3 3036 3152 3153
3 3036 3153 3154
3 3036 3154 3155
3 3036 3155 3156
3 3036 3157 3158
3 3036 3158 3159
3 3036 3156 3157
3 3036 3159 3437
3 3159 3160 3437
3 3160 3161 3437
3 3036 3437 3438
3 3036 3438 3439
3 3036 3439 3443
3 3180 3182 3198
3 3181 3198 3183
3 3181 3190 3198
3 3182 3183 3198
3 3180 3436 3200
3 3110 3196 3191
3 3192 3196 3194
3 3191 3196 3192
3 3193 3194 3196
3 3193 3196 3195
3 3176 3195 3197
3 3176 3197 3177
3 3188 3189 3197
3 3177 3197 3178
3 3178 3197 3179
3 3179 3197 3189
3 3195 3196 3197
3 3184 3188 3197
3 3185 3187 3198
3 3186 3198 3187
3 3184 3198 3186
3 3184 3197 3198
3 3185 3198 3190
3 3180 3198 3436
3 3168 3169 3436
3 3169 3170 3436
3 3170 3172 3436
3 3161 3162 3437
3 3162 3163 3437
3 3163 3164 3437
3 3164 3165 3437
3 3165 3166 3437
3 3166 3167 3437
3 3167 3168 3437
3 3171 3175 3436
3 3173 3436 3175
3 3173 3174 3436
3 3171 3436 3172
3 3174 3199 3436
3 3199 3200 3436
3 3168 3436 3437
3 3036 3443 3444
3 3036 3444 3445
3 3036 3445 3447
3 3036 3447 3448
3 3036 3448 3466
3 3036 3466 3468
3 3191 3192 3429
3 3110 3191 3429
3 3110 3429 3196
3 3019 3216 3217
3 3019 3217 3218
3 3020 3218 3219
3 3020 3219 3220
3 3020 3220 3221
3 3020 3221 3222
3 3020 3222 3223
3 3020 3223 3224
3 3020 3224 3225
3 3020 3225 3226
3 3020 3226 3227
3 3020 3227 3228
3 3020 3228 3229
3 3020 3891 3022
3 3022 3892 3023
3 3020 3229 3890
3 2938 3037 3896
3 3037 3038 3894
3 3038 3043 3901
3 3023 3897 3039
3 3039 3900 3040
3 3040 3898 3041
3 3041 3899 3042
3 3044 3045 3903
3 3043 3044 3902
3 3045 3046 3906
3 3042 3904 3047
3 3047 3905 3048
3 3048 3907 3049
3 3049 3882 3297
3 3099 3100 3882
3 3236 3237 3242
3 3281 3282 3242
3 3237 3281 3242
3 3245 3246 3242
3 3245 3242 3244
3 3244 3242 3247
3 3241 3242 3243
3 3238 3243 3242
3 3240 3242 3241
3 3239 3238 3242
3 3239 3242 3246
3 3247 3242 3248
3 3248 3242 3249
3 3250 3249 3242
3 3250 3242 3251
3 3251 3242 3252
3 3252 3242 3253
3 3253 3242 3254
3 3254 3242 3255
3 3255 3242 3256
3 3256 3242 3257
3 3257 3242 3258
3 3258 3242 3259
3 3259 3242 3260
3 3260 3242 3261
3 3261 3242 3262
3 3262 3242 3263
3 3263 3242 3264
3 3264 3242 3265
3 3265 3242 3266
3 3266 3242 3267
3 3267 3242 3358
3 3358 3242 3359
3 3359 3242 3360
3 3360 3242 3361
3 3361 3242 3362
3 3362 3242 3363
3 3363 3242 3364
3 3364 3242 3365
3 3365 3242 3366
3 3271 3272 3242
3 3272 3275 3242
3 3290 3242 3277
3 3276 3277 3242
3 3275 3276 3242
3 3290 3284 3242
3 3284 3285 3242
3 3285 3286 3242
3 3287 3242 3286
3 3287 3289 3242
3 3289 3288 3242
3 3288 3291 3242
3 3270 3269 3242
3 3279 3283 3242
3 3283 3268 3242
3 3270 3242 3268
3 3278 3242 3282
3 3278 3280 3242
3 3279 3242 3280
3 3273 3242 3269
3 3273 3274 3242
3 3271 3242 3274
3 3291 3292 3242
3 3292 3293 3242
3 3293 3294 3242
3 3294 3295 3242
3 3295 3296 3242
3 3296 3298 3242
3 3298 3299 3242
3 3299 3300 3242
3 3300 3301 3242
3 3301 3302 3242
3 3302 3303 3242
3 3303 3304 3242
3 3304 3305 3242
3 3305 3306 3242
3 3306 3307 3242
3 3307 3308 3242
3 3242 3308 3309
3 3242 3309 3310
3 3242 3310 3311
3 3242 3311 3312
3 3366 3242 3367
3 3367 3242 3368
3 3368 3242 3369
3 3369 3242 3370
3 3370 3242 3371
3 3371 3242 3372
3 3372 3242 3373
3 3373 3242 3374
3 3374 3242 3375
3 3375 3242 3376
3 3376 3242 3377
3 3053 3085 3943
3 3052 3910 3064
3 3051 3909 3052
3 3051 3053 3911
3 3054 3912 3061
3 3055 3056 3914
3 3054 3055 3913
3 3057 3061 3915
3 3057 3919 3058
3 3059 3060 3922
3 3059 3921 3081
3 3058 3920 3060
3 3062 3063 3918
3 3056 3062 3916
3 3063 3064 3917
3 3065 3082 3940
3 3065 3923 3066
3 3066 3924 3067
3 3067 3925 3068
3 3068 3926 3069
3 3069 3927 3070
3 3070 3928 3071
3 3071 3929 3072
3 3072 3930 3073
3 3073 3931 3074
3 3074 3932 3075
3 3075 3934 3076
3 3076 3935 3077
3 3077 3936 3078
3 3078 3937 3079
3 3079 3938 3080
3 3080 4095 3111
3 3081 3939 3082
3 3083 3941 3088
3 3083 3084 3942
3 3085 3086 3944
3 3086 3087 3945
3 3087 3088 3946
3 3084 3089 3950
3 3089 3090 3951
3 3090 3091 3947
3 3091 3092 3948
3 3092 3093 3949
3 3094 3095 3953
3 3093 3094 3952
3 3095 3096 3954
3 3097 3098 3955
3 3096 3097 3956
3 3098 3099 3957
3 3100 3297 3882
3 3046 3101 4019
3 3101 3102 4020
3 3102 3103 4021
3 3103 3104 4022
3 3242 3312 3313
3 3242 3313 3314
3 3242 3314 3315
3 3242 3315 3316
3 3242 3316 3317
3 3242 3317 3318
3 3242 3318 3319
3 3242 3319 3320
3 3242 3320 3321
3 3242 3321 3322
3 3242 3322 3323
3 3242 3323 3324
3 3242 3324 3325
3 3242 3325 3326
3 3242 3326 3327
3 3242 3327 3328
3 3242 3328 3329
3 3242 3329 3330
3 3242 3330 3331
3 3242 3331 3332
3 3242 3332 3333
3 3242 3333 3334
3 3242 3334 3335
3 3242 3335 3336
3 3242 3336 3337
3 3242 3337 3338
3 3242 3338 3339
3 3242 3339 3340
3 3242 3340 3341
3 3242 3341 3342
3 3242 3342 3343
3 3242 3343 3344
3 3242 3344 3345
3 3242 3345 3346
3 3242 3346 3347
3 3242 3347 3348
3 3242 3348 3349
3 3242 3349 3350
3 3242 3350 3351
3 3242 3351 3356
3 3242 3356 3357
3 3242 3357 3352
3 3242 3419 3420
3 3242 3423 3419
3 3242 3408 3424
3 3242 3422 3423
3 3242 3424 3422
3 3242 3416 3414
3 3242 3418 3412
3 3242 3412 3413
3 3242 3413 3416
3 3242 3415 3408
3 3242 3414 3415
3 3242 3353 3355
3 3242 3355 3427
3 3242 3427 3425
3 3242 3411 3410
3 3242 3409 3411
3 3242 3425 3426
3 3242 3426 3428
3 3242 3428 3409
3 3242 3352 3354
3 3242 3354 3353
3 3242 3410 3417
3 3242 3417 3418
3 3104 3105 4086
3 3105 3106 4087
3 3106 3107 4023
3 3107 3108 4024
3 3108 3109 4025
3 3099 3882 3908
3 3273 3269 3991
3 3270 3992 3269
3 3271 3274 3998
3 3271 3996 3272
3 3272 3995 3275
3 3273 3997 3274
3 3275 3999 3276
3 3276 3993 3277
3 3290 3277 3994
3 3284 4006 3285
3 3285 4008 3286
3 3287 3286 4007
3 3287 4009 3289
3 3288 4010 3291
3 3289 4011 3288
3 3290 4012 3284
3 3291 4013 3292
3 3292 4014 3293
3 3293 4015 3294
3 3294 4016 3295
3 3295 4017 3296
3 3296 4018 3298
3 3236 3958 3237
3 3237 3959 3281
3 3238 3960 3243
3 3239 3961 3238
3 3239 3246 3968
3 3240 3963 3242
3 3240 3241 3962
3 3236 3242 3964
3 3241 3243 3965
3 3244 3247 3969
3 3245 3967 3246
3 3245 3244 3966
3 3247 3248 3970
3 3250 3972 3249
3 3248 3249 3971
3 3250 3251 3973
3 3251 3252 3974
3 3252 3253 3975
3 3253 3254 3976
3 3254 3255 3977
3 3255 3256 3978
3 3256 3257 3979
3 3257 3258 3980
3 3258 3259 3981
3 3259 3260 3982
3 3260 3261 3983
3 3261 3262 3984
3 3262 3263 3985
3 3263 3264 3986
3 3264 3265 3987
3 3265 3266 3988
3 3266 3267 3989
3 3267 3358 4111
3 3270 3268 3990
3 3279 3280 4001
3 3279 4000 3283
3 3278 4002 3280
3 3281 4003 3282
3 3278 3282 4004
3 3283 4005 3268
3 3298 4054 3299
3 3299 4055 3300
3 3300 4056 3301
3 3301 4026 3302
3 3302 4027 3303
3 3303 4028 3304
3 3305 4030 3306
3 3306 4031 3307
3 3307 4032 3308
3 3304 4029 3305
3 3308 4033 3309
3 3309 4035 3310
3 3310 4036 3311
3 3311 4034 3312
3 3312 4037 3313
3 3313 4038 3314
3 3314 4039 3315
3 3315 4041 3316
3 3316 4040 3317
3 3317 4042 3318
3 3318 4043 3319
3 3319 4044 3320
3 3320 4051 3321
3 3321 4052 3322
3 3322 4045 3323
3 3323 4046 3324
3 3324 4047 3325
3 3325 4048 3326
3 3326 4049 3327
3 3327 4050 3328
3 3328 4053 3329
3 3329 4057 3330
3 3330 4058 3331
3 3331 4059 3332
3 3332 4060 3333
3 3333 4061 3334
3 3334 4062 3335
3 3335 4063 3336
3 3336 4064 3337
3 3337 4065 3338
3 3338 4066 3339
3 3339 4067 3340
3 3340 4068 3341
3 3341 4069 3342
3 3342 4070 3343
3 3343 4071 3344
3 3344 4072 3345
3 3345 4073 3346
3 3346 4074 3347
3 3347 4075 3348
3 3348 4076 3349
3 3349 4077 3350
3 3350 4078 3351
3 3351 4079 3356
3 3352 4080 3354
3 3353 3354 4081
3 3353 4082 3355
3 3355 4083 3427
3 3356 4084 3357
3 3352 3357 4085
3 3377 3242 3378
3 3378 3242 3379
3 3379 3242 3380
3 3380 3242 3381
3 3381 3242 3382
3 3382 3242 3383
3 3383 3242 3384
3 3242 3385 3384
3 3242 3386 3385
3 3242 3387 3386
3 3242 3388 3387
3 3242 3389 3388
3 3242 3390 3389
3 3242 3391 3390
3 3242 3392 3391
3 3242 3393 3392
3 3242 3395 3393
3 3242 3396 3395
3 3242 3397 3396
3 3242 3398 3397
3 3242 3399 3398
3 3242 3400 3399
3 3242 3394 3400
3 3242 3402 3401
3 3242 3401 3394
3 3242 3403 3402
3 3242 3405 3403
3 3242 3404 3405
3 3242 3421 3407
3 3242 3406 3404
3 3242 3407 3406
3 3111 4096 3112
3 3112 4097 3113
3 3113 4098 3114
3 3114 4099 3115
3 3115 4100 3116
3 3116 4101 3117
3 3117 4102 3118
3 3118 4103 3119
3 3119 4104 3120
3 3123 4088 3124
3 3124 4089 3125
3 3120 4105 3121
3 3121 4106 3122
3 3122 4107 3123
3 3125 4090 3126
3 3126 4091 3127
3 3127 4092 3128
3 3128 4093 3129
3 3129 4094 3130
3 3130 4108 3131
3 3131 4109 3132
3 3132 4110 3133
3 3133 4147 3134
3 3134 4148 3135
3 3135 4149 3136
3 3136 4151 3137
3 3137 4150 3138
3 3138 4152 3139
3 3139 4156 3140
3 3140 4157 3141
3 3141 4153 3142
3 3142 4154 3143
3 3143 4155 3144
3 3144 4158 3145
3 3145 4159 3146
3 3146 4160 3147
3 3148 4161 3149
3 3147 4162 3148
3 3149 4163 3150
3 3150 4164 3151
3 3151 4166 3152
3 3152 4165 3153
3 3153 4167 3154
3 3242 3420 3421
3 3192 3194 3884
3 3170 4229 3172
3 3171 3172 4228
3 3173 4231 3174
3 3171 4232 3175
3 3173 3175 4230
3 3169 4227 3170
3 3154 4221 3155
3 3155 4212 3156
3 3156 4213 3157
3 3157 4215 3158
3 3158 4214 3159
3 3159 4216 3160
3 3160 4217 3161
3 3161 4220 3162
3 3162 4218 3163
3 3163 4219 3164
3 3164 4222 3165
3 3165 4223 3166
3 3167 4225 3168
3 3166 4224 3167
3 3168 4226 3169
3 3176 3177 4168
3 3177 3178 4169
3 3179 3189 4234
3 3178 3179 4233
3 3180 3200 4235
3 3181 4245 3190
3 3181 3183 4236
3 3182 4238 3183
3 3180 4237 3182
3 3184 3186 4239
3 3185 4242 3187
3 3186 3187 4241
3 3188 4244 3189
3 3184 4243 3188
3 3185 3190 4240
3 3192 3883 3429
3 3193 4172 3194
3 3193 3195 4171
3 3176 4173 3195
3 3196 4175 3197
3 3197 4176 3198
3 3174 4246 3199
3 3199 4247 3200
3 3371 3372 4125
3 3372 3373 4126
3 3373 3374 4129
3 3374 3375 4130
3 3375 3376 4131
3 3376 3377 4132
3 3377 3378 4133
3 3378 3379 4127
3 3379 3380 4128
3 3380 3381 4134
3 3381 3382 4135
3 3382 3383 4137
3 3383 3384 4136
3 3384 3385 4138
3 3385 3386 4139
3 3386 3387 4140
3 3387 3388 4141
3 3388 3389 4142
3 3389 3390 4143
3 3390 3391 4144
3 3391 3392 4145
3 3392 3393 4146
3 3393 3395 4205
3 3358 3359 4112
3 3359 3360 4113
3 3360 3361 4114
3 3361 3362 4115
3 3362 3363 4116
3 3363 3364 4117
3 3364 3365 4119
3 3365 3366 4120
3 3366 3367 4121
3 3367 3368 4118
3 3368 3369 4122
3 3369 3370 4123
3 3370 3371 4124
3 3196 3429 4174
3 3395 3396 4206
3 3396 3397 4207
3 3397 3398 4178
3 3398 3399 4179
3 3399 3400 4180
3 3394 4177 3400
3 3394 3401 4181
3 3401 3402 4182
3 3402 3403 4183
3 3403 3405 4186
3 3404 4185 3405
3 3404 3406 4187
3 3406 3407 4184
3 3408 4188 3424
3 3409 4189 3411
3 3410 3411 4190
3 3417 3410 4191
3 3412 4193 3413
3 3415 3414 4196
3 3414 3416 4198
3 3408 3415 4197
3 3413 4192 3416
3 3417 4194 3418
3 3412 3418 4195
3 3421 3420 4200
3 3419 4199 3420
3 3419 3423 4203
3 3421 4201 3407
3 3422 4202 3423
3 3422 3424 4204
3 3427 4210 3425
3 3425 4208 3426
3 3428 3426 4209
3 3428 4211 3409
3 3192 3884 3883
3 3441 3442 3480
3 3445 3494 3447
3 3203 3206 3446
3 3203 3446 3453
3 3447 3491 3492
3 3447 3493 3448
3 3448 3449 3450
3 3447 3492 3493
3 3448 3493 3449
3 3448 3450 3469
3 3448 3469 3470
3 3451 3452 3455
3 3452 3456 3458
3 3452 3453 3456
3 3453 3465 3457
3 3453 3457 3456
3 3442 3451 3499
3 3451 3455 3501
3 3451 3501 3497
3 3451 3497 3500
3 3451 3500 3498
3 3452 3454 3455
3 3452 3458 3459
3 3452 3459 3454
3 3446 3462 3453
3 3462 3460 3453
3 3453 3460 3464
3 3460 3462 3461
3 3460 3461 3463
3 3453 3464 3465
3 3460 3463 3464
3 3448 3470 3466
3 3466 3467 3468
3 3466 3470 3467
3 3467 3471 3468
3 3471 3467 3473
3 3471 3473 3477
3 3472 3477 3473
3 3474 3476 3477
3 3472 3474 3477
3 3204 3519 3206
3 3201 3514 3202
3 3201 4383 3515
3 3202 3513 3205
3 3204 3205 3518
3 3206 3517 3446
3 3457 3525 3456
3 3457 3465 3524
3 3455 3527 3501
3 3497 3501 3529
3 3458 3526 3459
3 3454 3459 3522
3 3456 3525 3458
3 3455 3454 3527
3 3446 3517 3462
3 3461 3462 3520
3 3463 3521 3464
3 3461 3521 3463
3 3465 3464 3523
3 3475 3534 4750
3 3474 3533 3476
3 3475 3476 3535
3 3491 3539 3492
3 3449 3532 3450
3 3493 3538 3449
3 3492 3538 3493
3 3470 3537 3467
3 3470 3469 3537
3 3469 3450 3537
3 3467 3537 3473
3 3472 3536 3474
3 3472 3473 3537
3 3440 3441 3575
3 3442 3503 3504
3 3442 3504 3478
3 3442 3478 3480
3 3441 3479 3481
3 3441 3481 3482
3 3441 3480 3479
3 3441 3482 3483
3 3441 3483 3484
3 3439 3598 3597
3 3439 3571 3598
3 3439 3572 3571
3 3439 3580 3572
3 3440 3575 3576
3 3440 3576 3573
3 3440 3573 3577
3 3440 3577 3578
3 3441 3484 3574
3 3441 3574 3575
3 3440 3578 3579
3 3440 3579 3587
3 3440 3587 3588
3 3440 3588 3589
3 3443 3505 3444
3 3444 3490 3445
3 3445 3485 3494
3 3444 3489 3488
3 3444 3488 3490
3 3445 3487 3486
3 3445 3486 3485
3 3445 3490 3487
3 3439 3595 3443
3 3444 3506 3509
3 3443 3507 3505
3 3444 3505 3506
3 3443 3510 3507
3 3444 3508 3489
3 3444 3509 3508
3 3447 3495 3496
3 3447 3496 3491
3 3447 3494 3495
3 3442 3499 3502
3 3451 3498 3499
3 3442 3502 3503
3 3443 3512 3511
3 3443 3593 3512
3 3443 3511 3510
3 3443 3594 3593
3 3443 3595 3594
3 3439 3596 3595
3 3439 3597 3596
3 3503 3543 3504
3 3478 3504 3544
3 3478 3546 3480
3 3479 3480 3546
3 3479 3545 3481
3 3481 3547 3482
3 3482 3548 3483
3 3483 3549 3484
3 3484 3550 3574
3 3551 3575 3574
3 3500 3555 3498
3 3498 3556 3499
3 3499 3556 3502
3 3494 3485 3557
3 3486 3557 3485
3 3487 3558 3486
3 3497 3528 3500
3 3502 3542 3503
3 3488 3559 3490
3 3487 3490 3560
3 3508 3561 3489
3 3488 3489 3561
3 3491 3496 3541
3 3496 3495 3531
3 3494 3531 3495
3 3511 3512 3568
3 3512 3593 3569
3 3593 3594 3570
3 3594 3595 3570
3 3505 3564 3506
3 3509 3506 3564
3 3510 3566 3507
3 3505 3507 3566
3 3510 3511 3565
3 3508 3509 3563
3 3515 4383 3516
3 3206 3519 3517
3 3204 3518 3519
3 3202 3514 3513
3 3205 3513 3518
3 3201 3515 3514
3 3462 3517 3520
3 3465 3523 3524
3 3458 3525 3526
3 3457 3524 3525
3 3501 3527 3529
3 3497 3529 3528
3 3459 3526 3522
3 3454 3522 3527
3 3464 3521 3523
3 3461 3520 3521
3 3472 3537 3536
3 3474 3536 3533
3 3476 3533 3535
3 3475 3535 3534
3 3450 3532 3537
3 3449 3538 3540
3 3449 3540 3532
3 3492 3539 3538
3 3491 3541 3539
3 3518 3536 3519
3 3517 3519 3537
3 3513 3514 3535
3 3514 3515 3534
3 3515 3516 4903
3 3513 3533 3518
3 3513 3535 3533
3 3515 4903 3534
3 3514 3534 3535
3 3523 3538 3524
3 3524 3541 3525
3 3527 3560 3529
3 3525 3531 3526
3 3522 3526 3557
3 3524 3539 3541
3 3525 3530 3531
3 3525 3541 3530
3 3522 3558 3527
3 3522 3557 3558
3 3526 3531 3557
3 3520 3540 3521
3 3521 3540 3523
3 3517 3532 3520
3 3519 3536 3537
3 3517 3537 3532
3 3524 3538 3539
3 3523 3540 3538
3 3520 3532 3540
3 3518 3533 3536
3 3503 3542 3543
3 3504 3543 3544
3 3478 3544 3546
3 3479 3546 3545
3 3481 3545 3547
3 3482 3547 3548
3 3483 3548 3549
3 3550 3551 3574
3 3551 3552 3576
3 3484 3549 3550
3 3494 3557 3531
3 3490 3559 3560
3 3486 3558 3557
3 3487 3560 3558
3 3500 3528 3555
3 3498 3555 3556
3 3502 3556 3542
3 3508 3563 3562
3 3509 3564 3563
3 3488 3561 3559
3 3508 3562 3561
3 3496 3530 3541
3 3496 3531 3530
3 3505 3566 3564
3 3510 3565 3566
3 3511 3567 3565
3 3511 3568 3567
3 3512 3569 3568
3 3569 3593 3570
3 3553 3570 3595
3 3543 3566 3544
3 3544 3565 3546
3 3545 3546 3567
3 3545 3568 3547
3 3545 3567 3568
3 3548 3570 3549
3 3547 3569 3548
3 3547 3568 3569
3 3549 3553 3550
3 3548 3569 3570
3 3549 3570 3553
3 3550 3554 3551
3 3551 3629 3552
3 3551 3554 3629
3 3550 3553 3554
3 3528 3529 3559
3 3528 3561 3555
3 3528 3559 3561
3 3555 3562 3556
3 3542 3556 3563
3 3555 3561 3562
3 3529 3560 3559
3 3527 3558 3560
3 3542 3564 3543
3 3542 3563 3564
3 3556 3562 3563
3 3543 3564 3566
3 3544 3566 3565
3 3546 3565 3567
3 3109 3430 4354
3 3430 3431 4355
3 3431 3432 4356
3 3439 3584 3583
3 3439 3585 3584
3 3439 3586 3585
3 3439 3581 3580
3 3439 3582 3581
3 3439 3583 3582
3 3439 3599 3586
3 3440 3589 3590
3 3440 3590 3591
3 3440 3591 3592
3 3440 3592 3607
3 3198 4360 3436
3 3432 3433 4357
3 3433 3434 4358
3 3434 3435 4359
3 3436 4361 3437
3 3437 4362 3438
3 3438 4362 3439
3 3435 3440 4365
3 3597 3598 3629
3 3598 3571 3629
3 3571 3572 3631
3 3572 3580 3634
3 3581 3634 3580
3 3552 3573 3576
3 3573 3626 3577
3 3551 3576 3575
3 3577 3627 3578
3 3578 3628 3579
3 3579 3632 3587
3 3581 3582 3636
3 3582 3583 3636
3 3583 3584 3640
3 3584 3585 3642
3 3585 3586 3646
3 3586 3599 3646
3 3599 3600 3646
3 3600 3601 3646
3 3587 3633 3588
3 3588 3637 3589
3 3589 3638 3590
3 3590 3639 3591
3 3591 3639 3592
3 3592 3644 3607
3 3553 3595 3596
3 3554 3596 3597
3 3439 4362 3599
3 3440 3607 4365
3 3602 3647 3601
3 3603 3652 3602
3 3603 3604 3652
3 3604 3605 3654
3 3605 3606 3654
3 3606 3612 3655
3 3607 3645 3608
3 3608 3649 3609
3 3609 3650 3610
3 3610 3651 3611
3 3611 3656 3614
3 3612 3613 3659
3 3613 3621 3660
3 3614 3657 3615
3 3615 3658 3616
3 3616 3662 3617
3 3617 3663 3618
3 3618 3666 3619
3 3619 3666 3620
3 3620 3667 4248
3 3622 3664 3621
3 3622 3623 3664
3 3624 3665 3623
3 3624 3625 3669
3 3625 4255 3669
3 3670 4255 4256
3 3553 3596 3554
3 3554 3597 3629
3 3571 3630 3629
3 3552 3626 3573
3 3577 3626 3627
3 3578 3627 3628
3 3571 3631 3630
3 3572 3634 3631
3 3581 3635 3634
3 3581 3636 3635
3 3579 3628 3632
3 3587 3632 3633
3 3583 3641 3636
3 3583 3640 3641
3 3584 3642 3640
3 3588 3633 3637
3 3589 3637 3638
3 3590 3638 3639
3 3585 3646 3642
3 3646 3601 3647
3 3602 3648 3647
3 3592 3639 3643
3 3592 3643 3644
3 3607 3644 3645
3 3626 3631 3627
3 3627 3634 3628
3 3552 3630 3626
3 3552 3629 3630
3 3626 3630 3631
3 3627 3631 3634
3 3628 3635 3632
3 3632 3636 3633
3 3633 3641 3637
3 3628 3634 3635
3 3632 3635 3636
3 3633 3636 3641
3 3637 3640 3638
3 3638 3642 3639
3 3639 3646 3643
3 3637 3641 3640
3 3638 3640 3642
3 3639 3642 3646
3 3643 3647 3644
3 3644 3648 3645
3 3643 3646 3647
3 3644 3647 3648
3 3645 3648 3652
3 3602 3652 3648
3 3604 3653 3652
3 3604 3654 3653
3 3608 3645 3649
3 3609 3649 3650
3 3610 3650 3651
3 3606 3655 3654
3 3612 3659 3655
3 3613 3660 3659
3 3611 3651 3656
3 3614 3656 3657
3 3621 3661 3660
3 3621 3664 3661
3 3623 3665 3664
3 3615 3657 3658
3 3616 3658 3662
3 3617 3662 3663
3 3618 3663 3666
3 3620 3666 3667
3 3667 3668 4248
3 3624 3669 3665
3 3669 4255 3670
3 3670 4256 3671
3 3671 4257 3672
3 3645 3652 3649
3 3649 3653 3650
3 3650 3654 3651
3 3649 3652 3653
3 3650 3653 3654
3 3651 3654 3655
3 3651 3655 3656
3 3656 3659 3657
3 3656 3655 3659
3 3657 3659 3660
3 3657 3660 3658
3 3658 3660 3661
3 3658 3661 3662
3 3662 3661 3664
3 3662 3664 3663
3 3663 3664 3665
3 3663 3665 3666
3 3665 3669 3666
3 3666 3669 3667
3 3667 3670 3668
3 3667 3669 3670
3 3668 3670 3671
3 3668 3671 4309
3 3671 4310 4309
3 3671 3672 4310
3 2986 3680 3676
3 2986 2989 3680
3 3676 3681 3677
3 3676 3680 3681
3 3677 3684 3678
3 3677 3681 3684
3 3678 3685 3679
3 3679 3683 3682
3 3678 3684 3685
3 3679 3685 3683
3 3674 3682 3693
3 3674 3694 3675
3 3682 3683 3693
3 3687 3697 3688
3 3688 3698 3690
3 3689 3690 3732
3 3689 3733 3691
3 3689 3732 3733
3 3675 3695 3686
3 3675 3694 3695
3 3674 3693 3694
3 3686 3696 3687
3 3686 3695 3696
3 3687 3696 3697
3 3688 3697 3698
3 3690 3698 3732
3 3675 3856 3674
3 3675 3686 3856
3 3234 3676 3677
3 3235 3677 3678
3 3679 3852 3678
3 2989 3014 3680
3 3680 3742 3681
3 3681 3745 3684
3 3682 3853 3679
3 3674 3853 3682
3 3683 3748 3693
3 3684 3743 3685
3 3683 3685 3747
3 3686 3687 3858
3 3687 3688 3859
3 3688 3690 3860
3 3691 3864 3689
3 3690 3689 3861
3 3691 3692 3863
3 3723 3863 3692
3 3693 3746 3694
3 3694 3749 3695
3 3695 3750 3696
3 3697 3753 3698
3 3696 3751 3697
3 3698 3754 3732
3 3710 3699 3740
3 3709 3719 3712
3 3710 3739 3711
3 3711 3718 3709
3 3708 3813 3717
3 3714 3809 3715
3 3715 3808 3716
3 3707 3716 3807
3 3714 3717 3810
3 3712 3811 3713
3 3708 3713 3812
3 3711 3739 3718
3 3709 3718 3719
3 3712 3719 3811
3 3713 3811 3812
3 3708 3812 3813
3 3710 3881 3699
3 737 3759 3798
3 3700 3798 3760
3 3700 3762 3701
3 3701 3757 3702
3 3707 3774 3716
3 3706 3774 3707
3 3702 3763 3704
3 3704 3763 3705
3 3705 3764 3703
3 3703 3765 3706
3 3708 3717 3770
3 3708 3773 3713
3 3712 3870 3709
3 3711 3869 3710
3 3709 3872 3711
3 3713 3772 3712
3 3714 3715 3768
3 3716 3776 3715
3 3714 3769 3717
3 3718 3777 3719
3 3719 3779 3811
3 3723 3692 3724
3 3691 3734 3692
3 3691 3733 3734
3 3692 3734 3724
3 3720 3723 3729
3 3720 3731 3721
3 3723 3724 3729
3 3721 3730 3722
3 3722 3737 3727
3 3725 3726 3735
3 3726 3727 3738
3 3727 3737 3738
3 3720 3729 3731
3 3721 3731 3730
3 3722 3730 3737
3 3699 3728 3741
3 3725 3736 3728
3 3726 3738 3735
3 3725 3735 3736
3 3699 3741 3740
3 3728 3736 3741
3 3710 3740 3739
3 3721 3878 3720
3 3721 3722 3873
3 3727 3875 3722
3 3720 3866 3723
3 3724 3734 3788
3 3727 3726 3876
3 3728 3880 3725
3 3726 3725 3879
3 3728 3699 3880
3 3724 3781 3729
3 3729 3782 3731
3 3730 3784 3737
3 3730 3731 3783
3 3732 3755 3733
3 3733 3787 3734
3 3735 3790 3736
3 3736 3792 3741
3 3737 3786 3738
3 3735 3738 3794
3 3740 3741 3791
3 3739 3740 3796
3 3718 3739 3797
3 3686 3857 3856
3 3686 3858 3857
3 3678 3851 3235
3 3851 3678 3852
3 3679 3853 3852
3 3014 3742 3680
3 3681 3742 3745
3 3684 3745 3743
3 3693 3748 3746
3 3674 3855 3853
3 3674 3854 3855
3 3674 3856 3854
3 3685 3743 3744
3 3685 3744 3747
3 3683 3747 3748
3 3687 3859 3858
3 3688 3860 3859
3 3690 3861 3860
3 3691 3863 3864
3 3689 3862 3861
3 3689 3864 3862
3 3723 3865 3863
3 3723 3866 3865
3 3694 3746 3749
3 3695 3749 3750
3 3696 3750 3751
3 3697 3751 3752
3 3697 3752 3753
3 3698 3753 3754
3 3732 3754 3755
3 3010 3839 3009
3 3009 3839 3011
3 2883 3895 3839
3 3011 3839 3012
3 3012 3839 3013
3 3013 3839 3014
3 3014 3839 3742
3 3710 3867 3881
3 3710 3868 3867
3 3710 3869 3868
3 737 726 3758
3 737 3758 3759
3 3798 3759 3760
3 3700 3760 3761
3 3700 3761 3762
3 3756 3763 3702
3 3701 3762 3757
3 3702 3757 3756
3 3703 3764 3767
3 3703 3766 3765
3 3703 3767 3766
3 3706 3765 3774
3 3705 3763 3764
3 3718 3797 3777
3 3778 3811 3780
3 3719 3777 3779
3 3779 3780 3811
3 3714 3768 3771
3 3708 3770 3773
3 3717 3769 3770
3 3714 3771 3769
3 3709 3870 3872
3 3712 3772 3871
3 3712 3871 3870
3 3711 3872 3869
3 3713 3773 3772
3 3716 3774 3775
3 3716 3775 3776
3 3715 3776 3768
3 3730 3783 3784
3 3737 3784 3785
3 3737 3785 3786
3 3720 3878 3877
3 3721 3873 3878
3 3722 3875 3873
3 3727 3876 3875
3 3724 3788 3789
3 3724 3789 3781
3 3866 3720 3877
3 3726 3874 3876
3 3726 3879 3874
3 3725 3880 3879
3 3699 3881 3880
3 3729 3781 3782
3 3731 3782 3783
3 3733 3755 3787
3 3734 3787 3788
3 3735 3794 3790
3 3736 3793 3792
3 3736 3790 3793
3 3741 3792 3791
3 3738 3786 3794
3 3740 3791 3796
3 3739 3795 3797
3 3739 3796 3795
3 3742 3839 3745
3 3743 3745 3839
3 3743 3839 3744
3 3744 3838 3747
3 3747 3838 3748
3 3749 3838 3750
3 3750 3838 3751
3 3752 3836 3753
3 3751 3838 3752
3 3746 3748 3838
3 3746 3838 3749
3 3782 3837 3783
3 3786 3835 3794
3 3785 3835 3786
3 3783 3837 3784
3 3784 3837 3785
3 3781 3789 3837
3 3781 3837 3782
3 3754 3836 3755
3 3753 3836 3754
3 3755 3836 3787
3 3788 3836 3789
3 3787 3836 3788
3 3744 3839 3838
3 737 3798 746
3 3700 3799 3798
3 3700 3701 3800
3 3702 3801 3701
3 3704 3802 3702
3 746 3798 3799
3 3700 3800 3799
3 3701 3801 3800
3 3702 3802 3801
3 3705 3703 3803
3 3704 3705 3804
3 3703 3706 3805
3 3707 3806 3706
3 3704 3804 3802
3 3705 3803 3804
3 3706 3806 3805
3 3703 3805 3803
3 3707 3807 3806
3 3716 3808 3807
3 3715 3809 3808
3 3714 3810 3809
3 3717 3813 3810
3 3805 3806 3817
3 746 3799 3820
3 3799 3800 3822
3 3800 3801 3823
3 3801 3802 3824
3 3802 3804 3815
3 3803 3816 3804
3 3803 3805 3818
3 3810 3813 3825
3 3806 3807 3829
3 3807 3808 3830
3 3809 3810 3828
3 3808 3809 3827
3 3812 3832 3813
3 3778 3812 3811
3 3803 3818 3816
3 3805 3819 3818
3 3805 3817 3819
3 3806 3829 3817
3 746 3820 765
3 3799 3821 3820
3 3799 3822 3821
3 3800 3823 3822
3 3801 3824 3823
3 3802 3814 3824
3 3802 3815 3814
3 3804 3816 3815
3 3809 3828 3827
3 3810 3826 3828
3 3810 3825 3826
3 3807 3830 3831
3 3807 3831 3829
3 3808 3827 3830
3 3813 3832 3825
3 3778 3832 3812
3 3765 3848 3774
3 3766 3848 3765
3 3766 3767 3848
3 3760 3759 3842
3 3758 781 3759
3 3760 3841 3761
3 3762 3761 3841
3 3762 3841 3757
3 3819 3844 3818
3 3817 3846 3819
3 3756 3757 3845
3 3756 3845 3763
3 3763 3845 3764
3 3764 3845 3767
3 3772 3773 3849
3 3773 3770 3849
3 3775 3849 3776
3 3776 3849 3768
3 3774 3848 3775
3 3768 3849 3771
3 3771 3849 3769
3 3769 3849 3770
3 3871 3772 3849
3 3829 3831 3846
3 3817 3829 3846
3 3827 3828 3847
3 3830 3847 3831
3 3827 3847 3830
3 3826 3847 3828
3 3825 3850 3826
3 3778 3850 3832
3 3832 3850 3825
3 3778 3780 3850
3 3779 3833 3780
3 3777 3833 3779
3 3820 3821 3840
3 3821 3822 3840
3 3822 3823 3840
3 3823 3824 3843
3 3814 3843 3824
3 3759 781 3842
3 3760 3842 3841
3 3814 3815 3844
3 3815 3816 3844
3 3818 3844 3816
3 3757 3841 3845
3 3767 3845 3848
3 779 3820 3840
3 3823 3843 3840
3 3814 3844 3843
3 3819 3846 3844
3 3831 3847 3846
3 3775 3848 3849
3 3826 3850 3847
3 3780 3833 3850
3 3871 3849 3893
3 3833 3893 3850
3 3833 3885 3893
3 3792 3793 3834
3 3792 3834 3791
3 3795 3796 3834
3 3795 3833 3797
3 3777 3797 3833
3 3791 3834 3796
3 3790 3794 3835
3 3790 3835 3793
3 3793 3835 3834
3 3785 3837 3835
3 3752 3838 3836
3 3789 3836 3837
3 3795 3834 3833
3 3833 3834 3885
3 3834 3886 3885
3 3834 3835 3886
3 3835 3887 3886
3 3835 3837 3887
3 3836 3838 3890
3 3836 3889 3837
3 3840 3843 3841
3 3840 3842 781
3 3840 3841 3842
3 3843 3844 3845
3 3841 3843 3845
3 3844 3848 3845
3 3844 3846 3848
3 3846 3847 3849
3 3846 3849 3848
3 3847 3850 3849
3 3850 3893 3849
3 3229 3230 3890
3 3230 3232 3890
3 3231 3890 3232
3 3231 3233 3890
3 3233 3234 3890
3 3235 3851 3890
3 3234 3235 3890
3 3020 3890 3891
3 3022 3891 3892
3 3023 3892 3897
3 3867 3885 3881
3 3869 3872 3885
3 3869 3885 3868
3 3867 3868 3885
3 3858 3859 3889
3 3859 3860 3889
3 3861 3889 3860
3 3862 3864 3888
3 3861 3862 3889
3 3851 3852 3890
3 3852 3853 3890
3 3853 3855 3890
3 3854 3856 3889
3 3854 3890 3855
3 3856 3857 3889
3 3857 3858 3889
3 3873 3875 3886
3 3878 3873 3886
3 3864 3863 3887
3 3863 3865 3887
3 3866 3887 3865
3 3877 3887 3866
3 3877 3878 3887
3 3874 3886 3876
3 3879 3880 3885
3 3874 3879 3886
3 3875 3876 3886
3 3880 3881 3885
3 3049 3907 3882
3 2938 3896 3895
3 3037 3894 3896
3 3038 3901 3894
3 3039 3897 3900
3 3040 3900 3898
3 3041 3898 3899
3 3043 3902 3901
3 3044 3903 3902
3 3045 3906 3903
3 3047 3904 3905
3 3048 3905 3907
3 3046 4019 3906
3 3042 3899 3904
3 3064 3910 3917
3 3052 3909 3910
3 3051 3911 3909
3 3053 3943 3911
3 3055 3914 3913
3 3054 3913 3912
3 3058 3919 3920
3 3059 3922 3921
3 3081 3921 3939
3 3060 3920 3922
3 3061 3912 3915
3 3057 3915 3919
3 3056 3916 3914
3 3062 3918 3916
3 3063 3917 3918
3 3065 3940 3923
3 3066 3923 3924
3 3067 3924 3925
3 3069 3926 3927
3 3068 3925 3926
3 3071 3928 3929
3 3070 3927 3928
3 3072 3929 3930
3 3073 3930 3931
3 3074 3931 3932
3 3075 3932 3933
3 3075 3933 3934
3 3076 3934 3935
3 3077 3935 3936
3 3078 3936 3937
3 3079 3937 3938
3 3080 3938 4095
3 3082 3939 3940
3 3083 3942 3941
3 3084 3950 3942
3 3089 3951 3950
3 3090 3947 3951
3 3092 3949 3948
3 3091 3948 3947
3 3093 3952 3949
3 3099 3908 3957
3 3094 3953 3952
3 3095 3954 3953
3 3098 3957 3955
3 3096 3956 3954
3 3097 3955 3956
3 3088 3941 3946
3 3085 3944 3943
3 3086 3945 3944
3 3087 3946 3945
3 3101 4020 4019
3 3102 4021 4020
3 3103 4022 4021
3 3104 4086 4022
3 3105 4087 4086
3 3106 4023 4087
3 3107 4024 4023
3 3108 4025 4024
3 3109 4354 4025
3 3882 3907 3908
3 3237 3958 3959
3 3238 3961 3960
3 3239 3968 3961
3 3242 3963 3964
3 3241 3965 3962
3 3240 3962 3963
3 3236 3964 3958
3 3243 3960 3965
3 3246 3967 3968
3 3244 3969 3966
3 3245 3966 3967
3 3247 3970 3969
3 3248 3971 3970
3 3249 3972 3971
3 3250 3973 3972
3 3251 3974 3973
3 3252 3975 3974
3 3253 3976 3975
3 3254 3977 3976
3 3255 3978 3977
3 3256 3979 3978
3 3257 3980 3979
3 3258 3981 3980
3 3259 3982 3981
3 3260 3983 3982
3 3261 3984 3983
3 3265 3988 3987
3 3266 3989 3988
3 3267 4111 3989
3 3262 3985 3984
3 3263 3986 3985
3 3264 3987 3986
3 3268 4005 3990
3 3269 3992 3991
3 3270 3990 3992
3 3272 3996 3995
3 3271 3998 3996
3 3273 3991 3997
3 3274 3997 3998
3 3276 3999 3993
3 3275 3995 3999
3 3277 3993 3994
3 3290 3994 4012
3 3278 4004 4002
3 3279 4001 4000
3 3280 4002 4001
3 3281 3959 4003
3 3282 4003 4004
3 3283 4000 4005
3 3295 4016 4017
3 3296 4017 4018
3 3298 4018 4054
3 3284 4012 4006
3 3285 4006 4008
3 3286 4008 4007
3 3287 4007 4009
3 3289 4009 4011
3 3288 4011 4010
3 3291 4010 4013
3 3292 4013 4014
3 3293 4014 4015
3 3294 4015 4016
3 3299 4054 4055
3 3300 4055 4056
3 3301 4056 4026
3 3302 4026 4027
3 3303 4027 4028
3 3304 4028 4029
3 3305 4029 4030
3 3306 4030 4031
3 3307 4031 4032
3 3308 4032 4033
3 3310 4035 4036
3 3311 4036 4034
3 3309 4033 4035
3 3312 4034 4037
3 3313 4037 4038
3 3314 4038 4039
3 3315 4039 4041
3 3316 4041 4040
3 3317 4040 4042
3 3318 4042 4043
3 3319 4043 4044
3 3327 4049 4050
3 3320 4044 4051
3 3321 4051 4052
3 3322 4052 4045
3 3323 4045 4046
3 3324 4046 4047
3 3325 4047 4048
3 3326 4048 4049
3 3328 4050 4053
3 3329 4053 4057
3 3330 4057 4058
3 3331 4058 4059
3 3332 4059 4060
3 3333 4060 4061
3 3334 4061 4062
3 3335 4062 4063
3 3336 4063 4064
3 3337 4064 4065
3 3338 4065 4066
3 3339 4066 4067
3 3340 4067 4068
3 3341 4068 4069
3 3342 4069 4070
3 3343 4070 4071
3 3344 4071 4072
3 3345 4072 4073
3 3346 4073 4074
3 3347 4074 4075
3 3348 4075 4076
3 3349 4076 4077
3 3350 4077 4078
3 3351 4078 4079
3 3352 4085 4080
3 3354 4080 4081
3 3353 4081 4082
3 3355 4082 4083
3 3427 4083 4210
3 3356 4079 4084
3 3357 4084 4085
3 3111 4095 4096
3 3112 4096 4097
3 3113 4097 4098
3 3114 4098 4099
3 3115 4099 4100
3 3116 4100 4101
3 3117 4101 4102
3 3118 4102 4103
3 3119 4103 4104
3 3120 4104 4105
3 3121 4105 4106
3 3122 4106 4107
3 3124 4088 4089
3 3123 4107 4088
3 3125 4089 4090
3 3126 4090 4091
3 3127 4091 4092
3 3128 4092 4093
3 3129 4093 4094
3 3130 4094 4108
3 3131 4108 4109
3 3132 4109 4110
3 3133 4110 4147
3 3138 4150 4152
3 3139 4152 4156
3 3140 4156 4157
3 3141 4157 4153
3 3143 4154 4155
3 3142 4153 4154
3 3144 4155 4158
3 3145 4158 4159
3 3146 4159 4160
3 3149 4161 4163
3 3147 4160 4162
3 3148 4162 4161
3 3150 4163 4164
3 3151 4164 4166
3 3152 4166 4165
3 3153 4165 4167
3 3134 4147 4148
3 3135 4148 4149
3 3136 4149 4151
3 3137 4151 4150
3 3194 4172 3884
3 3429 3883 4174
3 3154 4167 4221
3 3155 4221 4212
3 3156 4212 4213
3 3157 4213 4215
3 3158 4215 4214
3 3159 4214 4216
3 3160 4216 4217
3 3161 4217 4220
3 3162 4220 4218
3 3163 4218 4219
3 3165 4222 4223
3 3166 4223 4224
3 3164 4219 4222
3 3167 4224 4225
3 3168 4225 4226
3 3170 4227 4229
3 3172 4229 4228
3 3173 4230 4231
3 3171 4228 4232
3 3175 4232 4230
3 3169 4226 4227
3 3177 4169 4168
3 3189 4244 4234
3 3178 4233 4169
3 3179 4234 4233
3 3185 4240 4242
3 3187 4242 4241
3 3186 4241 4239
3 3188 4243 4244
3 3184 4239 4243
3 3200 4247 4235
3 3183 4238 4236
3 3181 4236 4245
3 3182 4237 4238
3 3180 4235 4237
3 3190 4245 4240
3 3193 4171 4172
3 3195 4173 4171
3 3176 4168 4173
3 3196 4174 4175
3 3197 4175 4176
3 3199 4246 4247
3 3174 4231 4246
3 3358 4112 4111
3 3359 4113 4112
3 3360 4114 4113
3 3361 4115 4114
3 3362 4116 4115
3 3363 4117 4116
3 3364 4119 4117
3 3365 4120 4119
3 3366 4121 4120
3 3367 4118 4121
3 3368 4122 4118
3 3369 4123 4122
3 3370 4124 4123
3 3371 4125 4124
3 3372 4126 4125
3 3373 4129 4126
3 3377 4133 4132
3 3374 4130 4129
3 3375 4131 4130
3 3376 4132 4131
3 3378 4127 4133
3 3379 4128 4127
3 3380 4134 4128
3 3391 4145 4144
3 3392 4146 4145
3 3393 4205 4146
3 3381 4135 4134
3 3382 4137 4135
3 3383 4136 4137
3 3384 4138 4136
3 3385 4139 4138
3 3386 4140 4139
3 3387 4141 4140
3 3388 4142 4141
3 3389 4143 4142
3 3390 4144 4143
3 3395 4206 4205
3 3396 4207 4206
3 3397 4178 4207
3 3399 4180 4179
3 3398 4179 4178
3 3400 4177 4180
3 3394 4181 4177
3 3401 4182 4181
3 3402 4183 4182
3 3403 4186 4183
3 3404 4187 4185
3 3406 4184 4187
3 3405 4185 4186
3 3408 4197 4188
3 3411 4189 4190
3 3409 4211 4189
3 3410 4190 4191
3 3413 4193 4192
3 3414 4198 4196
3 3415 4196 4197
3 3416 4192 4198
3 3417 4191 4194
3 3418 4194 4195
3 3412 4195 4193
3 3421 4200 4201
3 3419 4203 4199
3 3420 4199 4200
3 3407 4201 4184
3 3422 4204 4202
3 3423 4202 4203
3 3424 4188 4204
3 3425 4210 4208
3 3426 4208 4209
3 3428 4209 4211
3 3883 3884 4174
3 3872 3870 3893
3 3870 3871 3893
3 3872 3893 3885
3 3864 3887 3888
3 3862 3888 3889
3 3878 3886 3887
3 3879 3885 3886
3 3854 3889 3890
3 3837 3888 3887
3 3837 3889 3888
3 3836 3890 3889
3 3838 3839 3891
3 3838 3891 3890
3 3839 3895 3892
3 3839 3892 3891
3 3894 3901 3898
3 3895 3896 3897
3 3892 3895 3897
3 3896 3900 3897
3 3894 3900 3896
3 3894 3898 3900
3 3898 3901 3899
3 3899 3901 3902
3 3899 3902 3904
3 3902 3903 3904
3 3903 3905 3904
3 3903 3906 3905
3 3906 4019 3907
3 3907 3957 3908
3 3905 3906 3907
3 3907 4019 3957
3 3915 3958 3919
3 3912 3913 3959
3 3913 3914 4003
3 3912 3958 3915
3 3927 3971 3928
3 3928 3972 3929
3 3920 3962 3922
3 3921 3922 3965
3 3923 3940 3968
3 3921 3960 3939
3 3939 3961 3940
3 3919 3963 3920
3 3923 3968 3924
3 3924 3966 3925
3 3925 3969 3926
3 3926 3970 3927
3 3929 3973 3930
3 3931 3974 3932
3 3930 3974 3931
3 3932 3976 3933
3 3933 3977 3934
3 3934 3977 3935
3 3935 3979 3936
3 3936 3980 3937
3 3937 3981 3938
3 3938 3982 4095
3 4095 3983 4096
3 3950 3951 3993
3 3947 3994 3951
3 3910 4000 3917
3 3909 3911 3990
3 3909 4005 3910
3 3911 3943 3992
3 3943 3944 3991
3 3916 3918 4002
3 3914 3916 4004
3 3917 4001 3918
3 3941 3942 3995
3 3942 3950 3999
3 3944 3945 3997
3 3945 3946 3998
3 3941 3996 3946
3 3909 3990 4005
3 3946 3996 3998
3 3944 3997 3991
3 3943 3991 3992
3 3911 3992 3990
3 3945 3998 3997
3 3910 4005 4000
3 3948 3949 4008
3 3947 3948 4006
3 3949 3952 4008
3 3954 3956 4011
3 3952 3953 4007
3 3953 3954 4011
3 3957 4014 3955
3 3955 4013 3956
3 3953 4011 4009
3 3942 3999 3995
3 3941 3995 3996
3 3951 3994 3993
3 3947 4012 3994
3 3950 3993 3999
3 3953 4009 4007
3 3947 4006 4012
3 3948 4008 4006
3 3952 4007 4008
3 3956 4013 4010
3 3956 4010 4011
3 3955 4014 4013
3 3957 4015 4014
3 3957 4017 4016
3 3957 4018 4017
3 3957 4016 4015
3 3913 4003 3959
3 3919 3964 3963
3 3920 3963 3962
3 3912 3959 3958
3 3919 3958 3964
3 3940 3961 3968
3 3924 3968 3967
3 3924 3967 3966
3 3925 3966 3969
3 3926 3969 3970
3 3922 3962 3965
3 3921 3965 3960
3 3939 3960 3961
3 3918 4001 4002
3 3916 4002 4004
3 3914 4004 4003
3 3917 4000 4001
3 3929 3972 3973
3 3930 3973 3974
3 3927 3970 3971
3 3928 3971 3972
3 3932 3975 3976
3 3932 3974 3975
3 3933 3976 3977
3 3935 3978 3979
3 3935 3977 3978
3 3936 3979 3980
3 3937 3980 3981
3 3938 3981 3982
3 4095 3982 3983
3 4096 3983 3984
3 4097 3984 3985
3 3957 4019 4020
3 4020 4021 3957
3 4024 4025 4023
3 4170 4354 4174
3 4170 4025 4354
3 4174 4354 4355
3 3957 4021 4018
3 4021 4027 4026
3 4021 4056 4055
3 4021 4054 4018
3 4021 4055 4054
3 4021 4026 4056
3 4021 4028 4027
3 4021 4029 4028
3 4021 4030 4029
3 4021 4031 4030
3 4021 4032 4031
3 4021 4035 4033
3 4021 4036 4035
3 4021 4033 4032
3 4034 4036 4021
3 4022 4038 4037
3 4022 4037 4034
3 4034 4021 4022
3 4022 4086 4038
3 4086 4041 4039
3 4086 4039 4038
3 4086 4043 4042
3 4086 4042 4040
3 4086 4040 4041
3 4087 4051 4044
3 4087 4044 4043
3 4087 4052 4051
3 4087 4045 4052
3 4087 4046 4045
3 4086 4087 4043
3 4087 4047 4046
3 4087 4048 4047
3 4087 4049 4048
3 4087 4050 4049
3 4087 4053 4050
3 4023 4059 4058
3 4023 4060 4059
3 4023 4061 4060
3 4023 4062 4061
3 4023 4063 4062
3 4023 4064 4063
3 4087 4057 4053
3 4087 4058 4057
3 4170 4071 4070
3 4170 4072 4071
3 4170 4073 4072
3 4073 4170 4074
3 4074 4170 4075
3 4170 4076 4075
3 4170 4077 4076
3 4170 4078 4077
3 4170 4079 4078
3 4170 4084 4079
3 4171 4085 4084
3 4023 4058 4087
3 4064 4025 4065
3 4025 4067 4066
3 4025 4066 4065
3 4025 4069 4068
3 4025 4068 4067
3 4064 4023 4025
3 4025 4070 4069
3 4025 4170 4070
3 4096 3984 4097
3 4097 3985 4098
3 4098 3986 4099
3 4099 3987 4100
3 4100 3988 4101
3 4101 3989 4102
3 4102 4111 4103
3 4103 4112 4104
3 4104 4112 4105
3 4105 4113 4106
3 4106 4115 4107
3 4088 4107 4116
3 4088 4117 4089
3 4089 4119 4090
3 4090 4120 4091
3 4098 3985 3986
3 4099 3986 3987
3 4100 3987 3988
3 4101 3988 3989
3 4102 3989 4111
3 4103 4111 4112
3 4105 4112 4113
3 4106 4113 4114
3 4106 4114 4115
3 4107 4115 4116
3 4088 4116 4117
3 4089 4117 4119
3 4090 4119 4120
3 4092 4120 4121
3 4092 4121 4118
3 4093 4118 4122
3 4094 4122 4123
3 4108 4123 4124
3 4091 4120 4092
3 4092 4118 4093
3 4093 4122 4094
3 4094 4123 4108
3 4108 4124 4109
3 4109 4125 4110
3 4110 4126 4147
3 4147 4129 4148
3 4109 4124 4125
3 4110 4125 4126
3 4147 4126 4129
3 4149 4130 4131
3 4149 4129 4130
3 4151 4131 4132
3 4150 4133 4152
3 4152 4133 4156
3 4156 4128 4157
3 4153 4157 4128
3 4148 4129 4149
3 4149 4131 4151
3 4150 4151 4132
3 4150 4132 4133
3 4156 4133 4127
3 4156 4127 4128
3 4153 4128 4134
3 4158 4136 4138
3 4159 4138 4139
3 4153 4134 4135
3 4154 4135 4137
3 4155 4137 4136
3 4160 4139 4140
3 4162 4140 4141
3 4161 4141 4142
3 4163 4142 4143
3 4166 4144 4145
3 4166 4143 4144
3 4165 4145 4146
3 4154 4137 4155
3 4153 4135 4154
3 4155 4136 4158
3 4160 4140 4162
3 4158 4138 4159
3 4159 4139 4160
3 4161 4162 4141
3 4161 4142 4163
3 4163 4143 4164
3 4165 4166 4145
3 4164 4143 4166
3 4165 4146 4167
3 3884 4172 4170
3 3884 4170 4174
3 4174 4355 4175
3 4213 4207 4178
3 4215 4178 4179
3 4216 4180 4177
3 4216 4179 4180
3 4220 4177 4181
3 4220 4181 4182
3 4219 4182 4183
3 4219 4183 4186
3 4223 4186 4185
3 4224 4187 4184
3 4223 4185 4187
3 4227 4200 4199
3 4229 4199 4203
3 4226 4201 4200
3 4225 4184 4201
3 4223 4187 4224
3 4221 4205 4206
3 4221 4146 4205
3 4212 4206 4207
3 4246 4197 4196
3 4245 4194 4191
3 4245 4195 4194
3 4238 4192 4193
3 4237 4198 4192
3 4235 4196 4198
3 4238 4193 4195
3 4169 4082 4081
3 4233 4083 4082
3 4243 4209 4208
3 4239 4211 4209
3 4244 4208 4210
3 4233 4210 4083
3 4171 4080 4085
3 4173 4081 4080
3 4241 4190 4189
3 4239 4189 4211
3 4242 4191 4190
3 4232 4202 4204
3 4230 4204 4188
3 4228 4203 4202
3 4246 4188 4197
3 4224 4184 4225
3 4226 4200 4227
3 4225 4201 4226
3 4228 4202 4232
3 4230 4232 4204
3 4227 4199 4229
3 4228 4229 4203
3 4235 4247 4196
3 4236 4238 4195
3 4236 4195 4245
3 4237 4192 4238
3 4235 4198 4237
3 4231 4188 4246
3 4230 4188 4231
3 4246 4196 4247
3 4212 4207 4213
3 4213 4178 4215
3 4214 4215 4179
3 4214 4179 4216
3 4216 4177 4217
3 4217 4177 4220
3 4218 4220 4182
3 4218 4182 4219
3 4219 4186 4222
3 4222 4186 4223
3 4167 4146 4221
3 4212 4221 4206
3 4170 4172 4084
3 4171 4084 4172
3 4171 4173 4080
3 4168 4169 4081
3 4169 4233 4082
3 4168 4081 4173
3 4243 4208 4244
3 4241 4242 4190
3 4239 4209 4243
3 4239 4241 4189
3 4233 4234 4210
3 4234 4244 4210
3 4240 4191 4242
3 4240 4245 4191
3 3430 4355 4354
3 3431 4356 4355
3 3432 4357 4356
3 3433 4358 4357
3 3434 4359 4358
3 3599 4362 3600
3 3600 4363 3601
3 3601 4364 3602
3 3602 4364 3603
3 3603 4364 3604
3 3604 4364 3605
3 3605 4364 3606
3 3435 4365 4359
3 3607 3608 4365
3 3608 3609 4365
3 3609 3610 4365
3 3610 3611 4365
3 3611 3614 4365
3 3198 4176 4360
3 3436 4360 4361
3 3437 4361 4362
3 3614 3615 4366
3 3615 3616 4366
3 3616 3617 4366
3 3617 3618 4366
3 3618 3619 4366
3 3619 3620 4366
3 3620 4248 4366
3 4248 4249 4366
3 4249 4250 4366
3 4250 4251 4366
3 3606 4368 3612
3 3612 4368 3613
3 3613 4368 3621
3 3621 4368 3622
3 3622 4368 3623
3 3623 4368 3624
3 3624 4368 3625
3 3625 4368 4255
3 4255 4369 4256
3 4256 4369 4257
3 4257 4369 4258
3 4258 4369 4259
3 3668 4249 4248
3 3668 4250 4249
3 4250 4310 4251
3 4251 4311 4252
3 4252 4312 4253
3 4253 4312 4254
3 4254 4313 4276
3 3671 4256 4257
3 3672 4257 4258
3 4258 4259 3673
3 4259 4260 4315
3 4260 4261 4316
3 4262 4317 4261
3 4263 4318 4262
3 4263 4264 4318
3 4264 4265 4320
3 4276 4314 4277
3 4266 4321 4265
3 4266 4267 4321
3 4267 4268 4322
3 4268 4269 4323
3 4269 4270 4328
3 4277 4319 4278
3 4278 4324 4279
3 4279 4324 4280
3 4280 4325 4281
3 4281 4326 4282
3 4282 4327 4283
3 4283 4330 4284
3 4284 4330 4291
3 4291 4331 4292
3 4270 4271 4329
3 4272 4334 4271
3 4272 4273 4334
3 4273 4274 4335
3 4274 4275 4336
3 4275 4285 4336
3 4285 4286 4337
3 3600 4362 4363
3 3601 4363 4364
3 4251 4252 4367
3 4252 4253 4367
3 4253 4254 4367
3 4254 4276 4367
3 4276 4277 4367
3 3614 4366 4365
3 4251 4367 4366
3 4259 4369 4260
3 4260 4369 4261
3 4262 4261 4369
3 4262 4370 4263
3 4263 4370 4264
3 4265 4264 4370
3 4266 4265 4370
3 4266 4370 4267
3 3606 4364 4368
3 4267 4373 4268
3 4268 4373 4269
3 4269 4373 4270
3 4270 4373 4271
3 4272 4271 4373
3 4272 4371 4273
3 4273 4371 4274
3 4274 4371 4275
3 4275 4372 4285
3 4285 4372 4286
3 4277 4278 4375
3 4278 4279 4375
3 4279 4280 4375
3 4280 4281 4375
3 4281 4282 4375
3 4282 4283 4376
3 4283 4284 4376
3 4284 4291 4376
3 4291 4292 4376
3 4255 4368 4369
3 4262 4369 4370
3 4267 4370 4373
3 4286 4374 4287
3 4287 4374 4288
3 4288 4374 4289
3 4289 4374 4290
3 4290 4374 4296
3 4272 4373 4371
3 4275 4371 4372
3 4286 4372 4374
3 4292 4293 4376
3 4293 4294 4377
3 4294 4295 4377
3 4295 4297 4377
3 4277 4375 4367
3 4282 4376 4375
3 4293 4377 4376
3 4296 4374 5343
3 4297 4298 4377
3 4298 4299 4377
3 4299 4300 4378
3 4300 4301 4378
3 4301 4302 4378
3 4302 4303 4378
3 4303 4304 4379
3 5343 4374 5547
3 4299 4378 4377
3 4304 4305 4379
3 4305 4306 4379
3 4306 4307 4379
3 4307 4308 4380
3 4308 5368 4380
3 4292 4331 4293
3 4293 4332 4294
3 4294 4333 4295
3 4295 4333 4297
3 4286 4287 4339
3 4287 4288 4339
3 4288 4289 4339
3 4289 4290 4340
3 4290 4296 4341
3 4296 5343 4342
3 4342 5343 5344
3 4297 4343 4298
3 4298 4344 4299
3 4299 4345 4300
3 4300 4345 4301
3 4301 4346 4302
3 4302 4349 4303
3 4303 4349 4304
3 4304 4349 4305
3 4305 4351 4306
3 4306 4351 4307
3 4307 4352 4308
3 3668 4309 4250
3 4250 4309 4310
3 4251 4310 4311
3 4252 4311 4312
3 4254 4312 4313
3 4276 4313 4314
3 3672 4258 3673
3 4259 4315 3673
3 4260 4316 4315
3 4261 4317 4316
3 4262 4318 4317
3 4318 4264 4320
3 4277 4314 4319
3 4265 4321 4320
3 4267 4322 4321
3 4278 4319 4324
3 4280 4324 4325
3 4281 4325 4326
3 4268 4323 4322
3 4269 4328 4323
3 4270 4329 4328
3 4282 4326 4327
3 4283 4327 4330
3 4291 4330 4331
3 4293 4331 4332
3 4271 4334 4329
3 4273 4335 4334
3 4274 4336 4335
3 4285 4337 4336
3 4286 4338 4337
3 4286 4339 4338
3 4289 4340 4339
3 3672 4311 4310
3 3673 4312 4311
3 4312 4315 4313
3 3672 3673 4311
3 4312 3673 4315
3 4313 4315 4316
3 4314 4316 4317
3 4313 4316 4314
3 4314 4317 4319
3 4317 4318 4319
3 4318 4320 4319
3 4320 4324 4319
3 4321 4325 4320
3 4320 4325 4324
3 4321 4322 4326
3 4321 4326 4325
3 4322 4327 4326
3 4322 4323 4327
3 4323 4328 4330
3 4323 4330 4327
3 4328 4331 4330
3 4328 4329 4331
3 4332 4329 4334
3 4329 4332 4331
3 4333 4334 4335
3 4332 4334 4333
3 4333 4335 4343
3 4335 4336 4343
3 4336 4337 4344
3 4336 4344 4343
3 4337 4345 4344
3 4337 4338 4345
3 4338 4339 4346
3 4339 4340 4347
3 4294 4332 4333
3 4297 4333 4343
3 4298 4343 4344
3 4299 4344 4345
3 4301 4345 4346
3 4290 4341 4340
3 4296 4342 4341
3 4342 5344 4348
3 4302 4346 4347
3 4302 4347 4349
3 4305 4349 4350
3 4305 4350 4351
3 4307 4351 4352
3 4308 4352 4353
3 4338 4346 4345
3 4339 4347 4346
3 4340 4349 4347
3 4340 4341 4349
3 4341 4342 4350
3 4348 4351 4342
3 4341 4350 4349
3 4342 4351 4350
3 4348 5478 4352
3 4348 4352 4351
3 4352 5478 4353
3 4175 4355 4356
3 4175 4356 4176
3 4176 4356 4357
3 4176 4357 4360
3 4360 4357 4358
3 4358 4361 4360
3 4358 4359 4361
3 4359 4362 4361
3 4359 4365 4362
3 4362 4365 4366
3 4368 4366 4367
3 4362 4366 4363
3 4364 4363 4366
3 4364 4366 4368
3 4370 4369 4375
3 4367 4369 4368
3 4367 4375 4369
3 4370 4375 4376
3 4373 4370 4376
3 4373 4376 4377
3 4303 4379 4378
3 4307 4380 4379
3 4371 4373 4377
3 4371 4378 4372
3 4372 4378 4374
3 4371 4377 4378
3 4374 4378 4379
3 4380 5547 4374
3 4374 4379 4380
3 3203 11 4407
3 11 4829 4407
3 11 4837 4836
3 11 4839 4837
3 11 4830 4829
3 11 4834 4828
3 11 4827 4830
3 11 4828 4827
3 11 4835 4834
3 11 4836 4835
3 11 4619 4621
3 11 4621 4620
3 11 4626 4623
3 11 4623 4622
3 11 4620 4626
3 11 4603 4609
3 11 4608 4603
3 11 4609 4610
3 11 4610 4611
3 11 4612 4618
3 11 4611 4612
3 11 4618 4619
3 3036 4435 4434
3 11 4624 4625
3 11 4843 4842
3 11 4625 4843
3 11 4841 4838
3 11 4842 4841
3 11 4838 4839
3 11 4622 4624
3 3036 4443 4435
3 3036 4444 4443
3 3036 4419 4444
3 3036 4420 4419
3 3036 4415 4420
3 3036 4421 4415
3 3036 4422 4421
3 3036 4423 4422
3 3036 4425 4424
3 3036 4424 4423
3 3036 4604 4425
3 3036 4430 1631
3 3036 4434 4430
3 4383 4407 4384
3 3201 4407 4383
3 4381 4407 4382
3 4381 4384 4407
3 4385 4407 4386
3 4382 4407 4385
3 4386 4407 4387
3 4387 4407 4388
3 4388 4407 4389
3 4389 4407 4390
3 3202 3205 4407
3 3204 4407 3205
3 3204 3206 4407
3 3203 4407 3206
3 3036 3468 4798
3 3201 3202 4407
3 3036 4798 4800
3 3036 4800 4805
3 3036 4805 4774
3 3036 4774 4820
3 4390 4407 4391
3 4391 4407 4392
3 4392 4407 4393
3 4393 4407 4394
3 4394 4407 4395
3 4395 4407 4396
3 4396 4407 4397
3 4397 4407 4398
3 4398 4407 4399
3 4399 4407 4400
3 4400 4407 4401
3 4401 4407 4402
3 3036 4822 4825
3 3036 4826 4823
3 3036 4825 4826
3 3036 4408 4409
3 3036 4409 4412
3 3036 4823 4824
3 3036 4824 4840
3 3036 4840 4408
3 3036 4820 4821
3 3036 4821 4822
3 4402 4407 4403
3 4403 4407 4404
3 4404 4407 4405
3 4405 4407 4406
3 3036 4598 4606
3 3036 4599 4598
3 3036 4600 4599
3 3036 4601 4600
3 3036 4616 4617
3 3036 4410 4615
3 3036 4615 4616
3 3036 4602 4601
3 3036 4613 4602
3 3036 4614 4613
3 3036 4617 4614
3 3036 4605 4604
3 3036 4606 4605
3 3036 4412 4413
3 3036 4413 4411
3 3036 4411 4410
3 4408 5072 4409
3 4409 5073 4412
3 4411 4413 5075
3 4410 5076 4615
3 4410 4411 5077
3 4412 5074 4413
3 4625 5322 4843
3 4416 4511 4512
3 4414 4416 4512
3 4416 4453 4417
3 4414 4452 4416
3 4416 4452 4453
3 4417 4453 4454
3 4417 4454 4455
3 4417 4455 4456
3 4417 4456 4458
3 4417 4458 4418
3 4418 4462 4426
3 4423 4424 4425
3 4426 4478 4427
3 1631 4430 4433
3 1705 4433 1706
3 4433 4538 1706
3 4430 4434 4431
3 4431 4434 4432
3 4430 4431 4433
3 4433 4544 4547
3 4431 4432 4546
3 4431 4546 4433
3 4433 4546 4544
3 4433 4547 4538
3 4434 4437 4432
3 4434 4436 4437
3 4434 4435 4436
3 4435 4438 4436
3 4435 4443 4440
3 4435 4439 4438
3 4435 4440 4439
3 4440 4443 4441
3 4443 4444 4446
3 4442 4441 4443
3 4443 4445 4442
3 4443 4446 4445
3 4444 4447 4446
3 4444 4448 4447
3 4444 4449 4448
3 4444 4450 4449
3 4444 4451 4450
3 4415 4421 4628
3 4419 4451 4444
3 4419 4420 4468
3 4415 4476 4420
3 4418 4458 4457
3 4418 4457 4460
3 4418 4460 4461
3 4418 4461 4462
3 4426 4464 4472
3 4426 4472 4473
3 4426 4462 4463
3 4426 4463 4464
3 4419 4459 4451
3 4419 4466 4459
3 4419 4467 4466
3 4419 4468 4467
3 4420 4469 4468
3 4420 4470 4469
3 4420 4471 4470
3 4420 4474 4471
3 4421 4422 4634
3 4427 4483 4428
3 4428 4640 4429
3 4426 4473 4478
3 4427 4478 4479
3 4427 4479 4480
3 4427 4480 4481
3 4427 4481 4482
3 4427 4482 4483
3 4428 4483 4484
3 4415 4465 4477
3 4415 4627 4465
3 4415 4628 4627
3 4421 4629 4628
3 4421 4630 4629
3 4421 4631 4630
3 4420 4475 4474
3 4420 4476 4475
3 4415 4477 4476
3 4422 4423 4658
3 4421 4632 4631
3 4421 4633 4632
3 4421 4634 4633
3 4422 4635 4634
3 4422 4643 4635
3 4422 4644 4643
3 4428 4484 4636
3 4428 4636 4637
3 4428 4638 4639
3 4428 4639 4640
3 4428 4637 4638
3 4429 4640 4641
3 4429 4641 4642
3 4429 4642 4650
3 4429 4650 4651
3 4429 4651 4652
3 1647 4486 4485
3 4485 4486 4487
3 4485 4487 4488
3 4485 4488 4489
3 4485 4489 4490
3 4485 4490 4491
3 4490 4493 4491
3 4491 4493 4494
3 4491 4494 4495
3 4491 4495 4492
3 4492 4495 4496
3 4492 4496 4497
3 4492 4497 4498
3 4492 4498 4499
3 1652 4513 4486
3 4486 4515 4487
3 4487 4515 4488
3 4488 4515 4489
3 4489 4516 4490
3 4490 4518 4493
3 4493 4518 4494
3 4494 4519 4495
3 4495 4520 4496
3 4496 4520 4497
3 4497 4521 4498
3 4498 4501 4499
3 4499 4501 4503
3 4499 4503 4504
3 4499 4504 4505
3 4499 4505 4500
3 4500 4505 4506
3 4500 4506 4507
3 4500 4507 4502
3 4416 4502 4511
3 4502 4507 4508
3 4502 4508 4509
3 4502 4509 4510
3 4502 4510 4511
3 4498 4522 4501
3 4501 4523 4503
3 4503 4523 4504
3 4504 4524 4505
3 4505 4525 4506
3 4506 4526 4507
3 4507 4526 4508
3 4508 4527 4509
3 4509 4528 4510
3 4510 4529 4511
3 4511 4529 4512
3 4414 4512 4530
3 4486 4513 4514
3 4486 4514 4515
3 4489 4515 4516
3 4490 4516 4517
3 4490 4517 4518
3 4494 4518 4519
3 4495 4519 4520
3 4497 4520 4521
3 1666 4548 4513
3 4513 4548 4514
3 4514 4549 4515
3 4515 4552 4516
3 1666 4550 4548
3 4514 4548 4549
3 4515 4549 4551
3 4515 4551 4552
3 4516 4552 4553
3 4516 4553 4554
3 4516 4554 4517
3 4517 4555 4518
3 4518 4555 4519
3 4519 4556 4520
3 4520 4557 4521
3 4517 4554 4555
3 4519 4555 4556
3 4520 4556 4557
3 4521 4557 4558
3 4501 4522 4523
3 4504 4523 4524
3 4498 4521 4522
3 4505 4524 4525
3 4506 4525 4526
3 4508 4526 4527
3 4509 4527 4528
3 4510 4528 4529
3 4512 4529 4530
3 4521 4558 4522
3 4522 4559 4523
3 4523 4561 4524
3 4524 4561 4525
3 4522 4558 4559
3 4523 4559 4560
3 4523 4560 4561
3 4525 4561 4562
3 4525 4562 4526
3 4526 4563 4527
3 4527 4564 4528
3 4528 4565 4529
3 4414 4530 4531
3 4532 1706 4538
3 4532 4538 4533
3 4533 4538 4534
3 4534 4547 4535
3 4534 4538 4547
3 4535 4547 4536
3 4537 4536 4547
3 4537 4547 4539
3 4539 4547 4540
3 4540 4547 4541
3 4541 4547 4542
3 4542 4547 4543
3 4543 4547 4544
3 4543 4544 4545
3 4545 4544 4546
3 1704 4532 4548
3 4532 4533 4549
3 4533 4534 4552
3 4534 4535 4552
3 4535 4536 4553
3 4537 4554 4536
3 4537 4539 4555
3 4539 4540 4555
3 4540 4541 4556
3 4541 4542 4557
3 4542 4543 4558
3 4543 4545 4559
3 4545 4546 4559
3 4432 4437 4561
3 4436 4561 4437
3 4436 4438 4561
3 4438 4439 4563
3 4439 4440 4563
3 4441 4564 4440
3 4445 4565 4442
3 4441 4442 4565
3 4445 4446 4567
3 4446 4447 4567
3 4447 4448 4568
3 4448 4449 4568
3 4449 4450 4574
3 4546 4432 4560
3 1704 4548 4550
3 4532 4549 4548
3 4533 4551 4549
3 4533 4552 4551
3 4535 4553 4552
3 4536 4554 4553
3 4537 4555 4554
3 4540 4556 4555
3 4541 4557 4556
3 4542 4558 4557
3 4543 4559 4558
3 4432 4561 4560
3 4438 4562 4561
3 4438 4563 4562
3 4440 4564 4563
3 4546 4560 4559
3 4441 4565 4564
3 4445 4566 4565
3 4445 4567 4566
3 4447 4568 4567
3 4449 4574 4568
3 4526 4562 4563
3 4527 4563 4564
3 4528 4564 4565
3 4529 4566 4530
3 4529 4565 4566
3 4530 4566 4567
3 4450 4451 4575
3 4451 4459 4576
3 4459 4466 4577
3 4414 4531 4452
3 4452 4569 4453
3 4453 4569 4454
3 4454 4570 4455
3 4455 4571 4456
3 4456 4572 4458
3 4457 4458 4572
3 4457 4573 4460
3 4460 4578 4461
3 4461 4579 4462
3 4462 4579 4463
3 4463 4580 4464
3 4464 4581 4472
3 4466 4467 4582
3 4468 4583 4467
3 4468 4469 4583
3 4469 4470 4583
3 4470 4471 4585
3 4474 4586 4471
3 4474 4475 4586
3 4475 4476 4587
3 4476 4477 4588
3 4465 4588 4477
3 4465 4627 4595
3 4478 4591 4479
3 4479 4592 4480
3 4480 4593 4481
3 4481 4594 4482
3 4482 4596 4483
3 4483 4596 4484
3 4484 4597 4636
3 4472 4590 4473
3 4473 4591 4478
3 4452 4531 4569
3 4454 4569 4570
3 4455 4570 4571
3 4456 4571 4572
3 4457 4572 4573
3 4450 4575 4574
3 4451 4576 4575
3 4459 4577 4576
3 4460 4573 4578
3 4461 4578 4579
3 4463 4579 4580
3 4464 4580 4581
3 4530 4567 4531
3 4531 4568 4569
3 4531 4567 4568
3 4568 4574 4569
3 4569 4574 4570
3 4570 4575 4571
3 4570 4574 4575
3 4571 4576 4572
3 4571 4575 4576
3 4572 4576 4577
3 4573 4577 4582
3 4572 4577 4573
3 4573 4582 4578
3 4578 4583 4579
3 4578 4582 4583
3 4579 4584 4580
3 4466 4582 4577
3 4467 4583 4582
3 4470 4584 4583
3 4470 4585 4584
3 4471 4586 4585
3 4475 4587 4586
3 4476 4588 4587
3 4465 4589 4588
3 4465 4595 4589
3 4579 4583 4584
3 4580 4584 4585
3 4580 4585 4581
3 4581 4586 4590
3 4581 4585 4586
3 4586 4587 4590
3 4587 4588 4591
3 4472 4581 4590
3 4473 4590 4591
3 4479 4591 4592
3 4480 4592 4593
3 4481 4593 4594
3 4484 4596 4597
3 4482 4594 4596
3 4587 4591 4590
3 4588 4592 4591
3 4592 4589 4593
3 4588 4589 4592
3 4593 4595 4594
3 4593 4589 4595
3 4594 4595 4684
3 4594 4684 4596
3 4429 4664 4607
3 4422 4645 4644
3 4422 4646 4645
3 4422 4647 4646
3 4422 4648 4647
3 4422 4649 4648
3 4422 4658 4657
3 4422 4656 4649
3 4422 4657 4656
3 4423 4659 4658
3 4423 4660 4659
3 4423 4661 4660
3 4429 4652 4653
3 4429 4653 4654
3 4429 4654 4655
3 4429 4655 4663
3 4429 4663 4664
3 4423 4662 4661
3 4423 4425 5254
3 4423 5255 4662
3 4629 4630 4684
3 4627 4628 4595
3 4628 4629 4595
3 4630 4631 4686
3 4636 4688 4637
3 4637 4689 4638
3 4638 4690 4639
3 4632 4687 4631
3 4633 4691 4632
3 4633 4634 4691
3 4634 4635 4692
3 4635 4643 4693
3 4639 4694 4640
3 4640 4694 4641
3 4641 4695 4642
3 4642 4696 4650
3 4644 4697 4643
3 4645 4698 4644
3 4645 4646 4699
3 4646 4647 4699
3 4650 4700 4651
3 4651 4701 4652
3 4652 4718 4653
3 4647 4648 4703
3 4649 4704 4648
3 4656 4705 4649
3 4653 4719 4654
3 4654 4720 4655
3 4644 4698 4697
3 4645 4699 4698
3 4699 4647 4702
3 4647 4703 4702
3 4648 4704 4703
3 4649 4705 4704
3 4629 4684 4595
3 4630 4685 4684
3 4630 4686 4685
3 4631 4687 4686
3 4597 4688 4636
3 4637 4688 4689
3 4638 4689 4690
3 4632 4691 4687
3 4634 4692 4691
3 4635 4693 4692
3 4639 4690 4694
3 4641 4694 4695
3 4642 4695 4696
3 4596 4684 4685
3 4596 4685 4597
3 4597 4685 4686
3 4597 4686 4687
3 4688 4687 4691
3 4597 4687 4688
3 4688 4691 4689
3 4689 4691 4692
3 4690 4692 4693
3 4689 4692 4690
3 4690 4693 4694
3 4694 4697 4695
3 4694 4693 4697
3 4643 4697 4693
3 4650 4696 4700
3 4651 4700 4701
3 4652 4701 4718
3 4653 4718 4719
3 4654 4719 4720
3 4695 4697 4698
3 4695 4698 4696
3 4696 4698 4699
3 4696 4699 4700
3 4700 4699 4702
3 4700 4702 4701
3 4701 4703 4718
3 4701 4702 4703
3 4703 4704 4718
3 4704 4719 4718
3 4704 4705 4719
3 4705 4720 4719
3 4705 4706 4720
3 4656 4657 4705
3 4657 4658 4705
3 4658 4659 4706
3 4659 4660 4707
3 4655 4721 4663
3 4663 4722 4664
3 4664 4722 4665
3 4665 4723 4666
3 4660 4661 4709
3 4661 4662 4710
3 4662 4669 4711
3 4666 4724 4667
3 4667 4725 4668
3 4668 4726 4677
3 4658 4706 4705
3 4659 4707 4706
3 4660 4708 4707
3 4660 4709 4708
3 4661 4710 4709
3 4662 4711 4710
3 4670 4712 4669
3 4670 4671 4712
3 4671 4672 4713
3 4677 4727 4678
3 4678 4728 4679
3 4679 4729 4680
3 4672 4673 4714
3 4674 4715 4673
3 4674 4675 4716
3 4675 4676 4716
3 4676 5078 4717
3 4680 4729 4681
3 4681 4730 4682
3 4682 4731 4683
3 4669 4712 4711
3 4671 4713 4712
3 4672 4714 4713
3 4676 4717 4716
3 5078 5169 4717
3 4673 4715 4714
3 4674 4716 4715
3 4706 4721 4720
3 4706 4707 4721
3 4707 4722 4721
3 4707 4708 4722
3 4708 4723 4722
3 4708 4709 4723
3 4709 4724 4723
3 4709 4710 4724
3 4710 4725 4724
3 4710 4711 4725
3 4711 4726 4725
3 4711 4727 4726
3 4731 5243 4683
3 4711 4712 4727
3 4713 4727 4712
3 4713 4728 4727
3 4713 4714 4728
3 4714 4715 4729
3 4714 4729 4728
3 4715 4730 4729
3 4715 4716 4730
3 4716 4731 4730
3 4716 4717 4731
3 5169 5243 4717
3 4717 5243 4731
3 4598 5305 4606
3 4598 4599 5306
3 4599 4600 5307
3 4600 4601 5308
3 4601 4602 5309
3 4607 4664 4665
3 4607 4665 4666
3 4607 4666 4667
3 4607 4667 4668
3 4603 5311 4609
3 4425 4604 5312
3 4604 4605 5313
3 4605 4606 5310
3 4607 4668 4677
3 4607 4677 4678
3 4607 4678 4679
3 4607 5314 4608
3 4603 4608 5315
3 4609 5316 4610
3 4610 5317 4611
3 4611 5318 4612
3 4612 5319 4618
3 4615 5327 4616
3 4614 4617 5325
3 4613 4614 5324
3 4616 5326 4617
3 4618 5328 4619
3 4619 5329 4621
3 4620 4621 5331
3 4620 5330 4626
3 4602 4613 5323
3 4623 4626 5333
3 4622 4623 5332
3 4622 5320 4624
3 4624 5321 4625
3 4607 4679 5259
3 4655 4720 4721
3 4663 4721 4722
3 4665 4722 4723
3 4666 4723 4724
3 4667 4724 4725
3 4668 4725 4726
3 4677 4726 4727
3 4678 4727 4728
3 4679 4728 4729
3 4681 4729 4730
3 4682 4730 4731
3 4733 4767 4738
3 4732 4734 4767
3 4734 4735 4767
3 4732 4767 4733
3 4735 4736 4767
3 4736 4737 4767
3 4737 4742 4767
3 4741 4760 4747
3 4747 4760 4748
3 4748 4760 4749
3 4751 4752 4761
3 4752 4753 4762
3 4754 4755 4762
3 4753 4754 4762
3 4749 4760 4758
3 4758 4760 4759
3 4755 4756 4762
3 4756 4757 4763
3 4757 4759 4763
3 4759 4760 4763
3 3471 4798 3468
3 3475 4761 3476
3 3475 4750 4761
3 4750 4751 4761
3 3476 4761 3477
3 4752 4762 4761
3 4756 4763 4762
3 3471 3477 4806
3 4738 4767 4739
3 4739 4767 4740
3 4740 4767 4741
3 4742 4768 4767
3 4742 4743 4768
3 4743 4744 4768
3 4744 4745 4768
3 4745 4746 4768
3 4746 4764 4768
3 4764 4765 4768
3 4741 4767 4760
3 4760 4767 4770
3 4767 4768 4771
3 4765 4766 4769
3 4765 4769 4768
3 4766 4775 4769
3 4768 4769 4772
3 4760 4770 4763
3 3477 4761 4806
3 4761 4762 4786
3 4762 4763 4772
3 4767 4771 4770
3 4763 4770 4771
3 4763 4771 4772
3 3471 4806 4798
3 4768 4772 4771
3 4762 4772 4786
3 4761 4786 4806
3 4407 4829 4773
3 4774 4818 4819
3 4774 4814 4820
3 4769 4775 4776
3 4769 4776 4777
3 4769 4777 4786
3 4777 4778 4786
3 4780 4781 4787
3 4779 4787 4781
3 4778 4780 4786
3 4779 4782 4787
3 4782 4783 4787
3 4769 4786 4772
3 4780 4787 4786
3 4783 4784 4787
3 4786 4787 4791
3 4784 4785 4791
3 4784 4791 4787
3 4785 4788 4791
3 4788 4789 4791
3 4786 4791 4806
3 4789 4790 4791
3 4773 4829 4794
3 4773 4794 4792
3 4792 4794 4793
3 4794 4829 4796
3 4794 4795 4793
3 4794 4796 4795
3 4796 4829 4797
3 4797 4829 4809
3 4809 4829 4810
3 4798 4799 4800
3 4800 4799 4801
3 4800 4802 4805
3 4799 4806 4801
3 4799 4798 4806
3 4800 4801 4802
3 4802 4803 4805
3 4803 4804 4805
3 4804 4817 4805
3 4774 4805 4818
3 4805 4817 4818
3 4806 4808 4801
3 4790 4808 4791
3 4790 4807 4808
3 4791 4808 4806
3 4810 4829 4831
3 4382 4385 4874
3 4385 4386 4873
3 4386 4387 4875
3 4387 4388 4876
3 3516 4383 4384
3 4381 4871 4384
3 4381 4382 4872
3 4388 4389 4877
3 4389 4390 4886
3 4390 4391 4887
3 4391 4392 4888
3 4392 4393 4889
3 4393 4394 4890
3 4394 4395 4891
3 4395 4396 4892
3 4732 4733 4895
3 4733 4738 4895
3 4738 4739 4894
3 4732 4896 4734
3 4734 4896 4735
3 4735 4896 4736
3 4736 4897 4737
3 4737 4897 4742
3 4742 4898 4743
3 4743 4898 4744
3 4741 4747 4885
3 4747 4748 4885
3 4748 4749 4885
3 4752 4878 4753
3 4754 4880 4755
3 4753 4878 4754
3 4755 4881 4756
3 3534 4751 4750
3 4751 4903 4752
3 4749 4758 4884
3 4756 4879 4757
3 4757 4879 4759
3 4758 4759 4883
3 4739 4740 4882
3 4740 4741 4882
3 4744 4899 4745
3 4745 4899 4746
3 4746 4900 4764
3 4764 4900 4765
3 4765 4901 4766
3 4766 4901 4775
3 4775 4901 4776
3 4396 4397 4893
3 4397 4398 4904
3 4398 4399 4905
3 4399 4400 4906
3 4400 4401 4907
3 4401 4402 4908
3 4402 4403 4909
3 4403 4404 4910
3 4404 4405 4911
3 4405 4406 4916
3 4406 4407 4917
3 4407 4773 4917
3 4776 4902 4777
3 4777 4912 4778
3 4778 4913 4780
3 4780 4913 4781
3 4779 4781 4914
3 4779 4915 4782
3 4782 4921 4783
3 4783 4922 4784
3 4784 4922 4785
3 4785 4922 4788
3 4788 4924 4789
3 4789 4924 4790
3 4773 4792 4918
3 4792 4793 4919
3 4793 4795 4920
3 4795 4796 4920
3 4796 4797 4928
3 4797 4809 4929
3 4809 4810 4929
3 4802 4801 4927
3 4802 4927 4803
3 4804 4803 4927
3 4804 4932 4817
3 4818 4817 4934
3 4818 4934 4819
3 4808 4926 4801
3 4790 4925 4807
3 4807 4925 4808
3 4810 4831 4930
3 4774 4819 4811
3 4774 4811 4812
3 4774 4812 4814
3 4813 4820 4814
3 4813 4815 4820
3 4819 4935 4811
3 4811 4935 4812
3 4812 4937 4814
3 4814 4937 4813
3 4815 4813 4938
3 4815 4939 4816
3 4829 4830 4831
3 4827 4828 4853
3 4830 4832 4831
3 4830 4833 4832
3 4827 4848 4830
3 4830 4847 4833
3 4830 4848 4847
3 4827 4849 4848
3 4827 4850 4849
3 4827 4851 4850
3 4828 4834 4868
3 4831 4832 4931
3 4832 4833 4931
3 4833 4847 4942
3 4847 4848 4942
3 4820 4845 4821
3 4815 4816 4820
3 4816 4844 4820
3 4820 4844 4845
3 4821 4860 4822
3 4821 4845 4846
3 4821 4846 4856
3 4821 4856 4857
3 4821 4857 4858
3 4821 4858 4859
3 4821 4859 4860
3 4822 4973 4825
3 4822 4860 4861
3 4827 4852 4851
3 4827 4853 4852
3 4828 4854 4853
3 4828 4855 4854
3 4828 4864 4855
3 4828 4865 4864
3 4828 4866 4865
3 4828 4867 4866
3 4834 4835 4991
3 4828 4868 4867
3 4834 4869 4868
3 4834 4870 4869
3 4822 4862 4863
3 4822 4863 4970
3 4822 4861 4862
3 4822 4970 4971
3 4822 4971 4972
3 4822 4972 4973
3 4825 4973 4974
3 4825 4974 4975
3 4825 4975 4976
3 4825 4976 4977
3 4825 4977 4985
3 4834 4978 4870
3 4834 4979 4978
3 4834 4980 4979
3 4834 4981 4980
3 4834 4982 4981
3 4834 4983 4982
3 4834 4991 4984
3 4834 4984 4983
3 4835 4992 4991
3 4835 4993 4992
3 4849 4850 4944
3 4848 4849 4943
3 4850 4851 4945
3 4851 4852 4947
3 4852 4853 4947
3 4816 4940 4844
3 4844 4946 4845
3 4845 4946 4846
3 4950 4856 4846
3 4856 4950 4857
3 4853 4854 4948
3 4854 4855 4949
3 4855 4864 4954
3 4858 4857 4952
3 4858 4953 4859
3 4859 4957 4860
3 4860 4957 4861
3 4864 4865 4955
3 4865 4866 4956
3 4866 4867 4956
3 4861 4958 4862
3 4862 4958 4863
3 4970 4863 4961
3 4962 4971 4970
3 4867 4868 4960
3 4868 4869 4965
3 4869 4870 4966
3 4870 4978 4967
3 4968 4978 4979
3 3516 4384 4871
3 4381 4872 4871
3 4382 4874 4872
3 4385 4873 4874
3 4387 4876 4875
3 4388 4877 4876
3 4386 4875 4873
3 4741 4885 4882
3 4756 4881 4879
3 4759 4879 4883
3 4758 4883 4884
3 4749 4884 4885
3 4389 4886 4877
3 4390 4887 4886
3 4391 4888 4887
3 4392 4889 4888
3 4393 4890 4889
3 4394 4891 4890
3 4395 4892 4891
3 4396 4893 4892
3 4739 4882 4894
3 4738 4894 4895
3 4732 4895 4896
3 4736 4896 4897
3 4742 4897 4898
3 4744 4898 4899
3 4746 4899 4900
3 4765 4900 4901
3 4776 4901 4902
3 3534 4903 4751
3 4752 4903 4878
3 4755 4880 4881
3 4754 4878 4880
3 4397 4904 4893
3 4398 4905 4904
3 4399 4906 4905
3 4400 4907 4906
3 4401 4908 4907
3 4402 4909 4908
3 4403 4910 4909
3 4404 4911 4910
3 4777 4902 4912
3 4778 4912 4913
3 4405 4916 4911
3 4406 4917 4916
3 4773 4918 4917
3 4792 4919 4918
3 4781 4913 4914
3 4779 4914 4915
3 4782 4915 4921
3 4783 4921 4922
3 4788 4922 4923
3 4790 4924 4925
3 4788 4923 4924
3 4808 4925 4926
3 4793 4920 4919
3 4796 4928 4920
3 4797 4929 4928
3 4810 4930 4929
3 4831 4931 4930
3 4927 4932 4804
3 4817 4932 4933
3 4934 4817 4933
3 4819 4934 4935
3 4801 4926 4927
3 4871 4872 4880
3 4873 4879 4874
3 4872 4874 4881
3 4873 4875 4883
3 4875 4876 4885
3 4876 4877 4885
3 4877 4886 4882
3 3516 4871 4878
3 4871 4880 4878
3 4872 4881 4880
3 4874 4879 4881
3 3516 4878 4903
3 4873 4883 4879
3 4875 4884 4883
3 4875 4885 4884
3 4877 4882 4885
3 4886 4887 4895
3 4887 4888 4896
3 4888 4889 4897
3 4889 4890 4898
3 4882 4886 4894
3 4886 4895 4894
3 4887 4896 4895
3 4888 4897 4896
3 4889 4898 4897
3 4890 4891 4899
3 4890 4899 4898
3 4891 4892 4900
3 4892 4893 4901
3 4891 4900 4899
3 4892 4901 4900
3 4893 4902 4901
3 4893 4904 4902
3 4904 4905 4912
3 4905 4906 4913
3 4906 4907 4914
3 4902 4904 4912
3 4905 4913 4912
3 4907 4908 4915
3 4906 4914 4913
3 4907 4915 4914
3 4908 4909 4921
3 4909 4910 4922
3 4910 4911 4923
3 4908 4921 4915
3 4909 4922 4921
3 4910 4923 4922
3 4911 4916 4924
3 4911 4924 4923
3 4916 4917 4925
3 4917 4918 4926
3 4916 4925 4924
3 4917 4926 4925
3 4918 4927 4926
3 4918 4919 4927
3 4919 4920 4927
3 4920 4928 4932
3 4920 4932 4927
3 4928 4933 4932
3 4928 4934 4933
3 4928 4929 4934
3 4929 4930 4935
3 4929 4935 4934
3 4930 4936 4935
3 4930 4931 4936
3 4931 4941 4937
3 4931 4937 4936
3 4938 4937 4941
3 4812 4935 4936
3 4812 4936 4937
3 4813 4937 4938
3 4815 4938 4939
3 4816 4939 4940
3 4938 4942 4939
3 4833 4941 4931
3 4833 4942 4941
3 4848 4943 4942
3 4849 4944 4943
3 4938 4941 4942
3 4939 4942 4943
3 4850 4945 4944
3 4851 4947 4945
3 4853 4948 4947
3 4844 4940 4946
3 4946 4950 4846
3 4950 4951 4857
3 4857 4951 4952
3 4854 4949 4948
3 4855 4954 4949
3 4864 4955 4954
3 4865 4956 4955
3 4858 4952 4953
3 4859 4953 4957
3 4861 4957 4958
3 4867 4960 4956
3 4958 4959 4863
3 4863 4959 4961
3 4961 4962 4970
3 4962 4963 4971
3 4868 4965 4960
3 4869 4966 4965
3 4870 4967 4966
3 4967 4978 4968
3 4968 4979 4969
3 4939 4943 4940
3 4940 4943 4944
3 4940 4944 4946
3 4944 4945 4946
3 4945 4950 4946
3 4945 4947 4950
3 4947 4948 4951
3 4947 4951 4950
3 4948 4952 4951
3 4949 4953 4952
3 4953 4954 4957
3 4948 4949 4952
3 4949 4954 4953
3 4954 4955 4957
3 4955 4956 4958
3 4955 4958 4957
3 4956 4960 4958
3 4958 4960 4959
3 4959 4965 4961
3 4959 4960 4965
3 4961 4965 4966
3 4961 4966 4962
3 4962 4966 4967
3 4963 4962 4967
3 4963 4967 4964
3 4964 4967 4968
3 4964 4968 4969
3 4825 4985 4986
3 4825 4986 4987
3 4825 4987 4988
3 4825 4988 4989
3 4825 4989 4990
3 4825 4990 4997
3 4835 4994 4993
3 4835 4995 4994
3 4823 4826 5575
3 4823 5577 4824
3 4825 5578 4826
3 4835 4836 5584
3 4824 5576 4840
3 4408 4840 5072
3 4836 4837 5586
3 4837 4839 5587
3 4838 5588 4839
3 4838 4841 5590
3 4841 4842 5589
3 4842 4843 5591
3 4971 4963 4972
3 4972 4963 4973
3 4973 4963 4974
3 4964 4975 4974
3 4975 5024 4976
3 4976 5024 4977
3 4977 5025 4985
3 4969 4979 4980
3 4969 4980 4981
3 4981 4982 5029
3 4982 4983 5030
3 4983 4984 5030
3 4984 4991 5032
3 4985 5027 4986
3 4986 5028 4987
3 4987 5034 4988
3 4988 5035 4989
3 4989 5036 4990
3 4990 5037 4997
3 4997 5038 4998
3 4991 4992 5033
3 4992 4993 5040
3 4993 4994 5041
3 4994 4995 5042
3 4995 4996 5042
3 4996 5004 5043
3 4825 4997 5578
3 4835 5583 4995
3 4998 5039 4999
3 4999 5046 5000
3 5000 5047 5001
3 5001 5048 5002
3 5002 5049 5003
3 5003 5049 5009
3 5004 5005 5044
3 5005 5006 5045
3 5006 5007 5053
3 5007 5008 5054
3 5008 5016 5055
3 5016 5017 5056
3 5009 5051 5010
3 5010 5051 5011
3 5014 5011 5059
3 5012 5014 5059
3 5012 5059 5013
3 5013 5060 5015
3 5015 5065 5430
3 5062 5431 5430
3 5017 5018 5058
3 5018 5019 5057
3 5019 5020 5057
3 5020 5022 5067
3 5021 5068 5022
3 5021 5442 5069
3 4964 4974 4963
3 4964 5023 4975
3 4975 5023 5024
3 4977 5024 5025
3 5025 5026 4985
3 4985 5026 5027
3 5027 5028 4986
3 4969 4981 5029
3 4982 5030 5029
3 4984 5031 5030
3 4984 5032 5031
3 4991 5033 5032
3 4987 5028 5034
3 4988 5034 5035
3 5035 5036 4989
3 4990 5036 5037
3 4997 5037 5038
3 4998 5038 5039
3 4992 5040 5033
3 4993 5041 5040
3 4994 5042 5041
3 4996 5043 5042
3 5004 5044 5043
3 5005 5045 5044
3 4964 4969 5023
3 5023 5029 5024
3 5024 5029 5025
3 5025 5031 5026
3 5026 5032 5027
3 5027 5033 5028
3 5028 5040 5034
3 4969 5029 5023
3 5025 5029 5030
3 5025 5030 5031
3 5026 5031 5032
3 5027 5032 5033
3 5028 5033 5040
3 5034 5040 5035
3 5039 5053 5046
3 5035 5040 5041
3 5036 5035 5042
3 5035 5041 5042
3 5037 5036 5043
3 5036 5042 5043
3 5037 5043 5044
3 5037 5044 5038
3 5038 5045 5039
3 5038 5044 5045
3 5039 5045 5053
3 4999 5039 5046
3 5000 5046 5047
3 5001 5047 5048
3 5002 5048 5049
3 5009 5049 5050
3 5009 5050 5051
3 5006 5053 5045
3 5007 5054 5053
3 5008 5055 5054
3 5016 5056 5055
3 5017 5058 5056
3 5011 5051 5052
3 5011 5052 5059
3 5013 5059 5060
3 5063 5432 5062
3 5015 5060 5061
3 5015 5061 5065
3 5065 5062 5430
3 5020 5067 5057
3 5018 5057 5058
3 5022 5068 5067
3 5021 5069 5068
3 5069 5442 5070
3 5070 5443 5071
3 5046 5054 5047
3 5048 5047 5055
3 5048 5056 5049
3 5050 5049 5056
3 5050 5057 5051
3 5051 5067 5052
3 5046 5053 5054
3 5047 5054 5055
3 5048 5055 5056
3 5050 5056 5058
3 5050 5058 5057
3 5051 5057 5067
3 5052 5068 5059
3 5060 5070 5061
3 5059 5069 5060
3 5059 5068 5069
3 5060 5069 5070
3 5061 5071 5065
3 5062 5065 5066
3 5061 5070 5071
3 5062 5535 5063
3 5065 5071 5066
3 5062 5066 5535
3 5052 5067 5068
3 4615 5076 5327
3 4412 5073 5074
3 4409 5072 5073
3 4411 5075 5077
3 4410 5077 5076
3 4413 5074 5075
3 5074 5073 5590
3 5075 5074 5589
3 5075 5589 5591
3 5077 5075 5591
3 5077 5322 5321
3 5077 5591 5322
3 5077 5321 5076
3 4662 5255 4669
3 4669 5255 4670
3 4671 4670 5255
3 4671 5255 4672
3 4672 5255 4673
3 4673 5255 4674
3 4676 5253 5078
3 4674 5252 4675
3 4675 5252 4676
3 4425 5312 5254
3 4423 5254 5255
3 4679 4680 5259
3 4680 4681 5259
3 4681 4682 5259
3 4682 4683 5259
3 4683 5085 5259
3 5108 5109 5245
3 5147 5245 5109
3 5097 5247 5098
3 5099 5098 5247
3 5091 5099 5247
3 5091 5247 5092
3 5078 5253 5079
3 5079 5253 5080
3 5081 5080 5253
3 5081 5253 5082
3 5082 5253 5083
3 5083 5253 5084
3 5084 5253 5097
3 5085 5086 5259
3 5086 5087 5259
3 5087 5088 5259
3 5089 5090 5258
3 5088 5089 5259
3 5090 5100 5258
3 5100 5101 5258
3 5101 5102 5258
3 5102 5103 5258
3 5103 5104 5258
3 5094 5096 5246
3 5093 5092 5247
3 5093 5247 5095
3 5095 5247 5096
3 5094 5246 5137
3 5137 5246 5138
3 5141 5138 5246
3 5139 5141 5246
3 5145 5248 5142
3 5140 5248 5144
3 5139 5248 5140
3 5144 5248 5145
3 5142 5245 5143
3 5146 5143 5245
3 5146 5245 5147
3 5155 5148 5257
3 5148 5149 5257
3 5159 5160 5251
3 5150 5257 5149
3 5150 5159 5257
3 4674 5255 5252
3 4676 5252 5253
3 5104 5105 5258
3 5106 5256 5105
3 5106 5107 5256
3 5151 5153 5256
3 5107 5152 5256
3 5151 5256 5152
3 5154 5155 5257
3 5153 5154 5256
3 5078 5079 5169
3 5079 5080 5170
3 5081 5167 5080
3 4683 5243 5085
3 5085 5243 5086
3 5086 5244 5087
3 5087 5171 5088
3 5082 5083 5172
3 5081 5082 5168
3 5083 5084 5173
3 5084 5097 5174
3 5088 5175 5089
3 5090 5177 5100
3 5089 5176 5090
3 5079 5170 5169
3 5093 5188 5092
3 5093 5095 5188
3 5095 5096 5188
3 5094 5178 5096
3 5094 5137 5179
3 5097 5098 5174
3 5099 5181 5098
3 5099 5091 5181
3 5091 5092 5183
3 5100 5185 5101
3 5101 5185 5102
3 5102 5187 5103
3 5103 5187 5104
3 5106 5105 5190
3 5107 5191 5152
3 5106 5191 5107
3 5104 5189 5105
3 5080 5167 5170
3 5081 5168 5167
3 5086 5243 5244
3 5087 5244 5171
3 5082 5172 5168
3 5083 5173 5172
3 5084 5174 5173
3 5088 5171 5175
3 5089 5175 5176
3 5090 5176 5177
3 5169 5170 5244
3 5169 5244 5243
3 5170 5171 5244
3 5170 5167 5171
3 5167 5168 5175
3 5167 5175 5171
3 5168 5172 5176
3 5172 5177 5176
3 5168 5176 5175
3 5172 5173 5177
3 5173 5174 5185
3 5173 5185 5177
3 5096 5178 5188
3 5094 5179 5178
3 5137 5180 5179
3 5098 5182 5174
3 5098 5181 5182
3 5091 5183 5181
3 5092 5184 5183
3 5102 5185 5186
3 5100 5177 5185
3 5102 5186 5187
3 5092 5188 5184
3 5106 5190 5191
3 5152 5191 5229
3 5104 5187 5189
3 5105 5189 5190
3 5174 5182 5186
3 5182 5181 5187
3 5181 5183 5189
3 5183 5184 5190
3 5174 5186 5185
3 5182 5187 5186
3 5181 5189 5187
3 5184 5188 5191
3 5183 5190 5189
3 5184 5191 5190
3 5188 5178 5229
3 5178 5179 5230
3 5188 5229 5191
3 5178 5230 5229
3 2582 5196 5110
3 5110 5197 5111
3 5111 5198 5112
3 5112 5198 5113
3 5113 5199 5114
3 5114 5199 5115
3 5117 5116 5203
3 5115 5200 5116
3 5117 5201 5119
3 5121 5212 5122
3 5122 5213 5120
3 5119 5202 5118
3 5118 5202 5121
3 5134 5133 5205
3 5123 5125 5211
3 5124 5211 5125
3 5134 5205 5126
3 5126 5210 5124
3 5131 5208 5128
3 5127 5225 5130
3 5130 5225 5108
3 5129 5207 5127
3 5129 5128 5207
3 5123 5209 5131
3 5120 5204 5132
3 5132 5205 5133
3 5136 5214 5193
3 5136 5135 5214
3 5193 5215 5192
3 2582 5195 5196
3 5110 5196 5197
3 5111 5197 5198
3 5113 5198 5199
3 5115 5199 5200
3 5116 5200 5203
3 5117 5203 5201
3 5121 5202 5212
3 5119 5201 5202
3 5195 5194 5286
3 5196 5195 5287
3 5197 5196 5287
3 5197 5289 5198
3 5203 5200 5292
3 5199 5198 5290
3 5199 5291 5200
3 5201 5203 5293
3 5202 5201 5293
3 5132 5204 5205
3 5126 5205 5206
3 5126 5206 5210
3 5131 5209 5208
3 5127 5207 5225
3 5128 5208 5207
3 5123 5211 5209
3 5124 5210 5211
3 5122 5212 5213
3 5120 5213 5204
3 5135 5242 5214
3 5193 5214 5215
3 5215 5216 5192
3 5209 5242 5208
3 5211 5214 5209
3 5213 5295 5204
3 5205 5204 5298
3 5206 5205 5298
3 5202 5296 5212
3 5213 5212 5297
3 5213 5297 5294
3 5213 5294 5295
3 5204 5295 5298
3 5210 5206 5216
3 5211 5210 5215
3 5209 5214 5242
3 5211 5215 5214
3 5206 5298 5299
3 5206 5299 5216
3 5210 5216 5215
3 5140 5144 5219
3 5137 5138 5180
3 5141 5139 5218
3 5138 5141 5218
3 5140 5219 5139
3 5146 5223 5143
3 5145 5142 5221
3 5144 5145 5220
3 5142 5143 5221
3 5146 5147 5223
3 5108 5224 5109
3 5147 5109 5224
3 5150 5149 5234
3 5150 5227 5159
3 5151 5230 5153
3 5151 5152 5229
3 5153 5232 5154
3 5154 5231 5155
3 5155 5231 5148
3 5148 5233 5149
3 5156 5237 5158
3 5158 5238 5157
3 5160 5236 5161
3 5161 5235 5162
3 5159 5228 5160
3 5156 5162 5237
3 5164 5163 5240
3 5165 5239 5166
3 5164 5240 5165
3 5163 5157 5241
3 5166 5242 5135
3 5138 5218 5180
3 5139 5217 5218
3 5139 5219 5217
3 5144 5220 5219
3 5143 5222 5221
3 5145 5221 5220
3 5143 5223 5222
3 5147 5224 5223
3 5108 5226 5224
3 5108 5225 5226
3 5150 5234 5227
3 5159 5227 5228
3 5180 5218 5231
3 5218 5217 5233
3 5219 5234 5217
3 5217 5234 5233
3 5223 5235 5222
3 5224 5237 5223
3 5219 5220 5227
3 5222 5236 5221
3 5221 5228 5220
3 5219 5227 5234
3 5220 5228 5227
3 5221 5236 5228
3 5222 5235 5236
3 5151 5229 5230
3 5154 5232 5231
3 5153 5230 5232
3 5148 5231 5233
3 5149 5233 5234
3 5180 5232 5179
3 5179 5232 5230
3 5180 5231 5232
3 5218 5233 5231
3 5157 5238 5241
3 5162 5235 5237
3 5161 5236 5235
3 5160 5228 5236
3 5158 5237 5238
3 5166 5239 5242
3 5165 5240 5239
3 5163 5241 5240
3 5207 5240 5225
3 5225 5241 5226
3 5224 5226 5238
3 5224 5238 5237
3 5208 5239 5207
3 5207 5239 5240
3 5226 5241 5238
3 5225 5240 5241
3 5223 5237 5235
3 5208 5242 5239
3 4606 5305 5310
3 4600 5308 5307
3 4599 5307 5306
3 4601 5309 5308
3 4602 5323 5309
3 4598 5306 5305
3 4603 5315 5311
3 4609 5311 5316
3 4604 5313 5312
3 4605 5310 5313
3 4607 5259 5314
3 4608 5314 5315
3 4611 5317 5318
3 4610 5316 5317
3 4612 5318 5319
3 4613 5324 5323
3 4614 5325 5324
3 4617 5326 5325
3 4616 5327 5326
3 4619 5328 5329
3 4620 5331 5330
3 4626 5330 5333
3 4621 5329 5331
3 4623 5333 5332
3 4622 5332 5320
3 4624 5320 5321
3 4625 5321 5322
3 4618 5319 5328
3 5121 5122 5262
3 5122 5120 5262
3 5132 5262 5120
3 5110 5111 2771
3 5111 5112 5261
3 5112 5113 5261
3 5113 5114 5261
3 5114 5115 5261
3 5115 5116 5261
3 5117 5260 5116
3 5117 5119 5260
3 5119 5118 5260
3 5118 5121 5262
3 5123 5131 5264
3 5134 5126 5263
3 5126 5124 5263
3 5133 5134 5263
3 5132 5133 5263
3 5125 5123 5264
3 5124 5125 5264
3 5127 5130 5265
3 5128 5264 5131
3 5128 5129 5265
3 5129 5127 5265
3 5108 5265 5130
3 5108 5245 5265
3 5136 5266 5135
3 5136 5193 5266
3 5111 5261 2771
3 5116 5260 5261
3 5118 5262 5260
3 5132 5263 5262
3 5124 5264 5263
3 5128 5265 5264
3 5135 5266 5249
3 5245 5249 5265
3 5249 5266 5265
3 5097 5253 5247
3 5096 5247 5246
3 5156 5250 5162
3 5156 5158 5250
3 5165 5166 5249
3 5164 5165 5249
3 5164 5249 5163
3 5158 5157 5250
3 5163 5250 5157
3 5161 5162 5251
3 5160 5161 5251
3 5139 5246 5248
3 5142 5248 5245
3 5166 5135 5249
3 5159 5251 5257
3 5105 5256 5258
3 5089 5258 5259
3 5154 5257 5256
3 5163 5249 5250
3 5162 5250 5251
3 5248 5250 5245
3 5246 5251 5248
3 5245 5250 5249
3 5248 5251 5250
3 5246 5257 5251
3 5246 5247 5257
3 5253 5252 5258
3 5255 5258 5252
3 5254 5314 5255
3 5253 5258 5256
3 5247 5253 5256
3 5247 5256 5257
3 5255 5259 5258
3 5255 5314 5259
3 2771 5261 5300
3 5260 5301 5261
3 5261 5301 5300
3 5260 5262 5302
3 5260 5302 5301
3 5262 5263 5303
3 5262 5303 5302
3 5263 5304 5303
3 5263 5264 5304
3 5264 5265 5266
3 5264 5266 5304
3 5274 5302 5278
3 5275 5278 5302
3 5275 5302 5276
3 5267 5268 5287
3 5268 5269 5288
3 5269 5270 5288
3 5270 5271 5289
3 5271 5272 5290
3 5273 5274 5291
3 5272 5273 5291
3 5275 5293 5278
3 5275 5276 5296
3 5274 5278 5293
3 5276 5303 5277
3 5277 5303 5283
3 5283 5303 5284
3 5279 5284 5304
3 5279 5304 5280
3 5280 5304 5282
3 5281 5282 5304
3 5266 5285 5281
3 5193 5192 5266
3 5266 5192 5285
3 5279 5280 5298
3 5279 5295 5284
3 5280 5282 5299
3 5276 5277 5297
3 5277 5283 5294
3 5283 5284 5294
3 5281 5299 5282
3 5216 5281 5285
3 5216 5285 5192
3 5267 5300 5268
3 5268 5300 5269
3 5269 5300 5270
3 5270 5300 5271
3 5271 5301 5272
3 5272 5301 5273
3 5273 5301 5274
3 2797 5300 5267
3 5271 5300 5301
3 5274 5301 5302
3 5276 5302 5303
3 5284 5303 5304
3 5266 5281 5304
3 5267 5287 5286
3 5268 5288 5287
3 5270 5289 5288
3 5271 5290 5289
3 5274 5292 5291
3 5272 5291 5290
3 5274 5293 5292
3 5275 5296 5293
3 2793 5286 5194
3 5195 5286 5287
3 5197 5287 5288
3 5197 5288 5289
3 5198 5289 5290
3 5200 5291 5292
3 5199 5290 5291
3 5203 5292 5293
3 5202 5293 5296
3 5284 5295 5294
3 5279 5298 5295
3 5276 5297 5296
3 5277 5294 5297
3 5280 5299 5298
3 5216 5299 5281
3 5212 5296 5297
3 5305 5306 5318
3 5306 5307 5319
3 5308 5309 5329
3 5307 5308 5328
3 5307 5328 5319
3 5310 5316 5313
3 5305 5317 5310
3 5311 5313 5316
3 5311 5312 5313
3 5254 5312 5315
3 5254 5315 5314
3 5311 5315 5312
3 5310 5317 5316
3 5305 5318 5317
3 5306 5319 5318
3 5323 5324 5330
3 5324 5325 5333
3 5325 5326 5332
3 5325 5332 5333
3 5309 5323 5331
3 5323 5330 5331
3 5309 5331 5329
3 5308 5329 5328
3 5324 5333 5330
3 5327 5076 5321
3 5320 5326 5327
3 5327 5321 5320
3 5320 5332 5326
3 5334 5447 5460
3 5334 5461 5335
3 5340 5469 5337
3 5339 5335 5468
3 5339 5468 5340
3 5402 5403 5473
3 5404 5473 5403
3 5336 5474 5389
3 5336 5342 5467
3 5404 5389 5473
3 5338 5470 5341
3 5337 5470 5338
3 5341 5466 5342
3 5343 5547 5344
3 5344 5548 5345
3 5345 5548 5346
3 5347 5346 5548
3 5347 5548 5348
3 5348 5549 5349
3 5349 5549 5350
3 5350 5549 5351
3 5351 5549 5352
3 5352 5550 5353
3 5353 5550 5354
3 5354 5550 5355
3 5356 5355 5550
3 5344 5547 5548
3 4380 5368 5369
3 5369 5370 5551
3 5370 5371 5551
3 5371 5372 5551
3 5372 5373 5551
3 5373 5374 5552
3 5374 5375 5552
3 5375 5376 5552
3 5376 5377 5552
3 5377 5378 5553
3 5356 5554 5357
3 5357 5554 5359
3 5358 5359 5554
3 5358 5555 5360
3 5360 5555 5361
3 5362 5361 5555
3 5362 5556 5363
3 5365 5364 5556
3 5363 5556 5364
3 5365 5556 5366
3 5366 5556 5367
3 5378 5379 5553
3 5380 5557 5379
3 5380 5381 5557
3 5381 5382 5557
3 5382 5383 5558
3 5383 5384 5558
3 5384 5385 5558
3 5387 5388 5559
3 5385 5386 5559
3 5386 5387 5559
3 5336 5560 5342
3 5336 5389 5560
3 5389 5404 5560
3 5337 5338 5561
3 5339 5340 5573
3 5335 5339 5573
3 5337 5561 5340
3 5338 5341 5561
3 5341 5342 5561
3 5340 5561 5573
3 5342 5560 5561
3 5395 5396 5562
3 5394 5562 5396
3 5367 5556 5394
3 5395 5563 5398
3 5397 5398 5563
3 5391 5564 5393
3 5392 5401 5564
3 5391 5392 5564
3 5399 5400 5563
3 5397 5563 5400
3 5399 5564 5401
3 5399 5563 5564
3 5393 5564 5568
3 5420 5421 5566
3 5388 5417 5565
3 5417 5418 5565
3 5419 5565 5418
3 5419 5420 5566
3 5421 5427 5566
3 5427 5422 5566
3 5424 5567 5426
3 5424 5425 5567
3 5423 5426 5567
3 5422 5423 5567
3 5405 5390 5568
3 5402 5405 5568
3 5402 5568 5403
3 5390 5393 5568
3 5404 5403 5560
3 5410 5570 5413
3 5412 5413 5569
3 5411 5412 5569
3 5406 5571 5407
3 5407 5571 5408
3 5409 5571 5414
3 5408 5571 5409
3 5416 5415 5570
3 5416 5570 5410
3 5414 5571 5415
3 5403 5568 5560
3 5425 5428 5569
3 5411 5569 5428
3 5415 5571 5570
3 5344 5345 5478
3 5346 5479 5345
3 5346 5347 5479
3 5347 5348 5479
3 5348 5349 5480
3 5349 5350 5481
3 5350 5351 5482
3 5351 5352 5482
3 5352 5353 5483
3 5353 5354 5484
3 5354 5355 5485
3 5356 5485 5355
3 5356 5357 5486
3 5357 5359 5491
3 5358 5492 5359
3 5358 5360 5492
3 5361 5494 5360
3 5361 5362 5494
3 5362 5363 5494
3 5363 5364 5496
3 5366 5367 5498
3 5364 5365 5496
3 5365 5366 5497
3 4308 4353 5368
3 4353 5369 5368
3 5369 5487 5370
3 5370 5488 5371
3 5371 5488 5372
3 5372 5489 5373
3 5373 5490 5374
3 5374 5490 5375
3 5375 5500 5376
3 5376 5501 5377
3 5377 5502 5378
3 5378 5502 5379
3 5380 5379 5503
3 5380 5504 5381
3 5381 5504 5382
3 5382 5505 5383
3 5383 5507 5384
3 5384 5507 5385
3 5385 5508 5386
3 5386 5509 5387
3 5387 5510 5388
3 5388 5510 5417
3 5397 5514 5398
3 5397 5400 5513
3 5391 5393 5462
3 5393 5390 5463
3 5392 5516 5401
3 5399 5513 5400
3 5399 5401 5515
3 5391 5462 5392
3 5394 5499 5367
3 5394 5396 5511
3 5396 5395 5511
3 5398 5512 5395
3 5424 5522 5425
3 5424 5426 5523
3 5402 5471 5405
3 5390 5405 5464
3 5406 5407 5475
3 5407 5408 5476
3 5409 5414 5528
3 5416 5529 5415
3 5414 5415 5529
3 5408 5409 5477
3 5411 5525 5412
3 5416 5410 5527
3 5410 5413 5526
3 5412 5526 5413
3 5411 5428 5530
3 5425 5522 5428
3 5419 5418 5518
3 5419 5518 5420
3 5420 5520 5421
3 5421 5519 5427
3 5417 5517 5418
3 5427 5524 5422
3 5422 5524 5423
3 5423 5521 5426
3 4997 4998 5578
3 4998 4999 5578
3 5000 5578 4999
3 5000 5001 5578
3 5001 5002 5578
3 5002 5003 5578
3 5003 5009 5578
3 4995 5583 4996
3 4996 5583 5004
3 5004 5583 5005
3 5008 5583 5016
3 5005 5583 5006
3 5006 5583 5007
3 5007 5583 5008
3 4835 5584 5583
3 5009 5010 5578
3 5011 5578 5010
3 5012 5013 5574
3 5013 5015 5574
3 5014 5578 5011
3 5012 5578 5014
3 5433 5434 5572
3 5015 5430 5574
3 5431 5432 5574
3 5430 5431 5574
3 5429 5574 5432
3 5429 5433 5574
3 4823 5575 5577
3 4824 5577 5576
3 4826 5578 5575
3 5016 5583 5017
3 5017 5583 5018
3 5018 5583 5019
3 5019 5582 5020
3 5020 5582 5022
3 5021 5022 5582
3 5021 5582 5442
3 5442 5582 5443
3 5444 5443 5582
3 5438 5582 5439
3 5438 5444 5582
3 4836 5586 5584
3 4837 5587 5586
3 4839 5588 5587
3 4838 5590 5588
3 4841 5589 5590
3 4842 5591 5589
3 4840 5576 5585
3 4840 5585 5072
3 4843 5322 5591
3 5063 5429 5432
3 5064 5433 5429
3 5434 5531 5435
3 5532 5434 5433
3 5062 5432 5431
3 5438 5439 5535
3 5435 5531 5437
3 5437 5534 5436
3 5445 5538 5446
3 5436 5538 5445
3 5439 5440 5535
3 5440 5441 5537
3 5448 5539 5449
3 5441 5449 5536
3 5070 5442 5443
3 5071 5443 5444
3 5066 5444 5438
3 5447 5446 5459
3 5452 5453 5542
3 5448 5450 5540
3 5450 5451 5540
3 5451 5452 5541
3 5453 5455 5543
3 5456 5545 5454
3 5454 5545 5455
3 5456 5457 5544
3 5457 5458 5546
3 5435 5437 5572
3 5434 5435 5572
3 5437 5436 5572
3 5447 5573 5446
3 5445 5446 5572
3 5447 5334 5573
3 5334 5335 5573
3 5436 5445 5572
3 5439 5580 5440
3 5440 5580 5441
3 5441 5580 5449
3 5451 5579 5452
3 5450 5579 5451
3 5448 5449 5580
3 5448 5580 5450
3 5452 5579 5453
3 5454 5455 5579
3 5457 5581 5458
3 5456 5454 5581
3 5456 5581 5457
3 5453 5579 5455
3 5019 5583 5582
3 5012 5574 5578
3 5433 5572 5574
3 5446 5573 5572
3 5458 5581 5406
3 5450 5580 5579
3 5454 5579 5581
3 5406 5581 5571
3 5439 5582 5580
3 5458 5406 5475
3 5447 5459 5460
3 5405 5465 5464
3 5334 5460 5461
3 5335 5461 5468
3 5340 5468 5469
3 5337 5469 5470
3 5341 5470 5466
3 5342 5466 5467
3 5336 5467 5474
3 5389 5474 5473
3 5473 5472 5402
3 5402 5472 5471
3 5405 5471 5465
3 5407 5476 5475
3 5460 5544 5461
3 5461 5546 5468
3 5469 5476 5470
3 5468 5475 5469
3 5468 5546 5475
3 5467 5466 5528
3 5474 5467 5529
3 5471 5525 5465
3 5471 5472 5526
3 5473 5474 5529
3 5472 5473 5527
3 5466 5470 5477
3 5470 5476 5477
3 5469 5475 5476
3 5466 5477 5528
3 5467 5528 5529
3 4348 5344 5478
3 5345 5479 5478
3 5348 5480 5479
3 5349 5481 5480
3 5350 5482 5481
3 5352 5483 5482
3 5353 5484 5483
3 5354 5485 5484
3 5356 5486 5485
3 4353 5487 5369
3 5365 5497 5496
3 5366 5498 5497
3 5367 5499 5498
3 5357 5491 5486
3 5359 5492 5491
3 5360 5493 5492
3 5360 5494 5493
3 5363 5495 5494
3 5363 5496 5495
3 5370 5487 5488
3 5372 5488 5489
3 5373 5489 5490
3 5375 5490 5500
3 5376 5500 5501
3 5377 5501 5502
3 5379 5502 5503
3 5380 5503 5504
3 5382 5504 5505
3 5383 5505 5506
3 5383 5506 5507
3 5385 5507 5508
3 5386 5508 5509
3 5387 5509 5510
3 5394 5511 5499
3 5395 5512 5511
3 5398 5514 5512
3 5397 5513 5514
3 5399 5515 5513
3 5401 5516 5515
3 5392 5462 5516
3 5393 5463 5462
3 5390 5464 5463
3 5427 5519 5524
3 5423 5524 5521
3 5426 5521 5523
3 5424 5523 5522
3 5410 5526 5527
3 5409 5528 5477
3 5408 5477 5476
3 5414 5529 5528
3 5416 5527 5529
3 5428 5522 5530
3 5411 5530 5525
3 5412 5525 5526
3 5418 5517 5518
3 5417 5510 5517
3 5420 5518 5520
3 5421 5520 5519
3 4353 5478 5479
3 5479 5480 5487
3 5480 5481 5488
3 5481 5482 5489
3 4353 5479 5487
3 5480 5488 5487
3 5481 5489 5488
3 5482 5490 5489
3 5482 5483 5490
3 5483 5484 5500
3 5484 5485 5501
3 5485 5486 5502
3 5483 5500 5490
3 5484 5501 5500
3 5485 5502 5501
3 5486 5503 5502
3 5486 5491 5503
3 5492 5504 5491
3 5492 5493 5505
3 5493 5494 5506
3 5494 5495 5507
3 5491 5504 5503
3 5492 5505 5504
3 5493 5506 5505
3 5494 5507 5506
3 5495 5496 5508
3 5496 5497 5509
3 5497 5498 5509
3 5498 5499 5510
3 5495 5508 5507
3 5496 5509 5508
3 5498 5510 5509
3 5499 5511 5518
3 5511 5512 5518
3 5512 5514 5520
3 5514 5513 5519
3 5516 5462 5523
3 5464 5530 5463
3 5462 5463 5522
3 5513 5515 5524
3 5515 5516 5521
3 5516 5523 5521
3 5463 5530 5522
3 5462 5522 5523
3 5499 5518 5517
3 5513 5524 5519
3 5512 5520 5518
3 5514 5519 5520
3 5499 5517 5510
3 5515 5521 5524
3 5464 5465 5525
3 5471 5526 5525
3 5472 5527 5526
3 5473 5529 5527
3 5464 5525 5530
3 5063 5064 5429
3 5532 5433 5064
3 5437 5531 5533
3 5434 5532 5531
3 5066 5438 5535
3 5440 5537 5535
3 5437 5533 5534
3 5436 5534 5538
3 5446 5538 5459
3 5449 5539 5536
3 5441 5536 5537
3 5448 5540 5539
3 5066 5071 5444
3 5453 5543 5542
3 5455 5545 5543
3 5451 5541 5540
3 5452 5542 5541
3 5456 5544 5545
3 5457 5546 5544
3 5458 5475 5546
3 5532 5064 5536
3 5531 5532 5539
3 5531 5540 5533
3 5063 5537 5064
3 5063 5535 5537
3 5064 5537 5536
3 5532 5536 5539
3 5534 5542 5538
3 5534 5533 5541
3 5533 5540 5541
3 5459 5538 5543
3 5460 5459 5545
3 5534 5541 5542
3 5538 5542 5543
3 5531 5539 5540
3 5459 5543 5545
3 5460 5545 5544
3 5461 5544 5546
3 5348 5548 5549
3 5352 5549 5550
3 4380 5369 5551
3 5373 5552 5551
3 5377 5553 5552
3 4380 5548 5547
3 5548 5551 5549
3 5549 5552 5550
3 4380 5551 5548
3 5549 5551 5552
3 5550 5552 5553
3 5356 5550 5554
3 5358 5554 5555
3 5362 5555 5556
3 5379 5557 5553
3 5382 5558 5557
3 5385 5559 5558
3 5550 5557 5554
3 5555 5554 5557
3 5555 5558 5556
3 5553 5557 5550
3 5555 5557 5558
3 5556 5558 5559
3 5394 5556 5562
3 5395 5562 5563
3 5388 5565 5559
3 5419 5566 5565
3 5422 5567 5566
3 5562 5556 5565
3 5562 5565 5563
3 5563 5566 5564
3 5559 5565 5556
3 5563 5565 5566
3 5564 5566 5567
3 5413 5570 5569
3 5425 5569 5567
3 5560 5568 5569
3 5564 5567 5568
3 5560 5569 5570
3 5560 5570 5561
3 5573 5561 5571
3 5561 5570 5571
3 5567 5569 5568
3 5572 5579 5574
3 5578 5574 5580
3 5575 5582 5583
3 5575 5578 5582
3 5575 5583 5577
3 5576 5577 5584
3 5577 5583 5584
3 5572 5573 5581
3 5573 5571 5581
3 5572 5581 5579
3 5574 5579 5580
3 5578 5580 5582
3 5072 5585 5587
3 5576 5586 5585
3 5072 5588 5073
3 5072 5587 5588
3 5073 5588 5590
3 5576 5584 5586
3 5585 5586 5587
3 5074 5590 5589
