ply
format ascii 1.0
comment Sanitized challenge scan; coordinates retain source units.
element vertex 5529
property float x
property float y
property float z
element face 11070
property list uchar int vertex_indices
end_header
-49.602119 -4.6205792 4.9618659
-49.591331 -4.9301205 5.1756053
-49.57962 -5.2324977 5.3993182
-49.566994 -5.5273867 5.6327653
-26.690933 -13.162512 0
-25.272257 -15.7153 0
-25.772917 -14.88 0
-26.245977 -14.028767 0
-27.107307 -12.282161 0
-27.494656 -11.388659 0
-27.85256 -10.482962 0
-28.478544 -8.6388721 0
-28.745953 -7.7024546 0
-28.982578 -6.7577896 0
-29.188169 -5.8058882 0
-29.362505 -4.8477693 0
-28.180641 -9.5660381 0
-25.148951 -11.394841 2.5899999
-25.508314 -10.565889 2.5899999
-29.384539 -4.6992326 3.1652911
-29.275328 -5.3268766 3.5755925
-29.362505 -4.8477693 3.2592609
-29.331814 -5.0164428 3.3654521
-26.144741 -8.8749437 2.5899999
-25.840363 -9.7256241 2.5899999
-26.421124 -8.01476 2.5899999
-26.669212 -7.1459937 2.5899999
-26.888742 -6.2695756 2.5899999
-27.079481 -5.3864436 2.5899999
-28.790071 -7.5263214 5.5942616
-29.100044 -6.213913 4.2648606
-29.039597 -6.4937868 4.5133891
-29.220154 -5.6301026 3.7958825
-29.188169 -5.8058882 3.9327354
-29.162254 -5.9258761 4.025764
-28.980721 -6.765204 4.7710638
-28.982578 -6.7577896 4.7640495
-28.914885 -7.0280409 5.0369315
-28.851311 -7.281837 5.311429
-27.101969 -5.2628608 5.2395101
-27.194298 -4.7554364 4.830749
-27.147512 -5.0125613 5.0309262
-27.079481 -5.3864436 5.3496575
-27.053627 -5.5061474 5.455955
-27.002655 -5.7421575 5.680037
-49.454304 -7.3565259 7.5171986
-49.43494 -7.5808883 7.8187003
-49.539055 -6.0934482 6.1278501
-49.523777 -6.3640132 6.3889585
-49.507645 -6.6258793 6.6587405
-49.553467 -5.8144727 5.8756957
-49.457451 -4.5768647 6.7879744
-49.490677 -6.8787661 6.9369082
-49.472889 -7.1224017 7.2231631
-49.44569 -4.8265047 6.9992185
-49.433155 -5.0690918 7.2184834
-49.419872 -5.3043661 7.4455338
-49.405842 -5.5320759 7.6801271
-49.414818 -7.795248 8.1273451
-49.372391 -8.1930532 8.7647352
-49.393963 -7.9993758 8.4428024
-49.350128 -8.3760729 9.0927973
-49.327198 -8.5482388 9.4266386
-49.303623 -8.7093658 9.7659006
-49.375622 -5.9638343 8.170929
-49.359459 -6.1674204 8.4266119
-49.342621 -6.3625183 8.6887875
-49.391087 -5.751977 7.9220119
-49.306988 -6.7264204 9.2314854
-49.325123 -6.5489182 8.9571743
-49.288231 -6.8948355 9.511426
-49.268871 -7.0539827 9.7966976
-49.279434 -8.8592825 10.110221
-49.254654 -8.9978275 10.45923
-49.229309 -9.1248522 10.812556
-49.207397 -7.474165 10.681415
-49.203423 -9.240222 11.169818
-49.177032 -9.3438129 11.530636
-49.150154 -9.4355125 11.894621
-49.185852 -7.5946388 10.9849
-49.163811 -7.7050958 11.29214
-49.1413 -7.8054171 11.602803
-49.118355 -7.8954959 11.916557
-49.248932 -7.203692 10.086994
-49.228432 -7.3438029 10.382006
-49.122826 -9.5152245 12.261385
-49.095074 -9.5828629 12.630534
-49.066929 -9.6383553 13.001675
-49.094982 -7.9752355 12.233067
-49.047085 -8.1033659 12.872992
-49.071217 -8.0445499 12.551991
-49.038418 -9.6816416 13.374408
-49.009575 -9.712676 13.748335
-49.022614 -8.1516199 13.195722
-48.997818 -8.1892595 13.519838
-48.97274 -8.2162466 13.844992
-28.745953 -7.7024546 5.8123484
-28.729156 -7.7612729 5.884963
-28.664835 -7.9865127 6.1829243
-28.603392 -8.2016802 6.4883146
-28.544889 -8.4065428 6.8008075
-28.431723 -8.7845936 7.4453416
-28.376202 -8.9573956 7.7766161
-28.489393 -8.6008825 7.1200681
-28.478544 -8.6388721 7.1874537
-26.953325 -5.9705567 5.9118505
-26.905691 -6.1911001 6.1511455
-26.888742 -6.2695756 6.2422066
-26.855162 -6.4036422 6.3973017
-26.803993 -6.6079116 6.6502275
-26.754967 -6.8036385 6.9098682
-26.708134 -6.9906111 7.1759443
-26.669212 -7.1459937 7.4135561
-26.662745 -7.1686454 7.4481087
-26.614487 -7.3376365 7.7257266
-28.324251 -9.1190767 8.1136436
-28.275932 -9.2694645 8.4560633
-28.231293 -9.4083977 8.8035088
-26.568893 -7.4972963 8.0089321
-26.526012 -7.6474533 8.2974215
-26.485893 -7.7879477 8.590888
-26.448576 -7.9186277 8.8890142
-28.19038 -9.5357265 9.1556082
-28.180641 -9.5660381 9.2490616
-28.150106 -9.6513777 9.5117369
-28.112967 -9.7551775 9.8717089
-26.421124 -8.01476 9.1298647
-26.413216 -8.0393715 9.1914129
-26.37764 -8.1500931 9.4975863
-26.345345 -8.2506046 9.807478
-28.080112 -9.8469954 10.235223
-28.051582 -9.9267302 10.601892
-28.027407 -9.9942989 10.971323
-26.316364 -8.3408022 10.120757
-26.29073 -8.4205847 10.437088
-26.268467 -8.489871 10.756131
-28.00761 -10.049627 11.343122
-27.992214 -10.092658 11.716887
-26.249603 -8.548584 11.077546
-26.234156 -8.5966616 11.400989
-26.222141 -8.6340513 11.72611
-27.981234 -10.123343 12.092221
-27.974684 -10.141651 12.468722
-27.972569 -10.147562 12.845984
-26.213573 -8.6607161 12.052565
-26.208462 -8.6766243 12.380003
-26.206812 -8.6817608 12.708073
-26.208624 -8.6761189 13.036423
-27.974892 -10.141069 13.223607
-27.981649 -10.12218 13.601183
-27.992838 -10.090915 13.978311
-26.2139 -8.6597052 13.364703
-26.222628 -8.6325369 13.692561
-26.234804 -8.5946436 14.019646
-4.7744088 -49.525478 1.5764872
-4.0588923 -49.539005 1.3437485
-3.6958008 -49.545479 1.2450596
-4.4185567 -49.532337 1.4542638
-2.9608965 -49.557804 1.0835712
-2.5898705 -49.563644 1.0209446
-2.2169905 -49.569263 0.97049004
-3.3296716 -49.551746 1.1583029
-1.8426563 -49.574654 0.93226165
-1.4672683 -49.579803 0.90630037
-1.0912288 -49.584717 0.89263391
-0.71494037 -49.589386 0.89127702
-6.8084712 -49.480766 2.5475099
-8.3319368 -49.439735 3.647604
-7.7443361 -49.456482 3.1777537
-7.1272502 -49.472794 2.7473428
-7.4393163 -49.464695 2.957499
-8.0419827 -49.448158 3.4078708
-9.893362 -49.387619 5.272882
-10.121282 -49.378757 5.5721993
-8.6138887 -49.431225 3.8966968
-8.887537 -49.42263 4.1548824
-9.1525869 -49.413963 4.4218841
-9.4087563 -49.405231 4.6974158
-6.8462167 -49.443264 4.3790894
-7.1050396 -49.436024 4.5791907
-9.6557693 -49.39645 4.9811831
-8.2935381 -49.398697 5.7005348
-7.6023498 -49.421299 5.0042572
-7.8403039 -49.413826 5.2287664
-7.3571739 -49.428699 4.7876544
-8.0707827 -49.406292 5.4609418
-5.4731584 -49.511219 1.8555225
-5.8153071 -49.503838 2.0120356
-6.4833212 -49.488602 2.3582146
-6.1521482 -49.496296 2.1796594
-5.1260686 -49.518436 1.7102879
-5.7496819 -49.471191 3.6664464
-5.4617057 -49.477882 3.5111809
-4.5694623 -49.497135 3.1030319
-3.9542344 -49.509224 2.8804021
-4.2636714 -49.503262 2.9866834
-4.8712797 -49.49086 3.2293227
-5.1688004 -49.484444 3.3654211
-3.0073779 -49.5261 2.623045
-2.6867039 -49.531368 2.5580609
-2.3640726 -49.536449 2.5036027
-1.714321 -49.546021 2.4264872
-1.3878968 -49.550499 2.4039123
-2.0398293 -49.541332 2.4597294
-1.0609059 -49.554771 2.3920283
-0.73369867 -49.55883 2.3908484
-3.6414826 -49.515022 2.784302
-3.3257511 -49.520653 2.6984856
-6.0324211 -49.464378 3.8310511
-6.5809822 -49.450405 4.1875634
-6.3096199 -49.457447 4.0048189
-12.282161 -27.107307 0
-11.388659 -27.494656 0
-10.482962 -27.85256 0
-9.5660381 -28.180641 0
-8.6388721 -28.478544 0
-7.7024546 -28.745953 0
-6.7577896 -28.982578 0
-5.8058882 -29.188169 0
-4.8477693 -29.362505 0
-3.8844595 -29.5054 0
-5.2238936 -29.294067 1.4467134
-5.5653677 -29.231934 1.6021193
-4.1711125 -29.462879 1.0484413
-3.8844595 -29.5054 0.96097159
-3.8119931 -29.513737 0.93881947
-4.8477693 -29.362505 1.2913733
-4.877492 -29.357098 1.3026074
-4.5264001 -29.410175 1.1697377
-2.91699 -29.616697 0
-1.9463972 -29.696281 0
-0.97371989 -29.744066 0
-1.9719434 -29.694187 0.56859809
-1.9463972 -29.696281 0.56602192
-1.5977796 -29.713408 0.53064942
-1.2225555 -29.731842 0.50495666
-0.97371989 -29.744066 0.49609062
-0.84663182 -29.746145 0.49148014
-3.4493365 -29.555456 0.84084332
-2.91699 -29.616697 0.72132862
-3.0836487 -29.597525 0.75481051
-2.7152393 -29.63324 0.68067855
-2.3445158 -29.663637 0.61854845
-6.7577896 -28.982578 2.2597392
-6.874259 -28.953403 2.3324223
-7.1854639 -28.875452 2.5411658
-8.3565502 -28.559166 3.4746449
-7.7024546 -28.745953 2.9240675
-7.7864418 -28.72197 2.9887686
-7.4896455 -28.799259 2.760046
-8.0754824 -28.639429 3.2270033
-9.8586311 -28.075949 5.1414375
-10.075783 -27.998251 5.4466624
-10.282828 -27.92417 5.7589307
-8.629343 -28.481266 3.7314291
-8.6388721 -28.478544 3.7410097
-8.8934574 -28.396744 3.996897
-9.1487236 -28.314726 4.270947
-9.3948698 -28.235638 4.5532923
-9.6316051 -28.157181 4.8435836
-9.5660381 -28.180641 4.7631927
-6.5562782 -29.0261 2.1338983
-6.2318954 -29.096161 1.9458611
-5.9015074 -29.167519 1.7685932
-5.8058882 -29.188169 1.7212703
-5.3864436 -27.079481 2.5899999
-4.4975438 -27.241222 2.5899999
-4.2954307 -27.271204 2.6536036
-4.1273856 -27.296131 2.5899999
-5.3864436 -27.079481 3.1666436
-4.8936667 -27.169146 2.9141858
-4.4975438 -27.241222 2.7377865
-4.5967331 -27.223175 2.7790501
-5.185997 -27.115953 3.0590026
-10.339282 -49.369869 5.8788157
-10.54713 -49.360966 6.1924019
-10.744604 -49.352055 6.5126228
-11.426695 -49.316544 7.8528929
-10.931492 -49.343151 6.8391352
-11.107594 -49.334255 7.1715894
-11.27272 -49.325386 7.5096292
-8.5083332 -49.39106 5.947289
-8.7149353 -49.383381 6.2009392
-9.1026917 -49.367947 6.727839
-8.913126 -49.375675 6.461216
-9.2834291 -49.360207 7.0005226
-9.4551458 -49.352455 7.278975
-9.6176567 -49.344715 7.5628991
-9.7707882 -49.336979 7.8519897
-11.569354 -49.307747 8.2010136
-11.700544 -49.299 8.5536165
-9.9143772 -49.329266 8.145937
-10.048268 -49.321579 8.4444275
-10.172319 -49.313927 8.7471409
-11.820124 -49.290314 8.910326
-11.927966 -49.281693 9.2707596
-12.023955 -49.273155 9.634532
-10.286398 -49.30632 9.0537519
-10.390381 -49.298767 9.3639345
-10.484157 -49.291271 9.6773548
-12.107989 -49.264702 10.001251
-12.179976 -49.256348 10.370527
-12.239841 -49.2481 10.741963
-10.567625 -49.283848 9.9936781
-10.640697 -49.276497 10.312565
-10.703296 -49.269234 10.633675
-10.755351 -49.262062 10.956663
-12.287518 -49.239967 11.115163
-12.322956 -49.231956 11.489724
-12.346119 -49.224075 11.865248
-10.796809 -49.25499 11.281183
-10.827626 -49.248024 11.60689
-10.847768 -49.241169 11.933432
-12.35698 -49.216335 12.241331
-12.35553 -49.208748 12.617572
-12.341768 -49.201313 12.993567
-10.857211 -49.23444 12.260461
-10.85595 -49.22784 12.587626
-10.843984 -49.221378 12.914578
-12.31571 -49.194046 13.368913
-12.277383 -49.186951 13.743209
-10.821324 -49.215057 13.240966
-10.787997 -49.208889 13.566441
-10.744038 -49.202873 13.890654
-10.479544 -27.853783 6.0779085
-10.482962 -27.85256 6.0838814
-10.665636 -27.780373 6.4031162
-10.840993 -27.711077 6.7343493
-11.005428 -27.646097 7.0712543
-11.158766 -27.585503 7.4134717
-11.300841 -27.529358 7.7606344
-11.388659 -27.494656 7.9970379
-11.431481 -27.476091 8.1123381
-11.550532 -27.42448 8.4681787
-11.657907 -27.377932 8.8278456
-11.75349 -27.336494 9.1909533
-11.837181 -27.300213 9.5571098
-11.908888 -27.269127 9.9259262
-11.968534 -27.243269 10.297006
-12.016058 -27.222668 10.669953
-12.051407 -27.207342 11.044367
-12.074543 -27.197313 11.419847
-12.085442 -27.192589 11.795991
-12.084091 -27.193174 12.172397
-12.070495 -27.199068 12.548661
-12.044663 -27.210266 12.924381
-12.006628 -27.226755 13.299154
-11.956428 -27.248518 13.672578
-11.894116 -27.275532 14.044254
-20.343706 -21.720755 0
-19.622131 -22.374752 0
-23.004791 -18.879543 0
-22.374752 -19.622131 0
-23.610195 -18.116739 0
-24.190317 -17.334536 0
-24.744535 -16.53377 0
-21.720755 -20.343706 0
-21.043497 -21.043497 0
-16.53377 -24.744535 0
-18.879543 -23.004791 0
-18.116739 -23.610195 0
-17.334536 -24.190317 0
-14.88 -25.772917 0
-15.7153 -25.272257 0
-14.028767 -26.245977 0
-13.162512 -26.690933 0
-22.442698 -16.082209 2.5899999
-20.151546 -18.873983 2.5899999
-19.523218 -19.523218 2.5899999
-21.342819 -17.515598 2.5899999
-20.758297 -18.204538 2.5899999
-21.904486 -16.807903 2.5899999
-16.807903 -21.904486 2.5899999
-16.082209 -22.442698 2.5899999
-13.015264 -24.349846 2.5899999
-15.339294 -22.956877 2.5899999
-14.579953 -23.446472 2.5899999
-13.805 -23.910961 2.5899999
-18.873983 -20.151546 2.5899999
-18.204538 -20.758297 2.5899999
-17.515598 -21.342819 2.5899999
-23.910961 -13.805 2.5899999
-24.349846 -13.015264 2.5899999
-22.956877 -15.339294 2.5899999
-23.446472 -14.579953 2.5899999
-24.762657 -12.211591 2.5899999
-12.211591 -24.762657 2.5899999
-11.394841 -25.148951 2.5899999
-10.565889 -25.508314 2.5899999
-9.7256241 -25.840363 2.5899999
-8.8749437 -26.144741 2.5899999
-8.01476 -26.421124 2.5899999
-7.1459937 -26.669212 2.5899999
-6.8253293 -26.749535 4.1204495
-7.1459937 -26.669212 4.3887954
-7.0767775 -26.68655 4.3277879
-7.3212137 -26.619175 4.5431776
-8.4301796 -26.287647 5.733923
-7.5584254 -26.551437 4.766468
-7.7881875 -26.485825 4.9974689
-8.0102549 -26.422411 5.2359333
-8.01476 -26.421124 5.2411022
-8.2242975 -26.353798 5.4814548
-6.2695756 -26.888742 2.5899999
-6.0319948 -26.940056 3.5494969
-6.2695756 -26.888742 3.7089539
-5.7554469 -26.999784 3.3767967
-5.4733748 -27.060705 3.2132862
-4.256649 -24.125765 2.5899999
-3.918546 -21.511108 2.4206569
-4.2243366 -21.504986 2.5370054
-4.350986 -21.502352 2.5899999
-2.9806256 -21.528502 2.1324589
-2.6622524 -21.533951 2.0570183
-2.3415785 -21.539219 1.9920343
-3.2963572 -21.522873 2.2182753
-3.6091089 -21.517073 2.3143756
-1.6947037 -21.549183 1.8937029
-1.3691956 -21.553869 1.8604608
-2.0189471 -21.544298 1.9375763
-1.0427713 -21.55835 1.8378857
-0.7157805 -21.562622 1.8260019
-6.5672145 -26.814188 3.9215088
-6.3027086 -26.880444 3.7311783
-8.6276817 -26.224188 5.993072
-8.8165951 -26.163488 6.2586236
-9.167717 -26.039986 6.8075762
-8.8749437 -26.144741 6.3466301
-8.9966593 -26.101191 6.5302043
-9.3296089 -25.982059 7.0904851
-9.4821634 -25.927475 7.3786283
-9.6252165 -25.876289 7.6716971
-9.882143 -25.778511 8.2712336
-9.9957609 -25.733612 8.5770912
-10.099332 -25.692684 8.8865986
-10.192745 -25.655769 9.1994247
-10.275901 -25.62291 9.515233
-10.348709 -25.594137 9.8336868
-9.7256241 -25.840363 7.8957591
-9.7585993 -25.827332 7.9693527
-10.411092 -25.569485 10.154445
-10.462983 -25.548979 10.477163
-10.504328 -25.532642 10.801497
-10.53508 -25.520489 11.127097
-10.555208 -25.512535 11.453617
-10.56469 -25.508787 11.780706
-10.563516 -25.509253 12.108015
-10.551686 -25.513927 12.435192
-10.529214 -25.522808 12.761888
-10.496123 -25.535883 13.087751
-10.452451 -25.553143 13.412435
-10.398242 -25.574564 13.73559
-10.333554 -25.600126 14.056871
-48.980431 -9.7314253 14.123056
-48.951015 -9.7378693 14.498169
-48.921356 -9.7320013 14.873273
-48.947395 -8.2325497 14.170836
-48.921818 -8.2381535 14.497022
-48.896027 -8.2330513 14.823198
-48.891495 -9.7138271 15.247965
-48.861454 -9.6833668 15.621845
-48.831268 -9.6406527 15.994513
-48.87006 -8.217247 15.149018
-48.843937 -8.1907597 15.474131
-48.817688 -8.1536169 15.79819
-48.791344 -8.1058588 16.120846
-48.800972 -9.5857296 16.365568
-48.770599 -9.5186586 16.734615
-48.740177 -9.4395094 17.101257
-48.764935 -8.0475359 16.441755
-48.73848 -7.9787107 16.760576
-48.712017 -7.899457 17.076963
-48.709743 -9.3483677 17.465103
-48.679325 -9.2453318 17.825762
-48.64896 -9.1305103 18.182848
-48.685566 -7.8098602 17.390579
-48.659161 -7.7100153 17.70109
-48.632828 -7.6000299 18.00816
-48.618679 -9.0040274 18.53598
-48.588516 -8.8660173 18.884777
-48.606602 -7.480022 18.311462
-48.580498 -7.3501191 18.610672
-48.558498 -8.71663 19.228868
-48.528664 -8.5560226 19.567884
-48.499039 -8.3843699 19.901463
-48.469658 -8.2018538 20.229246
-48.554554 -7.2104611 18.90547
-48.528793 -7.0611978 19.195536
-48.503246 -6.9024882 19.480564
-48.47794 -6.7345028 19.76025
-48.4529 -6.5574212 20.034288
-48.440556 -8.0086708 20.55088
-48.411758 -7.8050265 20.866026
-48.383301 -7.5911403 21.174343
-48.355209 -7.3672409 21.475502
-48.428154 -6.3714328 20.302389
-48.403725 -6.1767378 20.564266
-48.379646 -5.9735436 20.819641
-48.355934 -5.7620683 21.068232
-48.332626 -5.5425382 21.309782
-48.327518 -7.1335673 21.76918
-48.300251 -6.8903708 22.055061
-48.273445 -6.6379113 22.332844
-48.309738 -5.3151884 21.544025
-48.287296 -5.0802622 21.770718
-48.265324 -4.8380117 21.989609
-48.243851 -4.5886955 22.200472
-28.00844 -10.047306 14.354584
-28.028442 -9.9914017 14.729601
-28.052824 -9.9232616 15.102961
-26.250412 -8.5460663 14.345607
-26.269436 -8.4868565 14.670095
-26.291857 -8.4170771 14.992764
-28.081558 -9.8429565 15.474261
-28.114613 -9.7505751 15.843107
-26.31765 -8.3368025 15.313268
-26.346786 -8.2461195 15.631261
-26.379236 -8.1451254 15.946405
-28.233303 -9.4021378 16.930504
-28.278116 -9.2626648 17.285206
-28.326609 -9.111743 17.635481
-28.378727 -8.9495363 17.980951
-28.151953 -9.6462154 16.209103
-28.180641 -9.5660381 16.459343
-28.192215 -9.530015 16.571751
-26.414965 -8.0339279 16.258364
-26.421124 -8.01476 16.307112
-26.450262 -7.9127183 16.566513
-26.487713 -7.7815747 16.870728
-26.527964 -7.640624 17.170736
-26.570971 -7.4900174 17.466221
-26.665071 -7.1604919 18.042349
-26.669212 -7.1459937 18.065084
-26.61669 -7.3299165 17.756863
-28.434414 -8.7762175 18.321247
-28.478544 -8.6388721 18.570791
-28.491928 -8.5920038 18.655874
-28.547567 -8.3971653 18.984182
-28.606209 -8.1918135 19.306215
-28.667789 -7.9761691 19.621622
-28.732243 -7.7504625 19.930071
-28.745953 -7.7024546 19.991455
-28.792891 -7.5150642 20.230705
-26.710281 -6.982038 18.32192
-26.757219 -6.7946501 18.595669
-26.806347 -6.5985184 18.863338
-26.857613 -6.3938527 19.124643
-26.888742 -6.2695756 19.273243
-26.907888 -6.1809325 19.379065
-26.955601 -5.9600153 19.626207
-27.005009 -5.7312536 19.866144
-27.056059 -5.4948921 20.098623
-27.079481 -5.3864436 20.198645
-28.854242 -7.2701368 20.523565
-28.917923 -7.0159101 20.808475
-28.983686 -6.7526593 21.085108
-28.982578 -6.7577896 21.079727
-29.042393 -6.480844 21.352459
-29.102924 -6.2005801 21.610943
-29.165215 -5.912168 21.860285
-29.188169 -5.8058882 21.946362
-29.222713 -5.6160431 22.099707
-29.27795 -5.3124714 22.329157
-27.104076 -5.2512751 20.323029
-27.149679 -5.000649 20.539173
-27.196522 -4.7432108 20.74712
-48.247124 -6.3764591 22.602224
-48.221317 -6.1062942 22.862919
-48.196049 -5.8277059 23.114647
-48.171352 -5.5409923 23.357138
-48.147251 -5.2464609 23.590134
-48.123772 -4.944427 23.813383
-48.100937 -4.6352139 24.026649
-29.334496 -5.001708 22.548674
-29.362505 -4.8477693 22.650139
-29.38677 -4.6841931 22.757591
-26.690933 -13.162512 30.291464
-25.272257 -15.7153 30.122074
-25.772917 -14.88 30.181858
-26.245977 -14.028767 30.238342
-27.107307 -12.282161 30.341169
-27.494656 -11.388659 30.387403
-27.85256 -10.482962 30.430119
-25.148951 -11.394841 30.107012
-25.508314 -10.565889 30.149906
-28.478544 -8.6388721 30.504808
-28.745953 -7.7024546 30.536703
-28.982578 -6.7577896 30.564917
-29.188169 -5.8058882 30.58942
-29.362505 -4.8477693 30.610189
-28.180641 -9.5660381 30.469267
-26.144741 -8.8749437 30.225855
-25.840363 -9.7256241 30.189535
-26.421124 -8.01476 30.258829
-26.669212 -7.1459937 30.28842
-26.888742 -6.2695756 30.314594
-27.079481 -5.3864436 30.337328
-12.22683 -49.180035 14.116053
-12.164102 -49.173306 14.487047
-12.089269 -49.166771 14.855794
-10.689492 -49.197021 14.213257
-10.624419 -49.191341 14.533906
-10.54889 -49.185833 14.852257
-12.00241 -49.160439 15.221897
-11.903618 -49.154316 15.584967
-11.792998 -49.148407 15.944613
-10.462984 -49.180511 15.16797
-10.366793 -49.175373 15.480705
-10.260421 -49.170425 15.790129
-10.143982 -49.16568 16.095909
-11.670671 -49.142719 16.300449
-11.536765 -49.13726 16.652098
-11.391425 -49.132034 16.99918
-10.017599 -49.161133 16.39772
-9.8814087 -49.156796 16.695236
-11.234807 -49.127045 17.341322
-11.067078 -49.122303 17.678162
-10.888417 -49.117809 18.009336
-9.7355576 -49.152672 16.98814
-9.5802002 -49.148766 17.276117
-9.4155045 -49.145081 17.558863
-9.2416449 -49.141617 17.836069
-9.0588093 -49.138382 18.107441
-10.699017 -49.113571 18.334494
-10.499079 -49.109589 18.65328
-10.288817 -49.105869 18.965359
-10.068459 -49.102421 19.270395
-9.8382378 -49.099239 19.56806
-8.8671932 -49.135384 18.37269
-8.6670008 -49.132618 18.631529
-8.4584475 -49.130089 18.883682
-8.2417564 -49.127804 19.128881
-9.5984011 -49.096333 19.858038
-9.349206 -49.093704 20.140015
-8.0171595 -49.125759 19.366861
-7.7848959 -49.123962 19.597368
-7.5452166 -49.122414 19.820154
-7.298377 -49.121113 20.034983
-7.044642 -49.120064 20.241623
-9.0909195 -49.091354 20.413692
-8.8238173 -49.089287 20.678774
-8.5481863 -49.087505 20.93498
-8.2643204 -49.08601 21.182032
-6.7842832 -49.119263 20.439852
-7.9725256 -49.084801 21.419668
-7.6731124 -49.083881 21.647631
-7.3664026 -49.083256 21.865681
-7.0527244 -49.08292 22.07358
-6.7324133 -49.082874 22.271109
-6.5175791 -49.118717 20.629459
-6.2448149 -49.118427 20.810242
-5.9662838 -49.118385 20.982006
-5.6822829 -49.118599 21.144567
-5.393117 -49.119068 21.29775
-5.0990958 -49.119789 21.441395
-4.8005338 -49.120762 21.575344
-4.4977508 -49.121986 21.699453
-4.191071 -49.123459 21.813595
-3.8808231 -49.125179 21.917641
-3.5673389 -49.127148 22.011482
-3.2509544 -49.129356 22.09502
-2.9320083 -49.131813 22.168161
-2.610842 -49.134506 22.230831
-2.2877994 -49.137432 22.282961
-1.9632268 -49.140594 22.324495
-1.6374713 -49.143986 22.355389
-11.81976 -27.307766 14.413785
-11.733441 -27.345186 14.780773
-11.63525 -27.387754 15.144827
-11.525291 -27.435423 15.505556
-11.403684 -27.488142 15.862575
-11.388659 -27.494656 15.902408
-11.270501 -27.541348 16.215408
-11.125931 -27.598478 16.563751
-10.970132 -27.660046 16.90724
-10.625535 -27.796219 17.578196
-10.803274 -27.725983 17.24551
-10.482962 -27.85256 17.825424
-10.437084 -27.868975 17.904907
-10.238073 -27.940184 18.225216
-10.028781 -28.015068 18.538885
-9.809432 -28.093554 18.845575
-9.5802612 -28.175552 19.144964
-9.5660381 -28.180641 19.162348
-8.5699425 -28.498228 20.262405
-9.3414135 -28.252813 19.436562
-9.0932341 -28.332556 19.720207
-8.8359957 -28.415207 19.995602
-8.6388721 -28.478544 20.19334
-8.2953005 -28.576656 20.520231
-8.0124493 -28.657429 20.768948
-7.7216926 -28.740459 21.008286
-7.7024546 -28.745953 21.023098
-7.4232211 -28.815897 21.237795
-7.1174636 -28.892485 21.457405
-6.8047547 -28.970814 21.666895
-6.7577896 -28.982578 21.696186
-5.3864436 -27.079481 20.711687
-5.1219764 -27.127604 20.853065
-4.8286042 -27.180984 20.997772
-4.5306983 -27.235189 21.132797
-4.4975438 -27.241222 21.146538
-4.228467 -27.281136 21.257812
-6.4853148 -29.041428 21.865852
-6.1595783 -29.11178 22.054214
-5.8279142 -29.183413 22.231815
-5.8058882 -29.188169 22.242699
-3.9223289 -27.326548 21.372841
-3.6126263 -27.372488 21.477781
-3.6038282 -27.373793 21.480446
-3.2995656 -27.408796 21.572317
-2.9836018 -27.445145 21.656546
-2.7062533 -27.477051 21.720835
-2.6650605 -27.480429 21.730352
-2.3441854 -27.506739 21.793499
-2.0214331 -27.533201 21.846106
-1.8057804 -27.550884 21.874041
-1.6971052 -27.556223 21.888041
-1.3715051 -27.572218 21.919188
-1.045069 -27.588255 21.939661
-0.9033739 -27.595217 21.943895
-0.71807146 -27.598249 21.94931
-6.4058123 -49.083118 22.458054
-6.0732718 -49.083656 22.634216
-5.735147 -49.084488 22.799406
-5.3918009 -49.085606 22.953447
-5.0436006 -49.087013 23.096174
-4.6909189 -49.088707 23.227434
-4.3341336 -49.090687 23.347088
-3.9736269 -49.092949 23.455008
-1.3108821 -49.147606 22.375608
-0.9838087 -49.151443 22.385134
-0.65660137 -49.155502 22.383955
-3.6097846 -49.09549 23.551075
-3.2429965 -49.098312 23.635187
-2.8736551 -49.10141 23.707258
-2.5021563 -49.104778 23.767208
-2.1288977 -49.108414 23.814972
-1.754279 -49.112312 23.850498
-1.3787013 -49.116474 23.873753
-1.0025669 -49.120892 23.884706
-0.62627846 -49.125557 23.883348
-5.4905457 -29.245548 22.398245
-5.147954 -29.307884 22.553524
-4.8477693 -29.362505 22.677917
-4.8004961 -29.369518 22.697468
-4.4484372 -29.421741 22.829752
-4.092279 -29.474573 22.950434
-3.8844595 -29.5054 23.01335
-3.7323406 -29.5229 23.059282
-3.3689823 -29.564701 23.156143
-3.0026789 -29.60684 23.241053
-2.91699 -29.616697 23.25798
-2.6337075 -29.639925 23.313728
-2.2625422 -29.670359 23.374226
-1.9463972 -29.696281 23.415178
-1.8895929 -29.699072 23.422497
-1.5151529 -29.717466 23.458317
-1.1397513 -29.73591 23.481859
-0.97371989 -29.744066 23.486822
-0.76370531 -29.747503 23.492958
-12.282161 -27.107307 28.570162
-11.388659 -27.494656 28.463387
-10.482962 -27.85256 28.355152
-9.5660381 -28.180641 28.245573
-8.6388721 -28.478544 28.134766
-7.7024546 -28.745953 28.022852
-6.7577896 -28.982578 27.90995
-5.8058882 -29.188169 27.796181
-5.3864436 -27.079481 27.745886
-4.8477693 -29.362505 27.681665
-3.8844595 -29.5054 27.566526
-4.4975438 -27.241222 27.639643
-2.91699 -29.616697 27.45089
-3.6038282 -27.373793 27.532822
-2.7062533 -27.477051 27.425539
-1.9463972 -29.696281 27.334877
-0.97371989 -29.744066 27.218613
-1.8057804 -27.550884 27.317909
-0.9033739 -27.595217 27.210043
-10.077374 -25.701361 15.00604
-10.258458 -25.629803 14.375934
-10.173035 -25.663559 14.692435
-9.9715776 -25.743168 15.316409
-9.8557606 -25.788937 15.623211
-9.7300463 -25.838615 15.926118
-9.7256241 -25.840363 15.935868
-9.594511 -25.887276 16.224705
-9.4493494 -25.939215 16.518744
-9.2947235 -25.994541 16.80792
-9.1307955 -26.053196 17.091925
-8.9577427 -26.115114 17.370453
-8.8749437 -26.144741 17.494543
-8.7757053 -26.176626 17.643133
-8.5848818 -26.23794 17.909683
-8.3855133 -26.301998 18.169872
-8.01476 -26.421124 18.609781
-7.9619827 -26.436195 18.670036
-8.1778135 -26.368732 18.423429
-7.7381988 -26.500099 18.909349
-7.506773 -26.566187 19.14123
-7.2679539 -26.634384 19.365425
-7.1459937 -26.669212 19.472668
-7.0219426 -26.700285 19.581614
-6.769002 -26.763643 19.789557
-6.5094538 -26.828657 19.989115
-6.2695756 -26.888742 20.161407
-6.2435665 -26.89436 20.180063
-5.9715309 -26.953114 20.362041
-5.6937394 -27.013111 20.535017
-5.4104905 -27.074287 20.698812
-20.343706 -21.720755 29.533392
-19.622131 -22.374752 29.447187
-23.004791 -18.879543 29.851271
-22.374752 -19.622131 29.776014
-23.610195 -18.116739 29.92358
-24.190317 -17.334536 29.992867
-24.744535 -16.53377 30.059055
-22.442698 -16.082209 29.783873
-21.043497 -21.043497 29.616989
-20.151546 -18.873983 29.51021
-19.523218 -19.523218 29.43515
-21.720755 -20.343706 29.697893
-20.758297 -18.204538 29.582687
-21.342819 -17.515598 29.652506
-21.904486 -16.807903 29.719591
-16.53377 -24.744535 29.078199
-18.879543 -23.004791 29.358469
-18.116739 -23.610195 29.267334
-17.334536 -24.190317 29.173876
-16.082209 -22.442698 29.02405
-16.807903 -21.904486 29.110756
-14.88 -25.772917 28.880592
-15.7153 -25.272257 28.980402
-14.028767 -26.245977 28.778877
-13.162512 -26.690933 28.675364
-13.015264 -24.349846 28.657587
-15.339294 -22.956877 28.935286
-14.579953 -23.446472 28.844553
-13.805 -23.910961 28.751955
-18.873983 -20.151546 29.357592
-18.204538 -20.758297 29.277617
-17.515598 -21.342819 29.195307
-23.910961 -13.805 29.959209
-24.349846 -13.015264 30.011614
-22.956877 -15.339294 29.84528
-23.446472 -14.579953 29.903746
-24.762657 -12.211591 30.060898
-12.211591 -24.762657 28.561552
-11.394841 -25.148951 28.463951
-10.565889 -25.508314 28.364889
-9.7256241 -25.840363 28.264475
-8.8749437 -26.144741 28.162811
-8.01476 -26.421124 28.060009
-7.1459937 -26.669212 27.956181
-6.2695756 -26.888742 27.851437
-49.653942 -1.9275703 3.636107
-49.65707 -1.207405 3.4177797
-49.656002 -1.5692701 3.5210707
-49.657143 -0.84236228 3.3263443
-49.656219 -0.47453299 3.2468624
-49.654301 -0.10431093 3.1794195
-49.65139 0.26790741 3.1240873
-49.647488 0.64172351 3.0809255
-49.642601 1.016737 3.0499802
-49.635803 -3.3175132 4.2110538
-49.620876 -3.9813387 4.5652118
-49.628822 -3.6523237 4.3827214
-49.646843 -2.6319451 3.9009099
-49.641811 -2.9772656 4.0503926
-49.650887 -2.2819219 3.7627654
-49.611973 -4.3042059 4.7583284
-49.530399 -1.7547214 5.1618876
-49.511215 -2.9463754 5.7009797
-49.517284 -2.6552355 5.5517039
-49.522511 -2.3593683 5.4119978
-49.526886 -2.0590894 5.2820134
-49.535038 -0.18307889 4.7132764
-49.533371 0.13885339 4.6546302
-49.530842 0.46236569 4.6065383
-49.527447 0.78757894 4.5689836
-49.534851 -1.1350243 4.9517183
-49.533058 -1.4465895 5.0517502
-49.535778 -0.82035893 4.8618994
-49.535843 -0.5029304 4.7823911
-49.636734 1.3925463 3.0312843
-49.629894 1.7687491 3.0248582
-49.622086 2.1449425 3.0307086
-49.613319 2.5207236 3.0488291
-49.603607 2.89569 3.0792003
-49.592953 3.2694402 3.1217899
-49.581371 3.6415739 3.1765523
-49.568878 4.011693 3.2434287
-49.555481 4.3794007 3.3223474
-49.541199 4.7443032 3.4132242
-49.526043 5.1060104 3.5159616
-49.510033 5.4641342 3.6304495
-49.523197 1.1136777 4.5420747
-49.518093 1.4404683 4.5258174
-49.512146 1.7676011 4.5202293
-49.505356 2.0947258 4.5253167
-49.497734 2.4214921 4.5410728
-49.489288 2.7475498 4.5674834
-49.480022 3.0725501 4.6045179
-49.469952 3.3961446 4.6521373
-49.459091 3.7179873 4.7102904
-49.493183 5.8182917 3.7565656
-49.475513 6.1681037 3.8941743
-49.457043 6.513195 4.043129
-49.447441 4.0377331 4.7789154
-49.43502 4.3550401 4.8579388
-49.421841 4.6695676 4.9472756
-49.407921 4.9809799 5.0468302
-49.393269 5.2889428 5.1564965
-49.377903 5.5931268 5.2761559
-49.361843 5.8932061 5.4056821
-49.3451 6.1888599 5.5449343
-49.327698 6.4797707 5.6937647
-49.43779 6.8531961 4.2032695
-49.417778 7.1877437 4.3744245
-49.397026 7.516479 4.5564113
-49.375557 7.8390498 4.7490344
-49.353394 8.1551113 4.9520874
-49.330559 8.464325 5.1653533
-49.307076 8.7663584 5.3886037
-49.282974 9.0608902 5.6215992
-29.5054 -3.8844595 0
-29.616697 -2.91699 0
-29.696281 -1.9463972 0
-29.744066 -0.97371989 0
-29.76 3.644549e-15 0
-29.744066 0.97371989 0
-29.751932 -0.49298918 1.6119831
-29.758026 -0.12059498 1.5573602
-29.76 3.644549e-15 1.5436977
-29.755856 0.25325486 1.5143347
-29.74972 0.62824398 1.4832908
-29.742577 1.0040283 1.4644946
-29.744066 0.97371989 1.4660833
-29.696281 1.9463972 0
-29.616697 2.91699 0
-29.5054 3.8844595 0
-29.724106 1.380004 1.4571526
-29.705635 1.7559891 1.4621631
-29.696281 1.9463972 1.4709626
-29.681107 2.1314623 1.4790422
-29.650394 2.5060186 1.5077597
-29.619781 2.879379 1.5487775
-29.616697 2.91699 1.5541672
-29.578281 3.2509286 1.6011833
-29.362505 4.8477693 0
-29.188169 5.8058882 0
-29.52544 -3.7102535 2.6272366
-29.564657 -3.3693571 2.4691908
-29.665817 -2.3179233 2.0619171
-29.69524 -1.9590889 1.9490354
-29.696281 -1.9463972 1.9454973
-29.616697 -2.91699 2.2814181
-29.604462 -3.0233579 2.3224466
-29.636721 -2.6727834 2.1865242
-29.481468 -4.0457869 2.7959909
-29.5054 -3.8844595 2.7151
-29.432545 -4.3756018 2.9752538
-29.731403 -1.2314969 1.7570671
-29.744066 -0.97371989 1.7024702
-29.745872 -0.86336708 1.6787976
-29.713451 -1.5968888 1.8470944
-27.241222 -4.4975438 2.5899999
-27.373793 -3.6038282 2.5899999
-27.477051 -2.7062533 2.5899999
-27.550884 -1.8057804 2.5899999
-27.467407 -2.7900877 3.6750205
-27.494835 -2.4893589 3.5468509
-27.477051 -2.7062533 3.6394651
-27.519825 -2.1845713 3.4284167
-27.550884 -1.8057804 3.2979739
-27.545126 -1.8759973 3.3200624
-27.595217 -0.9033739 2.5899999
-27.610001 3.3812499e-15 2.5899999
-27.595217 0.9033739 2.5899999
-27.578228 -1.2491733 3.1326051
-27.593838 -0.93144125 3.0543203
-27.595217 -0.9033739 3.0483756
-27.599995 -0.61145377 2.985754
-27.562756 -1.5641227 3.221278
-27.605265 -0.289386 2.9276543
-27.609438 0.034413043 2.8800673
-27.610001 3.3812499e-15 2.8852072
-27.604118 0.35943285 2.8423836
-27.598782 0.68551034 2.8153892
-27.595217 0.9033739 2.8045378
-27.589869 1.0122266 2.7988317
-27.39975 -3.3781955 3.9595633
-27.373793 -3.6038282 4.0828733
-27.364742 -3.664844 4.1160374
-27.282095 -4.2220011 4.4557295
-27.322998 -3.9462624 4.2812872
-27.242079 -4.4917655 4.6391773
-27.241222 -4.4975438 4.643393
-27.433304 -3.0865192 3.8124516
-29.53577 3.6204615 1.6656958
-29.5054 3.8844595 1.7208098
-29.490108 3.9875391 1.7420737
-29.436096 4.351666 1.8298212
-29.382551 4.7126231 1.9295353
-29.362505 4.8477693 1.9717251
-29.32209 5.0698791 2.0405226
-29.257818 5.4231105 2.1629035
-29.19433 5.772027 2.2969038
-29.188169 5.8058882 2.3112142
-29.121181 6.1160507 2.4415519
-29.047976 6.4549985 2.5974436
-27.550884 1.8057804 2.5899999
-27.477051 2.7062533 2.5899999
-27.373793 3.6038282 2.5899999
-27.573809 1.339162 2.7924473
-27.557747 1.6661055 2.7968044
-27.550884 1.8057804 2.8032591
-27.535566 1.9925874 2.8114147
-27.508862 2.3182886 2.8363867
-27.482241 2.6429498 2.8720543
-27.477051 2.7062533 2.8811257
-27.447163 2.9660561 2.9177041
-27.410196 3.287389 2.9738016
-27.373375 3.6066432 3.0404444
-27.373793 3.6038282 3.0398638
-27.326406 3.9232752 3.1167469
-27.241222 4.4975438 2.5899999
-27.079481 5.3864436 2.5899999
-26.888742 6.2695756 2.5899999
-27.279848 4.2371511 3.2034547
-27.241222 4.4975438 3.284744
-27.232059 4.5479021 3.3003423
-27.17617 4.8550596 3.4067605
-27.120964 5.1584654 3.5232825
-27.079481 5.3864436 3.6196296
-27.064081 5.4577475 3.6495934
-27.000423 5.7524853 3.785151
-26.937784 6.0425124 3.9304187
-26.888742 6.2695756 4.0537648
-26.874239 6.3274803 4.0850844
-26.80423 6.6069746 4.2485394
-28.982578 6.7577896 0
-28.745953 7.7024546 0
-28.478544 8.6388721 0
-28.180641 9.5660381 0
-27.85256 10.482962 0
-27.494656 11.388659 0
-27.107307 12.282161 0
-26.690933 13.162512 0
-26.245977 14.028767 0
-25.772917 14.88 0
-25.272257 15.7153 0
-28.982578 6.7577896 2.7491045
-28.974884 6.7885094 2.7644184
-28.892839 7.1160479 2.9415779
-28.812328 7.4374657 3.1295509
-28.745953 7.7024546 3.2966328
-28.731693 7.7523851 3.3279994
-28.643757 8.0603266 3.5361381
-26.669212 7.1459937 2.5899999
-26.421124 8.01476 2.5899999
-26.144741 8.8749437 2.5899999
-25.840363 9.7256241 2.5899999
-25.508314 10.565889 2.5899999
-25.148951 11.394841 2.5899999
-28.557854 8.3611412 3.7544723
-28.478544 8.6388721 3.9706008
-28.473524 8.6544971 3.9827247
-28.381823 8.9399023 4.2199392
-28.292711 9.2172432 4.4666386
-28.206285 9.4862242 4.722559
-26.735628 6.880847 4.4212227
-26.668409 7.1488032 4.602941
-26.669212 7.1459937 4.6010423
-28.180641 9.5660381 4.8037629
-26.593712 7.4103813 4.7927971
-26.520864 7.665482 4.9913154
-26.449945 7.9138327 5.1982837
-26.421124 8.01476 5.2882805
-26.376041 8.1550684 5.4130874
-26.300888 8.3889656 5.6356263
-28.116096 9.7464294 4.9869103
-28.026205 9.9976568 5.2597227
-27.939602 10.239695 5.5409317
-49.496563 -3.5132291 6.0275946
-49.504307 -3.232475 5.8596668
-49.487995 -3.7883365 6.2045832
-49.478615 -4.0575027 6.3904438
-49.46843 -4.3204393 6.5849771
-49.309654 6.7656274 5.8520145
-49.290985 7.046124 6.0195127
-49.271713 7.3209596 6.1960807
-49.251854 7.5898409 6.3815293
-49.231434 7.852479 6.5756602
-49.210476 8.108593 6.778265
-49.258278 9.3476028 5.8640909
-49.189003 8.3579092 6.9891272
-49.167034 8.6001596 7.2080207
-49.144588 8.8350859 7.4347115
-49.1217 9.0624361 7.6689563
-49.233013 9.6261911 6.1158185
-49.207203 9.8963566 6.376513
-49.180882 10.157808 6.6458945
-49.154076 10.410268 6.9236751
-49.126812 10.653465 7.2095575
-49.099117 10.887138 7.5032353
-49.07103 11.111038 7.8043938
-49.098392 9.2819662 7.9105048
-49.074684 9.4934416 8.1590986
-49.050602 9.6966352 8.4144697
-49.026176 9.8913307 8.6763468
-49.042568 11.324924 8.112711
-49.013771 11.528568 8.4278564
-48.984669 11.721751 8.7494917
-49.001431 10.077318 8.9444485
-48.976387 10.2544 9.2184887
-48.95108 10.422386 9.4981718
-48.925533 10.581096 9.7832003
-48.955288 11.904267 9.0772743
-48.925667 12.07592 9.4108524
-48.895828 12.236526 9.7498684
-48.899776 10.730359 10.073268
-48.873829 10.870017 10.368065
-48.847729 10.99992 10.667274
-48.821499 11.119927 10.970577
-48.795166 11.229913 11.277648
-48.768761 11.329758 11.588158
-48.74231 11.419354 11.901773
-48.715847 11.498609 12.218162
-48.689392 11.567433 12.536981
-48.662983 11.625756 12.857891
-48.636639 11.673515 13.180548
-48.61039 11.710658 13.504606
-48.58427 11.737145 13.82972
-48.865814 12.385915 10.09396
-48.835648 12.523925 10.442758
-48.805367 12.650408 10.795889
-48.775002 12.765229 11.152975
-48.744583 12.868265 11.513635
-48.714149 12.959407 11.87748
-48.683727 13.038556 12.244123
-48.653355 13.105627 12.613169
-48.623058 13.16055 12.984224
-48.592873 13.203264 13.356893
-48.562836 13.233725 13.730772
-26.228153 8.6153421 5.8659458
-26.157911 8.8339558 6.1037984
-26.144741 8.8749437 6.1515031
-26.084089 9.0444527 6.3484445
-26.011723 9.2467031 6.6000137
-25.942373 9.4405212 6.8583527
-27.85638 10.472283 5.830236
-27.85256 10.482962 5.8444691
-27.768761 10.695021 6.1267066
-27.684668 10.907821 6.4306417
-27.604589 11.110463 6.7417488
-27.528612 11.302731 7.0596929
-27.494656 11.388659 7.2131362
-27.453173 11.484346 7.3838482
-27.379135 11.655133 7.7139277
-25.876116 9.6256981 7.1231852
-25.840363 9.7256241 7.2767768
-25.810188 9.8019819 7.3940043
-25.74412 9.9691715 7.6704779
-27.309843 11.814969 8.0498371
-27.245373 11.963684 8.3912144
-27.185793 12.101119 8.7376957
-25.681686 10.127161 7.9526014
-25.622957 10.275781 8.2400723
-25.567991 10.414871 8.5325832
-25.516851 10.544286 8.8298216
-25.508314 10.565889 8.8843107
-27.131166 12.227127 9.0889091
-27.107307 12.282161 9.2598944
-27.079229 12.341527 9.4442968
-25.465864 10.66381 9.1311741
-25.418364 10.773381 9.4365778
-25.375221 10.872899 9.7457695
-27.030664 12.444209 9.8035269
-25.336483 10.962256 10.058418
-25.302191 11.041357 10.374189
-25.272383 11.110117 10.692744
-25.247089 11.168462 11.013742
-25.226337 11.21633 11.33684
-25.210152 11.253669 11.661691
-25.198545 11.280439 11.987947
-25.191534 11.296614 12.31526
-25.189123 11.302172 12.643278
-25.191319 11.297112 12.97165
-25.198114 11.281435 13.300026
-25.209503 11.255161 13.628052
-25.225477 11.218317 13.955379
-26.987673 12.535106 10.166384
-26.950304 12.614119 10.532479
-26.918592 12.681164 10.90142
-26.892578 12.73617 11.272813
-26.872284 12.779078 11.64626
-26.857735 12.80984 12.021359
-26.848944 12.828425 12.397712
-26.845922 12.834814 12.774913
-26.848673 12.828999 13.152559
-26.857193 12.810985 13.530247
-26.871473 12.780792 13.90757
-24.399502 0.2968491 2.5899999
-24.938248 0.96044242 2.5899999
-24.736925 0.62962043 2.5899999
-23.926332 -0.037515204 2.5899999
-23.317932 -0.37311438 2.5899999
-22.574945 -0.70958912 2.5899999
-21.698175 -1.0465791 2.5899999
-21.627563 -1.0479581 2.5844388
-21.62756 -1.07016 2.5899999
-21.62676 -0.7281065 2.5153244
-21.625092 -0.40617427 2.4566782
-21.622561 -0.08250615 2.4085634
-21.619169 0.2425513 2.3710313
-21.61492 0.56865001 2.3441224
-21.609818 0.8954407 2.3278651
-25.003252 1.2889609 2.5899999
-24.931868 1.6148241 2.5899999
-24.724174 1.937683 2.5899999
-24.38039 2.2571919 2.5899999
-23.900885 2.5730085 2.5899999
-23.286173 2.884795 2.5899999
-22.536911 3.1922174 2.5899999
-21.603868 1.2225735 2.3222771
-21.59708 1.5496982 2.3273644
-21.589458 1.8764644 2.3431213
-21.581011 2.202522 2.3695312
-21.571747 2.5275223 2.4065657
-21.561676 2.8511169 2.454185
-21.550812 3.1729596 2.5123384
-21.6539 3.494946 2.5899999
-21.539162 3.4927053 2.5809636
-21.537741 3.5289893 2.5899999
-24.744535 16.53377 0
-24.190317 17.334536 0
-24.762657 12.211591 2.5899999
-24.349846 13.015264 2.5899999
-23.910961 13.805 2.5899999
-23.446472 14.579953 2.5899999
-22.956877 15.339294 2.5899999
-22.442698 16.082209 2.5899999
-20.574066 13.777201 2.5899999
-20.953865 14.410855 2.5899999
-20.738394 14.023133 2.5899999
-20.658243 13.898823 2.5899999
-20.814434 14.15 2.5899999
-20.886284 14.279286 2.5899999
-21.130295 14.81783 2.5899999
-21.017105 14.544564 2.5899999
-21.075935 14.680271 2.5899999
-21.180124 14.957093 2.5899999
-21.22537 15.097913 2.5899999
-19.880243 13.011684 2.5899999
-19.767458 12.915993 2.5899999
-20.298315 13.429757 2.5899999
-20.198986 13.320163 2.5899999
-20.394007 13.542542 2.5899999
-20.485956 13.658399 2.5899999
-20.096123 13.213878 2.5899999
-19.989838 13.111014 2.5899999
-19.532799 12.735933 2.5899999
-19.411177 12.651757 2.5899999
-19.651602 12.824043 2.5899999
-19.286867 12.571606 2.5899999
-19.16 12.495565 2.5899999
-19.030714 12.423716 2.5899999
-21.301924 15.383615 2.5899999
-21.333149 15.528192 2.5899999
-21.359629 15.673713 2.5899999
-21.38133 15.820022 2.5899999
-21.398235 15.966963 2.5899999
-21.410322 16.114378 2.5899999
-21.41758 16.26211 2.5899999
-21.42 16.41 2.5899999
-21.41758 16.55789 2.5899999
-21.265985 15.240138 2.5899999
-21.904486 16.807903 2.5899999
-21.410322 16.705622 2.5899999
-21.398235 16.853037 2.5899999
-21.38133 16.999979 2.5899999
-21.359629 17.146288 2.5899999
-21.333149 17.291809 2.5899999
-21.301924 17.436384 2.5899999
-21.342819 17.515598 2.5899999
-21.265985 17.579863 2.5899999
-21.254667 17.619499 2.5899999
-18.899145 12.356135 2.5899999
-18.765436 12.292895 2.5899999
-18.629728 12.234064 2.5899999
-18.49217 12.179706 2.5899999
-18.352907 12.129876 2.5899999
-17.926384 12.008076 2.5899999
-18.212088 12.08463 2.5899999
-18.069862 12.044015 2.5899999
-17.781809 11.976851 2.5899999
-17.636288 11.950372 2.5899999
-17.489979 11.928669 2.5899999
-17.343037 11.911765 2.5899999
-17.195621 11.899677 2.5899999
-17.04789 11.89242 2.5899999
-16.9 11.89 2.5899999
-16.75211 11.89242 2.5899999
-16.604378 11.899677 2.5899999
-16.456963 11.911765 2.5899999
-16.310022 11.928669 2.5899999
-16.163712 11.950372 2.5899999
-16.018192 11.976851 2.5899999
-15.873615 12.008076 2.5899999
-15.730138 12.044015 2.5899999
-15.587914 12.08463 2.5899999
-15.447094 12.129876 2.5899999
-15.30783 12.179706 2.5899999
-15.170271 12.234064 2.5899999
-15.034564 12.292895 2.5899999
-14.900855 12.356135 2.5899999
-14.769287 12.423716 2.5899999
-14.64 12.495565 2.5899999
-14.513133 12.571606 2.5899999
-14.388823 12.651757 2.5899999
-14.2672 12.735933 2.5899999
-14.148398 12.824043 2.5899999
-14.032542 12.915993 2.5899999
-13.919757 13.011684 2.5899999
-13.810163 13.111014 2.5899999
-13.703877 13.213878 2.5899999
-13.601014 13.320163 2.5899999
-13.501684 13.429757 2.5899999
-13.405993 13.542542 2.5899999
-13.314043 13.658399 2.5899999
-13.225933 13.777201 2.5899999
-13.141757 13.898823 2.5899999
-13.061606 14.023133 2.5899999
-12.985565 14.15 2.5899999
-12.913716 14.279286 2.5899999
-12.846135 14.410855 2.5899999
-12.782895 14.544564 2.5899999
-12.724065 14.680271 2.5899999
-12.669705 14.81783 2.5899999
-12.619876 14.957093 2.5899999
-12.57463 15.097913 2.5899999
-12.534016 15.240138 2.5899999
-12.498076 15.383615 2.5899999
-12.46685 15.528192 2.5899999
-12.440372 15.673713 2.5899999
-12.41867 15.820022 2.5899999
-12.401765 15.966963 2.5899999
-12.389678 16.114378 2.5899999
-12.382421 16.26211 2.5899999
-12.38 16.41 2.5899999
-12.382421 16.55789 2.5899999
-12.389678 16.705622 2.5899999
-12.401765 16.853037 2.5899999
-12.41867 16.999979 2.5899999
-12.440372 17.146288 2.5899999
-12.46685 17.291809 2.5899999
-12.498076 17.436384 2.5899999
-12.534016 17.579863 2.5899999
-12.669705 18.002171 2.5899999
-12.57463 17.722086 2.5899999
-12.619876 17.862906 2.5899999
-4.1548247 12.036458 2.5899999
-3.8951662 12.021714 2.5027146
-2.3046072 11.933708 2.1370497
-3.5821922 12.004097 2.4088023
-2.9478571 11.968849 2.2519844
-3.26631 11.986469 2.3251958
-2.6271751 11.951256 2.1892467
-1.9804988 11.916224 2.0954494
-1.655197 11.898825 2.0644903
-1.0024074 11.864347 2.0346169
-1.3290502 11.881526 2.0442057
-0.67561865 11.847307 2.0357347
-4.140584 13.271579 2.5899999
-18.250248 15.145354 7
-18.290903 15.19021 7
-17.876926 14.838976 7
-18.119789 15.019096 7
-18.073627 14.979931 7
-18.208147 15.101852 7
-18.164646 15.059752 7
-17.977583 14.906234 7
-18.026209 14.942296 7
-17.927805 14.871781 7
-17.825001 14.807853 7
-17.772083 14.778445 7
-17.718235 14.750786 7
-17.663507 14.724902 7
-17.494663 14.658179 7
-17.607964 14.700823 7
-17.551662 14.678574 7
-17.437027 14.639661 7
-17.378815 14.623037 7
-17.320091 14.608328 7
-17.201357 14.58471 7
-17.260918 14.595548 7
-17.141474 14.575827 7
-17.081331 14.568909 7
-17.020996 14.563961 7
-16.960531 14.56099 7
-16.9 14.56 7
-16.83947 14.56099 7
-16.779005 14.563961 7
-16.718668 14.568909 7
-16.658527 14.575827 7
-16.598644 14.58471 7
-16.539083 14.595548 7
-16.479908 14.608328 7
-16.421185 14.623037 7
-16.362974 14.639661 7
-16.305338 14.658179 7
-16.248337 14.678574 7
-16.192036 14.700823 7
-16.136492 14.724902 7
-16.081766 14.750786 7
-16.027916 14.778445 7
-15.975 14.807853 7
-18.651821 15.815337 7
-18.631426 15.758337 7
-18.67034 15.872973 7
-18.531555 15.537916 7
-18.438219 15.382195 7
-18.471024 15.433075 7
-18.502148 15.485 7
-18.330069 15.236372 7
-18.367704 15.283792 7
-18.403767 15.332417 7
-18.559214 15.591766 7
-18.585098 15.646492 7
-18.609177 15.702036 7
-18.714453 16.049084 7
-18.686962 15.931185 7
-18.701672 15.989909 7
-18.72529 16.108643 7
-18.734173 16.168526 7
-18.741093 16.228668 7
-18.746038 16.289003 7
-18.74901 16.34947 7
-18.75 16.41 7
-18.74901 16.47053 7
-18.746038 16.530996 7
-18.741093 16.591331 7
-18.734173 16.651474 7
-18.72529 16.711357 7
-18.714453 16.770918 7
-18.701672 16.830091 7
-18.686962 16.888815 7
-18.67034 16.947027 7
-18.651821 17.004663 7
-18.631426 17.061663 7
-18.609177 17.117964 7
-18.585098 17.173508 7
-18.559214 17.228233 7
-18.531555 17.282084 7
-18.502148 17.334999 7
-18.471024 17.386925 7
-18.438219 17.437805 7
-18.403767 17.487583 7
-18.367704 17.536209 7
-18.330069 17.583628 7
-18.290903 17.629789 7
-18.250248 17.674646 7
-18.208147 17.718147 7
-18.164646 17.760248 7
-18.119789 17.800903 7
-18.073627 17.840069 7
-18.026209 17.877705 7
-17.977583 17.913767 7
-17.927805 17.948219 7
-17.876926 17.981024 7
-17.825001 18.012148 7
-15.975 18.012148 7
-15.923075 14.838976 7
-15.872195 14.871781 7
-15.822416 14.906234 7
-15.773791 14.942296 7
-15.726373 14.979931 7
-15.68021 15.019096 7
-15.635354 15.059752 7
-15.591852 15.101852 7
-15.549751 15.145354 7
-15.509096 15.19021 7
-15.469931 15.236372 7
-15.432297 15.283792 7
-15.396234 15.332417 7
-15.361781 15.382195 7
-15.328976 15.433075 7
-15.297853 15.485 7
-15.268446 15.537916 7
-15.240786 15.591766 7
-15.214902 15.646492 7
-15.190823 15.702036 7
-15.168574 15.758337 7
-15.148179 15.815337 7
-15.129661 15.872973 7
-15.113037 15.931185 7
-15.098328 15.989909 7
-15.085547 16.049084 7
-15.07471 16.108643 7
-15.065827 16.168526 7
-15.058908 16.228668 7
-15.053961 16.289003 7
-15.05099 16.34947 7
-15.05 16.41 7
-15.05099 16.47053 7
-15.053961 16.530996 7
-15.058908 16.591331 7
-15.168574 17.061663 7
-15.190823 17.117964 7
-15.268446 17.282084 7
-15.240786 17.228233 7
-15.214902 17.173508 7
-15.872195 17.948219 7
-15.923075 17.981024 7
-15.773791 17.877705 7
-15.822416 17.913767 7
-15.68021 17.800903 7
-15.726373 17.840069 7
-15.549751 17.674646 7
-15.591852 17.718147 7
-15.635354 17.760248 7
-15.396234 17.487583 7
-15.361781 17.437805 7
-15.469931 17.583628 7
-15.509096 17.629789 7
-15.432297 17.536209 7
-15.328976 17.386925 7
-15.297853 17.334999 7
-15.065827 16.651474 7
-15.085547 16.770918 7
-15.07471 16.711357 7
-15.098328 16.830091 7
-15.113037 16.888815 7
-15.129661 16.947027 7
-15.148179 17.004663 7
-23.610195 18.116739 0
-23.004791 18.879543 0
-22.374752 19.622131 0
-21.720755 20.343706 0
-21.043497 21.043497 0
-20.343706 21.720755 0
-19.622131 22.374752 0
-18.879543 23.004791 0
-18.116739 23.610195 0
-17.334536 24.190317 0
-16.53377 24.744535 0
-15.7153 25.272257 0
-14.88 25.772917 0
-14.028767 26.245977 0
-13.162512 26.690933 0
-18.23958 20.726538 2.5899999
-18.212088 20.735371 2.5899999
-18.204538 20.758297 2.5899999
-18.069862 20.775984 2.5899999
-17.926384 20.811924 2.5899999
-17.781809 20.843149 2.5899999
-17.636288 20.869627 2.5899999
-17.489979 20.891331 2.5899999
-17.515598 21.342819 2.5899999
-17.343037 20.908236 2.5899999
-17.195621 20.920322 2.5899999
-17.04789 20.92758 2.5899999
-16.9 20.93 2.5899999
-16.75211 20.92758 2.5899999
-16.807903 21.904486 2.5899999
-16.604378 20.920322 2.5899999
-16.456963 20.908236 2.5899999
-16.310022 20.891331 2.5899999
-16.163712 20.869627 2.5899999
-16.018192 20.843149 2.5899999
-16.082209 22.442698 2.5899999
-15.873615 20.811924 2.5899999
-15.730138 20.775984 2.5899999
-15.587914 20.735371 2.5899999
-15.447094 20.690125 2.5899999
-15.30783 20.640295 2.5899999
-15.170271 20.585936 2.5899999
-14.900855 20.463865 2.5899999
-15.034564 20.527105 2.5899999
-14.769287 20.396284 2.5899999
-14.64 20.324434 2.5899999
-14.513133 20.248394 2.5899999
-12.913716 18.540712 2.5899999
-12.985565 18.67 2.5899999
-13.501684 19.390244 2.5899999
-13.314043 19.161602 2.5899999
-13.405993 19.277458 2.5899999
-13.061606 18.796867 2.5899999
-13.225933 19.042799 2.5899999
-13.141757 18.921177 2.5899999
-14.2672 20.084066 2.5899999
-14.032542 19.904007 2.5899999
-14.148398 19.995956 2.5899999
-13.703877 19.606123 2.5899999
-13.810163 19.708986 2.5899999
-13.919757 19.808315 2.5899999
-14.388823 20.168243 2.5899999
-13.601014 19.499838 2.5899999
-15.339294 22.956877 2.5899999
-14.579953 23.446472 2.5899999
-13.805 23.910961 2.5899999
-13.015264 24.349846 2.5899999
-12.282161 27.107307 0
-11.388659 27.494656 0
-10.482962 27.85256 0
-9.5660381 28.180641 0
-8.6388721 28.478544 0
-7.7024546 28.745953 0
-6.7577896 28.982578 0
-5.8058882 29.188169 0
-12.724065 18.139729 2.5899999
-12.782895 18.275436 2.5899999
-12.846135 18.409145 2.5899999
-12.211591 24.762657 2.5899999
-11.394841 25.148951 2.5899999
-10.565889 25.508314 2.5899999
-9.7256241 25.840363 2.5899999
-8.8749437 26.144741 2.5899999
-8.01476 26.421124 2.5899999
-7.1459937 26.669212 2.5899999
-6.7577896 28.982578 2.5091283
-6.808259 28.969936 2.5447278
-7.1119723 28.89386 2.7740691
-7.4079514 28.819721 3.0130513
-7.6958804 28.747599 3.2614183
-7.7024546 28.745953 3.2674735
-7.9759564 28.66785 3.5190372
-7.9340668 26.444166 5.5971227
-8.01476 26.421124 5.7002287
-8.509819 28.515398 4.0605135
-8.6388721 28.478544 4.2048926
-8.763258 28.438578 4.3438492
-9.0074053 28.360132 4.6352005
-6.7948589 26.757166 4.4028568
-7.1459937 26.669212 4.7329617
-7.0379624 26.696272 4.6267576
-8.2473707 28.590343 3.7854986
-9.2417555 28.284834 4.9341908
-9.4660587 28.212765 5.2405
-9.5660381 28.180641 5.3868628
-9.680294 28.139759 5.5538583
-7.5019908 26.567553 5.0975537
-7.2737741 26.632723 4.8584104
-7.7221665 26.504677 5.3438792
-4.0103521 21.650614 2.5899999
-6.2695756 26.888742 2.5899999
-5.3864436 27.079481 2.5899999
-6.1799941 29.10737 2.1162157
-5.8058882 29.188169 1.8890523
-5.5254416 29.239199 1.7292436
-5.8556538 29.177422 1.917383
-6.497612 29.038771 2.3253975
-4.4975438 27.241222 2.5899999
-3.902977 27.329418 2.5899999
-4.0180297 27.312351 2.6370862
-5.1955342 27.114218 3.2343583
-5.3864436 27.079481 3.3515134
-5.4772263 27.059874 3.4071665
-5.7534156 27.000223 3.5890636
-4.9084706 27.166452 3.0707793
-4.4975438 27.241222 2.8588047
-4.6161809 27.219635 2.9165621
-4.319294 27.267664 2.7719545
-6.0234637 26.941898 3.7797649
-6.2871132 26.88435 3.9790745
-6.2695756 26.888742 3.9658315
-6.5444865 26.819881 4.1868854
-4.8477693 29.362505 0
-3.8844595 29.5054 0
-4.149714 29.466053 1.0866058
-3.8844595 29.5054 0.9879688
-3.7939863 29.515808 0.95430815
-4.8475256 29.362541 1.3855004
-4.5010719 29.413933 1.2304018
-5.1893086 29.30036 1.5518939
-2.91699 29.616697 0
-2.3364129 29.664303 0.54309863
-1.9463972 29.696281 0
-0.97371989 29.744066 0
-1.9649832 29.694757 0.47025785
-1.9463972 29.696281 0.46723711
-1.5919888 29.713692 0.40969706
-0.97371989 29.744066 0.33793676
-0.84137511 29.746231 0.32526132
-1.2172539 29.732101 0.3613306
-3.4345832 29.557154 0.83373219
-3.0714257 29.59893 0.72488576
-2.91699 29.616697 0.68401438
-2.7052696 29.634058 0.62798154
-3.9461985 40.045731 1.0851803
-4.9583387 40.105324 1.5808215
-4.6264277 40.085594 1.4045767
-4.2889271 40.065723 1.2393039
-2.5304215 39.964985 0.58329415
-2.1671567 39.944714 0.48714665
-1.4321517 39.904217 0.33080518
-1.800936 39.92445 0.40295359
-0.68847388 39.863934 0.22293828
-1.0611986 39.884037 0.27077866
-3.246531 40.00547 0.81102812
-3.5986092 40.025639 0.94237071
-2.8903413 39.985245 0.69129318
-6.8129945 40.219555 2.8573391
-7.0962114 40.237713 3.1044731
-7.6376486 40.27309 3.625922
-7.3711939 40.255562 3.3607588
-8.3830347 40.323547 4.4717903
-7.8952889 40.290276 3.8996785
-8.1438398 40.307102 4.181735
-8.6126184 40.339596 4.7695327
-8.8323431 40.355232 5.0746441
-9.041975 40.370434 5.3867974
-9.2412901 40.385193 5.7056589
-6.7880969 40.2463 4.9107132
-7.0042281 40.260933 5.1559801
-7.2122235 40.275234 5.4082017
-7.4118614 40.289188 5.6671085
-5.2843056 40.124889 1.7678497
-5.6039782 40.144276 1.9654609
-6.2230806 40.182404 2.3915749
-6.5218472 40.201115 2.6196215
-5.9170151 40.163452 2.1734436
-5.3340025 40.1525 3.5993192
-4.5176764 40.102486 3.0569494
-4.2342272 40.085472 2.8943162
-3.9456086 40.068317 2.74106
-5.0678587 40.136021 3.4096398
-4.7956529 40.119347 3.2287853
-2.4359686 39.981056 2.1208134
-3.0518537 40.016182 2.3391416
-3.354105 40.033653 2.4633238
-3.6521299 40.051037 2.5973444
-2.7456987 39.998646 2.2249308
-1.4886597 39.928192 1.8700833
-2.1229949 39.96344 2.0269012
-1.8071123 39.945812 1.9432946
-1.1679777 39.910599 1.8073455
-0.84540957 39.893051 1.7551484
-6.0932465 40.200596 4.2192307
-5.5937996 40.16877 3.7976205
-5.846971 40.184807 4.0043311
-6.3323622 40.216114 4.4420877
-6.5640616 40.231358 4.6726642
-17.772083 18.041553 7
-17.718235 18.069214 7
-17.663507 18.095098 7
-17.607964 18.119177 7
-17.551662 18.141426 7
-17.494663 18.161821 7
-17.437027 18.18034 7
-17.378815 18.196962 7
-17.320091 18.211672 7
-17.260918 18.224453 7
-17.201357 18.235291 7
-17.141474 18.244173 7
-17.081331 18.251091 7
-17.020996 18.256039 7
-16.960531 18.25901 7
-16.9 18.26 7
-16.83947 18.25901 7
-16.779005 18.256039 7
-16.718668 18.251091 7
-16.658527 18.244173 7
-16.598644 18.235291 7
-16.539083 18.224453 7
-16.421185 18.196962 7
-16.362974 18.18034 7
-16.479908 18.211672 7
-16.305338 18.161821 7
-16.248337 18.141426 7
-16.136492 18.095098 7
-16.192036 18.119177 7
-16.081766 18.069214 7
-16.027916 18.041553 7
-9.8841867 28.066805 5.8739176
-10.077323 27.9977 6.2002845
-10.259496 27.932518 6.532609
-10.5904 27.810104 7.2137594
-10.430511 27.871326 6.8705363
-10.482962 27.85256 6.9832602
-10.738857 27.751438 7.5618768
-8.3327427 26.318954 6.1234303
-8.5188417 26.259159 6.3958654
-8.695796 26.202303 6.674088
-8.1376963 26.381622 5.8570743
-8.8634157 26.148445 6.9577999
-8.8749437 26.144741 6.9788647
-9.0218048 26.092194 7.2467723
-9.1705141 26.038984 7.5406218
-9.3093615 25.989304 7.8390284
-9.8510962 25.790779 9.3881407
-9.9281836 25.760317 9.7070704
-10.875622 27.697393 7.9144878
-11.000545 27.648027 8.2712154
-11.113494 27.603392 8.6316767
-11.379353 27.498333 9.7315941
-11.388659 27.494656 9.7856379
-11.214348 27.563538 8.9954882
-11.302999 27.528505 9.362258
-9.4381981 25.943205 8.1416712
-9.5568867 25.900738 8.4482279
-9.6653004 25.861946 8.7583694
-9.7256241 25.840363 8.9512367
-9.7633972 25.825436 9.071784
-9.9945774 25.734079 10.028232
-10.050207 25.712097 10.351281
-10.095012 25.694391 10.675871
-10.128943 25.680983 11.001656
-10.151966 25.671885 11.328285
-10.164056 25.667107 11.655411
-10.165198 25.666656 11.98268
-11.443437 27.470909 10.103128
-11.495068 27.448526 10.476435
-11.534169 27.431574 10.851109
-11.5607 27.420073 11.226747
-11.574631 27.414034 11.602948
-11.575949 27.413462 11.97931
-10.155394 25.67053 12.309746
-10.134651 25.678726 12.636254
-10.102994 25.691236 12.961859
-10.060456 25.708046 13.286209
-10.007083 25.729137 13.608958
-9.9429302 25.75449 13.929759
-11.56465 27.41836 12.355429
-11.540748 27.428722 12.730901
-11.504267 27.444538 13.105326
-11.455248 27.465788 13.478302
-11.393744 27.492451 13.849431
-11.388659 27.494656 13.874803
-9.9312744 40.439445 7.0412531
-10.076029 40.451744 7.388401
-10.209358 40.463505 7.7401133
-9.4300737 40.399487 6.0308867
-9.6081238 40.413303 6.3621321
-9.7752504 40.426628 6.6990414
-7.6029267 40.302784 5.9324226
-7.7852154 40.316006 6.2038603
-7.9585328 40.328838 6.4811311
-8.1226931 40.341267 6.7639375
-8.2775192 40.353283 7.0519776
-8.4228468 40.364868 7.3449421
-8.5585194 40.376015 7.6425176
-10.33112 40.47472 8.0960131
-10.441183 40.485378 8.4557199
-10.539431 40.495468 8.8188486
-10.625757 40.504974 9.18501
-10.70007 40.513889 9.553812
-10.76229 40.522205 9.924859
-8.684392 40.386707 7.9443851
-8.8003311 40.396935 8.2502222
-8.9062109 40.406689 8.5597
-9.0019178 40.415955 8.872489
-9.0873499 40.424728 9.1882524
-9.1624165 40.432995 9.5066538
-9.2270374 40.440746 9.8273506
-10.81235 40.529911 10.297754
-10.850197 40.536999 10.672099
-10.875791 40.543465 11.047492
-10.889102 40.549294 11.423532
-10.890119 40.554485 11.799814
-9.2811413 40.447979 10.150001
-9.3246727 40.454681 10.474257
-9.357583 40.460842 10.799775
-9.379837 40.466465 11.126204
-9.3914127 40.471535 11.453195
-9.3922968 40.476048 11.780396
-10.878838 40.559036 12.175938
-10.855273 40.562935 12.551498
-10.819448 40.566181 12.926095
-10.771403 40.568771 13.299326
-10.711189 40.570705 13.670793
-10.638869 40.571976 14.040095
-9.3824873 40.480007 12.107461
-9.3619967 40.483395 12.434035
-9.3308449 40.486217 12.759771
-9.2890663 40.488472 13.08432
-9.2367058 40.490154 13.407334
-9.1738186 40.491257 13.728467
-9.1004744 40.491787 14.047376
-48.5583 11.752949 14.15554
-48.532513 11.758051 14.481716
-48.506931 11.752448 14.807901
-48.481586 11.736144 15.133745
-48.456509 11.709158 15.458899
-48.431717 11.671517 15.783015
-48.407242 11.623263 16.105747
-48.38311 11.564447 16.426744
-48.359344 11.495132 16.74567
-48.335976 11.415394 17.062181
-48.313026 11.325315 17.375933
-48.29052 11.224994 17.686596
-48.268475 11.114536 17.993835
-48.53297 13.251899 14.105465
-48.503315 13.257767 14.480568
-48.473896 13.251323 14.855681
-48.444752 13.232574 15.230402
-48.415909 13.201539 15.604329
-48.387398 13.158253 15.977062
-48.359253 13.10276 16.348204
-48.331501 13.035122 16.717352
-48.304173 12.95541 17.084116
-48.277298 12.86371 17.448101
-48.250904 12.760119 17.80892
-48.225021 12.64475 18.166182
-48.225895 10.8637 18.596731
-48.205399 10.72359 18.891743
-48.185459 10.57388 19.182039
-48.246929 10.994062 18.297323
-48.174892 12.379179 18.868517
-48.150703 12.229263 19.212837
-48.147343 10.246318 19.747252
-48.1661 10.414733 19.467312
-48.129204 10.068815 20.021563
-48.127132 12.068136 19.552099
-48.111706 9.8824158 20.289949
-48.104202 11.89597 19.885941
-48.08194 11.712951 20.214003
-48.078705 9.4837322 20.807808
-48.063244 9.2718744 21.056725
-48.048485 9.0519733 21.298609
-47.996876 8.0967627 22.190762
-48.034454 8.8242636 21.533203
-48.021172 8.5889893 21.760254
-48.00864 8.3464022 21.979519
-48.094868 9.6873178 20.552124
-48.060368 11.519274 20.535934
-48.039509 11.315145 20.851393
-48.019386 11.100786 21.160036
-48.000023 10.876424 21.461538
-47.981438 10.642299 21.755575
-47.946682 10.145777 22.319996
-47.963654 10.398664 22.04183
-48.199673 12.517725 18.519506
-27.241222 -4.4975438 20.932802
-27.243937 -4.4792476 20.946592
-27.283995 -4.2091966 21.136759
-27.324938 -3.9331846 21.318069
-27.36672 -3.6515076 21.49033
-27.373793 -3.6038282 21.517408
-27.401312 -3.3646228 21.652723
-27.434893 -3.0727165 21.805569
-27.469019 -2.7760694 21.948828
-27.477051 -2.7062533 21.97979
-27.496 -2.4751496 22.081743
-27.521006 -2.1701772 22.204582
-27.546322 -1.8614336 22.317396
-27.550884 -1.8057804 22.335699
-26.800978 6.6199508 21.284912
-27.241222 4.4975438 22.319229
-27.229424 4.5623908 22.297375
-27.118391 5.1726017 22.05788
-27.173565 4.8693795 22.182629
-26.997461 5.7661991 21.77791
-26.870924 6.3407135 21.45896
-26.888742 6.2695756 21.500166
-26.934872 6.0559978 21.623226
-27.079481 5.3864436 21.961647
-27.061073 5.4716759 21.923037
-25.246014 11.170942 14.281654
-25.271095 11.113087 14.60653
-25.300694 11.044814 14.929658
-27.076828 12.346606 16.141327
-25.334774 10.966198 15.250691
-25.373304 10.877319 15.569287
-25.416241 10.778276 15.885105
-27.107307 12.282161 16.347179
-27.128725 12.232756 16.504717
-27.183119 12.107287 16.864321
-25.463539 10.669173 16.197803
-25.514547 10.550116 16.507006
-25.508314 10.565889 16.466108
-25.565508 10.42116 16.812084
-25.620293 10.282519 17.113024
-27.242468 11.970385 17.219957
-27.306709 11.822195 17.571241
-27.375776 11.662878 17.917799
-25.678848 10.134343 17.409502
-25.74111 9.9767895 17.701202
-25.807009 9.8100281 17.987812
-25.840363 9.7256241 18.122829
-26.891497 12.738454 14.284125
-26.917246 12.684013 14.659511
-26.948689 12.617532 15.033322
-26.985794 12.539079 15.40516
-27.028522 12.448737 15.774628
-25.939196 9.4494028 18.543726
-26.008402 9.2559853 18.812677
-26.080629 9.0541258 19.075321
-26.446667 7.925313 20.281378
-26.421124 8.01476 20.19762
-26.154678 8.844017 19.331289
-26.224802 8.6257734 19.579859
-26.144741 8.8749437 19.293711
-26.297422 8.3997555 19.821276
-26.372463 8.1662064 20.055283
-27.680822 10.917556 19.248018
-27.449594 11.492601 18.25926
-27.494656 11.388659 18.452158
-27.52515 11.311492 18.595026
-27.600933 11.119716 18.924625
-25.873085 9.6341696 18.268753
-27.764727 10.705228 19.564854
-27.935621 10.250819 20.176842
-27.852562 10.482959 19.8748
-28.202299 9.4986334 21.036055
-28.288595 9.230051 21.305164
-28.639681 8.0746012 22.289175
-28.469166 8.6680622 21.816669
-28.478544 8.6388721 21.84078
-28.377583 8.9530954 21.56546
-28.553875 8.3750734 22.057781
-26.664865 7.1612153 20.909929
-26.669212 7.1459937 20.920891
-26.732445 6.8935523 21.101852
-28.180641 9.5660381 20.964058
-26.590254 7.4224958 20.708719
-26.517494 7.6772861 20.499126
-28.022068 10.009219 20.471306
-28.111807 9.7584171 20.757875
-48.222893 -4.3325815 22.403076
-48.20248 -4.0700293 22.597145
-48.182617 -3.8010621 22.782656
-48.163345 -3.526226 22.959227
-48.144672 -3.2457297 23.126722
-48.126629 -2.959873 23.284971
-48.078773 -4.3191524 24.229704
-48.057301 -3.9965816 24.422327
-48.109226 -2.6689622 23.433802
-48.092487 -2.3733087 23.573055
-48.076424 -2.0732293 23.702579
-48.061058 -1.7690454 23.822241
-48.046406 -1.4610823 23.931906
-48.032486 -1.1496702 24.031462
-48.01931 -0.83514231 24.1208
-48.006886 -0.51783556 24.199821
-47.995239 -0.19808973 24.268446
-47.984375 0.12375283 24.326599
-47.974312 0.44710585 24.374184
-47.965042 0.77234769 24.411253
-47.956593 1.0984054 24.437664
-48.036549 -3.6678462 24.604313
-48.016537 -3.3332989 24.775469
-47.997284 -2.9932973 24.935608
-47.978813 -2.6482062 25.084562
-47.961143 -2.2983944 25.222172
-47.944294 -1.944237 25.348288
-47.928284 -1.586113 25.462776
-47.913132 -1.224406 25.565514
-47.898846 -0.85950327 25.656389
-47.885448 -0.49179551 25.73531
-47.872955 -0.12167656 25.802185
-47.861374 0.25045729 25.856947
-47.850723 0.6242075 25.899536
-47.841007 0.99917394 25.929909
-47.931129 2.40622 24.436663
-47.92688 2.7323186 24.409754
-47.923485 3.0576096 24.372187
-47.920956 3.3810441 24.324106
-47.919289 3.7029765 24.265461
-47.943111 6.4662728 23.277756
-47.923927 5.2746186 23.816849
-47.918549 4.3402562 24.116837
-47.918488 4.0228281 24.196346
-47.919479 4.6549215 24.027018
-47.921272 4.9664869 23.926989
-47.931816 5.8792658 23.566738
-47.927444 5.5789871 23.696726
-47.937042 6.1751332 23.427032
-47.948971 1.4251716 24.453421
-47.942181 1.7522962 24.458508
-47.936234 2.0794291 24.452919
-47.832241 1.3749551 25.948029
-47.824432 1.7511483 25.953878
-47.817593 2.127351 25.947453
-47.811726 2.5031605 25.928757
-47.806839 2.8781741 25.897812
-47.802937 3.2519901 25.85465
-47.800026 3.6242085 25.799318
-47.798325 5.0891676 25.457666
-47.812515 6.4971628 24.928345
-47.80344 5.8018193 25.215973
-47.800388 5.4474678 25.34263
-47.807487 6.1518426 25.077827
-47.798107 3.9944305 25.731874
-47.797184 4.3622599 25.652393
-47.797256 4.7273026 25.560957
-47.966331 7.3082342 22.774155
-47.975712 7.5774002 22.588293
-47.985897 7.8403368 22.393759
-47.957764 7.0331268 22.951141
-47.950024 6.7523727 23.11907
-47.90086 9.3343706 23.103041
-47.887333 9.0472841 23.345972
-47.852207 8.1404772 24.016872
-47.83345 7.5012364 24.413527
-47.842354 7.8241034 24.220409
-47.874706 8.7523947 23.579418
-47.862995 8.4500179 23.803131
-47.93055 9.8839111 22.589779
-47.915272 9.6133451 22.850887
-47.825504 7.1722212 24.596016
-47.818523 6.8374104 24.767683
-29.43482 -4.3602643 22.95569
-29.483786 -4.0301676 23.143166
-29.5054 -3.8844595 23.219795
-29.527266 -3.6943803 23.319323
-29.566511 -3.3532364 23.48407
-29.606342 -3.0070066 23.637615
-29.616697 -2.91699 23.674084
-29.638079 -2.6562302 23.779116
-29.667191 -2.3011751 23.908852
-29.696489 -1.9421663 24.026907
-29.696281 -1.9463972 24.025526
-29.732248 -1.2142832 24.225657
-29.744066 -0.97371989 24.27882
-29.746155 -0.84604228 24.306726
-29.752218 -0.4755609 24.375063
-29.758314 -0.10308189 24.431217
-29.714291 -1.5798156 24.13224
-27.563478 -1.5494145 22.419399
-27.578959 -1.234327 22.510992
-27.594574 -0.91647273 22.592224
-27.595217 -0.9033739 22.595119
-27.600241 -0.5963887 22.662212
-27.605513 -0.27423099 22.721638
-27.610001 3.3812499e-15 22.76298
-27.609188 0.049632099 22.770338
-27.603868 0.37470931 22.807684
-27.598532 0.70082784 22.834339
-27.595217 0.9033739 22.844215
-27.589115 1.0275589 22.849955
-29.76 3.644549e-15 24.443317
-29.755568 0.27082279 24.47443
-29.749432 0.64585912 24.505083
-29.741711 1.0216606 24.523285
-29.744066 0.97371989 24.52107
-29.618347 2.8968587 24.422501
-29.616697 2.91699 24.419386
-29.576281 3.2683122 24.364084
-29.533783 3.6377418 24.293444
-29.5054 3.8844595 24.237829
-29.044569 6.4707694 23.289116
-29.319059 5.0865417 23.88711
-29.433573 4.3686733 24.114702
-29.487566 4.0046868 24.210396
-29.380053 4.7294726 24.007113
-29.362505 4.8477693 23.967581
-29.191372 5.7882838 23.611692
-29.188169 5.8058882 23.603769
-29.254822 5.439579 23.755154
-29.117722 6.1320677 23.456013
-27.573053 1.3545026 22.854313
-27.556993 1.6814378 22.847927
-27.550884 1.8057804 22.84141
-27.534313 2.0078852 22.830286
-27.50761 2.3335454 22.801607
-27.477051 2.7062533 22.754805
-27.480995 2.6581492 22.762247
-27.445423 2.9811723 22.711531
-27.371162 3.6215541 22.578115
-27.373793 3.6038282 22.582161
-27.408468 3.3024154 22.650105
-27.324213 3.9380643 22.494905
-27.277674 4.2518024 22.401348
-29.72324 1.3976457 24.528296
-29.704769 1.7736213 24.520954
-29.696281 1.9463972 24.511898
-29.679665 2.149055 24.500744
-29.648956 2.5235641 24.467764
-29.5054 -3.8844595 30.627197
-29.616697 -2.91699 30.640429
-29.696281 -1.9463972 30.64987
-29.744066 -0.97371989 30.65551
-29.76 3.644549e-15 30.657341
-29.744066 0.97371989 30.655363
-27.241222 -4.4975438 30.356598
-27.373793 -3.6038282 30.372375
-27.477051 -2.7062533 30.384651
-27.550884 -1.8057804 30.393412
-27.595217 -0.9033739 30.398643
-27.610001 3.3812501e-15 30.400343
-27.595217 0.9033739 30.398508
-29.696281 1.9463972 30.64958
-29.616697 2.91699 30.639994
-29.5054 3.8844595 30.626617
-29.362505 4.8477693 30.609465
-29.188169 5.8058882 30.588554
-27.550884 1.8057804 30.393143
-27.477051 2.7062533 30.384249
-27.373793 3.6038282 30.371838
-27.241222 4.4975438 30.355925
-27.079481 5.3864436 30.336525
-26.888742 6.2695756 30.31366
-28.745953 7.7024546 22.554068
-28.727524 7.7669864 22.510683
-28.80859 7.4523883 22.72138
-28.971001 6.8040071 23.111105
-28.982578 6.7577896 23.135916
-28.889027 7.1312656 22.921534
-28.982578 6.7577896 30.563908
-28.745953 7.7024546 30.535553
-28.478544 8.6388721 30.503519
-26.669212 7.1459937 30.287354
-28.180641 9.5660381 30.46784
-26.421124 8.01476 30.257633
-26.144741 8.8749437 30.224531
-27.85256 10.482962 30.428555
-27.494656 11.388659 30.385706
-27.107307 12.282161 30.339336
-25.840363 9.7256241 30.188084
-25.508314 10.565889 30.148331
-25.148951 11.394841 30.105312
-26.690933 13.162512 30.289501
-26.245977 14.028767 30.236248
-25.772917 14.88 30.179638
-25.272257 15.7153 30.11973
-24.762657 12.211591 30.059076
-24.349846 13.015264 30.00967
-23.910961 13.805 29.957151
-23.446472 14.579953 29.901571
-24.744535 16.53377 30.056587
-24.190317 17.334536 29.99028
-22.956877 15.339294 29.842989
-22.442698 16.082209 29.781473
-20.574066 13.777201 29.558279
-20.953865 14.410855 29.60363
-20.738394 14.023133 29.577904
-20.658243 13.898823 29.568333
-20.814434 14.15 29.586983
-20.886284 14.279286 29.595562
-21.017105 14.544564 29.611179
-21.075935 14.680271 29.618202
-19.880243 13.011684 29.475401
-19.767458 12.915993 29.461926
-20.298315 13.429757 29.525343
-20.198986 13.320163 29.513477
-20.394007 13.542542 29.536774
-20.485956 13.658399 29.547756
-19.989838 13.111014 29.488493
-20.096123 13.213878 29.50119
-19.411177 12.651757 29.419357
-19.532799 12.735933 29.433889
-19.651602 12.824043 29.448084
-19.286867 12.571606 29.404505
-19.16 12.495565 29.389345
-19.030714 12.423716 29.373896
-21.130295 14.81783 29.624689
-21.180124 14.957093 29.630636
-21.22537 15.097913 29.636034
-21.301924 15.383615 29.645163
-21.333149 15.528192 29.648886
-21.359629 15.673713 29.652039
-21.38133 15.820022 29.654623
-21.398235 15.966963 29.656631
-21.410322 16.114378 29.658066
-21.41758 16.26211 29.658922
-21.42 16.41 29.659201
-21.41758 16.55789 29.658901
-21.265985 15.240138 29.640879
-21.904486 16.807903 29.717085
-21.410322 16.705622 29.658022
-21.398235 16.853037 29.656567
-21.38133 16.999979 29.654535
-21.359629 17.146288 29.65193
-21.333149 17.291809 29.648754
-21.301924 17.436384 29.64501
-21.342819 17.515598 29.649893
-21.265985 17.579863 29.640703
-21.254667 17.619499 29.639347
-18.899145 12.356135 29.358175
-18.765436 12.292895 29.342196
-18.629728 12.234064 29.325979
-18.49217 12.179706 29.30954
-18.352907 12.129876 29.292896
-17.926384 12.008076 29.241922
-18.212088 12.08463 29.276068
-18.069862 12.044015 29.259069
-17.781809 11.976851 29.224642
-17.636288 11.950372 29.207251
-17.489979 11.928669 29.189762
-16.75211 11.89242 29.101564
-16.604378 11.899677 29.083904
-16.456963 11.911765 29.066282
-16.163712 11.950372 29.031227
-16.310022 11.928669 29.048717
-16.018192 11.976851 29.01383
-17.343037 11.911765 29.172199
-17.195621 11.899677 29.154579
-17.04789 11.89242 29.136921
-16.9 11.89 29.119244
-15.873615 12.008076 28.996546
-15.587914 12.08463 28.962389
-15.730138 12.044015 28.979393
-15.447094 12.129876 28.945553
-15.30783 12.179706 28.928902
-15.170271 12.234064 28.912455
-15.034564 12.292895 28.896229
-14.900855 12.356135 28.880241
-18.290903 15.19021 29.285257
-18.250248 15.145354 29.280401
-17.876926 14.838976 29.2358
-18.119789 15.019096 29.264816
-18.073627 14.979931 29.2593
-18.164646 15.059752 29.270176
-18.208147 15.101852 29.275372
-17.977583 14.906234 29.247826
-18.026209 14.942296 29.253635
-17.927805 14.871781 29.241879
-17.825001 14.807853 29.229595
-17.772083 14.778445 29.22327
-17.718235 14.750786 29.216837
-17.663507 14.724902 29.210297
-17.494663 14.658179 29.190119
-17.607964 14.700823 29.203659
-17.551662 14.678574 29.196932
-16.718668 14.568909 29.097368
-16.658527 14.575827 29.090179
-16.598644 14.58471 29.083019
-16.539083 14.595548 29.075899
-16.479908 14.608328 29.068825
-16.421185 14.623037 29.061804
-16.362974 14.639661 29.054846
-16.305338 14.658179 29.047955
-16.192036 14.700823 29.034407
-16.136492 14.724902 29.027765
-16.248337 14.678574 29.04114
-16.081766 14.750786 29.021223
-16.027916 14.778445 29.014784
-15.975 14.807853 29.008457
-17.437027 14.639661 29.183231
-17.378815 14.623037 29.176273
-17.320091 14.608328 29.169256
-17.201357 14.58471 29.155066
-17.260918 14.595548 29.162184
-17.141474 14.575827 29.147907
-17.081331 14.568909 29.140718
-17.020996 14.563961 29.133507
-16.9 14.56 29.119043
-16.960531 14.56099 29.12628
-16.83947 14.56099 29.111809
-16.779005 14.563961 29.10458
-18.631426 15.758337 29.325918
-18.651821 15.815337 29.328354
-18.67034 15.872973 29.330563
-18.531555 15.537916 29.313997
-18.471024 15.433075 29.30677
-18.438219 15.382195 29.302853
-18.502148 15.485 29.310486
-18.330069 15.236372 29.289936
-18.367704 15.283792 29.294432
-18.403767 15.332417 29.298738
-18.559214 15.591766 29.317299
-18.585098 15.646492 29.320389
-18.609177 15.702036 29.323263
-18.714453 16.049084 29.335823
-18.686962 15.931185 29.332544
-18.701672 15.989909 29.334299
-18.72529 16.108643 29.337112
-18.734173 16.168526 29.338171
-18.741093 16.228668 29.338993
-18.746038 16.289003 29.339581
-18.74901 16.34947 29.33993
-18.75 16.41 29.340044
-18.74901 16.47053 29.339922
-18.746038 16.530996 29.339561
-18.741093 16.591331 29.338966
-18.734173 16.651474 29.338135
-18.72529 16.711357 29.337069
-18.714453 16.770918 29.335768
-18.701672 16.830091 29.334236
-18.686962 16.888815 29.332474
-18.67034 16.947027 29.330482
-18.651821 17.004663 29.328264
-18.631426 17.061663 29.325823
-18.609177 17.117964 29.323158
-18.585098 17.173508 29.320276
-18.559214 17.228233 29.317179
-18.531555 17.282084 29.313868
-18.502148 17.334999 29.310349
-18.471024 17.386925 29.306625
-18.438219 17.437805 29.3027
-18.403767 17.487583 29.298578
-18.367704 17.536209 29.294264
-18.330069 17.583628 29.289761
-18.290903 17.629789 29.285076
-18.250248 17.674646 29.280212
-18.208147 17.718147 29.275177
-18.164646 17.760248 29.269974
-18.119789 17.800903 29.264608
-18.073627 17.840069 29.259089
-18.026209 17.877705 29.253418
-17.977583 17.913767 29.247602
-17.927805 17.948219 29.24165
-17.876926 17.981024 29.235565
-17.825001 18.012148 29.229357
-15.975 18.012148 29.008217
-14.513133 12.571606 28.833879
-14.769287 12.423716 28.86451
-14.64 12.495565 28.849051
-15.923075 14.838976 29.002247
-15.68021 15.019096 28.973204
-15.591852 15.101852 28.962635
-15.635354 15.059752 28.967838
-15.549751 15.145354 28.9576
-15.872195 14.871781 28.996162
-15.822416 14.906234 28.99021
-15.773791 14.942296 28.984394
-15.726373 14.979931 28.978724
-15.509096 15.19021 28.952736
-14.388823 12.651757 28.819014
-14.2672 12.735933 28.80447
-14.148398 12.824043 28.790262
-14.032542 12.915993 28.776407
-13.919757 13.011684 28.762918
-13.810163 13.111014 28.749809
-13.703877 13.213878 28.737099
-13.501684 13.429757 28.712914
-13.601014 13.320163 28.724794
-13.405993 13.542542 28.701466
-13.314043 13.658399 28.690466
-13.225933 13.777201 28.679926
-13.141757 13.898823 28.669853
-13.061606 14.023133 28.660263
-12.913716 14.279286 28.642567
-12.985565 14.15 28.651165
-15.469931 15.236372 28.948051
-15.432297 15.283792 28.943548
-15.396234 15.332417 28.939236
-15.361781 15.382195 28.935112
-15.328976 15.433075 28.931187
-15.297853 15.485 28.927464
-15.268446 15.537916 28.923944
-15.240786 15.591766 28.920633
-15.214902 15.646492 28.917536
-15.190823 15.702036 28.914654
-15.168574 15.758337 28.911989
-15.129661 15.872973 28.90733
-15.148179 15.815337 28.909548
-15.113037 15.931185 28.905338
-15.098328 15.989909 28.903576
-15.085547 16.049084 28.902044
-15.07471 16.108643 28.900743
-15.065827 16.168526 28.899677
-15.058908 16.228668 28.898846
-15.053961 16.289003 28.898251
-15.05 16.41 28.897768
-15.05099 16.34947 28.89789
-15.05099 16.47053 28.897881
-15.053961 16.530996 28.898232
-15.058908 16.591331 28.898819
-15.168574 17.061663 28.911892
-15.190823 17.117964 28.914549
-15.268446 17.282084 28.923813
-15.240786 17.228233 28.920511
-15.214902 17.173508 28.917421
-15.68021 17.800903 28.972996
-15.549751 17.674646 28.957411
-15.591852 17.718147 28.962439
-15.635354 17.760248 28.967636
-15.923075 17.981024 29.002012
-15.872195 17.948219 28.995934
-15.822416 17.913767 28.989986
-15.773791 17.877705 28.984177
-15.726373 17.840069 28.97851
-15.396234 17.487583 28.939074
-15.361781 17.437805 28.934959
-15.469931 17.583628 28.947876
-15.509096 17.629789 28.952555
-15.432297 17.536209 28.94338
-15.328976 17.386925 28.931042
-15.297853 17.334999 28.927326
-15.065827 16.651474 28.899641
-15.085547 16.770918 28.901989
-15.07471 16.711357 28.900698
-15.098328 16.830091 28.903513
-15.113037 16.888815 28.905268
-15.129661 16.947027 28.907249
-15.148179 17.004663 28.909458
-12.41867 15.820022 28.583277
-12.401765 15.966963 28.581245
-12.389678 16.114378 28.57979
-12.382421 16.26211 28.578911
-12.38 16.41 28.578611
-12.382421 16.55789 28.578888
-12.389678 16.705622 28.579746
-12.401765 16.853037 28.581179
-12.41867 16.999979 28.583189
-12.846135 14.410855 28.63448
-12.782895 14.544564 28.626909
-12.724065 14.680271 28.619867
-12.669705 14.81783 28.613359
-12.619876 14.957093 28.607393
-12.57463 15.097913 28.601973
-12.534016 15.240138 28.597109
-12.498076 15.383615 28.592802
-12.46685 15.528192 28.589058
-12.440372 15.673713 28.585882
-12.440372 17.146288 28.585772
-12.46685 17.291809 28.588926
-12.498076 17.436384 28.592648
-12.534016 17.579863 28.596933
-12.669705 18.002171 28.613121
-12.57463 17.722086 28.601778
-12.619876 17.862906 28.607176
-9.8680687 25.784073 14.248271
-11.319958 27.521805 14.218349
-11.233867 27.555824 14.584639
-11.135551 27.594675 14.947901
-11.025119 27.638315 15.307748
-10.902684 27.686699 15.663795
-10.76838 27.739771 16.015659
-9.7825775 25.817856 14.564152
-9.7256241 25.840363 14.749734
-9.6866255 25.854317 14.877083
-9.5803728 25.892334 15.186744
-9.4638195 25.934038 15.492774
-9.3370905 25.979382 15.794846
-9.2003212 26.028318 16.092636
-10.622352 27.797478 16.362967
-10.482962 27.85256 16.665787
-10.464789 27.859062 16.705353
-10.296127 27.919411 17.042519
-10.116267 27.983765 17.374033
-9.9254026 28.052059 17.699541
-9.0536575 26.080795 16.385824
-8.8972578 26.136757 16.674099
-8.8749437 26.144741 16.712154
-8.7315674 26.190809 16.957222
-8.5565472 26.247044 17.234833
-8.3723402 26.306231 17.506628
-8.1791458 26.368305 17.77231
-8.01476 26.421124 17.983339
-7.9772396 26.431837 18.031616
-9.7237387 28.124214 18.018694
-9.5660381 28.180641 18.250847
-9.5115957 28.198133 18.331177
-9.2894211 28.26952 18.636713
-9.057148 28.344151 18.934893
-8.8150253 28.421946 19.225401
-7.767096 26.491848 18.284338
-7.5486293 26.554234 18.530119
-7.3220711 26.618931 18.768698
-7.1459937 26.669212 18.942308
-7.0877738 26.683796 18.999849
-6.8462205 26.744301 19.223383
-8.6388721 28.478544 19.423115
-8.5634537 28.500082 19.507963
-8.3029118 28.574482 19.78233
-8.0333462 28.651461 20.048119
-7.7550435 28.730934 20.30505
-7.7024546 28.745953 20.350496
-7.4687376 28.804495 20.552956
-7.1744132 28.87822 20.791492
-6.8722878 28.953897 21.020376
-6.7577896 28.982578 21.101362
-6.5973439 26.806641 19.438976
-6.3414097 26.870749 19.6464
-6.2695756 26.888742 19.700819
-6.0790396 26.929893 19.84552
-5.8103104 26.987934 20.03607
-5.5353789 27.047314 20.217813
-5.3864436 27.079481 20.30942
-5.254776 27.103439 20.390615
-6.5630407 29.024639 21.239454
-4.968843 27.155466 20.554304
-4.6776185 27.208456 20.708632
-4.4975438 27.241222 20.796663
-4.3816209 27.258417 20.853487
-4.0812879 27.302969 20.988749
-3.7766223 27.348162 21.114187
-6.2468696 29.092926 21.448458
-5.9239044 29.16268 21.64711
-5.8058882 29.188169 21.714495
-5.5948696 29.226566 21.835297
-5.2599621 29.287504 22.012774
-3.6038282 27.373793 21.178835
-3.4681888 27.389397 21.229731
-3.156388 27.425266 21.335276
-2.8412526 27.461521 21.430626
-2.7062533 27.477051 21.466721
-2.5234368 27.492041 21.515766
-2.2032022 27.518297 21.590584
-1.8806586 27.544744 21.654936
-1.8057804 27.550884 21.667355
-1.5565803 27.563128 21.708868
-1.2310169 27.579121 21.752243
-0.90418845 27.595177 21.784983
-0.9033739 27.595217 21.785038
-10.554523 40.572582 14.40684
-10.458238 40.572525 14.770635
-10.35012 40.571808 15.131087
-10.230283 40.570423 15.487814
-10.098856 40.568382 15.840432
-9.0167484 40.491737 14.363718
-8.9227314 40.491112 14.677156
-8.8185263 40.489906 14.987353
-8.7042418 40.488132 15.293977
-8.5800018 40.485786 15.596701
-8.4459381 40.482864 15.895199
-9.9559793 40.565681 16.188564
-9.8018064 40.562325 16.531836
-8.3021965 40.479378 16.189152
-9.6365032 40.558311 16.869883
-8.1489286 40.475327 16.478245
-7.986299 40.470718 16.762169
-7.8144827 40.465553 17.040621
-9.4602451 40.553654 17.202339
-9.273221 40.548355 17.528852
-9.075633 40.542416 17.849072
-8.867691 40.535847 18.162653
-7.6336637 40.459843 17.313301
-7.4440346 40.453587 17.579916
-7.2457991 40.446796 17.840183
-7.0391698 40.439476 18.093824
-8.6496172 40.528652 18.469263
-8.4216471 40.520844 18.76857
-6.8243675 40.431637 18.340565
-8.1840229 40.512428 19.060255
-7.9370003 40.50341 19.344007
-7.6808429 40.493805 19.619522
-7.4158258 40.48362 19.886501
-7.1422324 40.47287 20.144665
-6.8603559 40.461559 20.39373
-4.9193282 29.349483 22.179296
-4.8477693 29.362505 22.211435
-4.5738182 29.403143 22.334814
-6.6016221 40.423283 18.580141
-6.3694463 40.41436 18.813929
-6.3711724 40.414425 18.8123
-6.133265 40.405079 19.036789
-5.888155 40.395245 19.253368
-5.6361046 40.384937 19.461807
-5.3773832 40.374168 19.661882
-5.1122689 40.362946 19.853378
-4.8410449 40.351284 20.036091
-4.564002 40.339199 20.209826
-6.5704975 40.449707 20.633436
-6.2729683 40.437321 20.863522
-5.9680867 40.424416 21.083742
-5.6561794 40.411007 21.293863
-4.2814364 40.326702 20.374395
-3.9936512 40.313801 20.529623
-3.7009537 40.300518 20.675343
-5.3375797 40.39711 21.493658
-5.0126295 40.382736 21.682913
-4.6816764 40.367901 21.861423
-4.3450747 40.352623 22.029003
-4.0031848 40.336918 22.185467
-3.4036584 40.286861 20.811399
-3.1020832 40.272846 20.937647
-2.796551 40.258488 21.053949
-2.4873888 40.243805 21.160185
-2.1749282 40.228806 21.256235
-3.6563733 40.320801 22.330652
-1.8595031 40.21352 21.342001
-1.5414516 40.197948 21.417391
-1.2211145 40.182114 21.482321
-0.89883453 40.166039 21.536722
-23.610195 18.116739 29.920877
-23.004791 18.879543 29.848454
-22.374752 19.622131 29.773087
-21.720755 20.343706 29.694859
-21.043497 21.043497 29.61385
-20.343706 21.720755 29.530151
-19.622131 22.374752 29.44385
-17.772083 18.041553 29.223028
-17.718235 18.069214 29.216589
-17.663507 18.095098 29.210045
-17.607964 18.119177 29.203403
-17.551662 18.141426 29.196672
-17.494663 18.161821 29.189857
-18.23958 20.726538 29.278709
-18.212088 20.735371 29.275423
-18.204538 20.758297 29.274519
-18.069862 20.775984 29.258419
-17.926384 20.811924 29.241266
-16.718668 18.251091 29.097094
-16.658527 18.244173 29.089905
-16.598644 18.235291 29.082748
-16.539083 18.224453 29.075628
-16.421185 18.196962 29.061537
-16.362974 18.18034 29.054581
-16.479908 18.211672 29.068556
-16.136492 18.095098 29.027515
-16.192036 18.119177 29.034153
-16.305338 18.161821 29.047693
-16.248337 18.141426 29.04088
-16.081766 18.069214 29.020975
-16.027916 18.041553 29.01454
-17.437027 18.18034 29.182968
-17.378815 18.196962 29.176008
-17.320091 18.211672 29.168987
-17.260918 18.224453 29.161913
-17.201357 18.235291 29.154793
-17.141474 18.244173 29.147635
-17.081331 18.251091 29.140444
-17.020996 18.256039 29.133232
-16.960531 18.25901 29.126003
-16.9 18.26 29.118769
-16.83947 18.25901 29.111532
-16.779005 18.256039 29.104305
-17.781809 20.843149 29.223982
-17.636288 20.869627 29.206585
-17.489979 20.891331 29.189095
-17.515598 21.342819 29.192123
-18.879543 23.004791 29.355038
-18.116739 23.610195 29.263811
-16.75211 20.92758 29.100891
-16.604378 20.920322 29.083233
-16.456963 20.908236 29.065613
-16.163712 20.869627 29.030561
-16.310022 20.891331 29.048048
-16.018192 20.843149 29.013168
-17.343037 20.908236 29.171528
-17.195621 20.920322 29.153906
-17.04789 20.92758 29.136246
-16.9 20.93 29.118568
-16.807903 21.904486 29.107487
-16.082209 22.442698 29.020702
-15.587914 20.735371 28.961744
-15.873615 20.811924 28.99589
-15.730138 20.775984 28.978741
-15.447094 20.690125 28.944914
-15.30783 20.640295 28.92827
-15.170271 20.585936 28.911833
-14.513133 20.248394 28.833307
-14.900855 20.463865 28.879637
-15.034564 20.527105 28.895615
-14.769287 20.396284 28.863914
-14.64 20.324434 28.848467
-12.913716 18.540712 28.642248
-12.985565 18.67 28.650827
-13.501684 19.390244 28.712467
-13.314043 19.161602 28.690056
-13.405993 19.277458 28.701038
-13.061606 18.796867 28.659908
-13.225933 19.042799 28.679533
-13.141757 18.921177 28.669479
-14.2672 20.084066 28.803923
-14.032542 19.904007 28.775885
-14.148398 19.995956 28.789728
-13.703877 19.606123 28.73662
-13.810163 19.708986 28.749317
-13.919757 19.808315 28.762411
-14.388823 20.168243 28.818453
-13.601014 19.499838 28.724333
-15.339294 22.956877 28.93186
-14.579953 23.446472 28.841055
-16.53377 24.744535 29.074507
-17.334536 24.190317 29.170267
-15.7153 25.272257 28.976631
-14.88 25.772917 28.876747
-13.805 23.910961 28.748386
-13.015264 24.349846 28.653955
-14.028767 26.245977 28.774961
-13.162512 26.690933 28.671381
-12.724065 18.139729 28.61961
-12.782895 18.275436 28.626631
-12.846135 18.409145 28.63418
-12.211591 24.762657 28.557858
-11.394841 25.148951 28.460199
-10.565889 25.508314 28.361082
-12.282161 27.107307 28.566118
-11.388659 27.494656 28.459284
-10.482962 27.85256 28.350996
-9.7256241 25.840363 28.260618
-8.8749437 26.144741 28.158909
-8.01476 26.421124 28.056068
-9.5660381 28.180641 28.241367
-8.6388721 28.478544 28.130518
-7.1459937 26.669212 27.952202
-7.7024546 28.745953 28.018562
-6.7577896 28.982578 27.905626
-6.2695756 26.888742 27.847424
-5.3864436 27.079481 27.741846
-5.8058882 29.188169 27.791826
-4.4975438 27.241222 27.635578
-3.6038282 27.373793 27.528738
-2.7062533 27.477051 27.42144
-1.8057804 27.550884 27.313797
-0.9033739 27.595217 27.205925
-4.223453 29.455114 22.479069
-3.8685091 29.507235 22.611879
-3.8844595 29.5054 22.605894
-3.5099387 29.548485 22.733255
-3.1475329 29.590176 22.842909
-2.91699 29.616697 22.904547
-2.7819142 29.627773 22.940786
-2.4136448 29.657969 23.026825
-2.0427194 29.688383 23.10083
-1.9463972 29.696281 23.116806
-1.6700118 29.70986 23.162848
-1.2956139 29.728252 23.21273
-0.91985339 29.744947 23.250404
-0.97371989 29.744066 23.244974
-3.305011 40.304291 22.464401
-2.9494748 40.287403 22.586571
-2.5901449 40.270157 22.697029
-2.227406 40.252575 22.79566
-1.8616469 40.234669 22.882357
-1.4932592 40.216461 22.957026
-1.1226372 40.197975 23.019588
-0.7501778 40.179226 23.069979
-4.8477693 29.362505 27.677284
-3.8844595 29.5054 27.562124
-2.91699 29.616697 27.44647
-1.9463972 29.696281 27.330446
-0.97371989 29.744066 27.214174
-0.33880594 -49.5938 0.9022311
0.036771737 -49.597961 0.92548442
0.41139045 -49.60186 0.96101207
0.78464907 -49.605499 1.0087761
1.1561478 -49.608864 1.0687251
1.5254891 -49.611961 1.1407952
1.8922772 -49.614784 1.2249091
2.2561195 -49.617329 1.3209765
2.6166263 -49.619591 1.4288949
2.9734113 -49.621571 1.5485486
-0.40662518 -49.562668 2.4003737
-0.080035932 -49.566288 2.420594
0.24571949 -49.569679 2.4514875
0.57029217 -49.572842 2.4930215
0.89333469 -49.575768 2.5451512
1.2145009 -49.578461 2.6078207
1.5334471 -49.580917 2.6809633
1.8498317 -49.58313 2.7645001
2.1633158 -49.585098 2.8583424
3.326093 -49.623264 1.6798093
3.6742935 -49.624672 1.8225368
4.0176396 -49.62579 1.9765779
4.3557644 -49.626617 2.141768
4.6883049 -49.627155 2.3179297
5.0149059 -49.627403 2.5048749
2.4735639 -49.586819 2.962389
2.7802436 -49.588291 3.0765288
3.0830264 -49.589516 3.2006395
3.3815885 -49.590488 3.3345883
3.6756098 -49.591206 3.4782319
3.9647756 -49.591675 3.6314161
5.335217 -49.627357 2.7024031
4.2487764 -49.591888 3.793977
4.527308 -49.59185 3.9657407
4.8000717 -49.59156 4.1465235
5.0667758 -49.591011 4.3361311
5.3271351 -49.59021 4.5343604
5.6488953 -49.627022 2.9103029
5.9556055 -49.626392 3.1283517
6.2550182 -49.625473 3.3563159
6.5468135 -49.624268 3.5939515
6.8306789 -49.622772 3.8410037
5.5808702 -49.589165 4.7410002
7.1063099 -49.620987 4.0972085
7.3734121 -49.618923 4.3622913
7.6316986 -49.616573 4.6359682
5.8277092 -49.587864 4.9558287
6.0673885 -49.586311 5.1786151
6.2996511 -49.584515 5.409122
6.5242486 -49.582474 5.6471019
7.8808937 -49.613941 4.9179459
8.1207304 -49.611034 5.2079229
8.3509512 -49.607857 5.5055885
-5.4668235e-15 -29.76 0
-0.47036174 -29.752304 0.49015334
-0.094248734 -29.758457 0.50114262
-5.4668235e-15 -29.76 0.50698835
0.281418 -29.755396 0.52424985
0.65616041 -29.749262 0.55957466
0.97371989 -29.744066 0
1.9463972 -29.696281 0
1.0295618 -29.741323 0.60710454
0.97371989 -29.744066 0.60003042
1.4013273 -29.723059 0.66661626
1.7709306 -29.704901 0.73825651
1.9463972 -29.696281 0.77826566
2.1380537 -29.680567 0.82182115
2.91699 -29.616697 0
3.8844595 -29.5054 0
4.8477693 -29.362505 0
2.5022955 -29.6507 0.91723335
2.8631947 -29.621109 1.0245076
2.91699 -29.616697 1.042434
3.2204893 -29.581783 1.143326
3.5736928 -29.541151 1.273731
3.8844595 -29.5054 1.400179
3.9224207 -29.499769 1.4155931
4.2664099 -29.448742 1.5685799
5.8058882 -29.188169 0
6.7577896 -28.982578 0
7.7024546 -28.745953 0
8.6388721 -28.478544 0
9.5660381 -28.180641 0
10.482962 -27.85256 0
11.388659 -27.494656 0
2.9487715 -27.449152 2.5899999
3.0533535 -27.43712 2.6286123
3.6038282 -27.373793 2.5899999
4.6051641 -29.398493 1.7327369
4.8477693 -29.362505 1.8602825
4.9383588 -29.346022 1.9078269
5.2656965 -29.286461 2.0935628
4.4975438 -27.241222 2.5899999
5.3864436 -27.079481 2.5899999
3.3565814 -27.402237 2.7519927
3.6038282 -27.373793 2.8621659
3.6556008 -27.366114 2.8851914
3.9501698 -27.322418 3.0279367
4.2398715 -27.279444 3.1802428
4.4975438 -27.241222 3.3266857
4.524406 -27.236334 3.3419275
4.8035631 -27.185539 3.512665
5.0769367 -27.135798 3.6924474
5.344234 -27.087162 3.8810825
5.3864436 -27.079481 3.9129961
5.5867276 -29.228046 2.2899106
5.8058882 -29.188169 2.4340403
5.9011474 -29.167595 2.4965949
6.2086682 -29.101177 2.7133133
6.5088692 -29.036341 2.939985
6.7577896 -28.982578 3.141108
6.8014469 -28.971643 3.1763368
7.0861735 -28.900322 3.4219773
7.3626366 -28.831072 3.6768177
7.6305404 -28.763966 3.9405854
7.7024546 -28.745953 4.0162067
7.8896794 -28.692488 4.2128644
8.1397228 -28.621084 4.4934511
8.3803701 -28.552364 4.7820978
8.6113653 -28.486399 5.0784936
8.6388721 -28.478544 5.116293
8.8325462 -28.416315 5.3821816
9.0435972 -28.348505 5.6929646
12.282161 -27.107307 0
6.7409396 -49.580185 5.8923001
6.9494934 -49.577656 6.1444535
8.57131 -49.604404 5.8106241
7.1496854 -49.574894 6.4032936
7.3413019 -49.571892 6.6685419
7.5241375 -49.568657 6.9399147
7.6979966 -49.565197 7.2171211
7.8626928 -49.561508 7.4998651
8.0180492 -49.557602 7.7878432
8.7815714 -49.600685 6.1227026
8.9815092 -49.596706 6.4414907
9.1709099 -49.592464 6.7666459
9.3495703 -49.587971 7.0978208
9.5172997 -49.583229 7.4346604
9.6739178 -49.578239 7.7768044
8.1639013 -49.553478 8.0807467
8.3000908 -49.549141 8.3782635
8.4264746 -49.544594 8.6800737
8.5429125 -49.539848 8.9858541
9.8192577 -49.573013 8.1238861
9.9531631 -49.567554 8.4755335
10.075491 -49.561867 8.8313713
8.6492853 -49.534901 9.2952776
8.7454758 -49.529762 9.6080132
8.8313818 -49.524441 9.9237251
10.18611 -49.555958 9.1910162
10.284903 -49.549835 9.5540857
10.371761 -49.543503 9.9201899
8.9069109 -49.518932 10.242077
8.9719839 -49.513252 10.562726
9.0265293 -49.507404 10.885329
10.446595 -49.536968 10.288936
10.509322 -49.530243 10.65993
9.0704889 -49.501389 11.209542
9.103816 -49.495216 11.535017
9.1264753 -49.488895 11.861404
10.559875 -49.523327 11.032775
10.598203 -49.516228 11.40707
10.624261 -49.508961 11.782416
9.138443 -49.482433 12.188356
9.1397038 -49.475834 12.515522
9.1302595 -49.469105 12.842551
10.638022 -49.501526 12.158411
10.639473 -49.493938 12.534652
10.628612 -49.486198 12.910735
9.1101179 -49.462254 13.169093
9.0793018 -49.455288 13.4948
9.0378437 -49.448212 13.81932
10.605449 -49.478321 13.286259
10.57001 -49.47031 13.660821
10.522333 -49.462173 14.034019
9.2442808 -28.284023 6.010529
9.4343824 -28.222942 6.3345351
9.5660381 -28.180641 6.5768986
9.6137199 -28.16358 6.6646004
9.7821331 -28.103321 7.0003171
9.9393835 -28.047056 7.3414245
10.085303 -27.994844 7.6875558
10.219734 -27.946745 8.0383415
10.342534 -27.902805 8.3934059
10.45357 -27.863077 8.752367
10.482962 -27.85256 8.8598127
10.552756 -27.82498 9.11479
10.639962 -27.790518 9.4803247
10.71508 -27.760834 9.8486023
10.778031 -27.735958 10.21923
10.828748 -27.715916 10.591809
10.867173 -27.700731 10.965941
10.89327 -27.690418 11.341226
10.907007 -27.68499 11.717261
10.89736 -27.688803 12.469972
10.90837 -27.684452 12.093644
10.873986 -27.698038 12.845841
10.838275 -27.712151 13.220851
10.790263 -27.731123 13.594598
10.730003 -27.754936 13.966682
-0.38857314 -21.566679 1.8248219
-0.061499726 -21.57052 1.8343472
0.26508954 -21.574137 1.8545675
0.59084499 -21.57753 1.8854612
0.91541767 -21.58069 1.926995
1.2384602 -21.58362 1.9791247
1.5596263 -21.586313 2.0417943
1.8785726 -21.588766 2.1149368
2.194957 -21.590977 2.1984737
3.0768967 -25.527596 2.5899999
2.5084412 -21.592945 2.2923157
2.8186893 -21.594666 2.3963625
3.1253691 -21.59614 2.5105023
3.3193128 -21.596924 2.5899999
6.2695756 -26.888742 2.5899999
7.1459937 -26.669212 2.5899999
8.01476 -26.421124 2.5899999
8.8749437 -26.144741 2.5899999
9.7256241 -25.840363 2.5899999
10.565889 -25.508314 2.5899999
11.394841 -25.148951 2.5899999
5.6052604 -27.032221 4.0782175
5.8596601 -26.977276 4.2837672
6.1071424 -26.923824 4.4975414
6.2695756 -26.888742 4.6474476
6.347476 -26.86923 4.719255
6.5804358 -26.810877 4.9486184
6.8057036 -26.75445 5.1854987
7.0230379 -26.70001 5.4296422
7.1459937 -26.669212 5.5772738
7.2322435 -26.644583 5.6807265
13.162512 -26.690933 0
14.028767 -26.245977 0
14.88 -25.772917 0
15.7153 -25.272257 0
16.53377 -24.744535 0
17.334536 -24.190317 0
18.116739 -23.610195 0
18.879543 -23.004791 0
19.622131 -22.374752 0
20.343706 -21.720755 0
21.043497 -21.043497 0
21.720755 -20.343706 0
22.374752 -19.622131 0
23.004791 -18.879543 0
23.610195 -18.116739 0
12.211591 -24.762657 2.5899999
13.015264 -24.349846 2.5899999
13.805 -23.910961 2.5899999
14.579953 -23.446472 2.5899999
15.339294 -22.956877 2.5899999
16.082209 -22.442698 2.5899999
16.807903 -21.904486 2.5899999
17.38566 -21.445944 2.5899999
14.512612 -20.241533 2.5899999
14.393561 -20.133633 2.5899999
14.635129 -20.345482 2.5899999
13.758923 -19.409966 2.5899999
13.854635 -19.539019 2.5899999
13.954518 -19.664871 2.5899999
13.580418 -19.142813 2.5899999
13.497815 -19.004999 2.5899999
13.346354 -18.721638 2.5899999
13.419766 -18.864557 2.5899999
13.667484 -19.277849 2.5899999
14.058467 -19.787388 2.5899999
14.166368 -19.906439 2.5899999
14.278106 -20.021894 2.5899999
13.154702 -18.279549 2.5899999
13.100574 -18.128267 2.5899999
13.051423 -17.975298 2.5899999
13.007304 -17.820801 2.5899999
12.968264 -17.664944 2.5899999
12.934344 -17.507893 2.5899999
12.905581 -17.349817 2.5899999
12.882006 -17.190884 2.5899999
12.863643 -17.031263 2.5899999
12.850513 -16.87113 2.5899999
12.842628 -16.710651 2.5899999
12.84 -16.549999 2.5899999
12.842628 -16.389349 2.5899999
12.850513 -16.22887 2.5899999
12.863643 -16.068735 2.5899999
12.882006 -15.909117 2.5899999
13.277658 -18.576391 2.5899999
13.213752 -18.428976 2.5899999
15.295 -20.802185 2.5899999
15.435442 -20.880234 2.5899999
14.760982 -20.445364 2.5899999
14.890035 -20.541077 2.5899999
15.02215 -20.632515 2.5899999
15.157187 -20.719584 2.5899999
15.578362 -20.953646 2.5899999
15.723608 -21.022341 2.5899999
15.871024 -21.086248 2.5899999
16.020452 -21.145298 2.5899999
16.171732 -21.199427 2.5899999
16.324701 -21.248577 2.5899999
16.479198 -21.292696 2.5899999
16.635056 -21.331736 2.5899999
16.792107 -21.365656 2.5899999
16.950184 -21.394419 2.5899999
17.109116 -21.417994 2.5899999
17.268736 -21.436357 2.5899999
22.6082 -15.843082 2.5899999
23.400038 -4.558917 -0.68278837
23.400522 -4.908905 -0.54449564
19.483135 -5.4435325 1.5969843
19.477303 -4.5705552 1.1487306
19.478741 -4.8663836 1.2886093
19.480686 -5.1574798 1.4380805
23.406439 -6.0409141 0
23.403246 -5.5943875 -0.23397848
23.401592 -5.2541852 -0.39483893
23.405481 -5.9291482 -0.062086523
12.905581 -15.750183 2.5899999
12.934344 -15.592107 2.5899999
12.968264 -15.435056 2.5899999
13.007304 -15.279199 2.5899999
13.051423 -15.124702 2.5899999
13.100574 -14.971732 2.5899999
13.154702 -14.820453 2.5899999
13.213752 -14.671024 2.5899999
13.277658 -14.523608 2.5899999
13.346354 -14.378363 2.5899999
13.419766 -14.235442 2.5899999
13.497815 -14.095 2.5899999
13.580418 -13.957187 2.5899999
13.667484 -13.82215 2.5899999
13.758923 -13.690035 2.5899999
13.854635 -13.560982 2.5899999
13.954518 -13.435129 2.5899999
14.058467 -13.312612 2.5899999
14.166368 -13.193562 2.5899999
14.278106 -13.078106 2.5899999
14.393561 -12.966368 2.5899999
14.512612 -12.858466 2.5899999
14.635129 -12.754519 2.5899999
14.760982 -12.654635 2.5899999
14.890035 -12.558923 2.5899999
15.02215 -12.467484 2.5899999
15.157187 -12.380417 2.5899999
15.295 -12.297815 2.5899999
15.435442 -12.219767 2.5899999
15.578362 -12.146355 2.5899999
15.723608 -12.077659 2.5899999
15.871024 -12.013751 2.5899999
16.020452 -11.954701 2.5899999
16.171732 -11.900573 2.5899999
16.324701 -11.851423 2.5899999
16.479198 -11.807304 2.5899999
16.635056 -11.768264 2.5899999
16.792107 -11.734344 2.5899999
16.950184 -11.705582 2.5899999
17.109116 -11.682006 2.5899999
17.268736 -11.663643 2.5899999
17.428871 -11.650513 2.5899999
17.58935 -11.642629 2.5899999
17.75 -11.64 2.5899999
17.91065 -11.642629 2.5899999
18.071129 -11.650513 2.5899999
18.231264 -11.663643 2.5899999
18.390884 -11.682006 2.5899999
18.549816 -11.705582 2.5899999
18.707893 -11.734344 2.5899999
18.864944 -11.768264 2.5899999
19.020802 -11.807304 2.5899999
19.175299 -11.851423 2.5899999
19.328268 -11.900573 2.5899999
19.479548 -11.954701 2.5899999
19.628975 -12.013751 2.5899999
19.776392 -12.077659 2.5899999
19.921637 -12.146355 2.5899999
20.064558 -12.219767 2.5899999
20.205 -12.297815 2.5899999
20.47785 -12.467484 2.5899999
20.342813 -12.380417 2.5899999
20.739019 -12.654635 2.5899999
20.864872 -12.754519 2.5899999
20.609966 -12.558923 2.5899999
22.399427 -14.971732 2.5899999
22.345299 -14.820453 2.5899999
22.286249 -14.671024 2.5899999
22.222342 -14.523608 2.5899999
21.221895 -13.078106 2.5899999
21.545481 -13.435129 2.5899999
21.333633 -13.193562 2.5899999
21.441534 -13.312612 2.5899999
22.002184 -14.095 2.5899999
21.741077 -13.690035 2.5899999
21.919582 -13.957187 2.5899999
21.832516 -13.82215 2.5899999
22.080233 -14.235442 2.5899999
22.153645 -14.378363 2.5899999
21.645365 -13.560982 2.5899999
22.594419 -15.750183 2.5899999
22.565657 -15.592107 2.5899999
22.492695 -15.279199 2.5899999
22.531736 -15.435056 2.5899999
22.448578 -15.124702 2.5899999
22.956877 -15.339294 2.5899999
23.446472 -14.579953 2.5899999
23.910961 -13.805 2.5899999
20.987389 -12.858466 2.5899999
21.106438 -12.966368 2.5899999
19.489536 -5.9992867 1.942399
19.493481 -6.2683935 2.12854
19.502838 -6.7876258 2.5266931
19.504456 -6.8622975 2.5899999
19.497917 -6.5312672 2.3233743
19.486086 -5.7242351 1.7651505
22.820456 -7.0912037 2.5899999
7.4331083 -26.587223 5.9384623
7.6253648 -26.53232 6.202661
7.8088064 -26.479937 6.4730396
7.9832377 -26.430124 6.7493091
8.01476 -26.421124 6.803082
8.1485291 -26.378143 7.0310764
8.3044558 -26.328043 7.3181205
8.4508362 -26.28101 7.6101565
8.5875139 -26.237095 7.9068727
8.7143431 -26.196342 8.2079506
8.8311863 -26.1588 8.5130682
8.8749437 -26.144741 8.639678
8.9379492 -26.122198 8.8218527
9.034502 -26.08765 9.1339922
9.1207237 -26.056799 9.4491892
9.1965189 -26.02968 9.7671032
9.2618093 -26.006319 10.087395
9.3165236 -25.98674 10.40972
9.3606043 -25.970968 10.733736
9.3940029 -25.959019 11.059093
9.4166842 -25.950903 11.385446
9.4286242 -25.94663 11.712441
9.4298096 -25.946207 12.039732
9.4202394 -25.949631 12.366966
9.368885 -25.968006 13.019865
9.3999243 -25.9569 12.693794
9.3271551 -25.982937 13.344831
9.2747803 -26.001677 13.668344
9.2118149 -26.024206 13.990055
16.211781 -17.577805 7
16.246233 -17.627584 7
16.064901 -17.313507 7
16.040823 -17.257965 7
16.147854 -17.475 7
16.118446 -17.422085 7
16.178976 -17.526926 7
16.090786 -17.368235 7
15.97966 -17.087027 7
15.998179 -17.144663 7
16.018574 -17.201662 7
15.963037 -17.028814 7
15.948328 -16.970091 7
15.935547 -16.910917 7
15.92471 -16.851357 7
15.915827 -16.791473 7
15.908908 -16.731331 7
15.903961 -16.670996 7
15.90099 -16.610531 7
15.9 -16.549999 7
15.90099 -16.48947 7
15.903961 -16.429005 7
15.908908 -16.368668 7
15.915827 -16.308527 7
15.92471 -16.248644 7
15.935547 -16.189083 7
15.948328 -16.12991 7
15.963037 -16.071184 7
15.97966 -16.012974 7
15.998179 -15.955337 7
16.018574 -15.898337 7
16.040823 -15.842035 7
16.53021 -17.940903 7
16.623791 -18.017704 7
16.576372 -17.98007 7
16.773075 -18.121023 7
16.825001 -18.152147 7
16.672417 -18.053766 7
16.722195 -18.088219 7
16.877916 -18.181555 7
16.931767 -18.209215 7
16.986492 -18.235098 7
16.359097 -17.769791 7
16.441853 -17.858147 7
16.399752 -17.814646 7
16.282297 -17.676208 7
16.319931 -17.723627 7
16.485353 -17.900249 7
17.098337 -18.281425 7
17.155336 -18.301821 7
17.212973 -18.320339 7
17.271185 -18.336964 7
17.389082 -18.364452 7
17.329908 -18.351673 7
17.042036 -18.259176 7
17.448643 -18.37529 7
17.508526 -18.384172 7
17.568668 -18.391092 7
17.629004 -18.396038 7
17.68947 -18.39901 7
17.75 -18.4 7
17.81053 -18.39901 7
17.870996 -18.396038 7
17.931332 -18.391092 7
17.991474 -18.384172 7
18.051357 -18.37529 7
18.110918 -18.364452 7
18.170092 -18.351673 7
18.228815 -18.336964 7
18.287027 -18.320339 7
18.344664 -18.301821 7
18.401663 -18.281425 7
18.457964 -18.259176 7
18.513508 -18.235098 7
18.568233 -18.209215 7
18.622084 -18.181555 7
18.674999 -18.152147 7
18.726925 -18.121023 7
18.777805 -18.088219 7
18.827583 -18.053766 7
18.876209 -18.017704 7
18.923628 -17.98007 7
18.96979 -17.940903 7
19.014647 -17.900249 7
19.058147 -17.858147 7
19.100248 -17.814646 7
19.140903 -17.769791 7
19.180069 -17.723627 7
19.217703 -17.676208 7
19.253767 -17.627584 7
19.288219 -17.577805 7
19.321024 -17.526926 7
19.352146 -17.475 7
19.381554 -17.422085 7
19.409214 -17.368235 7
19.435099 -17.313507 7
19.459177 -17.257965 7
19.481426 -17.201662 7
19.501822 -17.144663 7
19.52034 -17.087027 7
19.536963 -17.028814 7
19.551672 -16.970091 7
19.564453 -16.910917 7
19.575291 -16.851357 7
19.584173 -16.791473 7
19.591091 -16.731331 7
19.596039 -16.670996 7
19.599009 -16.610531 7
19.6 -16.549999 7
19.599009 -16.48947 7
19.596039 -16.429005 7
19.591091 -16.368668 7
19.584173 -16.308527 7
19.575291 -16.248644 7
19.564453 -16.189083 7
19.52034 -16.012974 7
19.481426 -15.898337 7
19.501822 -15.955337 7
19.459177 -15.842035 7
19.551672 -16.12991 7
19.536963 -16.071184 7
16.064901 -15.786492 7
16.090786 -15.731766 7
16.118446 -15.677916 7
16.147854 -15.625 7
16.178976 -15.573074 7
16.211781 -15.522195 7
16.246233 -15.472416 7
16.282297 -15.423791 7
16.319931 -15.376372 7
16.359097 -15.330211 7
16.399752 -15.285355 7
16.441853 -15.241853 7
16.485353 -15.199752 7
16.53021 -15.159097 7
16.576372 -15.11993 7
16.623791 -15.082296 7
16.672417 -15.046233 7
16.722195 -15.011782 7
16.773075 -14.978976 7
16.825001 -14.947853 7
16.877916 -14.918446 7
16.931767 -14.890785 7
16.986492 -14.864902 7
17.042036 -14.840823 7
17.098337 -14.818574 7
17.155336 -14.79818 7
17.212973 -14.77966 7
17.271185 -14.763038 7
17.329908 -14.748327 7
17.389082 -14.735547 7
17.448643 -14.72471 7
17.508526 -14.715827 7
17.568668 -14.708908 7
17.629004 -14.703961 7
17.68947 -14.700991 7
17.75 -14.7 7
18.170092 -14.748327 7
17.81053 -14.700991 7
17.870996 -14.703961 7
17.931332 -14.708908 7
17.991474 -14.715827 7
18.051357 -14.72471 7
18.110918 -14.735547 7
18.228815 -14.763038 7
18.287027 -14.77966 7
18.344664 -14.79818 7
18.457964 -14.840823 7
18.401663 -14.818574 7
18.513508 -14.864902 7
18.568233 -14.890785 7
18.923628 -15.11993 7
19.321024 -15.573074 7
19.253767 -15.472416 7
19.288219 -15.522195 7
19.140903 -15.330211 7
19.100248 -15.285355 7
19.014647 -15.199752 7
18.96979 -15.159097 7
19.058147 -15.241853 7
19.217703 -15.423791 7
19.180069 -15.376372 7
18.726925 -14.978976 7
18.674999 -14.947853 7
18.622084 -14.918446 7
18.827583 -15.046233 7
18.777805 -15.011782 7
18.876209 -15.082296 7
19.409214 -15.731766 7
19.381554 -15.677916 7
19.435099 -15.786492 7
19.352146 -15.625 7
24.190317 -17.334536 0
24.744535 -16.53377 0
25.272257 -15.7153 0
25.772917 -14.88 0
26.245977 -14.028767 0
26.690933 -13.162512 0
27.107307 -12.282161 0
27.494656 -11.388659 0
27.85256 -10.482962 0
26.103413 -6.3020549 0
28.180641 -9.5660381 0
28.478544 -8.6388721 0
28.745953 -7.7024546 0
28.531717 -8.4526711 1.4579449
28.478544 -8.6388721 1.6415225
28.745953 -7.7024546 0.80254716
28.77257 -7.5961952 0.71661866
28.692507 -7.8896103 0.95427281
28.610958 -8.1751842 1.2015252
28.982578 -6.7577896 0
29.001095 -6.6720567 0.063821837
29.023638 -6.567678 0
28.982578 -6.7577896 0.12015293
28.925148 -6.9870629 0.27123514
28.847963 -7.2952037 0.48895574
24.349846 -13.015264 2.5899999
24.762657 -12.211591 2.5899999
25.148951 -11.394841 2.5899999
25.508314 -10.565889 2.5899999
27.901453 -10.346314 3.8084462
27.830599 -10.538534 4.1346512
27.85256 -10.482962 4.040236
27.758862 -10.720071 4.4670625
27.691389 -10.890814 4.8050981
27.628254 -11.050578 5.1483955
27.569525 -11.199196 5.4965873
25.840363 -9.7256241 2.5899999
26.144741 -8.8749437 2.5899999
26.421124 -8.01476 2.5899999
26.598043 -7.3952169 2.6407769
26.531219 -7.6292205 2.8714831
26.466551 -7.8556833 3.1096754
26.401983 -8.0743284 3.3551936
26.334335 -8.2848692 3.6079199
26.421124 -8.01476 3.2882066
26.613735 -7.3402681 2.5899999
28.368294 -8.982008 1.9977251
28.209742 -9.4754658 2.5709972
28.287537 -9.2333441 2.2803619
28.451923 -8.7217264 1.7233894
28.129835 -9.7080297 2.8695507
28.180641 -9.5660381 2.6871374
28.050119 -9.9308224 3.1756032
27.973965 -10.143661 3.4886801
26.144741 -8.8749437 4.4188552
26.147549 -8.8662052 4.4050889
26.084812 -9.0424309 4.6831317
26.20705 -8.6810198 4.1331487
26.269335 -8.4871721 3.867331
26.024996 -9.2096081 4.9667077
25.968479 -9.3675613 5.2554989
25.915323 -9.5161228 5.5491962
47.374397 -5.645081 -1.4680357
47.373329 -5.2998009 -1.6176924
47.372845 -4.9498134 -1.755985
47.372948 -4.5954924 -1.8827657
47.381104 -6.6490049 -0.95254385
47.376053 -5.9852839 -1.3071752
47.378288 -6.3200445 -1.1352832
47.384499 -6.9718127 -0.75915271
47.388466 -7.2881227 -0.55531693
47.416737 -8.7606068 0.61251432
47.393005 -7.5975952 -0.34125474
47.398106 -7.8999 -0.11719541
47.403767 -8.1947126 0.11662116
47.409977 -8.4817171 0.35994458
47.424034 -9.0310831 0.87405992
47.440216 -9.5456448 1.4229491
47.431866 -9.2928553 1.1443013
47.476517 -7.4932404 1.4862158
47.454361 -6.1802802 0.51308781
47.447014 -5.3224287 0.036546383
47.444649 -4.726357 -0.23346856
47.445576 -5.0266004 -0.10333221
47.448959 -5.6135249 0.18601772
47.451408 -5.8995776 0.34492159
47.461758 -6.7244391 0.87647712
47.46619 -6.9873123 1.0713115
47.457809 -6.4553323 0.69033629
47.471115 -7.2436709 1.2746301
47.468319 -10.247453 2.3063037
47.478668 -10.4617 2.6155081
47.489491 -10.665713 2.9315434
47.512505 -11.042171 3.5827463
47.500771 -10.859272 3.2540712
47.524673 -11.214211 3.9172165
47.537262 -11.375212 4.2571239
47.550266 -11.524998 4.6021047
47.563663 -11.66341 4.9517889
47.577442 -11.790301 5.3058023
47.591587 -11.905534 5.6637659
47.610157 -10.259931 5.4791241
47.622135 -10.37027 5.7869616
47.449085 -9.7891788 1.7097048
47.458454 -10.023198 2.0042615
47.482391 -7.7357531 1.7058417
47.488739 -7.9709496 1.9332727
47.502811 -8.4183941 2.4105675
47.495548 -8.1985779 2.1682651
47.510521 -8.6301641 2.6599202
47.518669 -8.8336592 2.9160566
47.527248 -9.0286627 3.1787019
47.536247 -9.2149649 3.4475751
47.555466 -9.5606794 4.0028477
47.545658 -9.3923674 3.7223885
47.56567 -9.7197208 4.2886524
47.576252 -9.8693218 4.5794959
47.587196 -10.009322 4.8750677
47.598507 -10.139571 5.1750507
25.652197 -10.201786 7.3972573
25.621019 -10.280684 7.7163696
27.413219 -11.576509 6.5670958
27.515265 -11.336505 5.8493004
27.494656 -11.388659 5.997179
27.462725 -11.462315 6.2062826
27.368788 -11.678999 6.9312644
27.329479 -11.769676 7.2983985
27.295332 -11.848441 7.6681046
25.593937 -10.349218 8.0377369
25.570978 -10.407315 8.3610144
25.55217 -10.454911 8.6858559
25.537529 -10.491958 9.0119133
25.527075 -10.518414 9.3388386
25.520817 -10.534251 9.6662807
27.266386 -11.915211 8.0399876
27.242672 -11.969913 8.4136486
27.224215 -12.012489 8.7886877
27.211033 -12.042895 9.1647034
27.203142 -12.061097 9.5412931
27.20055 -12.067076 9.9180536
25.840363 -9.7256241 6.0124178
25.865585 -9.6551342 5.8474846
25.817133 -9.7844086 6.1501427
25.769949 -9.9038086 6.4568496
25.726702 -10.013247 6.7671599
25.687437 -10.112609 7.0807409
25.518761 -10.539454 9.9938889
25.52091 -10.534015 10.321313
25.527262 -10.51794 10.648203
25.537811 -10.491247 10.974207
25.552544 -10.453965 11.298978
25.571445 -10.406135 11.622166
25.594496 -10.347804 11.943426
27.20326 -12.060824 10.29458
27.211269 -12.042351 10.670471
27.224569 -12.011673 11.045324
27.243143 -11.968825 11.418736
27.266975 -11.913854 11.790309
25.62167 -10.279038 12.262415
25.652939 -10.19991 12.578789
27.296036 -11.846816 12.159645
27.330299 -11.767784 12.526346
27.369722 -11.676844 12.890022
27.414267 -11.574091 13.250282
27.463886 -11.459637 13.606743
27.494656 -11.388659 13.805134
27.516426 -11.33357 13.959114
25.688269 -10.110504 12.892212
25.727623 -10.010917 13.202347
25.770958 -9.9012547 13.508862
25.81823 -9.7816343 13.811427
25.840363 -9.7256241 13.940494
47.606087 -12.008986 6.0252962
47.620918 -12.100544 6.3900065
47.636074 -12.180113 6.7575059
47.634438 -10.470472 6.0982342
47.647045 -10.56043 6.4126081
47.659943 -10.640047 6.7297478
47.651531 -12.247607 7.1274009
47.667278 -12.302953 7.4992952
47.673122 -10.709237 7.0493126
47.686562 -10.767927 7.3709602
47.700256 -10.816054 7.6943469
47.683296 -12.346091 7.8727908
47.699566 -12.376978 8.247488
47.716072 -12.395577 8.6229849
47.728333 -10.880424 8.3449497
47.714184 -10.853566 8.0191259
47.742683 -10.896597 8.6714687
47.7328 -12.401871 8.9988804
47.749725 -12.395851 9.3747711
47.76683 -12.377525 9.7502556
47.757229 -10.902069 8.9983339
47.77195 -10.896835 9.3251953
47.786823 -10.8809 9.6517038
47.784103 -12.346913 10.12493
47.801521 -12.304047 10.498394
47.819069 -12.248972 10.870249
47.801842 -10.85428 9.9775076
47.81699 -10.817005 10.302259
47.832249 -10.769114 10.62561
47.847595 -10.710659 10.947216
47.83672 -12.181748 11.240094
47.854462 -12.102448 11.607536
47.872276 -12.011154 11.972179
47.863022 -10.641702 11.26673
47.878513 -10.562316 11.583812
47.894047 -10.472588 11.89812
47.890141 -11.907967 12.333634
47.908035 -11.792995 12.691514
47.925945 -11.666363 13.045435
47.909611 -10.372613 12.20932
47.925182 -10.262497 12.517077
47.943848 -11.528205 13.395019
47.961723 -11.37867 13.73989
47.979557 -11.217917 14.07968
47.94075 -10.142361 12.821063
47.956295 -10.01233 13.120951
47.971802 -9.8725452 13.416421
47.987251 -9.7231569 13.707155
48.002632 -9.5643234 13.992845
8.5688896 -49.403954 15.72223
8.454812 -49.396347 16.028843
8.9857874 -49.44104 14.142308
8.9231892 -49.433777 14.463417
8.8501177 -49.426426 14.782305
8.7666483 -49.419003 15.098627
10.462469 -49.453926 14.405456
10.390482 -49.445572 14.774732
8.6728725 -49.411507 15.412048
10.102617 -49.419964 15.865657
10.306448 -49.437119 15.141452
10.210459 -49.428581 15.505223
8.33076 -49.388695 16.331554
8.1968689 -49.381012 16.630045
8.0532799 -49.373295 16.923994
7.737638 -49.357819 17.497007
7.9001489 -49.365562 17.213083
7.5659213 -49.350067 17.775461
7.3851838 -49.342327 18.048145
9.983037 -49.411274 16.222366
9.8518467 -49.402527 16.57497
9.7091885 -49.39373 16.92309
9.555213 -49.384892 17.266354
9.3900862 -49.376019 17.604395
9.2139845 -49.367126 17.936848
5.3875322 -49.27425 20.196793
-0.0031861935 -49.164257 22.349495
0.32232192 -49.168941 22.316254
0.6465652 -49.173824 22.272381
1.6082439 -49.189621 22.077497
0.96919674 -49.178905 22.217922
1.2898707 -49.184174 22.152939
1.9239755 -49.195251 21.99168
2.236727 -49.20105 21.89558
3.7441983 -49.232391 21.264801
4.5921125 -49.252827 20.771164
5.1287093 -49.26701 20.396894
4.8634748 -49.259869 20.588419
4.3149137 -49.245895 20.944931
4.0321746 -49.239082 21.109537
3.1537724 -49.219414 21.546659
2.8519549 -49.213139 21.672951
2.546164 -49.207012 21.789299
3.451293 -49.22583 21.410563
5.4097428 -49.23748 22.028641
5.0909638 -49.229511 22.228474
6.9974279 -49.326893 18.575043
6.7908249 -49.319214 18.828693
6.5760307 -49.311577 19.075449
7.1956182 -49.334599 18.314768
8.4037743 -49.331516 19.203783
5.8848424 -49.288979 19.771727
6.122797 -49.296452 19.547216
6.3532753 -49.303986 19.315041
5.6396666 -49.281574 19.988329
8.1758556 -49.322655 19.503101
7.6912484 -49.305042 20.078568
7.938262 -49.313828 19.7948
9.0270967 -49.358219 18.263361
8.8296223 -49.349308 18.583582
8.6217747 -49.340405 18.897167
6.8963819 -49.279053 20.879286
6.6144295 -49.270538 21.12838
7.4350796 -49.296314 20.354099
7.1700292 -49.287647 20.621101
5.7218089 -49.245579 21.818483
6.0268288 -49.253792 21.59823
6.3244753 -49.262115 21.368113
10.65756 -27.783564 14.336706
10.573011 -27.816975 14.704273
10.482962 -27.85256 15.044379
10.476449 -27.854891 15.068984
10.115925 -27.983889 16.141865
10.368022 -27.893686 15.430376
10.247805 -27.936701 15.788131
9.9725246 -28.035198 16.491201
9.8177576 -28.090574 16.835764
9.6517897 -28.14996 17.175184
9.5660381 -28.180641 17.336964
9.4748383 -28.209944 17.509031
9.287097 -28.270266 17.836943
9.088728 -28.334003 18.158632
5.3864436 -27.079481 19.959675
5.1363835 -27.124981 20.140833
0.91262144 -27.594763 21.836033
0.9033739 -27.595217 21.837296
-0.39088008 -27.603603 21.948156
-0.063902505 -27.608955 21.936293
-5.0718749e-15 -27.610001 21.931877
0.26261708 -27.605703 21.913563
0.58824867 -27.600374 21.880117
1.2355111 -27.578899 21.781151
1.5564444 -27.563133 21.715742
2.1912265 -27.519279 21.553373
1.8057804 -27.550884 21.656374
1.875106 -27.5452 21.639828
3.1205347 -27.429392 21.232464
3.6038282 -27.373793 21.0222
3.7209289 -27.356422 20.968344
3.4228582 -27.394611 21.105343
4.4975438 -27.241222 20.55163
4.5864172 -27.225052 20.499651
4.3030386 -27.270075 20.665304
4.8643246 -27.174484 20.32472
4.014452 -27.312881 20.821569
2.5043659 -27.493605 21.456636
2.7062533 -27.477051 21.386969
2.8142338 -27.464628 21.349649
5.337009 -29.273485 21.824944
4.3415375 -29.437597 22.364204
4.6790886 -29.387527 22.195415
4.8477693 -29.362505 22.104076
5.0110312 -29.332798 22.015598
8.4321222 -28.537584 19.082809
8.1935806 -28.605703 19.376064
7.9455848 -28.676523 19.66144
7.6884089 -28.749472 19.938625
7.7024546 -28.745953 19.923489
7.4224305 -28.816095 20.207148
8.8799429 -28.401087 18.473757
8.660965 -28.471445 18.781975
8.6388721 -28.478544 18.81102
6.8648982 -28.95575 20.717596
6.7577896 -28.982578 20.806452
6.2754755 -29.086748 21.190434
6.5740194 -29.022268 20.958843
7.1478291 -28.884878 20.466898
5.6566029 -29.215332 21.623774
5.8058882 -29.188169 21.522871
5.9695401 -29.152824 21.412191
-0.32961044 -49.159775 22.37207
-0.25023898 -49.13047 23.869682
0.12514891 -49.135624 23.843721
0.49948323 -49.14101 23.805492
0.87236309 -49.146629 23.755039
1.6121644 -49.158527 23.61768
1.2433892 -49.15247 23.692411
1.9782935 -49.164795 23.530924
2.3413846 -49.171268 23.432234
2.7010491 -49.177937 23.32172
3.0569017 -49.184795 23.199495
3.4085612 -49.191837 23.065695
3.7556512 -49.199055 22.920462
4.7658138 -49.221672 22.417768
4.4346409 -49.213982 22.596323
4.0977998 -49.206436 22.763948
0.97371989 -29.744066 23.381393
1.1116679 -29.737289 23.362564
1.482991 -29.719048 23.29945
2.2186031 -29.673962 23.136801
1.8520644 -29.700916 23.22423
1.9463972 -29.696281 23.201769
-0.38743526 -29.75366 23.491632
-0.011411064 -29.759813 23.477991
-5.4668235e-15 -29.76 23.477201
0.36411151 -29.754042 23.451809
0.73858786 -29.747913 23.413347
3.9986703 -29.488459 22.521894
3.8844595 -29.5054 22.569975
3.2987053 -29.572784 22.802923
3.6509514 -29.532263 22.668161
2.5821416 -29.644154 23.037378
2.9422626 -29.613791 22.926115
2.91699 -29.616697 22.933935
5.3864436 -27.079481 26.458155
5.8058882 -29.188169 26.408175
6.7577896 -28.982578 26.294374
7.7024546 -28.745953 26.181437
9.5660381 -28.180641 25.958633
8.6388721 -28.478544 26.069483
10.482962 -27.85256 25.849005
11.388659 -27.494656 25.740715
-5.4668235e-15 -29.76 27.102221
0.9033739 -27.595217 26.994076
-5.0718749e-15 -27.610001 27.10206
0.97371989 -29.744066 26.985826
1.9463972 -29.696281 26.869555
1.8057804 -27.550884 26.886204
2.91699 -29.616697 26.753529
3.8844595 -29.5054 26.637875
2.7062533 -27.477051 26.778559
3.6038282 -27.373793 26.671261
4.8477693 -29.362505 26.522717
4.4975438 -27.241222 26.564423
12.282161 -27.107307 25.633883
9.1383276 -26.050501 14.309623
9.0543976 -26.080532 14.626703
8.9601135 -26.114267 14.940957
8.8749437 -26.144741 15.194413
8.8555851 -26.150961 15.252034
8.7409582 -26.187792 15.559545
8.6163197 -26.227839 15.863222
8.4818001 -26.271061 16.162743
8.3375454 -26.317411 16.457783
8.0204554 -26.419294 17.033169
8.01476 -26.421124 17.042406
8.1837091 -26.366838 16.74803
7.6665616 -26.520557 17.586668
7.8480339 -26.468735 17.31278
7.4762306 -26.574909 17.854546
7.277245 -26.631731 18.116127
5.4023099 -27.076054 19.948174
7.06985 -26.688286 18.371077
6.8542962 -26.742279 18.619078
6.2695756 -26.888742 19.216326
6.6307564 -26.798271 18.859957
6.3994708 -26.856205 19.093454
7.1459937 -26.669212 18.277483
6.1607332 -26.912251 19.319248
5.9148116 -26.965364 19.537075
5.6619134 -27.019985 19.746792
6.2695756 -26.888742 26.352577
7.1459937 -26.669212 26.247797
8.01476 -26.421124 26.143932
9.7256241 -25.840363 25.939383
8.8749437 -26.144741 26.041092
10.565889 -25.508314 25.838917
11.394841 -25.148951 25.739801
14.028767 -26.245977 25.425039
13.162512 -26.690933 25.52862
12.211591 -24.762657 25.642143
13.015264 -24.349846 25.546045
13.805 -23.910961 25.451612
14.579953 -23.446472 25.358944
14.88 -25.772917 25.323252
15.7153 -25.272257 25.223368
16.53377 -24.744535 25.125494
15.339294 -22.956877 25.268141
16.082209 -22.442698 25.179298
17.334536 -24.190317 25.029734
16.807903 -21.904486 25.092514
17.38566 -21.445944 25.023417
14.512612 -20.241533 25.366755
14.393561 -20.133633 25.380978
14.635129 -20.345482 25.352118
13.758923 -19.409966 25.456785
13.854635 -19.539019 25.445353
13.954518 -19.664871 25.433424
13.667484 -19.277849 25.467705
14.058467 -19.787388 25.421007
14.166368 -19.906439 25.408117
14.278106 -20.021894 25.39477
13.580418 -19.142813 25.478102
13.497815 -19.004999 25.487967
13.346354 -18.721638 25.50605
13.419766 -18.864557 25.497284
13.154702 -18.279549 25.528925
13.100574 -18.128267 25.535385
13.051423 -17.975298 25.541248
13.007304 -17.820801 25.546511
12.968264 -17.664944 25.551165
12.934344 -17.507893 25.555208
12.905581 -17.349817 25.558634
12.882006 -17.190884 25.561441
12.863643 -17.031263 25.563623
12.850513 -16.87113 25.565182
12.842628 -16.710651 25.566113
12.84 -16.549999 25.566414
12.842628 -16.389349 25.566088
12.850513 -16.22887 25.565134
12.863643 -16.068735 25.563553
12.882006 -15.909117 25.561346
13.277658 -18.576391 25.51425
13.213752 -18.428976 25.521877
15.295 -20.802185 25.273275
15.435442 -20.880234 25.256493
14.760982 -20.445364 25.337082
14.890035 -20.541077 25.321663
15.02215 -20.632515 25.305878
15.157187 -20.719584 25.289742
15.871024 -21.086248 25.204441
16.020452 -21.145298 25.186584
16.171732 -21.199427 25.168505
15.578362 -20.953646 25.239414
15.723608 -21.022341 25.222057
16.324701 -21.248577 25.150223
16.479198 -21.292696 25.13176
16.635056 -21.331736 25.113131
16.950184 -21.394419 25.075468
16.792107 -21.365656 25.09436
17.109116 -21.417994 25.056471
17.268736 -21.436357 25.037394
16.211781 -17.577805 25.163446
16.246233 -17.627584 25.159332
16.064901 -17.313507 25.180984
16.040823 -17.257965 25.183859
16.118446 -17.422085 25.174591
16.147854 -17.475 25.171082
16.178976 -17.526926 25.167364
16.090786 -17.368235 25.177895
15.97966 -17.087027 25.191156
15.998179 -17.144663 25.188948
16.018574 -17.201662 25.186514
15.963037 -17.028814 25.19314
15.948328 -16.970091 25.194893
15.935547 -16.910917 25.196417
15.92471 -16.851357 25.197706
15.915827 -16.791473 25.198765
15.908908 -16.731331 25.199587
15.903961 -16.670996 25.200174
15.90099 -16.610531 25.200525
15.9 -16.549999 25.200638
15.90099 -16.48947 25.200516
15.903961 -16.429005 25.200157
15.908908 -16.368668 25.19956
15.915827 -16.308527 25.198729
15.92471 -16.248644 25.197662
15.935547 -16.189083 25.196363
15.948328 -16.12991 25.19483
15.963037 -16.071184 25.193068
15.97966 -16.012974 25.191076
15.998179 -15.955337 25.188858
16.018574 -15.898337 25.186417
16.040823 -15.842035 25.183752
16.53021 -17.940903 25.12541
16.623791 -18.017704 25.114231
16.576372 -17.98007 25.119896
16.877916 -18.181555 25.083866
16.931767 -18.209215 25.077431
16.986492 -18.235098 25.07089
16.825001 -18.152147 25.090189
16.773075 -18.121023 25.096394
16.672417 -18.053766 25.108421
16.722195 -18.088219 25.102472
16.359097 -17.769791 25.145851
16.441853 -17.858147 25.135965
16.399752 -17.814646 25.140995
16.319931 -17.723627 25.15053
16.282297 -17.676208 25.155025
16.485353 -17.900249 25.13077
17.098337 -18.281425 25.057526
17.155336 -18.301821 25.050713
17.212973 -18.320339 25.043825
17.389082 -18.364452 25.022778
17.271185 -18.336964 25.036869
17.329908 -18.351673 25.02985
17.042036 -18.259176 25.064253
17.448643 -18.37529 25.015659
17.508526 -18.384172 25.008501
17.568668 -18.391092 25.001312
17.68947 -18.39901 24.986874
17.629004 -18.396038 24.994101
17.75 -18.4 24.979637
18.116739 -23.610195 24.93619
18.879543 -23.004791 24.844963
19.622131 -22.374752 24.756151
20.343706 -21.720755 24.669849
22.374752 -19.622131 24.426912
23.004791 -18.879543 24.351547
23.610195 -18.116739 24.279123
22.6082 -15.843082 24.398726
18.01577 -20.918455 24.948057
18.873983 -20.151546 24.845415
17.931332 -18.391092 24.957962
17.991474 -18.384172 24.950773
18.051357 -18.37529 24.943615
18.110918 -18.364452 24.936493
18.170092 -18.351673 24.929419
18.228815 -18.336964 24.9224
18.287027 -18.320339 24.91544
18.344664 -18.301821 24.908548
18.401663 -18.281425 24.901733
18.513508 -18.235098 24.888361
18.568233 -18.209215 24.881817
18.457964 -18.259176 24.895002
18.622084 -18.181555 24.875378
18.674999 -18.152147 24.869051
18.726925 -18.121023 24.862841
18.777805 -18.088219 24.856756
18.827583 -18.053766 24.850803
18.876209 -18.017704 24.84499
18.923628 -17.98007 24.839319
18.96979 -17.940903 24.833797
19.014647 -17.900249 24.828432
19.058147 -17.858147 24.823229
19.100248 -17.814646 24.818193
19.140903 -17.769791 24.81333
19.180069 -17.723627 24.808645
19.217703 -17.676208 24.804144
19.288219 -17.577805 24.795706
19.253767 -17.627584 24.799829
19.321024 -17.526926 24.791782
17.81053 -18.39901 24.972403
17.870996 -18.396038 24.965176
19.352146 -17.475 24.788057
19.381554 -17.422085 24.784538
19.409214 -17.368235 24.781227
19.435099 -17.313507 24.77813
19.459177 -17.257965 24.775248
19.481426 -17.201662 24.772583
19.501822 -17.144663 24.770142
19.52034 -17.087027 24.767923
19.551672 -16.970091 24.76417
19.564453 -16.910917 24.762638
19.536963 -17.028814 24.765932
19.575291 -16.851357 24.761337
19.584173 -16.791473 24.760271
19.591091 -16.731331 24.759439
19.596039 -16.670996 24.758844
19.599009 -16.610531 24.758486
19.6 -16.549999 24.758362
19.599009 -16.48947 24.758476
19.596039 -16.429005 24.758825
19.591091 -16.368668 24.759413
19.584173 -16.308527 24.760235
19.575291 -16.248644 24.761293
19.564453 -16.189083 24.762585
19.52034 -16.012974 24.767843
19.501822 -15.955337 24.770052
19.481426 -15.898337 24.772488
19.459177 -15.842035 24.775143
19.551672 -16.12991 24.764107
19.536963 -16.071184 24.765862
21.043497 -21.043497 24.586149
21.720755 -20.343706 24.505142
13.667484 -13.82215 25.467299
13.758923 -13.690035 25.456358
13.854635 -13.560982 25.444908
13.954518 -13.435129 25.432959
14.058467 -13.312612 25.420525
14.166368 -13.193562 25.407618
14.278106 -13.078106 25.394253
12.905581 -15.750183 25.558516
12.934344 -15.592107 25.555065
12.968264 -15.435056 25.550999
13.007304 -15.279199 25.54632
13.051423 -15.124702 25.541035
13.100574 -14.971732 25.535149
13.154702 -14.820453 25.528667
13.213752 -14.671024 25.521597
13.277658 -14.523608 25.513948
13.346354 -14.378363 25.505726
13.419766 -14.235442 25.496939
13.497815 -14.095 25.4876
13.580418 -13.957187 25.477715
14.393561 -12.966368 25.380444
14.512612 -12.858466 25.366203
14.635129 -12.754519 25.351551
16.064901 -15.786492 25.18087
16.090786 -15.731766 25.177773
16.118446 -15.677916 25.174461
16.147854 -15.625 25.170942
16.178976 -15.573074 25.167217
16.211781 -15.522195 25.163294
16.246233 -15.472416 25.159172
16.319931 -15.376372 25.150354
16.359097 -15.330211 25.14567
16.399752 -15.285355 25.140806
16.282297 -15.423791 25.154858
16.441853 -15.241853 25.135771
16.485353 -15.199752 25.130568
16.53021 -15.159097 25.125202
16.576372 -15.11993 25.119682
16.623791 -15.082296 25.114012
16.877916 -14.918446 25.083622
16.931767 -14.890785 25.077183
16.986492 -14.864902 25.070639
16.672417 -15.046233 25.108196
16.722195 -15.011782 25.102243
16.773075 -14.978976 25.096159
16.825001 -14.947853 25.089951
17.042036 -14.840823 25.063999
17.098337 -14.818574 25.057266
17.155336 -14.79818 25.050451
17.212973 -14.77966 25.043562
17.271185 -14.763038 25.036602
17.329908 -14.748327 25.029581
17.389082 -14.735547 25.022507
17.448643 -14.72471 25.015387
17.508526 -14.715827 25.008228
17.568668 -14.708908 25.001038
17.68947 -14.700991 24.986597
17.629004 -14.703961 24.993826
17.75 -14.7 24.979362
14.760982 -12.654635 25.3365
14.890035 -12.558923 25.321068
15.02215 -12.467484 25.305267
15.295 -12.297815 25.27264
15.157187 -12.380417 25.28912
15.435442 -12.219767 25.255846
15.871024 -12.013751 25.203764
16.020452 -11.954701 25.185898
16.171732 -11.900573 25.16781
15.578362 -12.146355 25.238758
15.723608 -12.077659 25.22139
16.324701 -11.851423 25.149523
16.479198 -11.807304 25.131052
16.635056 -11.768264 25.112417
16.950184 -11.705582 25.074745
16.792107 -11.734344 25.093643
17.109116 -11.682006 25.055744
17.268736 -11.663643 25.036663
17.428871 -11.650513 25.017521
17.58935 -11.642629 24.998339
17.75 -11.64 24.979134
22.399427 -14.971732 24.423616
22.345299 -14.820453 24.430077
22.286249 -14.671024 24.437122
22.594419 -15.750183 24.400366
22.565657 -15.592107 24.403793
22.492695 -15.279199 24.412491
22.531736 -15.435056 24.407835
22.448578 -15.124702 24.417753
22.956877 -15.339294 24.35701
23.446472 -14.579953 24.298429
23.910961 -13.805 24.242849
18.170092 -14.748327 24.92915
17.931332 -14.708908 24.957687
17.991474 -14.715827 24.950499
18.051357 -14.72471 24.943342
18.110918 -14.735547 24.936222
18.228815 -14.763038 24.922132
18.287027 -14.77966 24.915174
18.344664 -14.79818 24.908287
18.513508 -14.864902 24.888109
18.568233 -14.890785 24.881569
18.457964 -14.840823 24.894747
18.401663 -14.818574 24.901474
18.923628 -15.11993 24.839106
19.321024 -15.573074 24.791636
19.288219 -15.522195 24.795553
19.253767 -15.472416 24.799667
19.100248 -15.285355 24.818005
19.140903 -15.330211 24.813148
19.014647 -15.199752 24.82823
19.058147 -15.241853 24.823034
19.217703 -15.423791 24.803974
19.180069 -15.376372 24.80847
18.96979 -15.159097 24.83359
18.726925 -14.978976 24.862608
18.674999 -14.947853 24.868811
18.622084 -14.918446 24.875135
18.827583 -15.046233 24.85058
18.777805 -15.011782 24.856527
18.876209 -15.082296 24.84477
17.81053 -14.700991 24.972126
17.870996 -14.703961 24.964899
19.409214 -15.731766 24.781105
19.381554 -15.677916 24.784409
19.435099 -15.786492 24.778017
19.352146 -15.625 24.78792
18.071129 -11.650513 24.940748
18.231264 -11.663643 24.921608
18.549816 -11.705582 24.883533
18.390884 -11.682006 24.902531
18.707893 -11.734344 24.864641
18.864944 -11.768264 24.845869
19.020802 -11.807304 24.827242
19.175299 -11.851423 24.808779
19.328268 -11.900573 24.790497
17.91065 -11.642629 24.95993
19.479548 -11.954701 24.772417
19.628975 -12.013751 24.75456
19.776392 -12.077659 24.736944
19.921637 -12.146355 24.719587
20.064558 -12.219767 24.702509
20.205 -12.297815 24.685726
20.47785 -12.467484 24.653124
20.342813 -12.380417 24.66926
20.739019 -12.654635 24.62192
20.864872 -12.754519 24.606884
20.609966 -12.558923 24.637339
22.222342 -14.523608 24.444752
21.221895 -13.078106 24.564232
21.545481 -13.435129 24.525578
21.333633 -13.193562 24.550882
21.441534 -13.312612 24.537994
22.002184 -14.095 24.471035
21.741077 -13.690035 24.502216
21.919582 -13.957187 24.4809
21.832516 -13.82215 24.491297
22.080233 -14.235442 24.461716
22.153645 -14.378363 24.452951
21.645365 -13.560982 24.513647
20.987389 -12.858466 24.592247
21.106438 -12.966368 24.578024
27.570786 -11.196006 14.307064
27.629614 -11.047138 14.650103
27.692846 -10.887126 14.987861
27.760414 -10.716142 15.319976
27.832247 -10.534367 15.646093
27.85256 -10.482962 15.731542
27.903028 -10.341909 15.9661
25.866655 -9.6521406 14.109843
25.916471 -9.5129156 14.403777
25.969704 -9.3641424 14.692821
26.026293 -9.2059813 14.976665
26.086184 -9.0386009 15.255005
26.144741 -8.8749437 15.507826
26.148844 -8.8621731 15.527563
26.208408 -8.6767921 15.794309
26.270754 -8.4827538 16.054689
26.335815 -8.2802649 16.308426
26.403521 -8.0695438 16.555248
26.421124 -8.01476 16.615269
26.467968 -7.8507195 16.795151
26.532686 -7.6240854 17.027716
26.599556 -7.3899169 17.252609
26.668507 -7.1484642 17.469589
26.669212 -7.1459937 17.471664
26.730869 -6.8998456 17.678806
26.79484 -6.6444612 17.879669
26.860434 -6.3825879 18.071957
26.888742 -6.2695756 18.149315
27.975622 -10.139027 16.279518
28.051857 -9.9259644 16.58593
28.131653 -9.7029524 16.885004
28.180641 -9.5660381 17.05645
28.211443 -9.4701719 17.176579
28.289305 -9.2278414 17.460424
28.370127 -8.9763031 17.736012
28.453819 -8.7158251 18.003048
28.478544 -8.6388721 18.076874
26.922253 -6.1144171 18.255703
26.981466 -5.8402581 18.430656
28.533457 -8.4465761 18.261553
28.612751 -8.1689053 18.511078
28.694351 -7.8831544 18.751236
28.745953 -7.7024546 18.893158
28.774229 -7.5895662 18.981947
27.041895 -5.5604658 18.596453
27.079481 -5.3864436 18.69195
27.099709 -5.27528 18.753088
27.152533 -4.9849677 18.900494
27.206215 -4.6899362 19.03825
28.849665 -7.2884116 19.203077
28.926889 -6.9801154 19.414112
28.982578 -6.7577896 19.555723
29.002628 -6.6649566 19.614965
29.072123 -6.3431964 19.805632
29.142941 -6.0153031 19.985567
29.188169 -5.8058882 20.091637
29.210793 -5.68156 20.154764
29.272528 -5.3422732 20.313183
29.335184 -4.9979234 20.460337
29.362505 -4.8477693 20.518724
29.392025 -4.6487694 20.596361
47.997326 -11.046121 14.414025
48.015011 -10.863462 14.742567
48.032597 -10.670138 15.064954
48.05006 -10.466356 15.380841
48.067387 -10.252334 15.689889
48.017921 -9.3962154 14.273181
48.033108 -9.2190132 14.547865
48.048176 -9.0329075 14.816603
48.063103 -8.8380957 15.079105
48.084553 -10.0283 15.991768
48.077877 -8.6347866 15.335093
48.092487 -8.4231997 15.584292
48.106907 -8.2035599 15.826434
48.121124 -7.9761024 16.06126
48.101543 -9.7944956 16.286154
48.118343 -9.5511703 16.572733
48.134926 -9.298584 16.851196
48.151279 -9.0370083 17.121246
48.135136 -7.7410717 16.288521
48.148911 -7.4987192 16.507969
48.167389 -8.7667236 17.382595
48.183231 -8.488018 17.634962
48.198792 -8.20119 17.878077
48.214054 -7.9065485 18.111677
48.162441 -7.2493043 16.719374
48.175713 -6.993094 16.922504
48.188709 -6.7303624 17.117147
48.20142 -6.4613914 17.303093
48.213825 -6.1864686 17.480141
48.225922 -5.9058886 17.648102
48.23769 -5.6199517 17.806797
48.249119 -5.3289647 17.956057
48.260189 -5.0332379 18.09572
48.270901 -4.7330894 18.225637
48.229 -7.6044073 18.335518
48.243618 -7.2950907 18.549355
48.257885 -6.9789295 18.752958
48.271793 -6.6562624 18.946115
48.285328 -6.3274355 19.128614
48.29847 -5.9927998 19.300262
48.311203 -5.6527143 19.460875
48.323521 -5.3075433 19.610281
48.335403 -4.9576564 19.748318
48.346844 -4.6034279 19.87484
24.190317 -17.334536 24.209721
24.744535 -16.53377 24.143412
25.272257 -15.7153 24.080271
24.349846 -13.015264 24.190331
25.772917 -14.88 24.020363
26.690933 -13.162512 23.9105
26.245977 -14.028767 23.963753
24.762657 -12.211591 24.140924
25.148951 -11.394841 24.094687
25.508314 -10.565889 24.05167
27.107307 -12.282161 23.860662
27.494656 -11.388659 23.814295
27.85256 -10.482962 23.771446
25.840363 -9.7256241 24.011917
26.144741 -8.8749437 23.97547
26.421124 -8.01476 23.942368
26.669212 -7.1459937 23.912647
26.888742 -6.2695756 23.886339
28.180641 -9.5660381 23.732161
28.478544 -8.6388721 23.696482
28.745953 -7.7024546 23.664448
27.079481 -5.3864436 23.863474
28.982578 -6.7577896 23.636091
29.188169 -5.8058882 23.611444
29.362505 -4.8477693 23.590534
0 0 2.5899999
-0.34903377 11.830424 2.0475576
-0.023002479 11.813717 2.0700729
0.30212611 11.797201 2.1032567
0.6260038 11.780896 2.1470733
0.94828379 11.76482 2.2014759
1.268621 11.748988 2.2664061
1.5866724 11.733419 2.3417945
1.9020975 11.718128 2.4275603
2.2145584 11.703134 2.5236118
2.4077609 11.693956 2.5899999
2.6759667 14.605608 2.5899999
23.4021 -3.4844773 -1.0280633
23.403957 -3.1194506 -1.1195431
23.400139 -4.204596 -0.80956894
23.400827 -3.8463218 -0.92470169
23.406395 -2.751632 -1.1990432
23.409414 -2.3814158 -1.2664783
23.413008 -2.0091984 -1.3217763
23.417173 -1.6353782 -1.3648779
23.421907 -1.2603557 -1.3957371
23.427202 -0.88453233 -1.4143207
23.433056 -0.50831062 -1.4206089
23.439459 -0.13209333 -1.4145949
23.446407 0.2437166 -1.3962852
23.453892 0.61871672 -1.3656993
23.461903 0.99250555 -1.3228701
19.477745 -3.0316789 0.59810066
19.479359 -2.7142642 0.51855302
19.487228 -1.7488277 0.34269816
19.48148 -2.3944221 0.44942257
19.484104 -2.072495 0.39078334
19.476372 -4.2703118 1.0185943
19.475952 -3.9659743 0.89833981
19.47604 -3.6578693 0.78809577
19.476639 -3.3463261 0.68798035
19.490852 -1.4237666 0.30521846
19.494968 -1.0976601 0.27838442
19.499573 -0.77085716 0.26222473
19.504663 -0.44370779 0.25675675
19.510231 -0.11656235 0.26198632
19.516273 0.21022889 0.27790779
19.522781 0.53631598 0.30450419
19.529747 0.8613497 0.34174696
23.470436 1.3646828 -1.2678434
23.479479 1.7348498 -1.2006781
23.489021 2.1026103 -1.1214461
23.499056 2.4675705 -1.0302323
23.509571 2.8293397 -0.92713439
23.520554 3.1875303 -0.81226271
23.531994 3.5417588 -0.68574035
23.543879 3.8916459 -0.54770267
19.537167 1.1849821 0.38959628
19.545031 1.5068665 0.44800091
19.553329 1.8266582 0.51689827
19.562054 2.1440151 0.59621459
19.571198 2.4585969 0.68586498
19.580748 2.770067 0.78575337
19.590696 3.0780916 0.89577287
19.60103 3.3823414 1.0158056
19.61174 3.6824901 1.1457231
19.622814 3.9782164 1.2853862
19.634241 4.2692037 1.4346453
19.646008 4.5551405 1.5933406
23.556194 4.2368169 -0.39829758
23.568932 4.5769024 -0.23768501
23.582071 4.9115376 -0.066036992
23.586967 5.0305228 0
19.658102 4.8357205 1.7613024
19.670511 5.1106429 1.9383504
19.683222 5.3796144 2.1242955
19.696218 5.6423454 2.318938
19.70949 5.8985562 2.5220699
19.713839 5.9787002 2.5899999
22.927904 6.0957131 2.5899999
23.910961 13.805 2.5899999
23.446472 14.579953 2.5899999
21.342819 17.515598 2.5899999
21.904486 16.807903 2.5899999
22.956877 15.339294 2.5899999
22.442698 16.082209 2.5899999
5.3323627 29.27433 1.5806695
5.8058882 29.188169 0
6.7577896 28.982578 0
7.7024546 28.745953 0
8.6388721 28.478544 0
9.5660381 28.180641 0
10.482962 27.85256 0
11.388659 27.494656 0
3.425879 23.105913 2.5899999
3.7861266 27.346752 2.5899999
3.9482598 27.322701 2.6584582
4.4975438 27.241222 2.5899999
5.3864436 27.079481 2.5899999
4.2439785 27.278835 2.7949276
4.4975438 27.241222 2.9221983
4.5350499 27.234398 2.9410734
4.8207951 27.182405 3.0968351
5.1013489 27.131355 3.2619309
5.3764105 27.081306 3.4361837
5.3864436 27.079481 3.4430106
8.01476 26.421124 2.5899999
6.2695756 26.888742 2.5899999
5.6609697 29.214539 1.7597955
5.8058882 29.188169 1.8450749
5.983294 29.149853 1.9497372
6.2990599 29.081654 2.1502731
6.6081829 29.014891 2.3611221
6.9100609 28.944437 2.5821292
6.7577896 28.982578 2.4705169
7.1459937 26.669212 2.5899999
5.6452308 27.023588 3.6195259
7.2043886 28.870712 2.8130534
7.491117 28.798889 3.0535772
7.7024546 28.745953 3.2429676
7.7698169 28.726717 3.3034754
8.0399456 28.649576 3.5625441
8.8749437 26.144741 2.5899999
9.7256241 25.840363 2.5899999
10.565889 25.508314 2.5899999
11.394841 25.148951 2.5899999
5.907969 26.966843 3.8116443
6.1643624 26.911467 4.0123286
6.2695756 26.888742 4.1003819
6.4138784 26.852596 4.2214308
6.656332 26.791866 4.4387059
6.8916512 26.732922 4.6638722
8.3015947 28.57486 3.8304067
8.5544844 28.502642 4.1067758
7.1195831 26.675827 4.896688
7.1459937 26.669212 4.9254861
7.3395343 26.613943 5.1369967
7.5515862 26.553391 5.3844571
7.7555575 26.495142 5.638793
8.6388721 28.478544 4.205255
8.7980509 28.427399 4.3914323
9.0321884 28.352169 4.6840305
9.2567997 28.280001 4.9842172
9.4716454 28.21097 5.2916708
9.5660381 28.180641 5.4365382
9.6762886 28.141193 5.6061153
1.8222745e-15 29.76 0
-0.46494642 29.752392 0.30157802
-0.08795429 29.75856 0.29019699
1.8222745e-15 29.76 0.29041466
0.28870398 29.755276 0.29125959
0.66496855 29.749119 0.3046748
0.97371989 29.744066 0
1.9463972 29.696281 0
0.97371989 29.744066 0.32581142
1.0404725 29.740788 0.33041885
1.4144028 29.722416 0.36857167
1.7868857 29.704117 0.41895464
1.9463972 29.696281 0.4458783
2.157162 29.678999 0.48160815
2.91699 29.616697 0
3.8844595 29.5054 0
2.5249259 29.648846 0.55644113
4.8477693 29.362505 0
2.8900571 29.618906 0.64330214
2.91699 29.616697 0.6506505
3.2515891 29.578205 0.74224865
3.6096694 29.537012 0.85303485
3.8844595 29.5054 0.94804299
3.9638228 29.493628 0.97556603
4.3133407 29.44178 1.1097972
4.6583228 29.390608 1.2554607
4.8477693 29.362505 1.3428872
4.9981375 29.335144 1.4124691
-0.31437683 39.843922 0.18733533
0.060692087 39.824028 0.1640079
0.43633121 39.804272 0.15298097
0.81213832 39.784679 0.15426636
1.1877109 39.765263 0.16786267
1.5626469 39.746048 0.19375536
1.9365448 39.727055 0.2319167
2.3090041 39.708305 0.28230581
2.6796262 39.689816 0.34486878
3.0480139 39.671612 0.41953856
3.4137731 39.653706 0.50623518
3.7765117 39.636124 0.60486591
4.1358418 39.618877 0.715325
4.4913783 39.60199 0.83749425
4.8427401 39.58548 0.97124285
5.1895518 39.569363 1.1164275
5.5314417 39.553658 1.2728928
5.8680429 39.53838 1.4404712
6.1989965 39.523544 1.6189831
-0.19599943 39.858166 1.6825892
0.1301475 39.84087 1.6623043
-0.52130109 39.875568 1.7135482
0.45679012 39.823689 1.6527158
0.78357899 39.806652 1.6538334
0.78357905 39.806652 1.6538334
1.1101639 39.789768 1.6656563
1.4361953 39.77306 1.6881716
1.7613237 39.756542 1.7213556
2.0852015 39.740242 1.7651722
2.4074814 39.724163 1.8195746
2.7278187 39.708332 1.8845049
3.0458701 39.69276 1.9598933
3.3612952 39.677475 2.0456593
3.6737556 39.662476 2.1417105
3.982918 39.647793 2.2479448
4.2884502 39.633434 2.3642478
4.5900254 39.619419 2.4904954
4.887321 39.605762 2.6265521
5.1800179 39.59248 2.7722726
5.4678035 39.579578 2.9275002
6.5239468 39.509171 1.8082377
6.8425465 39.49527 2.0080318
7.1544538 39.481865 2.218152
7.4593353 39.46896 2.4383731
7.7568645 39.456573 2.6684594
5.7503691 39.567081 3.0920694
6.0274119 39.554993 3.2658036
6.298636 39.543335 3.4485168
6.5637503 39.532112 3.6400135
8.0467224 39.444721 2.908164
8.328599 39.433411 3.1572309
8.6021929 39.422661 3.4153929
8.8672104 39.412476 3.6823738
6.8224716 39.521343 3.8400884
7.074522 39.511036 4.0485268
7.3196321 39.501202 4.2651067
7.5575395 39.491856 4.4895954
7.7879891 39.482998 4.7217526
8.0107346 39.474644 4.9613299
8.2255363 39.466805 5.2080708
8.4321671 39.459484 5.4617105
9.1233673 39.40287 3.9578876
9.3703899 39.393852 4.2416396
9.6080141 39.385437 4.5333252
9.8359842 39.377625 4.832633
10.054057 39.370434 5.1392417
8.6304016 39.45269 5.7219782
10.262 39.363865 5.4528232
10.459588 39.357925 5.7730422
14.028767 26.245977 0
12.282161 27.107307 0
13.162512 26.690933 0
14.88 25.772917 0
15.7153 25.272257 0
16.53377 24.744535 0
17.334536 24.190317 0
18.116739 23.610195 0
18.879543 23.004791 0
20.343706 21.720755 0
19.622131 22.374752 0
22.374752 19.622131 0
21.720755 20.343706 0
23.004791 18.879543 0
23.610195 18.116739 0
21.043497 21.043497 0
14.579953 23.446472 2.5899999
15.339294 22.956877 2.5899999
16.082209 22.442698 2.5899999
16.807903 21.904486 2.5899999
17.515598 21.342819 2.5899999
12.211591 24.762657 2.5899999
13.015264 24.349846 2.5899999
13.805 23.910961 2.5899999
18.204538 20.758297 2.5899999
18.873983 20.151546 2.5899999
20.758297 18.204538 2.5899999
20.151546 18.873983 2.5899999
19.523218 19.523218 2.5899999
7.9512315 26.439264 5.8997307
8.01476 26.421124 5.9904456
8.1381702 26.381472 6.1670513
8.3163004 26.324236 6.4404349
8.485548 26.269855 6.7195578
8.6457319 26.218388 7.0041223
8.7966795 26.169888 7.2938232
8.9381123 26.122139 7.5883808
8.8749437 26.144741 7.4566679
9.8705597 28.071682 5.9272027
10.054426 28.005892 6.2545419
10.227692 27.943897 6.5877824
10.39017 27.885761 6.926568
10.482962 27.85256 7.1372166
10.541577 27.829397 7.270565
10.681704 27.774023 7.6194162
9.0698671 26.074997 7.8874826
9.1919498 26.031315 8.1907711
9.3042307 25.99114 8.4979191
9.4065876 25.954515 8.8086004
9.4989128 25.921482 9.1224804
9.5811062 25.892073 9.4392242
9.65308 25.86632 9.7584915
10.81058 27.723095 7.9727015
10.928066 27.676668 8.3300438
11.034036 27.634792 8.6910582
11.128378 27.597511 9.0553617
11.210989 27.564865 9.4225607
11.281783 27.53689 9.792263
9.714757 25.844252 10.079941
9.7256241 25.840363 10.148406
9.7659941 25.824409 10.40325
9.8068132 25.808279 10.728049
9.8371906 25.796274 11.053988
9.8570948 25.78841 11.380716
9.8665028 25.784691 11.707885
11.340682 27.513615 10.164074
11.387624 27.495064 10.537594
11.388659 27.494656 10.548695
11.422492 27.479988 10.91244
11.445336 27.470085 11.28819
11.456135 27.465403 11.664439
9.865406 25.785126 12.035143
9.8538055 25.789709 12.36214
9.8317127 25.798439 12.688526
9.7991524 25.811306 13.013952
9.7256241 25.840363 13.522521
9.7561588 25.828297 13.338068
9.702734 25.848553 13.660541
9.6389017 25.871393 13.981031
11.454876 27.46595 12.040785
11.441562 27.471722 12.416825
11.416204 27.482714 12.792156
11.388659 27.494656 13.067991
11.378814 27.498547 13.166382
11.329371 27.518084 13.539116
11.267983 27.542343 13.909945
8.8200312 39.446438 5.9885945
9.0008497 39.440727 6.2612743
9.1726656 39.435562 6.5397253
9.3352947 39.43095 6.8236494
10.646612 39.352623 6.099555
10.82287 39.347965 6.4320126
10.988173 39.343956 6.7700586
9.4885626 39.426903 7.1127434
9.6323051 39.423416 7.4066963
9.7663679 39.420494 7.7051945
11.142346 39.340599 7.1133318
11.285222 39.337898 7.4614635
11.41665 39.335854 7.8140812
9.8906088 39.418148 8.0079174
10.004892 39.41637 8.3145418
10.109098 39.415169 8.6247387
11.536487 39.334473 8.1708078
11.644605 39.333755 8.5312605
10.203115 39.414543 8.9381762
10.28684 39.414494 9.2545185
10.360186 39.415024 9.5734272
10.423073 39.416126 9.8945608
10.475433 39.417805 10.217575
10.517211 39.420059 10.542124
10.548363 39.422886 10.86786
10.568854 39.426273 11.194434
10.578663 39.430229 11.521499
10.57778 39.434746 11.848701
10.566204 39.439816 12.175691
10.543949 39.445438 12.50212
10.511039 39.451599 12.827637
10.467508 39.458302 13.151894
10.413404 39.465534 13.474544
10.348783 39.473286 13.795241
11.74089 39.333698 8.8950548
11.825236 39.334305 9.2617998
11.897556 39.335575 9.6311026
11.95777 39.337505 10.002569
12.005816 39.340096 10.3758
12.04164 39.343346 10.750397
12.065205 39.347244 11.125957
12.076486 39.351791 11.502081
12.075469 39.356987 11.878364
12.062158 39.362816 12.254403
12.036564 39.369282 12.629796
11.998717 39.376369 13.004141
11.948657 39.384075 13.377036
11.886437 39.392391 13.748083
26.197119 5.1979451 0
29.266237 5.3768439 0
29.24909 5.4710736 0.057150129
29.188169 5.8058882 0
29.191349 5.7884092 0.26397914
29.188169 5.8058882 0.27619681
29.124853 6.0990486 0.48144716
29.059313 6.4025021 0.70888931
28.995398 6.6984348 0.94603568
26.888742 6.2695756 2.5899999
26.897963 6.2268867 2.5899999
26.887703 6.2737222 2.6327965
26.888742 6.2695756 2.6290035
26.828533 6.5099463 2.863332
26.771267 6.7385688 3.1013591
28.478544 8.6388721 0
28.180641 9.5660381 0
28.982578 6.7577896 0
28.745953 7.7024546 0
28.982578 6.7577896 0.99684036
28.925249 6.98666 1.192987
28.855085 7.266768 1.4492037
27.85256 10.482962 0
27.494656 11.388659 0
27.107307 12.282161 0
26.690933 13.162512 0
25.772917 14.88 0
26.245977 14.028767 0
25.272257 15.7153 0
24.744535 16.53377 0
24.190317 17.334536 0
26.669212 7.1459937 2.5899999
26.421124 8.01476 2.5899999
26.144741 8.8749437 2.5899999
26.715965 6.9593453 3.3466225
26.669212 7.1459937 3.5679715
26.66177 7.1720548 3.598901
25.148951 11.394841 2.5899999
24.762657 12.211591 2.5899999
25.840363 9.7256241 2.5899999
25.508314 10.565889 2.5899999
28.787039 7.5384254 1.7143196
28.745953 7.7024546 1.8850958
28.717697 7.8013983 1.9882066
28.645153 8.0554371 2.2706602
28.575264 8.3001766 2.5611193
28.508106 8.5353537 2.8592727
28.478544 8.6388721 2.9996147
28.439373 8.760788 3.1649971
28.370152 8.976222 3.4779196
26.603373 7.3765564 3.858165
26.547411 7.5725245 4.1238418
26.493946 7.7597485 4.3956475
26.443035 7.9380279 4.6732903
26.421124 8.01476 4.8017554
26.391413 8.1072273 4.9566221
26.340029 8.267148 5.2452998
26.291697 8.4175777 5.5388899
28.304239 9.1813631 3.797539
28.241703 9.3759937 4.1235127
28.182611 9.5599041 4.455492
28.180641 9.5660381 4.4674644
28.120903 9.7329969 4.793395
28.062943 9.8949852 5.1365781
28.009018 10.045691 5.4846635
24.349846 13.015264 2.5899999
47.373634 -4.2372179 -1.9978985
47.374908 -3.8753734 -2.1012599
47.379204 -3.1425281 -2.2722399
47.376762 -3.5103467 -2.1927397
47.382221 -2.7723119 -2.3396749
47.385815 -2.4000945 -2.394973
47.38998 -2.0262744 -2.4380746
47.444317 -4.1139145 -0.46396711
47.447632 -3.1703098 -0.73350978
47.444912 -3.8023717 -0.5640825
47.446022 -3.4877243 -0.65396219
47.459126 -1.879812 -0.94684434
47.449757 -2.8504677 -0.80264032
47.452381 -2.5285406 -0.86127955
47.455505 -2.2048731 -0.90936476
47.394714 -1.6512518 -2.4689338
47.400009 -1.2754284 -2.4875174
47.405861 -0.89920664 -2.4938056
47.412266 -0.52298939 -2.4877915
47.419212 -0.14717945 -2.4694819
47.426697 0.22782069 -2.4388959
47.434711 0.60160947 -2.3960669
47.443241 0.97378671 -2.3410401
47.463242 -1.5537055 -0.97367841
47.467846 -1.2269025 -0.98983806
47.472935 -0.89975315 -0.99530607
47.478504 -0.5726077 -0.99007654
47.484547 -0.24581647 -0.97415495
47.491055 0.080270603 -0.94755858
47.498024 0.40530428 -0.91031593
47.50544 0.72893673 -0.86246651
47.513306 1.0508211 -0.80406207
47.444225 -4.4220195 -0.35372299
47.452286 1.3439537 -2.2738748
47.461826 1.7117144 -2.1946428
47.471863 2.0766745 -2.1034291
47.482376 2.4384437 -2.0003312
47.493359 2.7966342 -1.8854594
47.504799 3.1508627 -1.758937
47.516685 3.5007498 -1.6208993
47.529003 3.8459208 -1.4714943
47.521603 1.3706129 -0.73516446
47.530327 1.6879697 -0.65584826
47.539471 2.0025513 -0.56619781
47.549019 2.3140216 -0.46630934
47.541737 4.1860061 -1.3108817
47.554878 4.5206418 -1.1392337
47.568409 4.8494687 -0.956734
47.582317 5.1721358 -0.76357812
47.596588 5.488297 -0.55997282
47.558968 2.6220462 -0.35628998
47.569305 2.9262958 -0.23625733
47.580017 3.2264445 -0.10633982
47.591087 3.5221708 0.03332334
47.602516 3.8131583 0.18258254
47.614281 4.0990953 0.34127787
47.626377 4.3796754 0.50923961
47.611206 5.7976136 -0.34613612
47.626152 6.0997548 -0.12229705
47.641415 6.3943968 0.11130472
47.656975 6.6812239 0.35441905
47.638786 4.6545978 0.6862877
47.651497 4.9235692 0.87223244
47.664494 5.1863003 1.0668752
47.677765 5.4425106 1.2700073
47.691296 5.691926 1.481411
47.70507 5.9342785 1.7008601
47.719078 6.1693091 1.9281199
47.733299 6.3967662 2.1629462
47.747719 6.616406 2.4050884
47.672817 6.9599295 0.6067856
47.688923 7.2302151 0.86813414
47.70528 7.4917903 1.1381848
47.721863 7.7443762 1.4166484
47.738659 7.9877019 1.7032267
47.762325 6.8279934 2.6542873
47.75565 8.2215061 1.997613
47.77282 8.4455404 2.2994919
47.790142 8.6595631 2.6085401
47.7771 7.031302 2.9102752
47.79203 7.2261138 3.1727786
47.807095 7.4122205 3.4415164
47.822281 7.5894222 3.7162001
47.80761 8.8633451 2.9244268
47.825191 9.0566683 3.2468135
47.84288 9.2393265 3.5753555
47.83757 7.7575297 3.9965367
47.837627 7.7580948 3.9975533
47.852951 7.9163632 4.2822256
47.868404 8.065752 4.5729604
47.860649 9.4111242 3.9097006
47.883907 8.2055368 4.8684301
47.899456 8.3355665 5.1683183
47.915024 8.4557037 5.4723039
47.930595 8.5658188 5.7800612
47.878479 9.5718765 4.2494907
47.896358 9.7214117 4.5943623
47.914261 9.8595686 4.9439454
47.932171 9.9862013 5.2978668
47.950066 10.101172 5.6557465
26.204382 8.6893225 6.1395469
26.246464 8.5583525 5.8370786
26.165497 8.8103476 6.4459701
26.144741 8.8749437 6.6264853
26.128145 8.9213257 6.7560968
26.092072 9.0221424 7.0696082
26.059687 9.1126528 7.3860621
26.031025 9.1927586 7.7051201
27.95919 10.184953 5.8372793
27.913509 10.312622 6.194047
27.872025 10.428562 6.554585
27.85256 10.482962 6.7447863
27.832914 10.532679 6.918591
27.796488 10.624855 7.2856627
27.764832 10.704962 7.6553154
26.006117 9.262373 8.0264397
25.984987 9.3214235 8.349678
25.967663 9.3698454 8.6744881
25.954157 9.407588 9.0005226
25.944489 9.4346094 9.3274326
25.938667 9.4508829 9.6548662
27.73798 10.772912 8.027154
27.715961 10.828631 8.4007788
27.698799 10.872062 8.7757912
27.686512 10.903156 9.1517897
27.679111 10.921882 9.5283699
27.676607 10.928218 9.9051313
25.936697 9.4563885 9.9824753
25.938581 9.4511232 10.309907
25.944317 9.4350901 10.636812
25.953901 9.4083071 10.96284
25.967319 9.3708038 11.287642
25.98456 9.3226185 11.610869
26.005604 9.2638044 11.932177
27.679003 10.922157 10.281668
27.686293 10.903708 10.657578
27.698473 10.87289 11.032458
27.715527 10.829734 11.405907
27.737436 10.774287 11.777526
26.03043 9.1944237 12.25122
26.059008 9.1145515 12.567657
26.091311 9.0242729 12.88115
26.164665 8.8129311 13.498063
26.127302 8.9236841 13.191362
26.144741 8.8749437 13.326246
26.20348 8.6921291 13.80092
27.764181 10.70661 12.146915
27.795731 10.626773 12.513681
27.83205 10.534863 12.877429
27.85256 10.482962 13.057461
27.871149 10.431011 13.237858
27.958126 10.187925 13.947191
27.912539 10.315334 13.594602
47.946156 8.6657944 6.0912609
47.961693 8.7555227 6.4055696
47.97718 8.8349085 6.722651
47.992607 8.9038649 7.0421653
48.007957 8.9623203 7.3637705
48.023212 9.0102119 7.6871219
47.96793 10.20436 6.0172014
47.985741 10.295653 6.381845
48.003483 10.374954 6.7492862
48.021137 10.442178 7.119132
48.038681 10.497252 7.4909863
48.056099 10.540119 7.8644509
48.038361 9.0474873 8.0118732
48.053379 9.0741062 8.337678
48.068256 9.0900421 8.6641855
48.082977 9.0952759 8.9910469
48.097519 9.0898037 9.3179121
48.111874 9.0736303 9.6444321
48.073372 10.570732 8.2391253
48.090481 10.589058 8.6146097
48.107407 10.595077 8.9905005
48.12413 10.588783 9.366396
48.14064 10.570184 9.7418928
48.126022 9.046773 9.9702549
48.13995 9.0092602 10.295034
48.153641 8.961134 10.618421
48.167084 8.9024439 10.940068
48.18026 8.8332529 11.259633
48.193161 8.7536364 11.576773
48.205769 8.6636791 11.891147
48.15691 10.539298 10.11659
48.172928 10.496159 10.490086
48.188671 10.440813 10.86198
48.204132 10.37332 11.231875
48.234119 10.202191 11.964085
48.219284 10.293751 11.599375
48.218067 8.5634766 12.202419
48.230049 8.4531374 12.510257
48.241699 8.332778 12.81433
48.263954 8.0625286 13.409885
48.274536 7.9129281 13.700729
48.284737 7.7538862 13.986533
48.253006 8.202529 13.114313
48.315533 9.4074173 14.072165
48.248619 10.098741 12.325615
48.262764 9.9835072 12.683578
48.276543 9.856617 13.037592
48.28994 9.7182045 13.387277
48.30294 9.5684175 13.732257
23.910961 13.805 24.240791
23.446472 14.579953 24.296255
22.956877 15.339294 24.354721
22.442698 16.082209 24.416128
21.342819 17.515598 24.547495
21.904486 16.807903 24.48041
9.5647879 25.897911 14.299183
9.4804716 25.92808 14.614655
9.3860435 25.961866 14.927109
9.2816057 25.999235 15.23621
9.1672688 26.040146 15.541628
9.0431547 26.084555 15.843035
8.9093981 26.132414 16.140108
11.194716 27.571297 14.278473
11.109648 27.604912 14.644305
11.01287 27.643156 15.00705
10.904486 27.685986 15.366317
10.784611 27.733356 15.721723
10.653375 27.785217 16.072887
8.4509573 26.280972 17.002382
8.2798395 26.335951 17.279078
8.0998783 26.393774 17.549906
8.01476 26.421124 17.66935
7.9110761 26.450731 17.814629
7.7136526 26.507109 18.072956
8.8749437 26.144741 16.210438
8.7659369 26.179766 16.432585
8.6130476 26.228889 16.720118
10.510917 27.841513 16.419436
10.482962 27.85256 16.481627
10.35715 27.897577 16.761055
10.192404 27.956524 17.097342
10.01691 28.019316 17.427917
9.8308544 28.085888 17.752432
9.6344376 28.156168 18.070534
9.5660381 28.180641 18.17363
5.3194542 27.091671 20.246517
5.3864436 27.079481 20.201839
-0.57700425 27.600557 21.807196
-0.24925829 27.605921 21.818716
1.6906249e-15 27.610001 21.819332
0.078565449 27.608715 21.819563
0.40582532 27.603359 21.809813
0.7325958 27.598011 21.789364
0.9033739 27.595217 21.773056
1.0582628 27.587608 21.758308
1.3824525 27.571682 21.716688
2.3435221 27.506792 21.528708
2.0255108 27.532867 21.601803
1.8057804 27.550884 21.64477
1.7051089 27.55583 21.664467
3.8859739 27.33194 21.009867
3.5851073 27.375946 21.133686
3.6038282 27.373793 21.125986
3.2798698 27.41106 21.247658
4.761559 27.193184 20.580063
4.4747286 27.244606 20.732849
4.4975438 27.241222 20.720707
5.0432215 27.141933 20.417896
4.1826096 27.287939 20.876209
2.6589746 27.480927 21.445213
2.7062533 27.477051 21.431025
2.9710758 27.446585 21.35153
5.2630386 29.286943 22.041201
6.6062956 26.804399 19.258884
6.8431253 26.745077 19.036627
7.5079761 26.565844 18.32457
7.2942662 26.626871 18.569202
7.1459937 26.669212 18.728102
7.0726204 26.687592 18.806627
6.2695756 26.888742 19.549444
6.1113729 26.922911 19.679312
6.3623848 26.865496 19.473166
5.853632 26.978579 19.877073
5.5896044 27.035603 20.0662
8.5024252 28.517509 19.553812
8.2476854 28.590254 19.826811
7.984242 28.665483 20.091185
9.2107058 28.294811 18.686327
9.4276104 28.225119 18.381954
8.9840851 28.367626 18.983294
8.7479916 28.443483 19.272537
8.6388721 28.478544 19.397623
6.8476844 28.96006 21.057344
6.5442123 29.028708 21.274797
6.7577896 28.982578 21.121809
7.7123795 28.743118 20.346655
7.7024546 28.745953 20.355385
7.4318995 28.813723 20.593071
7.143559 28.885948 20.830055
6.233675 29.095776 21.482126
5.9165649 29.164265 21.679068
5.8058882 29.188169 21.742849
5.5928478 29.226933 21.865505
10.092577 39.499588 14.742194
9.9866972 39.509346 15.051673
10.273717 39.481552 14.113642
10.188285 39.490326 14.429406
11.62755 39.420902 14.846175
9.870759 39.519573 15.35751
9.7448874 39.530266 15.659377
9.6092129 39.541409 15.956953
11.517487 39.431557 15.205882
11.395725 39.442776 15.561782
11.262396 39.454536 15.913494
8.5982275 39.617092 17.634787
8.398591 39.631046 17.893694
8.1905947 39.645348 18.145914
9.3090591 39.56501 16.537956
9.4638853 39.552994 16.249918
9.1449003 39.577442 16.820765
8.9715824 39.590275 17.098034
11.117641 39.466835 16.260643
10.961617 39.479649 16.602854
10.794491 39.492973 16.939762
8.7892933 39.603497 17.369473
10.616441 39.50679 17.271009
10.427657 39.521088 17.596237
10.228342 39.535843 17.915098
4.5866938 29.401232 22.359579
4.9276857 29.347963 22.205912
4.8477693 29.362505 22.241945
-0.57495654 40.149738 21.58054
-0.24982812 40.133221 21.613724
0.076203182 40.116512 21.636238
0.40278804 40.099628 21.648062
0.72957659 40.082588 21.649179
1.0562197 40.065411 21.639591
1.3823663 40.048115 21.619307
1.7076683 40.030712 21.588346
2.0317764 40.013226 21.546747
2.3543444 39.995678 21.494549
3.3093617 39.942841 21.274994
3.6223357 39.925224 21.181082
3.9320657 39.907635 21.076963
5.4205942 39.820808 20.407579
5.1319757 39.837963 20.560835
4.8384972 39.855244 20.70455
4.2382207 39.890099 20.962753
4.540472 39.872627 20.838572
2.6750267 39.978088 21.431812
2.9934793 39.960468 21.358601
5.4752941 39.840557 22.062592
5.1325655 39.86055 22.216715
4.784976 39.880642 22.359524
7.7504287 39.674919 18.62923
7.9744639 39.659977 18.391182
7.5187292 39.690163 18.859808
7.279614 39.705685 19.082664
7.0333385 39.721474 19.297564
6.7801666 39.737511 19.504274
6.5203695 39.753777 19.702576
6.2542257 39.77026 19.892256
5.7040434 39.803791 20.244946
5.9820199 39.786934 20.073111
8.5575609 39.650715 19.941135
8.2825785 39.668568 20.197422
10.01871 39.551048 18.227251
9.7989845 39.566685 18.532362
9.3302069 39.599178 19.120159
9.5694017 39.582733 18.830105
9.0816555 39.616001 19.402216
8.8240156 39.633186 19.675974
7.7082138 39.705166 20.682274
7.9993615 39.686726 20.444555
7.4094477 39.723873 20.91032
7.1033821 39.742828 21.128452
6.1447058 39.800957 21.721073
6.4706726 39.781387 21.534046
6.7903452 39.762005 21.336433
5.8127947 39.820686 21.897318
11.812124 39.401306 14.116885
11.725798 39.410812 14.483047
5.3864436 27.079481 26.454115
8.01476 26.421124 26.13999
6.2695756 26.888742 26.348564
5.8058882 29.188169 26.40382
6.7577896 28.982578 26.290051
7.1459937 26.669212 26.24382
7.7024546 28.745953 26.177149
9.7256241 25.840363 25.935526
8.8749437 26.144741 26.037189
10.565889 25.508314 25.835112
11.394841 25.148951 25.73605
9.5660381 28.180641 25.954428
8.6388721 28.478544 26.065233
10.482962 27.85256 25.844849
11.388659 27.494656 25.736614
0.9033739 27.595217 26.989958
1.690625e-15 27.610001 27.09794
1.8057804 27.550884 26.882092
2.7062533 27.477051 26.77446
3.6038282 27.373793 26.667177
4.4975438 27.241222 26.560358
-0.54359329 29.751104 23.275949
-0.16668543 29.757273 23.289196
1.8222745e-15 29.76 23.28961
0.21010727 29.756561 23.290224
0.58645588 29.750404 23.279013
0.96224219 29.744253 23.255497
0.97371989 29.744066 23.2544
1.3364438 29.726246 23.219866
1.9463972 29.696281 23.133621
2.0800881 29.68532 23.112007
2.4483523 29.655123 23.039995
1.7092619 29.707932 23.172001
3.1763904 29.586857 22.860033
3.5352135 29.545576 22.752321
3.8903165 29.50453 22.632872
3.8844595 29.5054 22.634842
2.8140655 29.625137 22.955935
2.91699 29.616697 22.928694
4.2407341 29.452551 22.501963
-0.37627992 40.160233 23.108139
-0.0013439329 40.141018 23.134033
0.37422869 40.121601 23.147629
0.75003576 40.102005 23.148914
1.1256748 40.082253 23.137888
1.5007439 40.062359 23.114559
1.8748409 40.042347 23.078957
2.2475655 40.02224 23.031116
3.3535235 39.961567 22.814749
3.7167883 39.941296 22.718601
2.6185186 40.00206 22.97109
2.987303 39.981831 22.898941
4.0767083 39.921036 22.610601
4.432898 39.90081 22.490868
1.8222745e-15 29.76 27.09778
0.97371989 29.744066 26.981388
1.9463972 29.696281 26.865124
2.91699 29.616697 26.749109
3.8844595 29.5054 26.633472
4.8477693 29.362505 26.518335
14.579953 23.446472 25.355446
15.339294 22.956877 25.264715
16.082209 22.442698 25.175949
16.807903 21.904486 25.089245
17.515598 21.342819 25.004692
13.805 23.910961 25.448046
14.028767 26.245977 25.421124
12.211591 24.762657 25.638449
13.015264 24.349846 25.542414
12.282161 27.107307 25.629839
13.162512 26.690933 25.524637
14.88 25.772917 25.319407
15.7153 25.272257 25.219597
16.53377 24.744535 25.121801
17.334536 24.190317 25.026123
22.374752 19.622131 24.423986
23.004791 18.879543 24.34873
23.610195 18.116739 24.276421
18.204538 20.758297 24.922384
18.873983 20.151546 24.842409
20.758297 18.204538 24.617313
20.151546 18.873983 24.689791
19.523218 19.523218 24.764849
18.116739 23.610195 24.932667
18.879543 23.004791 24.84153
20.343706 21.720755 24.666609
19.622131 22.374752 24.752813
21.720755 20.343706 24.502108
21.043497 21.043497 24.58301
26.770012 6.7435765 16.786953
26.827236 6.5151262 17.019688
26.939236 6.03579 17.462278
26.993309 5.7854271 17.671686
26.886364 6.2790689 17.244757
26.888742 6.2695756 17.253227
27.101654 5.2645807 18.065409
27.048855 5.5282431 17.872738
27.079481 5.3864436 17.976231
27.241222 -4.4975438 19.120464
27.257109 -4.3904428 19.166368
27.302156 -4.0867591 19.284847
27.347761 -3.7793155 19.393269
27.373793 -3.6038282 19.448732
27.389376 -3.4683685 19.491724
27.425516 -3.154227 19.580164
27.461973 -2.8373222 19.658239
27.477051 -2.7062533 19.685995
27.492495 -2.5178928 19.726141
27.518864 -2.1963103 19.783718
27.545374 -1.8729892 19.830713
27.550884 -1.8057804 19.83824
27.563541 -1.548138 19.867455
27.579554 -1.2222059 19.893625
27.595345 -0.89557368 19.909109
27.595217 -0.9033739 19.90873
27.600698 -0.5684247 19.914349
27.606052 -0.24127965 19.908869
27.610001 0 19.896914
27.608601 0.085556835 19.892801
27.603262 0.41181761 19.86639
27.597939 0.73702443 19.829311
27.595217 0.9033739 19.804804
27.587477 1.0609133 19.781836
29.444469 -4.2952094 20.721046
29.497501 -3.9377043 20.834036
29.5054 -3.8844595 20.848955
29.540831 -3.5764704 20.935665
29.582756 -3.2120302 21.025452
29.616697 -2.91699 21.087933
29.62262 -2.844764 21.103327
29.652943 -2.4749439 21.16954
29.68343 -2.1031246 21.223583
29.696281 -1.9463972 21.241135
29.706932 -1.7295884 21.265718
29.725346 -1.3547665 21.295815
29.743799 -0.97914422 21.31361
29.744066 -0.97371989 21.313688
29.750134 -0.60292584 21.319628
29.75629 -0.22670899 21.313326
29.76 0 21.302092
29.757559 0.14918002 21.294922
29.751419 0.52437991 21.264549
29.745298 0.89836776 21.221909
29.744066 0.97371989 21.210806
27.335943 3.8589907 18.89551
27.378548 3.5624912 19.033545
27.373793 3.6038282 19.014238
27.413151 3.2616985 19.162174
27.571648 1.3831413 19.724022
27.550884 1.8057804 19.630272
27.55592 1.7032745 19.655689
27.507395 2.3361721 19.488558
27.53323 2.0210855 19.577232
27.481815 2.6481419 19.389612
27.477051 2.7062533 19.369062
27.448229 2.9567962 19.280878
27.250134 4.4374671 18.59078
27.241222 4.4975438 18.555239
27.200941 4.7189236 18.424683
27.150755 4.9947376 18.249527
27.292664 4.1507611 18.747889
28.993992 6.7049437 18.743145
29.057871 6.4091816 18.974356
29.123375 6.1058922 19.195709
29.41571 4.4890904 20.149303
29.362505 4.8477693 19.966856
29.365938 4.824626 19.979538
29.306692 5.1545067 19.799326
29.190077 5.7954059 19.40699
29.188169 5.8058882 19.399837
29.247791 5.47822 19.608419
29.729467 1.2709019 21.16748
29.711262 1.6414642 21.100996
29.661121 2.3751969 20.932451
29.696281 1.9463972 21.035908
29.691095 2.0096514 21.022507
29.616697 2.91699 20.773565
29.596058 3.0964088 20.716959
29.5054 3.8844595 20.420254
29.514881 3.8020351 20.455502
29.55522 3.4513972 20.59201
29.631411 2.7375469 20.830479
29.466293 4.1480899 20.307972
26.390236 8.1108932 14.96669
26.245491 8.5613794 14.099529
26.290653 8.4208212 14.39357
26.338919 8.2706051 14.682726
26.421124 8.01476 15.125057
26.441931 7.9418988 15.245275
26.492783 7.7638202 15.518231
26.602098 7.3810186 16.045645
26.54619 7.5767937 15.785118
28.181335 9.563879 15.308533
28.180641 9.5660381 15.304377
28.240349 9.3802109 15.63509
28.302809 9.1858168 15.955328
28.007862 10.04892 14.295249
28.061695 9.8984671 14.638402
28.119566 9.7367296 14.976282
26.660442 7.1767049 16.299534
26.669212 7.1459937 16.335205
26.714756 6.9641757 16.546799
28.437794 8.7657003 16.575472
28.368647 8.9809074 16.2689
28.478544 8.6388721 16.743944
28.506639 8.5404844 16.874872
28.573736 8.3055239 17.166845
28.643566 8.0609951 17.450872
28.745953 7.7024546 17.833094
28.716053 7.8071604 17.726648
28.785547 7.5443826 17.994131
28.853546 7.2729163 18.252958
28.923662 6.9929934 18.502691
28.982578 6.7577896 18.698944
48.337391 6.6116014 15.578814
48.344658 6.3917847 15.821115
48.351463 6.1641564 16.056107
48.39463 3.2198069 18.092712
48.395557 2.9195633 18.222849
48.393188 3.515635 17.952833
48.391247 3.8067312 17.803362
48.391247 3.8067315 17.803362
48.374012 5.1805191 16.918068
48.378448 4.9176455 17.112904
48.357811 5.9289598 16.283539
48.363686 5.6864471 16.503166
48.369091 5.4368777 16.71475
48.388794 4.0927844 17.644459
48.385845 4.373487 17.476292
48.382393 4.6485386 17.299044
48.430225 6.6749234 17.629436
48.43644 6.3879185 17.872759
48.442101 6.0931063 18.106577
48.281235 -4.4288397 18.345671
48.291183 -4.1208148 18.45569
48.300732 -3.8093452 18.555578
48.309875 -3.4947634 18.645227
48.3186 -3.1774065 18.724545
48.3269 -2.8576148 18.793442
48.334763 -2.5357301 18.851847
48.342182 -2.2120981 18.899696
48.349148 -1.8870643 18.936939
48.357826 -4.2452374 19.989712
48.368343 -3.8834682 20.09281
48.378376 -3.518508 20.184023
48.38792 -3.1507475 20.263256
48.355656 -1.5609771 18.963535
48.361702 -1.2341859 18.979456
48.367268 -0.90704042 18.984686
48.37236 -0.57989109 18.979218
48.376961 -0.25308818 18.963058
48.381081 0.073018387 18.936224
48.384701 0.3980794 18.898745
48.387825 0.7217468 18.85066
48.39045 1.0436739 18.792021
48.396961 -2.7805803 20.330421
48.405495 -2.4084032 20.385448
48.413506 -2.0346143 20.428276
48.42099 -1.6596142 20.458862
48.42794 -1.2838043 20.477173
48.434341 -0.90758699 20.483187
48.440197 -0.53136522 20.476898
48.445492 -0.15554187 20.458315
48.450226 0.21948069 20.427456
48.454391 0.59330082 20.384354
48.457985 0.9655183 20.329056
48.39257 1.363516 18.722889
48.394184 1.6809307 18.643343
48.395889 2.3071208 18.453346
48.395294 1.9955779 18.553463
48.395981 2.615226 18.343103
48.461002 1.3357345 20.261621
48.46344 1.703553 20.182121
48.466572 2.4304242 19.98728
48.465298 2.0685797 20.090641
48.467361 3.1430194 19.745365
48.465809 3.8382874 19.457417
48.466877 3.4930074 19.607073
48.467258 2.7886987 19.872147
48.461918 4.5132508 19.124664
48.459099 4.8422112 18.941925
48.455708 5.165019 18.748533
48.447201 5.7908015 18.330635
48.451736 5.481329 18.544699
48.464153 4.1784902 19.296556
48.303959 7.4081717 14.541805
48.294548 7.5855742 14.266993
48.312958 7.221869 14.810679
48.321537 7.026866 15.073324
48.327702 9.2353764 14.406634
48.350716 8.8589191 15.057837
48.339432 9.0524788 14.73531
48.329685 6.8233705 15.329461
48.361538 8.6549072 15.373873
48.371887 8.4406586 15.683077
48.381752 8.2164049 15.98512
48.391121 7.9823852 16.279676
48.399986 7.7388506 16.566431
48.416168 7.2242889 17.11532
48.40834 7.4860616 16.845079
48.423466 6.9538131 17.376867
27.241222 -4.4975438 23.844074
27.373793 -3.6038282 23.828161
27.477051 -2.7062533 23.81575
27.550884 -1.8057804 23.806858
29.5054 -3.8844595 23.573381
29.616697 -2.91699 23.560005
29.696281 -1.9463972 23.550421
27.595217 -0.9033739 23.801493
27.610001 0 23.799658
27.595217 0.9033739 23.801357
29.744066 -0.97371989 23.544636
29.76 0 23.54266
29.744066 0.97371989 23.544491
26.888742 6.2695756 23.885406
27.550884 1.8057804 23.806589
27.477051 2.7062533 23.815348
27.373793 3.6038282 23.827625
29.696281 1.9463972 23.550131
29.616697 2.91699 23.55957
29.5054 3.8844595 23.572803
27.241222 4.4975438 23.843403
27.079481 5.3864436 23.862671
29.362505 4.8477693 23.589811
29.188169 5.8058882 23.610579
26.669212 7.1459937 23.911581
26.421124 8.01476 23.941172
26.144741 8.8749437 23.974144
25.148951 11.394841 24.092987
24.762657 12.211591 24.139101
25.840363 9.7256241 24.010466
25.508314 10.565889 24.050093
28.478544 8.6388721 23.695192
28.180641 9.5660381 23.730732
28.982578 6.7577896 23.635084
28.745953 7.7024546 23.663298
27.85256 10.482962 23.769882
27.494656 11.388659 23.812595
27.107307 12.282161 23.858829
24.349846 13.015264 24.188387
26.690933 13.162512 23.908535
25.772917 14.88 24.018143
26.245977 14.028767 23.961658
25.272257 15.7153 24.077927
24.744535 16.53377 24.140945
24.190317 17.334536 24.207134
3 0 1 1088
3 1 2 1089
3 0 871 22
3 0 20 1
3 31 47 50
3 36 48 47
3 1 32 2
3 2 34 3
3 3 30 50
3 353 354 11
3 5 6 11
3 5 11 355
3 354 355 11
3 6 7 11
3 4 11 7
3 9 10 11
3 8 9 11
3 4 8 11
3 12 13 11
3 14 15 11
3 13 14 11
3 15 926 11
3 926 927 11
3 13 30 14
3 14 22 15
3 10 16 11
3 1 20 32
3 0 22 20
3 21 22 871
3 19 21 871
3 2 33 34
3 2 32 33
3 3 34 30
3 30 31 50
3 31 36 47
3 35 37 48
3 37 38 52
3 35 48 36
3 40 1089 41
3 39 41 51
3 11 16 101
3 11 97 12
3 12 29 38
3 12 37 13
3 15 21 19
3 15 19 962
3 14 20 22
3 14 32 20
3 14 34 33
3 14 33 32
3 15 22 21
3 13 36 31
3 13 35 36
3 13 31 30
3 14 30 34
3 13 37 35
3 12 38 37
3 10 131 16
3 27 28 42
3 28 967 998
3 11 98 97
3 11 99 98
3 12 97 96
3 12 96 29
3 11 100 99
3 11 103 100
3 16 102 101
3 16 115 102
3 16 116 115
3 16 117 116
3 11 104 103
3 11 101 104
3 25 26 112
3 23 25 126
3 26 27 107
3 27 44 105
3 28 998 40
3 28 40 41
3 28 39 42
3 27 42 43
3 27 43 44
3 28 41 39
3 26 108 109
3 27 105 106
3 27 106 107
3 26 107 108
3 26 109 110
3 26 111 112
3 26 110 111
3 3 50 51
3 2 3 1089
3 47 54 50
3 47 48 55
3 47 55 54
3 50 54 51
3 3 51 1089
3 48 49 57
3 49 52 67
3 52 53 64
3 45 65 53
3 49 67 57
3 52 64 67
3 48 56 55
3 48 57 56
3 58 60 68
3 59 70 60
3 59 61 71
3 59 71 70
3 62 63 84
3 61 62 83
3 61 83 71
3 45 46 66
3 46 58 69
3 53 65 64
3 45 66 65
3 46 69 66
3 58 68 69
3 60 70 68
3 45 53 96
3 45 97 46
3 46 98 58
3 58 99 60
3 37 49 48
3 37 52 49
3 38 53 52
3 41 1089 51
3 39 51 54
3 44 55 56
3 43 54 55
3 64 106 67
3 64 65 108
3 44 56 57
3 57 67 105
3 59 60 100
3 59 104 61
3 61 101 62
3 63 115 72
3 72 117 73
3 62 102 63
3 83 84 119
3 75 120 84
3 65 66 109
3 66 69 110
3 68 111 69
3 68 70 113
3 70 71 114
3 71 83 118
3 63 72 75
3 62 84 83
3 63 75 84
3 72 73 79
3 73 74 80
3 73 80 79
3 72 79 75
3 76 77 82
3 77 78 88
3 74 76 81
3 74 81 80
3 76 82 81
3 77 88 82
3 78 85 90
3 85 86 89
3 86 87 93
3 78 90 88
3 85 89 90
3 86 93 89
3 87 91 94
3 91 92 95
3 92 453 456
3 87 94 93
3 91 95 94
3 92 456 95
3 73 122 74
3 74 123 76
3 76 124 77
3 75 79 121
3 79 80 127
3 80 81 128
3 77 125 78
3 78 131 85
3 85 132 86
3 81 82 133
3 82 88 134
3 88 90 135
3 86 132 87
3 87 136 91
3 89 138 90
3 89 93 139
3 93 94 140
3 91 141 92
3 92 141 453
3 143 454 453
3 94 95 144
3 95 456 145
3 146 456 457
3 29 96 53
3 45 96 97
3 46 97 98
3 60 99 100
3 58 98 99
3 59 100 103
3 59 103 104
3 29 53 38
3 67 106 105
3 42 54 43
3 43 55 44
3 39 54 42
3 44 57 105
3 64 107 106
3 64 108 107
3 65 109 108
3 69 111 110
3 66 110 109
3 62 101 102
3 63 102 115
3 72 115 116
3 61 104 101
3 72 116 117
3 73 117 122
3 74 122 123
3 83 119 118
3 84 120 119
3 75 121 120
3 79 126 121
3 79 127 126
3 68 113 112
3 68 112 111
3 70 114 113
3 71 118 114
3 10 136 132
3 10 137 136
3 10 141 137
3 10 142 141
3 16 122 117
3 16 123 122
3 16 124 123
3 16 125 124
3 16 130 125
3 25 112 113
3 25 113 114
3 25 118 119
3 25 114 118
3 25 119 120
3 25 120 121
3 16 131 130
3 10 132 131
3 23 126 127
3 23 128 129
3 23 127 128
3 25 121 126
3 23 129 133
3 23 133 134
3 23 134 135
3 23 135 138
3 23 138 139
3 23 139 140
3 23 140 144
3 23 144 145
3 23 145 146
3 23 146 147
3 76 123 124
3 77 124 125
3 78 125 130
3 78 130 131
3 85 131 132
3 87 132 136
3 81 129 128
3 80 128 127
3 81 133 129
3 82 134 133
3 88 135 134
3 90 138 135
3 89 139 138
3 91 136 137
3 91 137 141
3 141 142 453
3 142 143 453
3 143 148 454
3 148 149 455
3 93 140 139
3 94 144 140
3 95 145 144
3 145 456 146
3 146 457 147
3 147 458 151
3 6 578 7
3 5 577 6
3 4 7 579
3 4 576 8
3 8 580 9
3 9 581 10
3 17 18 584
3 23 591 24
3 18 24 592
3 158 198 161
3 158 159 199
3 159 160 200
3 160 162 203
3 162 163 201
3 163 164 202
3 164 165 204
3 165 2810 205
3 154 223 157
3 186 227 190
3 154 190 228
3 155 157 225
3 155 238 156
3 156 240 161
3 158 161 241
3 159 232 160
3 158 242 159
3 160 234 162
3 162 235 163
3 163 237 164
3 164 2864 165
3 166 210 169
3 168 179 171
3 169 209 170
3 168 170 178
3 174 183 175
3 175 185 176
3 167 171 184
3 167 182 174
3 170 209 178
3 168 178 179
3 171 179 184
3 167 184 182
3 174 182 183
3 177 281 180
3 176 181 177
3 175 183 185
3 176 185 181
3 172 180 282
3 172 284 173
3 177 181 281
3 180 281 282
3 169 170 244
3 166 169 261
3 167 174 250
3 168 245 170
3 168 171 249
3 167 248 171
3 172 173 259
3 173 274 251
3 174 175 246
3 175 176 254
3 176 177 256
3 177 180 257
3 178 422 179
3 179 393 184
3 182 184 394
3 172 258 180
3 181 402 281
3 182 396 183
3 183 399 185
3 181 185 399
3 186 197 187
3 187 192 189
3 154 193 190
3 154 157 195
3 155 194 157
3 155 156 206
3 186 190 196
3 190 193 196
3 154 195 193
3 155 206 194
3 157 194 195
3 166 188 208
3 188 189 191
3 189 192 191
3 187 197 192
3 166 208 210
3 188 191 208
3 169 210 209
3 186 196 197
3 156 161 207
3 161 198 207
3 159 200 199
3 158 199 198
3 160 203 200
3 156 207 206
3 162 201 203
3 163 202 201
3 164 204 202
3 165 205 204
3 188 263 189
3 186 187 221
3 187 189 222
3 166 262 188
3 191 192 269
3 191 407 208
3 196 272 197
3 193 271 196
3 193 195 268
3 192 197 270
3 194 206 416
3 194 416 195
3 206 207 415
3 198 412 207
3 198 199 413
3 199 200 414
3 200 203 419
3 201 417 203
3 201 202 418
3 202 204 420
3 204 205 421
3 209 210 405
3 208 406 210
3 178 209 423
3 213 214 260
3 214 215 255
3 215 216 247
3 216 217 243
3 216 243 244
3 216 244 245
3 157 224 225
3 155 225 238
3 190 226 228
3 154 228 223
3 190 227 226
3 186 221 227
3 157 223 224
3 161 239 241
3 161 240 239
3 156 238 240
3 158 241 242
3 159 242 232
3 160 232 233
3 160 233 234
3 162 234 235
3 163 235 236
3 163 236 237
3 164 237 2864
3 217 218 264
3 218 219 226
3 219 220 224
3 220 238 225
3 218 222 264
3 218 227 221
3 218 221 222
3 217 262 261
3 217 264 263
3 217 263 262
3 217 261 243
3 218 226 227
3 219 223 228
3 219 228 226
3 219 224 223
3 220 225 224
3 220 229 240
3 220 240 238
3 229 239 240
3 229 230 242
3 229 241 239
3 229 242 241
3 230 231 235
3 230 235 234
3 230 232 242
3 230 233 232
3 230 234 233
3 231 236 235
3 231 237 236
3 231 2864 237
3 169 243 261
3 170 245 244
3 169 244 243
3 174 246 250
3 171 247 249
3 171 248 247
3 168 249 245
3 167 250 248
3 173 251 259
3 251 274 252
3 176 255 254
3 175 254 246
3 176 256 255
3 177 257 256
3 180 258 257
3 179 422 393
3 184 393 395
3 184 395 394
3 182 394 396
3 172 260 258
3 172 259 260
3 183 396 398
3 183 398 399
3 181 400 401
3 181 399 400
3 181 401 402
3 211 212 331
3 212 213 325
3 213 260 259
3 213 259 251
3 213 251 252
3 215 250 246
3 215 246 254
3 214 255 256
3 215 254 255
3 216 249 247
3 215 247 248
3 215 248 250
3 216 245 249
3 214 256 257
3 214 257 258
3 214 258 260
3 212 325 326
3 213 252 253
3 213 253 324
3 213 324 325
3 212 326 327
3 212 327 328
3 212 330 331
3 211 332 333
3 211 331 332
3 211 333 334
3 212 328 329
3 212 329 330
3 188 262 263
3 189 264 222
3 189 263 264
3 187 222 221
3 166 261 262
3 195 409 268
3 210 406 404
3 192 273 269
3 191 269 407
3 208 407 406
3 196 271 272
3 193 267 271
3 197 272 270
3 192 270 273
3 193 268 267
3 209 405 423
3 210 404 405
3 178 423 422
3 195 416 409
3 265 272 266
3 266 271 267
3 266 267 268
3 265 269 273
3 265 270 272
3 265 273 270
3 266 272 271
3 200 419 414
3 207 412 415
3 206 415 416
3 198 413 412
3 199 414 413
3 203 417 419
3 201 418 417
3 202 420 418
3 204 421 420
3 205 3010 421
3 173 283 274
3 274 285 275
3 275 286 276
3 278 288 279
3 276 287 278
3 276 286 287
3 279 291 280
3 278 287 288
3 279 288 291
3 172 282 284
3 173 284 283
3 274 283 285
3 275 285 286
3 277 280 292
3 277 293 289
3 280 291 292
3 277 292 293
3 289 297 290
3 289 293 297
3 294 299 295
3 295 303 296
3 290 298 294
3 290 297 298
3 294 298 299
3 295 299 303
3 252 274 275
3 253 275 276
3 276 278 324
3 278 279 326
3 277 289 329
3 279 280 327
3 277 328 280
3 281 402 282
3 282 397 284
3 283 427 285
3 283 284 424
3 285 428 286
3 286 429 287
3 287 430 288
3 289 290 330
3 290 294 332
3 294 295 333
3 291 438 292
3 292 432 293
3 293 432 297
3 295 296 334
3 296 300 335
3 297 433 298
3 298 435 299
3 299 435 303
3 288 431 291
3 296 304 300
3 300 305 301
3 301 306 302
3 296 303 304
3 300 304 305
3 301 305 306
3 302 310 307
3 307 311 308
3 308 311 312
3 308 312 309
3 302 306 310
3 307 310 311
3 309 316 313
3 309 312 316
3 313 317 314
3 313 316 317
3 314 317 318
3 314 318 315
3 315 321 319
3 315 318 321
3 319 322 320
3 320 323 597
3 319 321 322
3 320 322 323
3 323 600 597
3 300 301 336
3 301 302 338
3 302 307 338
3 304 440 305
3 303 437 304
3 305 441 306
3 307 308 340
3 308 309 341
3 309 313 342
3 306 442 310
3 310 443 311
3 311 444 312
3 312 445 316
3 313 314 343
3 314 315 343
3 315 319 344
3 316 446 317
3 317 447 318
3 318 448 321
3 319 320 345
3 320 597 346
3 321 449 322
3 322 450 323
3 323 451 600
3 252 275 253
3 253 276 324
3 278 325 324
3 278 326 325
3 279 327 326
3 289 330 329
3 280 328 327
3 277 329 328
3 282 402 397
3 284 397 424
3 285 427 428
3 283 424 425
3 283 425 427
3 286 428 426
3 286 426 429
3 287 429 430
3 288 430 431
3 290 331 330
3 290 332 331
3 294 333 332
3 295 334 333
3 292 438 439
3 292 439 432
3 297 432 433
3 296 335 334
3 300 336 335
3 298 434 435
3 298 433 434
3 303 435 436
3 303 436 437
3 291 431 438
3 211 334 335
3 211 335 336
3 211 336 337
3 211 337 338
3 211 339 340
3 211 338 339
3 211 340 341
3 211 341 342
3 211 342 343
3 301 337 336
3 301 338 337
3 307 340 339
3 307 339 338
3 304 437 440
3 305 440 441
3 306 441 442
3 308 341 340
3 309 342 341
3 310 442 443
3 311 443 444
3 312 444 445
3 313 343 342
3 315 344 343
3 319 345 344
3 316 445 446
3 317 446 447
3 321 448 449
3 318 447 448
3 320 346 345
3 346 597 347
3 347 598 348
3 322 449 450
3 323 450 451
3 451 452 600
3 211 343 761
3 356 11 357
3 352 11 356
3 350 11 359
3 349 11 350
3 349 357 11
3 360 11 361
3 358 361 11
3 362 11 364
3 358 11 363
3 362 363 11
3 359 11 360
3 213 11 214
3 214 11 215
3 215 11 216
3 217 11 218
3 216 11 217
3 218 11 219
3 364 11 365
3 211 365 11
3 211 11 212
3 212 11 213
3 351 353 11
3 351 11 352
3 366 371 4370
3 369 4370 371
3 366 4370 383
3 367 4370 370
3 369 370 4370
3 367 368 4370
3 381 4370 382
3 382 4370 385
3 17 385 4370
3 23 4370 25
3 25 4370 26
3 18 4370 24
3 17 4370 18
3 23 24 4370
3 381 384 4370
3 383 4370 384
3 219 11 220
3 220 11 229
3 229 11 230
3 230 11 231
3 231 11 2863
3 2863 11 2869
3 2869 11 2870
3 2870 11 2877
3 2877 11 2878
3 2878 11 2879
3 2879 11 2888
3 2888 11 2889
3 2889 11 2890
3 2890 11 2891
3 2891 11 2892
3 2892 11 2893
3 2893 11 2894
3 2894 11 2933
3 2933 11 3041
3 390 401 391
3 391 394 392
3 392 393 422
3 392 395 393
3 388 439 389
3 389 427 390
3 390 402 401
3 390 397 402
3 391 398 396
3 391 399 398
3 391 396 394
3 392 394 395
3 391 400 399
3 391 401 400
3 389 428 427
3 390 424 397
3 390 425 424
3 390 427 425
3 389 426 428
3 389 429 426
3 389 430 429
3 374 4370 377
3 374 386 4370
3 386 387 4370
3 387 388 4370
3 388 389 4370
3 265 411 403
3 265 266 408
3 266 268 408
3 268 409 408
3 392 405 403
3 403 404 406
3 265 403 269
3 403 406 407
3 269 403 407
3 392 423 405
3 392 422 423
3 403 405 404
3 265 408 411
3 408 409 410
3 408 410 411
3 410 3023 411
3 409 3023 410
3 409 416 3023
3 415 3023 416
3 412 3023 415
3 412 413 3023
3 389 390 4370
3 390 391 4370
3 391 392 4370
3 392 403 4370
3 403 411 4370
3 372 4370 380
3 368 378 4370
3 378 379 4370
3 379 380 4370
3 372 373 4370
3 373 375 4370
3 375 376 4370
3 376 377 4370
3 349 811 357
3 349 350 812
3 350 359 827
3 351 352 814
3 352 356 822
3 356 357 819
3 358 826 361
3 358 363 833
3 359 360 828
3 360 361 829
3 362 832 363
3 362 364 834
3 364 365 835
3 351 813 353
3 353 815 354
3 354 816 355
3 5 355 817
3 366 818 371
3 367 820 368
3 368 821 378
3 367 370 823
3 369 824 370
3 369 371 825
3 372 380 842
3 372 831 373
3 375 837 376
3 373 830 375
3 376 838 377
3 374 377 839
3 379 841 380
3 378 840 379
3 381 843 384
3 381 382 844
3 383 384 846
3 366 383 845
3 382 385 847
3 17 583 385
3 388 432 439
3 388 433 432
3 388 434 433
3 388 435 434
3 388 436 435
3 388 437 436
3 388 440 437
3 388 441 440
3 389 431 430
3 389 438 431
3 389 439 438
3 388 442 441
3 388 443 442
3 388 445 444
3 388 444 443
3 211 761 365
3 374 836 386
3 386 848 387
3 387 849 388
3 453 454 457
3 454 455 458
3 455 459 458
3 453 457 456
3 454 458 457
3 458 459 462
3 459 460 463
3 460 461 464
3 459 463 462
3 460 464 463
3 461 465 464
3 461 466 465
3 465 466 467
3 467 468 469
3 468 472 470
3 465 467 469
3 468 470 469
3 470 472 471
3 471 472 473
3 471 473 475
3 473 474 475
3 474 476 475
3 474 478 476
3 476 478 477
3 148 455 454
3 149 459 455
3 150 460 459
3 147 457 458
3 151 458 462
3 151 462 463
3 152 463 464
3 460 507 461
3 461 508 466
3 466 509 467
3 464 465 510
3 465 469 510
3 469 470 511
3 467 513 468
3 468 514 472
3 472 522 473
3 470 471 512
3 471 475 516
3 475 476 516
3 473 524 474
3 474 518 478
3 476 477 517
3 477 480 526
3 480 481 527
3 481 486 528
3 477 478 479
3 477 479 480
3 480 482 481
3 479 482 480
3 481 482 483
3 481 483 486
3 483 484 486
3 484 487 486
3 484 485 487
3 485 488 487
3 485 491 488
3 488 491 489
3 489 492 490
3 489 491 492
3 490 493 495
3 490 492 493
3 494 496 495
3 493 494 495
3 494 500 496
3 496 500 497
3 497 501 498
3 497 500 501
3 498 502 499
3 498 501 502
3 499 502 566
3 499 566 503
3 503 567 504
3 503 566 567
3 504 568 505
3 478 519 479
3 479 520 482
3 482 521 483
3 483 534 484
3 484 536 485
3 485 537 491
3 491 538 492
3 486 487 529
3 487 488 533
3 488 489 531
3 489 490 543
3 490 495 544
3 495 496 545
3 496 497 546
3 492 539 493
3 493 540 494
3 497 498 548
3 494 542 500
3 498 499 549
3 499 503 550
3 503 504 551
3 500 553 501
3 501 554 502
3 502 556 566
3 557 567 566
3 504 505 563
3 506 564 505
3 2021 565 506
3 149 150 459
3 150 507 460
3 461 507 508
3 466 508 509
3 467 509 513
3 468 513 514
3 151 463 152
3 152 464 153
3 153 464 510
3 469 511 510
3 470 512 511
3 471 515 512
3 471 516 515
3 472 514 522
3 473 522 523
3 473 523 524
3 474 524 518
3 478 518 519
3 479 519 520
3 476 517 516
3 477 525 517
3 477 526 525
3 480 527 526
3 481 528 527
3 486 529 528
3 487 530 529
3 487 533 530
3 10 582 142
3 23 147 591
3 483 521 534
3 482 520 521
3 484 534 535
3 484 535 536
3 485 536 537
3 491 537 538
3 492 538 539
3 493 539 540
3 488 531 533
3 489 543 532
3 489 532 531
3 490 544 543
3 495 545 544
3 496 546 545
3 497 547 546
3 497 548 547
3 498 549 548
3 499 550 549
3 494 540 541
3 494 541 542
3 500 542 553
3 501 553 554
3 502 554 556
3 555 566 556
3 555 557 566
3 557 558 567
3 558 559 568
3 503 551 550
3 504 552 551
3 504 563 552
3 505 564 563
3 506 565 564
3 6 577 578
3 7 578 579
3 4 579 576
3 142 582 143
3 143 582 148
3 148 582 149
3 8 576 580
3 9 580 581
3 149 582 150
3 150 582 507
3 507 582 508
3 10 581 582
3 17 584 583
3 18 592 584
3 147 151 591
3 151 152 591
3 508 582 509
3 152 153 591
3 153 510 591
3 510 511 591
3 511 512 591
3 512 515 591
3 518 524 590
3 518 590 519
3 519 590 520
3 520 590 521
3 521 590 534
3 509 582 513
3 513 582 514
3 514 582 522
3 522 582 523
3 523 590 524
3 24 591 592
3 515 516 591
3 516 517 591
3 517 525 591
3 525 526 591
3 526 527 593
3 527 528 593
3 528 529 593
3 529 530 593
3 530 533 593
3 531 593 533
3 531 532 593
3 532 543 594
3 504 567 568
3 505 568 569
3 506 505 569
3 2021 506 570
3 506 569 570
3 570 571 2021
3 558 568 567
3 559 569 568
3 561 570 569
3 562 571 570
3 571 573 572
3 572 575 2027
3 559 560 569
3 560 561 569
3 561 562 570
3 562 573 571
3 572 573 574
3 572 574 575
3 534 590 535
3 536 535 585
3 536 585 537
3 538 585 539
3 537 585 538
3 539 585 540
3 540 585 541
3 541 586 542
3 542 586 553
3 555 556 587
3 555 587 557
3 553 586 554
3 554 586 556
3 543 544 594
3 544 545 594
3 546 594 545
3 546 547 594
3 547 548 595
3 548 549 595
3 549 550 595
3 552 563 596
3 550 551 595
3 551 552 595
3 563 564 596
3 564 565 596
3 565 1935 596
3 557 587 558
3 558 587 559
3 559 587 560
3 560 588 561
3 561 588 562
3 562 588 573
3 574 589 575
3 575 589 2104
3 573 588 574
3 523 582 590
3 526 593 591
3 532 594 593
3 576 579 847
3 578 844 579
3 580 584 581
3 581 592 582
3 576 583 580
3 576 847 583
3 580 583 584
3 581 584 592
3 535 590 585
3 541 585 586
3 556 586 587
3 560 587 588
3 574 588 589
3 547 595 594
3 552 596 595
3 596 1935 2177
3 587 595 588
3 588 596 589
3 585 590 591
3 582 591 590
3 585 593 586
3 585 591 593
3 586 593 594
3 582 592 591
3 587 594 595
3 586 594 587
3 588 595 596
3 589 596 2177
3 597 600 598
3 598 601 599
3 599 602 603
3 598 600 601
3 599 601 602
3 602 606 603
3 603 606 604
3 604 607 605
3 604 606 607
3 605 607 608
3 605 608 610
3 608 609 610
3 609 611 610
3 609 613 611
3 611 613 612
3 612 614 615
3 612 613 614
3 614 618 615
3 615 618 616
3 616 618 619
3 616 619 617
3 617 619 620
3 617 620 623
3 620 621 623
3 621 622 624
3 347 597 598
3 348 598 599
3 599 603 666
3 452 601 600
3 601 781 602
3 602 782 606
3 603 604 667
3 604 605 668
3 605 610 669
3 606 780 607
3 607 783 608
3 608 784 609
3 609 785 613
3 610 611 670
3 611 612 672
3 613 787 614
3 612 615 673
3 615 616 674
3 616 617 676
3 617 623 675
3 614 788 618
3 618 789 619
3 619 790 620
3 620 791 621
3 621 793 622
3 622 794 628
3 621 624 623
3 622 625 624
3 622 628 625
3 625 628 626
3 626 628 629
3 626 629 627
3 627 629 630
3 627 630 632
3 631 633 632
3 630 631 632
3 631 634 633
3 633 634 639
3 634 635 639
3 635 640 639
3 635 636 640
3 636 637 641
3 636 641 640
3 637 638 642
3 637 642 641
3 638 643 644
3 638 644 642
3 643 649 645
3 643 645 644
3 645 649 646
3 646 650 647
3 623 624 678
3 624 625 679
3 625 626 680
3 626 627 681
3 628 795 629
3 629 798 630
3 630 796 631
3 631 799 634
3 627 632 683
3 632 633 685
3 633 639 686
3 634 799 635
3 635 801 636
3 636 801 637
3 637 803 638
3 638 804 643
3 639 640 687
3 640 641 684
3 641 642 689
3 642 644 690
3 644 645 692
3 645 646 693
3 646 647 694
3 647 648 696
3 646 649 650
3 647 650 651
3 648 651 652
3 647 651 648
3 652 653 722
3 653 654 723
3 648 652 722
3 654 655 724
3 653 723 722
3 654 724 723
3 655 656 725
3 656 657 726
3 657 658 727
3 643 806 649
3 649 807 650
3 650 808 651
3 651 809 652
3 652 697 653
3 653 698 654
3 648 722 703
3 654 699 655
3 655 701 656
3 656 702 657
3 657 708 658
3 658 710 659
3 659 711 660
3 660 713 661
3 661 714 662
3 662 715 663
3 663 717 664
3 664 718 665
3 719 730 665
3 721 731 730
3 731 3750 732
3 348 599 666
3 603 667 666
3 452 781 601
3 602 781 782
3 606 782 780
3 604 668 667
3 605 669 668
3 610 670 669
3 611 671 670
3 607 780 783
3 608 783 784
3 609 784 785
3 613 785 786
3 611 672 671
3 612 673 672
3 615 674 673
3 616 676 674
3 617 675 676
3 623 677 675
3 623 678 677
3 613 786 787
3 614 787 788
3 618 788 789
3 619 789 790
3 620 790 791
3 621 791 792
3 621 792 793
3 622 793 794
3 628 794 795
3 343 344 761
3 344 345 761
3 624 679 678
3 625 680 679
3 626 681 680
3 627 682 681
3 629 795 798
3 630 798 796
3 631 796 797
3 631 797 799
3 635 799 800
3 627 683 682
3 632 685 683
3 633 686 685
3 639 687 686
3 640 688 687
3 637 801 802
3 637 802 803
3 638 803 804
3 635 800 801
3 645 693 692
3 646 694 693
3 647 695 694
3 647 696 695
3 640 684 688
3 641 689 684
3 642 690 689
3 644 691 690
3 644 692 691
3 345 346 761
3 346 347 761
3 347 348 761
3 348 666 762
3 666 667 762
3 667 668 762
3 668 669 762
3 669 670 762
3 670 671 762
3 671 672 762
3 672 673 762
3 673 674 762
3 675 763 676
3 674 676 763
3 675 677 763
3 677 678 763
3 678 679 763
3 679 680 763
3 680 681 764
3 681 682 764
3 682 683 764
3 683 685 764
3 643 804 805
3 643 805 806
3 648 703 696
3 703 722 704
3 704 723 705
3 649 806 807
3 650 807 808
3 651 808 809
3 652 809 810
3 652 810 697
3 653 697 698
3 654 698 699
3 655 699 700
3 655 700 701
3 656 701 702
3 657 702 707
3 657 707 708
3 658 708 709
3 658 709 710
3 659 710 711
3 660 711 712
3 660 712 713
3 661 713 714
3 662 714 715
3 663 715 716
3 663 716 717
3 664 717 718
3 718 719 665
3 719 720 730
3 720 721 730
3 721 3750 731
3 655 725 724
3 656 726 725
3 657 727 726
3 658 659 728
3 658 728 727
3 659 729 728
3 659 660 729
3 660 661 733
3 661 662 734
3 662 663 735
3 663 664 736
3 660 733 729
3 661 734 733
3 662 735 734
3 663 736 735
3 664 737 736
3 664 665 737
3 665 730 738
3 730 731 739
3 731 732 740
3 665 738 737
3 730 739 738
3 731 740 739
3 732 741 740
3 704 722 723
3 706 723 724
3 724 725 742
3 725 726 743
3 726 727 745
3 727 728 746
3 728 729 747
3 729 733 749
3 733 734 750
3 734 735 751
3 735 736 753
3 736 737 754
3 737 738 756
3 738 739 757
3 739 740 758
3 740 741 760
3 348 762 761
3 684 689 765
3 689 690 765
3 685 686 764
3 686 687 765
3 687 688 765
3 684 765 688
3 690 691 766
3 691 692 766
3 692 693 766
3 693 694 766
3 694 695 767
3 695 696 767
3 674 763 762
3 680 764 763
3 686 765 764
3 690 766 765
3 694 767 766
3 705 723 706
3 706 724 742
3 725 743 742
3 726 744 743
3 726 745 744
3 727 746 745
3 728 747 746
3 729 748 747
3 729 749 748
3 733 750 749
3 734 751 750
3 735 752 751
3 735 753 752
3 736 754 753
3 737 755 754
3 737 756 755
3 738 757 756
3 739 758 757
3 740 759 758
3 740 760 759
3 697 810 769
3 697 769 698
3 698 772 699
3 699 772 700
3 700 772 701
3 701 772 702
3 702 774 707
3 696 703 767
3 703 704 767
3 706 742 768
3 742 743 768
3 704 705 768
3 705 706 768
3 743 744 770
3 744 745 770
3 745 746 770
3 707 774 708
3 708 774 709
3 709 774 710
3 710 775 711
3 711 775 712
3 712 775 713
3 713 778 714
3 714 778 715
3 715 778 716
3 716 778 717
3 717 779 718
3 718 779 719
3 719 779 720
3 746 747 770
3 747 748 771
3 748 749 771
3 749 750 771
3 698 769 772
3 702 772 774
3 704 768 767
3 743 770 768
3 747 771 770
3 750 751 773
3 751 752 773
3 752 753 773
3 753 754 773
3 754 755 776
3 755 756 776
3 756 757 776
3 757 758 777
3 758 759 777
3 759 760 777
3 760 3816 777
3 717 778 779
3 720 779 3838
3 750 773 771
3 754 776 773
3 710 774 775
3 713 775 778
3 757 777 776
3 763 764 852
3 764 765 853
3 766 854 853
3 766 767 855
3 766 855 854
3 765 766 853
3 767 768 769
3 767 769 855
3 768 772 769
3 768 770 772
3 770 771 774
3 770 774 772
3 771 773 775
3 773 776 778
3 771 775 774
3 773 778 775
3 776 777 779
3 776 779 778
3 777 3838 779
3 349 812 811
3 350 827 812
3 352 822 814
3 351 814 813
3 354 815 816
3 355 816 817
3 5 817 577
3 353 813 815
3 356 819 822
3 357 811 819
3 371 818 825
3 366 845 818
3 367 823 820
3 378 821 840
3 368 820 821
3 369 825 824
3 370 824 823
3 361 826 829
3 358 833 826
3 359 828 827
3 360 829 828
3 373 831 830
3 362 834 832
3 364 835 834
3 365 761 835
3 363 832 833
3 376 837 838
3 375 830 837
3 377 838 839
3 374 839 836
3 372 842 831
3 379 840 841
3 380 841 842
3 384 843 846
3 381 844 843
3 383 846 845
3 382 847 844
3 385 583 847
3 388 850 445
3 445 850 446
3 446 850 447
3 447 850 448
3 448 850 449
3 451 851 452
3 452 851 781
3 781 851 782
3 449 850 450
3 450 851 451
3 386 836 848
3 387 848 849
3 780 782 851
3 780 851 783
3 783 851 784
3 388 849 850
3 784 851 785
3 787 786 851
3 785 851 786
3 788 852 789
3 787 852 788
3 789 852 790
3 790 852 791
3 791 852 792
3 792 852 793
3 793 853 794
3 794 853 795
3 796 798 853
3 796 853 797
3 795 853 798
3 797 853 799
3 799 853 800
3 800 853 801
3 801 853 802
3 802 854 803
3 813 814 824
3 816 845 817
3 813 825 815
3 813 824 825
3 815 818 816
3 816 818 845
3 815 825 818
3 819 820 822
3 820 823 822
3 811 821 819
3 811 812 840
3 811 840 821
3 819 821 820
3 814 822 823
3 814 823 824
3 812 827 841
3 827 828 842
3 828 831 842
3 827 842 841
3 826 830 829
3 826 837 830
3 828 829 831
3 829 830 831
3 826 833 837
3 832 839 838
3 832 838 833
3 834 835 836
3 832 834 839
3 834 836 839
3 833 838 837
3 812 841 840
3 577 817 846
3 577 843 578
3 817 845 846
3 577 846 843
3 578 843 844
3 579 844 847
3 450 850 851
3 787 851 852
3 793 852 853
3 802 853 854
3 803 854 855
3 803 855 804
3 804 855 805
3 805 855 806
3 806 855 807
3 769 808 807
3 769 809 808
3 769 810 809
3 769 807 855
3 761 762 849
3 761 849 848
3 762 850 849
3 762 763 851
3 762 851 850
3 763 852 851
3 764 853 852
3 761 848 835
3 835 848 836
3 860 878 861
3 861 880 862
3 862 880 863
3 863 897 864
3 856 870 872
3 868 869 876
3 865 875 869
3 868 872 870
3 856 872 882
3 866 871 1086
3 866 1086 867
3 865 867 873
3 0 1087 871
3 871 1087 1085
3 867 1086 873
3 871 1085 1086
3 869 875 876
3 865 874 875
3 865 873 874
3 868 876 872
3 857 858 883
3 856 881 858
3 857 884 859
3 859 877 860
3 858 881 883
3 856 882 881
3 857 883 884
3 859 884 877
3 860 877 878
3 861 878 879
3 861 879 880
3 863 880 897
3 864 898 885
3 885 899 886
3 886 900 887
3 887 901 888
3 888 902 889
3 889 903 890
3 890 904 891
3 891 905 892
3 864 897 898
3 885 898 899
3 886 899 900
3 887 900 901
3 888 901 902
3 889 902 903
3 890 903 904
3 891 904 905
3 892 905 909
3 892 909 893
3 893 910 894
3 894 911 895
3 895 912 896
3 893 909 910
3 894 910 911
3 895 911 912
3 896 912 913
3 896 913 906
3 906 914 907
3 906 913 914
3 907 915 908
3 908 916 918
3 907 914 915
3 908 915 916
3 916 917 918
3 865 869 952
3 856 959 870
3 856 858 954
3 868 870 958
3 868 953 869
3 861 862 932
3 862 863 933
3 863 864 935
3 864 885 936
3 857 859 966
3 857 956 858
3 859 860 963
3 860 861 965
3 866 867 962
3 19 871 866
3 865 960 867
3 872 876 972
3 872 974 882
3 873 1086 994
3 995 1085 1087
3 995 1087 1088
3 996 1086 1085
3 874 999 875
3 873 999 874
3 875 971 876
3 877 884 982
3 881 882 976
3 881 984 883
3 883 980 884
3 877 983 878
3 878 985 879
3 880 989 897
3 879 986 880
3 885 886 937
3 886 887 942
3 887 888 943
3 888 889 945
3 889 890 946
3 890 891 947
3 891 892 949
3 892 893 1000
3 893 894 1002
3 894 895 1003
3 895 896 1004
3 896 906 1006
3 906 907 1007
3 907 908 1008
3 908 918 1010
3 897 990 898
3 898 991 899
3 899 1015 900
3 900 1016 901
3 901 1018 902
3 902 1019 903
3 903 1021 904
3 904 1022 905
3 905 1023 909
3 909 1024 910
3 910 1026 911
3 911 1031 912
3 912 1032 913
3 913 1033 914
3 914 1035 915
3 915 1036 916
3 916 1037 917
3 1039 1090 917
3 1040 1091 1090
3 917 919 918
3 919 1090 920
3 920 1091 921
3 919 917 1090
3 920 1090 1091
3 921 1091 1092
3 921 1092 922
3 922 1093 923
3 923 1094 924
3 918 919 1011
3 919 920 1054
3 920 921 1055
3 921 922 1056
3 922 923 1058
3 923 924 1059
3 924 925 1066
3 925 1096 1068
3 1069 1096 1101
3 1041 1092 1091
3 1074 1093 1092
3 1070 1101 1102
3 927 928 11
3 928 929 11
3 929 930 11
3 930 931 11
3 931 939 11
3 15 960 926
3 926 958 927
3 926 953 958
3 927 954 928
3 927 957 959
3 927 958 957
3 927 959 954
3 928 954 955
3 928 955 956
3 928 956 966
3 929 933 930
3 930 936 931
3 939 940 11
3 940 941 11
3 928 963 929
3 941 950 11
3 950 951 11
3 929 964 965
3 929 965 932
3 929 932 933
3 929 963 964
3 930 933 934
3 930 935 936
3 930 934 935
3 931 936 938
3 931 938 937
3 928 966 963
3 951 1042 11
3 1042 1043 11
3 931 942 939
3 939 945 940
3 1043 1044 11
3 1044 1045 11
3 940 949 941
3 931 937 942
3 939 942 943
3 939 943 944
3 939 944 945
3 940 945 946
3 940 946 947
3 940 947 948
3 940 948 949
3 941 949 1000
3 941 1000 1001
3 941 1001 950
3 950 1005 951
3 950 1001 1002
3 950 1002 1003
3 950 1003 1004
3 950 1004 1005
3 951 1005 1006
3 951 1009 1042
3 951 1006 1007
3 951 1007 1008
3 951 1008 1009
3 1009 1010 1042
3 1045 1046 11
3 1046 1047 11
3 1047 1048 11
3 1048 1049 11
3 1049 1050 11
3 856 954 959
3 858 955 954
3 858 956 955
3 869 953 952
3 865 952 961
3 867 960 962
3 19 866 962
3 865 961 960
3 868 958 953
3 870 959 957
3 870 957 958
3 861 932 965
3 857 966 956
3 859 963 966
3 860 964 963
3 860 965 964
3 862 933 932
3 863 934 933
3 863 935 934
3 864 936 935
3 885 938 936
3 884 980 981
3 884 981 982
3 877 982 983
3 879 987 986
3 880 986 988
3 878 983 985
3 879 985 987
3 880 988 989
3 897 989 990
3 873 992 999
3 994 1086 996
3 873 993 992
3 873 994 993
3 876 973 972
3 876 971 973
3 882 974 976
3 872 972 974
3 875 999 971
3 995 996 1085
3 995 1088 997
3 997 1088 998
3 40 998 1088
3 881 975 984
3 881 976 975
3 883 984 980
3 885 937 938
3 886 942 937
3 887 943 942
3 888 944 943
3 888 945 944
3 889 946 945
3 890 947 946
3 891 948 947
3 891 949 948
3 892 1000 949
3 898 990 991
3 899 991 1015
3 900 1015 1016
3 901 1016 1017
3 901 1017 1018
3 902 1018 1019
3 903 1019 1020
3 903 1020 1021
3 904 1021 1022
3 905 1022 1023
3 909 1023 1025
3 909 1025 1024
3 893 1001 1000
3 893 1002 1001
3 894 1003 1002
3 895 1004 1003
3 896 1005 1004
3 896 1006 1005
3 906 1007 1006
3 907 1008 1007
3 908 1009 1008
3 908 1010 1009
3 918 1011 1010
3 910 1024 1026
3 911 1026 1030
3 911 1030 1031
3 912 1031 1032
3 913 1032 1033
3 914 1033 1034
3 914 1034 1035
3 915 1035 1036
3 916 1036 1037
3 917 1037 1038
3 1038 1039 917
3 1039 1040 1090
3 1040 1041 1091
3 926 960 961
3 926 961 952
3 15 962 960
3 926 952 953
3 967 968 993
3 967 994 996
3 967 993 994
3 968 999 992
3 968 971 999
3 968 992 993
3 968 969 973
3 969 974 972
3 969 970 976
3 969 976 974
3 970 975 976
3 970 984 975
3 968 973 971
3 969 972 973
3 978 979 988
3 978 1205 979
3 970 1209 977
3 977 1204 978
3 978 1204 1206
3 977 1207 1204
3 978 1206 1205
3 979 1205 1219
3 970 977 980
3 977 981 980
3 970 980 984
3 977 982 981
3 977 983 982
3 977 978 985
3 977 985 983
3 978 987 985
3 978 986 987
3 978 988 986
3 979 989 988
3 979 990 989
3 979 991 990
3 979 1015 991
3 967 996 995
3 967 995 997
3 967 997 998
3 1010 1011 1042
3 1011 1053 1042
3 979 1012 1015
3 1012 1013 1019
3 979 1219 1012
3 1012 1221 1013
3 1012 1219 1220
3 1012 1220 1221
3 1013 1221 1222
3 1013 1222 1223
3 1013 1223 1014
3 1014 1225 1027
3 1012 1016 1015
3 1012 1017 1016
3 1012 1018 1017
3 1012 1019 1018
3 1013 1020 1019
3 1013 1021 1020
3 1013 1022 1021
3 1013 1014 1022
3 1014 1023 1022
3 1014 1025 1023
3 1014 1024 1025
3 1014 1026 1024
3 1014 1027 1026
3 1026 1027 1030
3 1027 1031 1030
3 1027 1032 1031
3 1027 1028 1032
3 1028 1033 1032
3 1028 1034 1033
3 1028 1035 1034
3 1028 1029 1035
3 1029 1060 1039
3 1029 1036 1035
3 1029 1037 1036
3 1029 1038 1037
3 1029 1039 1038
3 1039 1060 1040
3 1040 1060 1041
3 1042 1053 1043
3 1043 1057 1044
3 1044 1067 1045
3 1050 1051 11
3 1051 1052 11
3 1052 1236 11
3 1236 1237 11
3 1237 1537 11
3 1045 1075 1046
3 919 1053 1011
3 919 1054 1053
3 920 1055 1054
3 921 1056 1055
3 922 1057 1056
3 922 1058 1057
3 923 1059 1058
3 924 1066 1059
3 925 1067 1066
3 925 1068 1067
3 1068 1096 1069
3 1069 1101 1070
3 1070 1102 1071
3 1071 1103 1075
3 1075 1103 1082
3 1082 1104 1083
3 1041 1072 1092
3 1072 1074 1092
3 1073 1093 1074
3 1073 1076 1094
3 1076 1077 1095
3 1077 1078 1097
3 1043 1053 1054
3 1043 1054 1055
3 1043 1055 1056
3 1043 1056 1057
3 1044 1057 1058
3 1044 1058 1059
3 1044 1059 1066
3 1044 1066 1067
3 1045 1067 1068
3 1045 1068 1069
3 1045 1069 1070
3 1045 1070 1071
3 1045 1071 1075
3 1060 1061 1073
3 1061 1062 1079
3 1046 1153 1047
3 1047 1158 1048
3 1046 1075 1082
3 1046 1082 1083
3 1046 1083 1084
3 1041 1060 1072
3 1060 1074 1072
3 1060 1073 1074
3 1061 1076 1073
3 1061 1077 1076
3 1061 1078 1077
3 1061 1079 1078
3 1062 1063 1148
3 1062 1080 1079
3 1062 1081 1080
3 1062 1146 1081
3 1062 1147 1146
3 1062 1148 1147
3 1063 1149 1148
3 1063 1150 1149
3 1063 1151 1150
3 1046 1084 1152
3 1046 1152 1153
3 1047 1153 1154
3 1047 1154 1155
3 1047 1155 1156
3 1047 1156 1157
3 1047 1157 1158
3 1063 1064 1162
3 1064 1065 1172
3 1048 1158 1159
3 1048 1159 1160
3 1048 1160 1165
3 1048 1165 1166
3 1048 1166 1167
3 1063 1161 1151
3 1063 1162 1161
3 1064 1163 1162
3 1048 1174 1049
3 1 1089 1088
3 0 1088 1087
3 40 1088 1089
3 922 1092 1093
3 923 1093 1094
3 924 1095 925
3 924 1094 1095
3 925 1097 1096
3 925 1095 1097
3 1096 1097 1098
3 1096 1098 1101
3 1099 1102 1101
3 1098 1099 1101
3 1099 1100 1102
3 1100 1108 1103
3 1100 1103 1102
3 1103 1108 1104
3 1104 1109 1105
3 1104 1108 1109
3 1105 1110 1106
3 1105 1109 1110
3 1106 1110 1111
3 1106 1111 1107
3 1107 1115 1112
3 1107 1111 1115
3 1112 1115 1116
3 1112 1116 1113
3 1113 1117 1114
3 1113 1116 1117
3 1114 1117 1118
3 1114 1118 1119
3 1118 1122 1119
3 1119 1122 1120
3 1120 1122 1121
3 1073 1094 1093
3 1076 1095 1094
3 1077 1097 1095
3 1078 1098 1097
3 1080 1099 1098
3 1081 1100 1099
3 1100 1146 1108
3 1108 1147 1109
3 1109 1149 1110
3 1071 1102 1103
3 1082 1103 1104
3 1083 1104 1105
3 1084 1105 1106
3 1106 1107 1152
3 1107 1112 1154
3 1112 1113 1155
3 1110 1150 1111
3 1111 1151 1115
3 1115 1162 1116
3 1116 1163 1117
3 1113 1114 1156
3 1114 1119 1157
3 1119 1120 1159
3 1117 1164 1118
3 1118 1169 1122
3 1122 1170 1123
3 1123 1170 1124
3 1120 1121 1160
3 1121 1135 1165
3 1135 1136 1167
3 1121 1122 1123
3 1121 1123 1124
3 1121 1124 1135
3 1124 1125 1135
3 1125 1126 1136
3 1125 1136 1135
3 1126 1137 1136
3 1126 1127 1137
3 1127 1138 1137
3 1127 1128 1138
3 1128 1139 1138
3 1128 1129 1139
3 1129 1130 1140
3 1130 1131 1141
3 1131 1132 1143
3 1132 1133 1144
3 1133 1134 1145
3 1134 1881 1894
3 1129 1140 1139
3 1130 1141 1140
3 1131 1142 1141
3 1131 1143 1142
3 1132 1144 1143
3 1133 1145 1144
3 1134 1894 1145
3 1124 1172 1125
3 1125 1176 1126
3 1126 1177 1127
3 1127 1178 1128
3 1128 1180 1129
3 1129 1181 1130
3 1130 1183 1131
3 1131 1184 1132
3 1132 1185 1133
3 1133 1186 1134
3 1134 1186 1881
3 1188 1882 1881
3 1136 1137 1167
3 1137 1138 1173
3 1138 1139 1179
3 1139 1140 1179
3 1140 1141 1194
3 1141 1142 1195
3 1142 1143 1196
3 1143 1144 1197
3 1144 1145 1198
3 1145 1894 1199
3 1199 1894 1895
3 1200 1895 1896
3 1083 1105 1084
3 1084 1106 1152
3 1107 1153 1152
3 1107 1154 1153
3 1112 1155 1154
3 1113 1156 1155
3 1114 1157 1156
3 1119 1158 1157
3 1078 1079 1098
3 1079 1080 1098
3 1080 1081 1099
3 1081 1146 1100
3 1108 1146 1147
3 1109 1147 1148
3 1109 1148 1149
3 1110 1149 1150
3 1111 1150 1151
3 1115 1151 1161
3 1115 1161 1162
3 1119 1159 1158
3 1120 1160 1159
3 1121 1165 1160
3 1135 1166 1165
3 1135 1167 1166
3 1137 1173 1167
3 1116 1162 1163
3 1117 1163 1164
3 1118 1164 1168
3 1118 1168 1169
3 1122 1169 1170
3 1124 1170 1171
3 1124 1171 1172
3 1125 1172 1176
3 1138 1174 1173
3 1048 1167 1173
3 1048 1173 1174
3 1064 1164 1163
3 1064 1168 1164
3 1064 1169 1168
3 1064 1170 1169
3 1064 1171 1170
3 1064 1172 1171
3 1065 1176 1172
3 1065 1177 1176
3 1065 1178 1177
3 1065 1180 1178
3 1065 1181 1180
3 1065 1182 1181
3 1065 1183 1182
3 1065 1184 1183
3 1065 1185 1184
3 1065 1186 1185
3 1065 1187 1186
3 1065 1188 1187
3 1049 1174 1175
3 1049 1175 1179
3 1049 1179 1193
3 1049 1193 1194
3 1049 1194 1195
3 1049 1195 1196
3 1049 1196 1197
3 1049 1197 1198
3 1049 1198 1199
3 1126 1176 1177
3 1127 1177 1178
3 1128 1178 1180
3 1129 1180 1181
3 1130 1181 1182
3 1130 1182 1183
3 1131 1183 1184
3 1132 1184 1185
3 1133 1185 1186
3 1881 1186 1187
3 1187 1188 1881
3 1188 1189 1882
3 1189 1190 1883
3 1190 1191 1884
3 1138 1175 1174
3 1138 1179 1175
3 1140 1193 1179
3 1140 1194 1193
3 1141 1195 1194
3 1142 1196 1195
3 1143 1197 1196
3 1144 1198 1197
3 1145 1199 1198
3 1199 1895 1200
3 1200 1896 1201
3 1201 1897 1202
3 1049 2214 1050
3 1050 2215 1051
3 1051 2216 1052
3 977 1208 1207
3 977 1209 1208
3 970 1210 1209
3 970 1212 1210
3 1205 1206 1217
3 1219 1205 1218
3 1208 1209 1213
3 1208 1213 1214
3 1204 1216 1206
3 1207 1215 1204
3 1207 1208 1214
3 1204 1215 1216
3 1207 1214 1215
3 1205 1217 1218
3 1206 1216 1217
3 1210 1212 1211
3 1209 1210 1211
3 1209 1211 1213
3 1212 1214 1213
3 1211 1212 1213
3 1212 1215 1214
3 1212 1216 1215
3 1212 1218 1217
3 1212 1226 1218
3 1212 1217 1216
3 1212 1227 1226
3 1212 1228 1227
3 1212 1229 1228
3 1220 1219 1226
3 1220 1227 1221
3 1014 1223 1224
3 1014 1224 1225
3 1027 1225 1233
3 1221 1228 1222
3 1222 1229 1223
3 1219 1218 1226
3 1220 1226 1227
3 1221 1227 1228
3 1222 1228 1229
3 1223 1229 1230
3 1223 1230 1224
3 1027 1233 1235
3 1224 1231 1225
3 1224 1230 1231
3 1212 1230 1229
3 1212 1231 1230
3 1212 1232 1231
3 1212 1234 1232
3 1212 1235 1234
3 1225 1231 1232
3 1225 1232 1233
3 1232 1234 1233
3 1233 1234 1235
3 26 4370 27
3 27 4370 28
3 28 4370 967
3 968 4370 969
3 967 4370 968
3 969 4370 970
3 970 4370 1212
3 1212 4370 1235
3 1027 4370 1028
3 1028 4370 1029
3 1027 1235 4370
3 1029 4370 1060
3 1060 4370 1061
3 1061 4370 1062
3 1062 4370 1063
3 1537 1538 11
3 1538 1539 11
3 1539 1540 11
3 1540 1541 11
3 1541 1542 11
3 1542 1543 11
3 1543 1544 11
3 1544 1545 11
3 1545 1546 11
3 1546 1547 11
3 1547 1548 11
3 1548 1549 11
3 1549 1550 11
3 1550 1551 11
3 1551 1604 11
3 1604 1605 11
3 1605 1606 11
3 1606 1607 11
3 1607 1608 11
3 1608 1609 11
3 1609 1610 11
3 1610 1611 11
3 1611 1669 11
3 1241 1260 1242
3 1242 1254 1243
3 1241 1258 1257
3 1241 1265 1256
3 1241 1255 1262
3 1241 1261 1258
3 1241 1262 1261
3 1241 1256 1255
3 1241 1263 1265
3 1241 1264 1263
3 1241 1259 1260
3 1241 1257 1259
3 1242 1260 1244
3 1242 1244 1247
3 1242 1247 1246
3 1242 1251 1252
3 1242 1252 1250
3 1242 1253 1254
3 1242 1250 1253
3 1242 1246 1248
3 1242 1248 1249
3 1242 1249 1245
3 1242 1245 1251
3 1243 1269 1270
3 1243 1270 1271
3 1243 1271 1272
3 1243 1254 1278
3 1243 1278 1269
3 1243 1272 1273
3 1243 1273 1274
3 1243 1274 1275
3 1243 1275 1276
3 1243 1276 1279
3 1276 1277 1279
3 1277 1280 1279
3 1279 1280 1281
3 1279 1281 1282
3 1279 1282 1283
3 1279 1283 1284
3 1279 1284 1285
3 1279 1285 1286
3 1285 1287 1286
3 1286 1287 1288
3 1063 4370 1064
3 1064 4370 1065
3 1065 4370 1238
3 1238 4370 1239
3 1239 4370 1240
3 1240 4370 1241
3 1241 4370 1264
3 1264 4370 1266
3 1669 1670 11
3 1670 1677 11
3 1677 1679 11
3 1679 1680 11
3 1680 4511 11
3 11 4511 4517
3 11 4517 4518
3 11 4518 4525
3 11 4525 4526
3 11 4452 4453
3 11 4526 4528
3 11 4528 4452
3 11 4453 4454
3 11 4454 4455
3 11 4609 4610
3 11 4455 4456
3 11 4456 4457
3 11 4457 4458
3 11 4458 4609
3 1291 4370 1292
3 1292 4370 1293
3 1295 4370 1296
3 1293 4370 1295
3 1294 1296 4370
3 1294 4370 1297
3 1297 4370 1298
3 1298 4370 1299
3 1299 4370 1300
3 1300 4370 1301
3 1301 4370 1302
3 1267 4370 1268
3 1266 4370 1267
3 1268 4370 1289
3 1289 4370 1290
3 1290 4370 1291
3 1302 4370 1303
3 1303 4370 1304
3 1304 4370 1305
3 1305 4370 1306
3 1306 4370 1307
3 1307 4370 1308
3 1308 4370 1309
3 1309 4370 1310
3 1310 4370 1311
3 1311 4370 1312
3 1312 4370 1313
3 1313 4370 1314
3 1314 4370 1315
3 1315 4370 1316
3 1316 4370 1317
3 1317 4370 1318
3 1318 4370 1319
3 1319 4370 1320
3 1320 4370 1321
3 1321 4370 1322
3 1322 4370 1323
3 1323 4370 1324
3 1324 4370 1325
3 1325 4370 1326
3 1326 4370 1327
3 1327 4370 1328
3 1328 4370 1329
3 1329 4370 1330
3 1330 4370 1331
3 1331 4370 1332
3 1332 4370 1333
3 1333 4370 1334
3 1334 4370 1335
3 1335 4370 1336
3 1336 4370 1337
3 1337 4370 1338
3 1338 4370 1339
3 1339 4370 1340
3 1340 4370 1341
3 1341 4370 1342
3 1342 4370 1343
3 1343 4370 1344
3 1344 4370 1345
3 1345 4370 1346
3 1346 4370 1347
3 1347 4370 1348
3 1348 4370 1349
3 1353 4370 1354
3 1354 4370 1355
3 1355 4370 1356
3 1356 4370 1357
3 1357 4370 1358
3 1358 4370 1359
3 1359 4370 1361
3 1361 4370 1362
3 1360 1362 4370
3 1360 4370 1612
3 1612 4370 1613
3 1584 1614 4370
3 1613 4370 1614
3 1349 4370 1350
3 1350 4370 1351
3 1351 4370 1352
3 1352 4370 1353
3 1600 4370 1601
3 1585 4370 1589
3 1590 1591 4370
3 1589 4370 1591
3 1584 4370 1585
3 1590 4370 1600
3 1601 4370 1602
3 1602 4370 1603
3 1603 4370 1615
3 1615 4370 1616
3 1616 4370 1617
3 1617 4370 1618
3 1363 1366 1364
3 1363 1368 1366
3 1363 1367 1368
3 1363 1369 1367
3 1363 1365 1369
3 1363 1370 1365
3 1363 1371 1370
3 1363 1373 1371
3 1363 1372 1373
3 1363 1374 1372
3 1363 4371 1374
3 1363 4372 4371
3 1363 4373 4372
3 1363 4374 4373
3 1363 4375 4374
3 1363 4376 4375
3 1363 1618 4370
3 1363 1375 1619
3 1424 1397 1425
3 1423 1397 1424
3 1426 1377 1397
3 1381 1382 1397
3 1382 1379 1397
3 1381 1397 1376
3 1376 1397 1377
3 1426 1397 1427
3 1428 1427 1397
3 1423 1428 1397
3 1384 1397 1380
3 1384 1383 1397
3 1386 1397 1378
3 1385 1378 1397
3 1385 1397 1383
3 1389 1391 1397
3 1392 1397 1391
3 1386 1387 1397
3 1388 1397 1387
3 1388 1389 1397
3 1379 1380 1397
3 1392 1390 1397
3 1390 1393 1397
3 1393 1394 1397
3 1394 1395 1397
3 1396 1398 1397
3 1398 1399 1397
3 1399 1400 1397
3 1400 1401 1397
3 1401 1402 1397
3 1402 1403 1397
3 1403 1404 1397
3 1404 1405 1397
3 1405 1406 1397
3 1406 1407 1397
3 1407 1408 1397
3 1408 1409 1397
3 1409 1410 1397
3 1410 1411 1397
3 1411 1412 1397
3 1397 1412 1413
3 1397 1413 1414
3 1397 1414 1415
3 1397 1415 1416
3 1397 1416 1417
3 1397 1417 1418
3 1397 1418 1474
3 1397 1474 1475
3 1397 1475 1476
3 1397 1476 1477
3 1397 1477 1478
3 1397 1478 1479
3 1397 1479 1480
3 1397 1480 1481
3 1397 1481 1482
3 1397 1482 1483
3 1397 1483 1484
3 1397 1484 1485
3 1397 1485 1486
3 1397 1486 1487
3 1397 1487 1488
3 1397 1488 1489
3 1435 1397 1436
3 1432 1397 1435
3 1436 1397 1437
3 1437 1397 1438
3 1438 1397 1439
3 1439 1397 1440
3 1440 1397 1441
3 1441 1397 1442
3 1442 1397 1443
3 1443 1397 1444
3 1444 1397 1445
3 1445 1397 1446
3 1429 1397 1430
3 1431 1397 1420
3 1430 1397 1431
3 1422 1425 1397
3 1422 1397 1429
3 1419 1420 1397
3 1433 1421 1397
3 1419 1397 1421
3 1433 1397 1434
3 1434 1397 1432
3 1446 1397 1447
3 1447 1397 1448
3 1448 1397 1449
3 1449 1397 1450
3 1450 1397 1451
3 1451 1397 1452
3 1452 1397 1453
3 1453 1397 1454
3 1454 1397 1455
3 1455 1397 1456
3 1456 1397 1457
3 1457 1397 1458
3 1458 1397 1459
3 1459 1397 1460
3 1460 1397 1461
3 1461 1397 1462
3 1462 1397 1463
3 1463 1397 1464
3 1464 1397 1465
3 1465 1397 1466
3 1466 1397 1467
3 1467 1397 1468
3 1468 1397 1469
3 1469 1397 1470
3 1470 1397 1471
3 1471 1397 1472
3 1472 1397 1745
3 1745 1397 1746
3 1746 1397 1747
3 1747 1397 1748
3 1748 1397 1749
3 1397 1489 1490
3 1397 1511 1529
3 1397 1527 1525
3 1397 1525 1526
3 1397 1523 1527
3 1397 1529 1528
3 1397 1524 1523
3 1397 1528 1524
3 1749 1397 1750
3 1397 1751 1750
3 1397 1752 1751
3 1397 1753 1752
3 1397 1754 1753
3 1397 1755 1754
3 1397 1756 1755
3 1397 1757 1756
3 1397 1758 1757
3 1397 1759 1758
3 1397 1760 1759
3 1397 1761 1760
3 1397 1762 1761
3 1397 1763 1762
3 1397 1764 1763
3 1397 1765 1764
3 1397 1766 1765
3 1397 1769 1766
3 1397 1767 1769
3 1397 1772 1773
3 1397 1773 1771
3 1397 1774 1772
3 1397 1775 1774
3 1397 1473 1775
3 1397 1515 1473
3 1397 1514 1515
3 1397 1517 1514
3 1397 1768 1767
3 1397 1770 1768
3 1397 1771 1770
3 1397 1519 1516
3 1397 1518 1519
3 1397 1521 1522
3 1397 1520 1521
3 1397 1522 1518
3 1397 1516 1517
3 1397 1526 1520
3 1397 1490 1491
3 1397 1491 1492
3 1397 1492 1493
3 1397 1493 1494
3 1397 1494 1495
3 1397 1495 1496
3 1397 1496 1497
3 1397 1497 1498
3 1397 1498 1499
3 1397 1499 1500
3 1397 1500 1501
3 1397 1501 1502
3 1397 1502 1503
3 1397 1503 1504
3 1397 1504 1505
3 1397 1505 1506
3 1397 1506 1507
3 1397 1507 1508
3 1397 1530 1532
3 1397 1508 1530
3 1397 1532 1531
3 1397 1531 1533
3 1397 1534 1535
3 1397 1536 1509
3 1397 1509 1510
3 1397 1535 1536
3 1397 1533 1534
3 1397 1510 1513
3 1397 1513 1512
3 1397 1512 1511
3 1065 1238 2218
3 1238 1239 2219
3 1239 1240 2220
3 1240 1241 2221
3 1241 1242 2224
3 1052 2217 1236
3 1236 2222 1237
3 1237 2223 1537
3 1242 1243 2225
3 1243 1279 2261
3 1245 2227 1251
3 1246 2228 1248
3 1246 1247 2229
3 1244 2226 1247
3 1248 2230 1249
3 1245 1249 2231
3 1251 2232 1252
3 1250 1252 2233
3 1250 2248 1253
3 1253 2249 1254
3 1254 2250 1278
3 1255 2234 1262
3 1255 1256 2235
3 1257 1258 2237
3 1259 2238 1260
3 1244 1260 2239
3 1257 2236 1259
3 1261 1262 2240
3 1258 1261 2241
3 1263 1264 2242
3 1256 1265 2244
3 1263 2243 1265
3 1266 1267 2246
3 1264 1266 2245
3 1267 1268 2247
3 1269 2251 1270
3 1270 2252 1271
3 1271 2253 1272
3 1272 2254 1273
3 1273 2255 1274
3 1274 2256 1275
3 1275 2257 1276
3 1276 2258 1277
3 1277 2259 1280
3 1269 1278 2260
3 1280 2262 1281
3 1281 2263 1282
3 1279 1286 2268
3 1282 2264 1283
3 1283 2265 1284
3 1284 2266 1285
3 1286 1288 2268
3 1285 2267 1287
3 1287 2269 1288
3 1292 1293 2275
3 1293 1295 2277
3 1294 2276 1296
3 1295 1296 2278
3 1294 1297 2279
3 1297 1298 2280
3 1298 1299 2281
3 1268 1289 2271
3 1289 1290 2272
3 1290 1291 2273
3 1291 1292 2274
3 1299 1300 2288
3 1300 1301 2289
3 1301 1302 2290
3 1302 1303 2291
3 1303 1304 2282
3 1304 1305 2283
3 1305 1306 2284
3 1306 1307 2286
3 1307 1308 2285
3 1308 1309 2287
3 1309 1310 2292
3 1310 1311 2294
3 1311 1312 2293
3 1312 1313 2295
3 1313 1314 2296
3 1314 1315 2297
3 1315 1316 2298
3 1316 1317 2299
3 1317 1318 2399
3 1318 1319 2400
3 1319 1320 2398
3 1320 1321 2411
3 1321 1322 2412
3 1322 1323 2413
3 1323 1324 2414
3 1324 1325 2415
3 1325 1326 2416
3 1326 1327 2417
3 1327 1328 2419
3 1328 1329 2418
3 1329 1330 2420
3 1330 1331 2421
3 1331 1332 2422
3 1332 1333 2423
3 1333 1334 2424
3 1334 1335 2426
3 1335 1336 2425
3 1336 1337 2489
3 1337 1338 2490
3 1338 1339 2491
3 1339 1340 2492
3 1340 1341 2493
3 1341 1342 2494
3 1342 1343 2495
3 1343 1344 2496
3 1344 1345 2497
3 1345 1346 2498
3 1346 1347 2480
3 1347 1348 2481
3 1348 1349 2482
3 1349 1350 2483
3 1350 1351 2484
3 1351 1352 2485
3 1352 1353 2486
3 1353 1354 2487
3 1354 1355 2488
3 1355 1356 2499
3 1356 1357 2500
3 1357 1358 2501
3 1358 1359 2502
3 1361 1362 2505
3 1359 1361 2504
3 1360 2503 1362
3 1552 1553 1554
3 1553 1555 1554
3 1554 1555 1560
3 1555 1556 1560
3 1556 1557 1560
3 1557 1558 1560
3 1558 1559 1560
3 1559 1561 1560
3 1560 1561 1562
3 1560 1562 1566
3 1562 1563 1566
3 1563 1564 1566
3 1564 1565 1566
3 1565 1567 1566
3 1566 1567 1568
3 1566 1568 1569
3 1566 1569 1570
3 1566 1570 1571
3 1571 1573 1572
3 1566 1571 1572
3 1587 1600 1588
3 1596 1600 1597
3 1595 1599 1600
3 1595 1600 1596
3 1586 1600 1599
3 1586 1588 1600
3 1587 1590 1600
3 1572 1573 1574
3 1572 1574 1575
3 1572 1575 1576
3 1572 1576 1577
3 1572 1578 1580
3 1572 1580 1579
3 1572 1581 1582
3 1572 1579 1581
3 1572 1577 1578
3 1572 1583 1600
3 1572 1582 1583
3 1583 1598 1600
3 1592 1600 1598
3 1592 1594 1600
3 1593 1600 1594
3 1593 1597 1600
3 1607 1633 1608
3 1609 1624 1610
3 1608 1628 1609
3 1611 1676 1669
3 1610 1649 1611
3 1611 1651 1676
3 1610 1653 1649
3 1610 1622 1653
3 1611 1650 1651
3 1611 1652 1650
3 1611 1649 1652
3 1363 1619 1618
3 1605 1782 1606
3 1606 1642 1607
3 1619 1646 1620
3 1619 1620 1630
3 1608 1638 1628
3 1608 1631 1638
3 1609 1626 1625
3 1610 1623 1622
3 1610 1624 1623
3 1609 1625 1624
3 1609 1627 1626
3 1609 1628 1627
3 1607 1634 1633
3 1607 1639 1634
3 1608 1633 1632
3 1608 1632 1631
3 1607 1640 1639
3 1607 1641 1640
3 1607 1642 1641
3 1620 1621 1636
3 1617 1618 1804
3 1606 1780 1778
3 1606 1781 1780
3 1606 1779 1781
3 1606 1776 1642
3 1606 1777 1776
3 1606 1778 1777
3 1606 1782 1779
3 1605 1794 1782
3 1605 1795 1794
3 1605 1796 1795
3 1618 1619 1788
3 1619 1630 1786
3 1620 1645 1629
3 1620 1629 1630
3 1619 1786 1783
3 1619 1784 1785
3 1619 1783 1784
3 1618 1788 1789
3 1618 1789 1790
3 1619 1787 1788
3 1619 1785 1787
3 1620 1644 1643
3 1621 1668 1635
3 1621 1635 1637
3 1620 1636 1644
3 1621 1637 1636
3 1620 1643 1645
3 1375 1646 1619
3 1363 1734 1375
3 1367 1369 1735
3 1364 1730 1363
3 1364 1366 1730
3 1366 1368 1736
3 1367 1737 1368
3 1365 1738 1369
3 1365 1370 4560
3 1370 1371 4558
3 1371 1373 4558
3 1372 4559 1373
3 1620 1646 1621
3 1621 1646 1647
3 1646 1648 1647
3 1646 1655 1648
3 1655 1654 1648
3 1654 1656 1664
3 1654 1655 1656
3 1621 1647 1667
3 1647 1648 1658
3 1647 1659 1660
3 1647 1658 1659
3 1648 1657 1658
3 1647 1660 1665
3 1647 1665 1667
3 1621 1667 1666
3 1621 1666 1668
3 1648 1654 1663
3 1648 1663 1661
3 1648 1661 1657
3 1654 1664 1662
3 1654 1662 1663
3 1375 1734 1646
3 1669 1671 1670
3 1670 1673 1687
3 1669 1674 1675
3 1669 1675 1671
3 1669 1676 1674
3 1670 1672 1673
3 1670 1671 1672
3 1671 1675 1702
3 1671 1701 1672
3 1674 1691 1675
3 1651 1693 1676
3 1674 1676 1694
3 1670 1688 1677
3 1670 1687 1688
3 1677 1688 1689
3 1677 1678 1679
3 1677 1689 1690
3 1677 1690 1678
3 1678 1681 1679
3 1679 1681 1682
3 1679 1682 1683
3 1679 1683 1680
3 1680 1683 1686
3 1680 1686 1684
3 1680 1684 1685
3 1680 1685 4512
3 1689 1696 1690
3 1678 1690 1698
3 1678 1697 1681
3 1681 1697 1682
3 1682 1700 1683
3 1683 1699 1686
3 1684 1686 4539
3 1684 4539 1685
3 1673 1703 1687
3 1687 1695 1688
3 1672 1701 1673
3 1688 1695 1689
3 1671 1702 1701
3 1675 1691 1702
3 1651 1692 1693
3 1676 1693 1694
3 1674 1694 1691
3 1691 1694 1732
3 1689 1695 1696
3 1690 1696 1698
3 1678 1698 1697
3 1682 1697 1700
3 1683 1700 1699
3 1686 1699 4539
3 1673 1701 1703
3 1687 1703 1695
3 1695 1703 1736
3 1695 1737 1696
3 1701 1702 1734
3 1691 1731 1702
3 1701 1730 1703
3 1695 1736 1737
3 1703 1730 1736
3 1697 1698 1738
3 1696 1735 1698
3 1697 1739 1700
3 1699 1700 1739
3 1698 1735 1738
3 1696 1737 1735
3 1697 1738 1739
3 1699 1739 4560
3 1624 1625 1722
3 1625 1626 1704
3 1626 1627 1705
3 1627 1628 1705
3 1628 1638 1707
3 1636 1744 1644
3 1636 1637 1744
3 1644 1715 1643
3 1643 1716 1645
3 1629 1645 1717
3 1629 1718 1630
3 1630 1718 1786
3 1631 1632 1709
3 1633 1634 1708
3 1632 1633 1710
3 1638 1631 1709
3 1640 1712 1639
3 1640 1641 1712
3 1634 1639 1711
3 1641 1642 1713
3 1642 1776 1714
3 1625 1704 1722
3 1626 1705 1704
3 1638 1706 1707
3 1628 1707 1705
3 1705 1707 1740
3 1634 1711 1708
3 1633 1708 1710
3 1638 1709 1706
3 1632 1710 1709
3 1639 1712 1711
3 1641 1713 1712
3 1642 1714 1713
3 1644 1744 1715
3 1643 1715 1716
3 1629 1717 1718
3 1645 1716 1717
3 1706 1743 1707
3 1706 1709 1744
3 1709 1710 1715
3 1708 1716 1710
3 1706 1744 1743
3 1709 1715 1744
3 1710 1716 1715
3 1711 1712 1718
3 1712 1713 1837
3 1713 1714 1838
3 1708 1711 1717
3 1708 1717 1716
3 1711 1718 1717
3 1712 1837 1718
3 1656 1733 1664
3 1655 1732 1656
3 1659 1729 1660
3 1660 1724 1665
3 1658 1729 1659
3 1657 1661 1725
3 1661 1663 1726
3 1662 1664 1727
3 1662 1727 1663
3 1657 1729 1658
3 1649 1653 1720
3 1649 1719 1652
3 1650 1652 1719
3 1650 1692 1651
3 1622 1723 1653
3 1622 1623 1721
3 1623 1624 1721
3 1368 1737 1736
3 1646 1731 1655
3 1363 1730 1734
3 1366 1736 1730
3 1365 1739 1738
3 1367 1735 1737
3 1369 1738 1735
3 1365 4560 1739
3 1370 4558 4560
3 1646 1734 1731
3 1665 1741 1667
3 1666 1667 1741
3 1666 1742 1668
3 1635 1668 1740
3 1635 1743 1637
3 1653 1723 1720
3 1650 1719 1692
3 1649 1720 1719
3 1622 1721 1723
3 1624 1722 1721
3 1656 1732 1733
3 1660 1729 1728
3 1660 1728 1724
3 1657 1725 1729
3 1661 1726 1725
3 1663 1727 1726
3 1664 1733 1727
3 1721 1728 1723
3 1720 1723 1729
3 1692 1727 1693
3 1692 1719 1726
3 1693 1733 1694
3 1694 1733 1732
3 1719 1720 1725
3 1719 1725 1726
3 1693 1727 1733
3 1692 1726 1727
3 1721 1722 1724
3 1704 1741 1722
3 1723 1728 1729
3 1721 1724 1728
3 1704 1705 1742
3 1704 1742 1741
3 1722 1741 1724
3 1720 1729 1725
3 1655 1731 1732
3 1702 1731 1734
3 1691 1732 1731
3 1701 1734 1730
3 1668 1742 1740
3 1665 1724 1741
3 1666 1741 1742
3 1635 1740 1743
3 1637 1743 1744
3 1705 1740 1742
3 1707 1743 1740
3 1539 2662 1540
3 1540 2663 1541
3 1541 2664 1542
3 1542 2665 1543
3 1543 2666 1544
3 1544 2707 1545
3 1545 2708 1546
3 1546 2751 1547
3 1547 2750 1548
3 1548 2752 1549
3 1549 2753 1550
3 1550 2756 1551
3 1551 2757 1604
3 1537 2660 1538
3 1538 2661 1539
3 1552 1554 2673
3 1552 2673 1553
3 1553 2674 1555
3 1555 2676 1556
3 1556 2677 1557
3 1571 2714 1573
3 1557 2703 1558
3 1554 1560 2706
3 1558 2704 1559
3 1559 2705 1561
3 1561 2715 1562
3 1562 2716 1563
3 1563 2717 1564
3 1565 2709 1567
3 1564 2718 1565
3 1560 1566 2719
3 1567 2710 1568
3 1568 2711 1569
3 1569 2713 1570
3 1570 2712 1571
3 1566 1572 2720
3 1573 2722 1574
3 1574 2723 1575
3 1575 2721 1576
3 1576 2724 1577
3 1577 2725 1578
3 1579 2728 1581
3 1579 1580 2729
3 1578 2726 1580
3 1582 2731 1583
3 1581 2730 1582
3 1583 2727 1598
3 1584 2732 1614
3 1584 1585 2733
3 1586 2734 1588
3 1587 1588 2736
3 1587 2735 1590
3 1589 1591 2739
3 1590 2738 1591
3 1585 1589 2737
3 1592 2740 1594
3 1593 1594 2742
3 1596 1597 2745
3 1595 2743 1599
3 1595 1596 2744
3 1593 2741 1597
3 1592 1598 2746
3 1586 1599 2747
3 1572 1600 2748
3 1600 1601 2749
3 1601 1602 2754
3 1602 1603 2755
3 1617 1804 1805
3 1617 1805 1792
3 1617 1792 1793
3 1617 1793 1806
3 1617 1806 1807
3 1605 1797 1800
3 1605 1798 1797
3 1605 1813 1798
3 1605 1799 1796
3 1605 1800 1799
3 1605 1814 1813
3 1605 1815 1814
3 1605 1816 1815
3 1618 1790 1791
3 1618 1791 1801
3 1618 1801 1802
3 1618 1802 1803
3 1618 1803 1804
3 1617 1807 1808
3 1617 1808 1809
3 1617 1809 1810
3 1617 1810 1811
3 1617 1811 1812
3 1617 1812 1819
3 1604 2764 1605
3 1360 1612 2758
3 1613 1614 2760
3 1612 1613 2759
3 1603 1615 2761
3 1615 1616 2762
3 1616 1617 2763
3 1605 2764 1816
3 1778 1835 1777
3 1778 1780 1836
3 1780 1781 1836
3 1779 1836 1781
3 1782 1794 1833
3 1779 1782 1832
3 1776 1777 1834
3 1784 1839 1785
3 1785 1840 1787
3 1718 1783 1786
3 1783 1837 1784
3 1787 1840 1788
3 1788 1841 1789
3 1789 1842 1790
3 1790 1842 1791
3 1794 1795 1833
3 1795 1796 1844
3 1796 1799 1846
3 1799 1800 1846
3 1800 1797 1848
3 1797 1798 1848
3 1803 1853 1804
3 1791 1843 1801
3 1801 1851 1802
3 1802 1852 1803
3 1804 1853 1805
3 1792 1805 1854
3 1792 1855 1793
3 1793 1856 1806
3 1778 1836 1835
3 1779 1831 1836
3 1779 1832 1831
3 1782 1833 1832
3 1714 1776 1834
3 1777 1835 1834
3 1783 1718 1837
3 1784 1837 1838
3 1784 1838 1839
3 1785 1839 1840
3 1788 1840 1841
3 1789 1841 1842
3 1791 1842 1843
3 1714 1834 1839
3 1714 1839 1838
3 1834 1835 1840
3 1835 1836 1841
3 1834 1840 1839
3 1835 1841 1840
3 1713 1838 1837
3 1831 1842 1836
3 1836 1842 1841
3 1831 1843 1842
3 1831 1832 1843
3 1832 1833 1850
3 1832 1850 1843
3 1795 1844 1833
3 1796 1845 1844
3 1796 1846 1845
3 1800 1847 1846
3 1800 1848 1847
3 1798 1849 1848
3 1844 1845 1852
3 1845 1846 1853
3 1846 1847 1854
3 1847 1848 1855
3 1848 1849 1856
3 1801 1843 1850
3 1801 1850 1851
3 1802 1851 1852
3 1803 1852 1853
3 1805 1853 1854
3 1792 1854 1855
3 1793 1855 1856
3 1833 1844 1851
3 1833 1851 1850
3 1844 1852 1851
3 1845 1853 1852
3 1846 1854 1853
3 1847 1855 1854
3 1848 1856 1855
3 1807 1863 1808
3 1808 1863 1809
3 1798 1813 1849
3 1813 1814 1857
3 1814 1815 1857
3 1816 1817 1859
3 1817 1818 1860
3 1809 1864 1810
3 1810 1865 1811
3 1811 1866 1812
3 1815 1816 1859
3 1806 1862 1807
3 1818 1825 1861
3 1825 1826 1868
3 1812 1867 1819
3 1819 1874 1820
3 1820 1875 1821
3 1821 1876 1822
3 1826 1827 1869
3 1827 1828 1870
3 1828 1829 1871
3 1829 1830 1872
3 1830 2507 1872
3 1822 1878 1823
3 1823 1879 1824
3 1880 2506 1824
3 1813 1857 1849
3 1815 1858 1857
3 1815 1859 1858
3 1817 1860 1859
3 1818 1861 1860
3 1849 1857 1862
3 1857 1863 1862
3 1857 1858 1863
3 1858 1864 1863
3 1858 1859 1864
3 1859 1860 1865
3 1859 1865 1864
3 1860 1866 1865
3 1860 1861 1866
3 1861 1867 1866
3 1861 1868 1867
3 1806 1856 1862
3 1807 1862 1863
3 1809 1863 1864
3 1810 1864 1865
3 1811 1865 1866
3 1812 1866 1867
3 1849 1862 1856
3 1825 1868 1861
3 1826 1869 1868
3 1827 1870 1869
3 1828 1871 1870
3 1829 1872 1871
3 1872 2507 1873
3 1868 1874 1867
3 1868 1869 1874
3 1869 1875 1874
3 1869 1870 1875
3 1870 1876 1875
3 1870 1871 1876
3 1871 1877 1876
3 1871 1872 1877
3 1872 1873 1878
3 1873 2590 1879
3 1819 1867 1874
3 1820 1874 1875
3 1821 1875 1876
3 1822 1876 1877
3 1822 1877 1878
3 1823 1878 1879
3 1880 1824 1879
3 1872 1878 1877
3 1873 1879 1878
3 1880 1879 2590
3 1935 2021 2022
3 1936 2022 2023
3 1938 2023 2024
3 1881 1882 1895
3 1882 1883 1896
3 1883 1884 1897
3 1884 1885 1898
3 1885 1886 1899
3 1886 1887 1900
3 1888 1900 1887
3 1888 1889 1901
3 1889 1890 1903
3 1890 1891 1904
3 1890 1904 1903
3 1892 1893 1934
3 1891 1892 1905
3 1891 1905 1904
3 1892 1934 1905
3 1881 1895 1894
3 1882 1896 1895
3 1883 1897 1896
3 1884 1898 1897
3 1885 1899 1898
3 1886 1900 1899
3 1888 1901 1900
3 1889 1902 1901
3 1889 1903 1902
3 1189 1883 1882
3 1190 1884 1883
3 1191 1885 1884
3 1192 1886 1885
3 1886 1960 1887
3 1888 1887 1961
3 1888 1962 1889
3 1889 1964 1890
3 1890 1965 1891
3 1891 1966 1892
3 1893 1971 1909
3 1906 1909 1973
3 1906 1974 1907
3 1892 1970 1893
3 1910 1969 1934
3 1201 1896 1897
3 1202 1897 1898
3 1203 1898 1899
3 1899 1900 1982
3 1900 1901 1983
3 1901 1902 1984
3 1902 1903 1985
3 1903 1904 1986
3 1904 1905 1963
3 1905 1934 1968
3 1893 1909 1910
3 1906 1911 1909
3 1893 1910 1934
3 1906 1907 1915
3 1909 1911 1910
3 1906 1915 1911
3 1908 1913 1918
3 1912 1918 1913
3 1907 1908 1917
3 1907 1917 1915
3 1912 1914 1928
3 1908 1918 1917
3 1912 1927 1918
3 1920 1921 1932
3 1923 1932 1921
3 1924 1925 2093
3 1923 1924 2101
3 1923 2101 2100
3 1916 1926 1930
3 1914 1916 1929
3 1914 1929 1928
3 1919 1931 1926
3 1919 1920 1933
3 1916 1930 1929
3 1926 1931 1930
3 1912 1928 1927
3 1919 1933 1931
3 1920 1932 1933
3 1923 2100 1932
3 1919 1926 1989
3 1907 1978 1908
3 1912 1913 1979
3 1908 1979 1913
3 1910 1911 1975
3 1911 1915 1976
3 1915 1917 1977
3 1912 1981 1914
3 1914 1987 1916
3 1916 1988 1926
3 1917 1918 1998
3 1927 1928 2001
3 1918 1927 2000
3 1919 1994 1920
3 1920 1993 1921
3 1923 1921 1995
3 1924 1996 1925
3 1923 1996 1924
3 1925 2018 1922
3 2017 2090 1922
3 1949 2091 2088
3 2015 2088 2089
3 2013 2089 2090
3 1929 1930 2003
3 1930 1931 2005
3 1931 1933 2004
3 1928 1929 1997
3 1932 2019 1933
3 1932 2100 2020
3 2006 2100 2101
3 565 2021 1935
3 1935 2022 1936
3 1936 2023 1937
3 1937 2023 1938
3 1938 2024 1939
3 1939 2025 1940
3 1940 2025 1941
3 1941 2026 1942
3 1954 2069 1957
3 1955 1956 2061
3 1949 1955 2091
3 1956 1957 2061
3 1191 1192 1885
3 1192 1960 1886
3 1887 1960 1961
3 1888 1961 1962
3 1889 1962 1964
3 1890 1964 1965
3 1892 1966 1970
3 1893 1970 1972
3 1893 1972 1971
3 1891 1965 1966
3 1909 1971 1973
3 1906 1973 1974
3 1908 1978 1979
3 1907 1974 1978
3 1934 1969 1968
3 1910 1975 1969
3 1911 1976 1975
3 1202 1898 1203
3 1203 1899 1982
3 1900 1983 1982
3 1901 1984 1983
3 1902 1985 1984
3 1903 1986 1985
3 1904 1963 1986
3 1905 1967 1963
3 1905 1968 1967
3 1065 2213 1188
3 1049 1199 2214
3 1918 1999 1998
3 1918 2000 1999
3 1929 2003 1997
3 1927 2001 2000
3 1928 1997 2001
3 1916 1987 1988
3 1926 1988 1989
3 1919 1989 1994
3 1921 1993 1995
3 1920 1994 1992
3 1920 1992 1993
3 1912 1979 1980
3 1912 1980 1981
3 1914 1981 2002
3 1914 2002 1987
3 1915 1977 1976
3 1917 1998 1977
3 2006 2101 2007
3 2009 2094 2010
3 2007 2093 2011
3 2009 2011 2094
3 1930 2005 2003
3 1931 2004 2005
3 1933 2019 2004
3 1932 2020 2019
3 2016 2020 2100
3 2006 2016 2100
3 1925 1991 1990
3 1925 1990 2018
3 2017 1922 2018
3 1923 1995 1996
3 1925 1996 1991
3 2014 2015 2089
3 2013 2014 2089
3 1949 2088 2015
3 2013 2090 2017
3 1188 2213 1189
3 1189 2213 1190
3 1190 2213 1191
3 1191 2213 1192
3 1192 2213 1960
3 1960 2213 1961
3 1961 2213 1962
3 1962 2213 1964
3 2002 2207 1987
3 1963 2210 1986
3 1963 1967 2210
3 1967 1968 2210
3 1968 1969 2210
3 1965 2212 1966
3 1966 2212 1970
3 1971 2211 1973
3 1971 1972 2212
3 1970 2212 1972
3 1964 2213 1965
3 1969 1975 2210
3 1975 1976 2210
3 1977 1998 2209
3 1998 1999 2209
3 1976 1977 2209
3 1973 2211 1974
3 1974 2211 1978
3 1978 2211 1979
3 1979 2211 1980
3 1980 2211 1981
3 1981 2211 2002
3 1199 1200 2214
3 1200 1201 2214
3 1201 1202 2214
3 1202 1203 2214
3 1203 1982 2210
3 1982 1983 2210
3 1983 1984 2210
3 1984 1985 2210
3 1050 2214 2215
3 1051 2215 2216
3 1052 2216 2217
3 1985 1986 2210
3 571 2022 2021
3 571 2023 2022
3 2024 2023 2027
3 571 572 2023
3 572 2027 2023
3 2024 2027 2028
3 2024 2028 2025
3 2025 2042 2026
3 2025 2028 2042
3 2026 2042 2043
3 2026 2043 2029
3 2029 2044 2030
3 2029 2043 2044
3 2030 2045 2031
3 2031 2046 2032
3 2032 2047 2033
3 2030 2044 2045
3 2031 2045 2046
3 2032 2046 2047
3 2033 2048 2034
3 2034 2049 2035
3 2033 2047 2048
3 2035 2050 2036
3 2036 2051 2037
3 2034 2048 2049
3 2035 2049 2050
3 2036 2050 2051
3 2037 2052 2038
3 2038 2053 2039
3 2039 2054 2040
3 2040 2055 2041
3 2037 2051 2052
3 2038 2052 2053
3 2039 2053 2054
3 2040 2054 2055
3 2067 2103 2069
3 2061 2069 2102
3 2067 2068 2081
3 2062 2082 2068
3 2062 2066 2082
3 2069 2103 2102
3 2067 2081 2103
3 2041 2073 2070
3 2070 2074 2071
3 2071 2075 2072
3 2056 2072 2076
3 2041 2055 2073
3 2070 2073 2074
3 2071 2074 2075
3 2072 2075 2076
3 2056 2077 2057
3 2057 2079 2058
3 2058 2079 2059
3 2059 2085 2060
3 2056 2076 2077
3 2057 2077 2078
3 2057 2078 2079
3 2059 2079 2085
3 2063 2064 2087
3 2060 2086 2064
3 2063 2080 2065
3 2065 2080 2066
3 2066 2080 2083
3 2060 2085 2086
3 2064 2086 2087
3 2063 2087 2080
3 2068 2082 2084
3 2066 2083 2082
3 2068 2084 2081
3 1939 2024 2025
3 1941 2025 2026
3 1942 2026 2029
3 1943 2029 2030
3 1945 2030 2031
3 1946 2031 2032
3 2027 2104 2028
3 2028 2105 2042
3 2042 2107 2043
3 2043 2108 2044
3 1947 2032 2033
3 2033 2034 2121
3 2034 2035 2122
3 2035 2036 2123
3 2036 2037 2125
3 2037 2038 2126
3 2038 2039 2127
3 2039 2040 2129
3 2040 2041 2130
3 2044 2109 2045
3 2045 2111 2046
3 2046 2112 2047
3 2047 2114 2048
3 2048 2120 2049
3 2049 2115 2050
3 2050 2117 2051
3 2051 2118 2052
3 2052 2119 2053
3 2053 2134 2054
3 2054 2135 2055
3 2041 2070 2132
3 2070 2071 2153
3 2071 2072 2154
3 2056 2156 2072
3 2056 2057 2157
3 2057 2058 2159
3 2058 2059 2160
3 2059 2060 2163
3 2060 2064 2162
3 1953 2066 2062
3 1955 2061 2092
3 1955 2092 2091
3 1957 2069 2061
3 1959 2068 2067
3 1954 2067 2069
3 1952 2062 2068
3 2063 2164 2064
3 2063 2065 2165
3 1950 2065 2066
3 2081 2143 2103
3 2055 2137 2073
3 2073 2166 2074
3 2074 2167 2075
3 2075 2169 2076
3 2076 2170 2077
3 2077 2138 2078
3 2078 2140 2079
3 2079 2141 2085
3 2080 2144 2083
3 2085 2146 2086
3 2086 2145 2087
3 2080 2087 2147
3 2082 2149 2084
3 2082 2083 2151
3 2081 2084 2152
3 2088 2091 2097
3 2089 2088 2095
3 2090 2089 2099
3 1925 1922 2094
3 1922 2090 2098
3 1924 2093 2101
3 1925 2094 2093
3 1922 2098 2094
3 2090 2099 2098
3 2091 2092 2096
3 2061 2102 2092
3 2089 2095 2099
3 2088 2097 2095
3 2091 2096 2097
3 2092 2102 2096
3 2007 2101 2093
3 2011 2093 2094
3 2010 2094 2098
3 2008 2099 2095
3 2012 2098 2099
3 2095 2097 2196
3 2096 2197 2097
3 2102 2103 2199
3 2096 2102 2200
3 575 2104 2027
3 1942 2029 1943
3 1943 2030 1944
3 1944 2030 1945
3 1945 2031 1946
3 1946 2032 1947
3 1947 2033 1948
3 2028 2104 2105
3 2042 2105 2106
3 2042 2106 2107
3 2043 2107 2108
3 2044 2108 2109
3 2045 2109 2110
3 2045 2110 2111
3 2046 2111 2112
3 2047 2112 2114
3 1948 2033 2121
3 2034 2122 2121
3 2035 2123 2122
3 2036 2124 2123
3 2036 2125 2124
3 2037 2126 2125
3 2038 2127 2126
3 2039 2128 2127
3 2039 2129 2128
3 2040 2130 2129
3 2041 2131 2130
3 2041 2132 2131
3 2048 2114 2113
3 2048 2113 2120
3 2049 2120 2115
3 2050 2115 2116
3 2050 2116 2117
3 2051 2117 2118
3 2052 2118 2119
3 2053 2119 2133
3 2053 2133 2134
3 2054 2134 2135
3 2055 2135 2137
3 2070 2153 2132
3 2071 2154 2153
3 2072 2155 2154
3 2072 2156 2155
3 2080 2148 2144
3 2083 2144 2151
3 2081 2152 2143
3 2103 2143 2199
3 2084 2150 2152
3 2084 2149 2150
3 2082 2151 2149
3 2056 2157 2156
3 2057 2159 2157
3 2058 2158 2159
3 2059 2163 2160
3 2058 2160 2158
3 2064 2161 2162
3 2064 2164 2161
3 2060 2162 2163
3 1951 2066 1953
3 1950 2066 1951
3 1952 1953 2062
3 2063 2165 2164
3 1950 2165 2065
3 1958 2068 1959
3 1952 2068 1958
3 1954 1959 2067
3 2073 2137 2136
3 2073 2136 2166
3 2074 2166 2167
3 2075 2167 2168
3 2075 2168 2169
3 2076 2169 2170
3 2077 2170 2138
3 2078 2138 2139
3 2078 2139 2140
3 2079 2140 2141
3 2085 2141 2142
3 2086 2146 2145
3 2087 2145 2147
3 2085 2142 2146
3 2080 2147 2148
3 1935 1936 2177
3 1936 1937 2177
3 1937 1938 2177
3 1938 1939 2177
3 589 2105 2104
3 589 2106 2105
3 2106 2171 2107
3 2107 2171 2108
3 2108 2171 2109
3 2109 2171 2110
3 2110 2172 2111
3 2111 2172 2112
3 2112 2172 2114
3 2113 2114 2173
3 2113 2173 2120
3 2116 2174 2117
3 2117 2174 2118
3 2118 2174 2119
3 2119 2174 2133
3 2115 2120 2173
3 2115 2173 2116
3 1942 1943 2178
3 1939 1940 2177
3 1940 1941 2178
3 1941 1942 2178
3 1943 1944 2178
3 1944 1945 2179
3 1945 1946 2179
3 1946 1947 2179
3 1947 1948 2179
3 1948 2121 2180
3 2121 2122 2180
3 2122 2123 2180
3 2123 2124 2180
3 2124 2125 2181
3 2125 2126 2181
3 2126 2127 2181
3 2127 2128 2182
3 2128 2129 2182
3 2129 2130 2182
3 2130 2131 2182
3 2131 2132 2183
3 2132 2153 2183
3 1955 2194 1956
3 1949 2015 2194
3 1949 2194 1955
3 2138 2170 2185
3 2138 2185 2139
3 2139 2185 2140
3 2142 2186 2146
3 2140 2186 2141
3 2141 2186 2142
3 2145 2146 2186
3 2145 2187 2147
3 2147 2187 2148
3 2144 2148 2187
3 2149 2151 2188
3 2149 2188 2150
3 2150 2188 2152
3 2143 2201 2199
3 2143 2152 2201
3 2144 2188 2151
3 2153 2154 2183
3 2154 2155 2189
3 2156 2157 2189
3 2155 2156 2189
3 2157 2159 2189
3 2158 2190 2159
3 2158 2160 2190
3 2160 2163 2190
3 2162 2191 2163
3 2161 2164 2191
3 2161 2191 2162
3 1951 1953 2192
3 1952 2192 1953
3 1952 1958 2193
3 2164 2165 2191
3 1950 2192 2165
3 1950 1951 2192
3 1954 2193 1959
3 1954 1957 2193
3 1958 1959 2193
3 1956 2194 1957
3 589 2171 2106
3 2110 2171 2172
3 2114 2172 2173
3 2133 2175 2134
3 2134 2175 2135
3 2135 2176 2137
3 2136 2137 2176
3 2116 2173 2174
3 2133 2174 2175
3 1940 2178 2177
3 1944 2179 2178
3 1948 2180 2179
3 2124 2181 2180
3 2127 2182 2181
3 2131 2183 2182
3 589 2177 2171
3 2171 2178 2172
3 2172 2179 2173
3 2173 2179 2180
3 2135 2175 2176
3 2173 2180 2174
3 2174 2181 2175
3 2174 2180 2181
3 2175 2181 2182
3 2175 2182 2176
3 2176 2182 2183
3 2171 2177 2178
3 2172 2178 2179
3 2136 2176 2166
3 2166 2184 2167
3 2167 2184 2168
3 2168 2184 2169
3 2169 2185 2170
3 2140 2185 2186
3 2145 2186 2187
3 2144 2187 2188
3 2152 2188 2201
3 2154 2189 2183
3 2159 2190 2189
3 2163 2191 2190
3 1957 2194 2193
3 2165 2192 2191
3 1952 2193 2192
3 2166 2176 2184
3 2169 2184 2185
3 2176 2183 2184
3 2184 2183 2189
3 2184 2189 2185
3 2185 2189 2190
3 2185 2190 2186
3 2186 2191 2187
3 2187 2192 2188
3 2188 2193 2201
3 2186 2190 2191
3 2187 2191 2192
3 2188 2192 2193
3 2193 2194 2201
3 2096 2200 2197
3 2097 2195 2196
3 2097 2197 2195
3 2008 2095 2196
3 2010 2098 2012
3 2008 2012 2099
3 2102 2199 2198
3 2102 2198 2200
3 2006 2007 2205
3 1987 2207 1988
3 1989 1988 2207
3 1994 1989 2207
3 1992 2206 1993
3 1993 2206 1995
3 1995 2206 1996
3 1992 1994 2207
3 2014 2204 2015
3 2013 2204 2014
3 2006 2205 2016
3 2017 2018 2204
3 1991 1996 2206
3 1990 1991 2206
3 1990 2204 2018
3 2013 2017 2204
3 1997 2003 2208
3 2005 2208 2003
3 1999 2000 2209
3 2000 2001 2209
3 1997 2209 2001
3 2019 2020 2205
3 2004 2019 2208
3 2004 2208 2005
3 2016 2205 2020
3 2197 2200 2202
3 2195 2202 2196
3 2008 2196 2202
3 2195 2197 2202
3 2009 2203 2011
3 2008 2203 2012
3 2009 2010 2203
3 2010 2012 2203
3 2007 2011 2205
3 2198 2199 2201
3 2198 2201 2200
3 2002 2211 2207
3 1965 2213 2212
3 1976 2209 2210
3 1971 2212 2211
3 1203 2210 2214
3 2011 2203 2205
3 2200 2201 2202
3 2008 2202 2203
3 2015 2204 2194
3 1990 2206 2204
3 1992 2207 2206
3 1997 2208 2209
3 2019 2205 2208
3 2201 2194 2202
3 2202 2194 2204
3 2202 2204 2203
3 2203 2204 2206
3 2203 2206 2205
3 2205 2206 2207
3 2205 2207 2208
3 2208 2211 2209
3 2209 2212 2210
3 2208 2207 2211
3 2209 2211 2212
3 2210 2212 2213
3 2210 2213 2218
3 2214 2218 2219
3 2210 2218 2214
3 2214 2219 2215
3 2215 2220 2216
3 1376 1377 2300
3 1381 1376 2301
3 1386 1378 2302
3 1379 2303 1380
3 1384 1380 2304
3 1381 2306 1382
3 1382 2305 1379
3 1384 2308 1383
3 1385 1383 2307
3 1385 2309 1378
3 1386 2310 1387
3 1388 1387 2311
3 1388 2312 1389
3 1392 2316 1390
3 1390 2314 1393
3 1389 2313 1391
3 1392 1391 2315
3 1393 2331 1394
3 1394 2332 1395
3 1397 1395 2333
3 1396 2334 1398
3 1397 2335 1396
3 1398 2336 1399
3 1399 2337 1400
3 1400 2338 1401
3 1401 2340 1402
3 1402 2339 1403
3 1403 2341 1404
3 1404 2342 1405
3 1405 2317 1406
3 1416 2328 1417
3 1417 2329 1418
3 1418 2330 1474
3 1406 2318 1407
3 1407 2319 1408
3 1408 2320 1409
3 1409 2321 1410
3 1410 2322 1411
3 1411 2323 1412
3 1412 2324 1413
3 1413 2327 1414
3 1414 2325 1415
3 1415 2326 1416
3 1431 1420 2343
3 1419 2344 1420
3 1419 1421 2345
3 1423 2348 1428
3 1422 2346 1425
3 1423 1424 2347
3 1424 1425 2349
3 1426 1427 2351
3 1428 2352 1427
3 1426 2350 1377
3 1422 1429 2353
3 1429 1430 2354
3 1430 1431 2355
3 1434 1432 2356
3 1433 2357 1421
3 1433 1434 2358
3 1432 1435 2359
3 1435 1436 2360
3 1436 1437 2361
3 1437 1438 2362
3 1438 1439 2363
3 1439 1440 2364
3 1440 1441 2365
3 1441 1442 2366
3 1442 1443 2367
3 1443 1444 2368
3 1444 1445 2369
3 1445 1446 2370
3 1446 1447 2371
3 1447 1448 2372
3 1448 1449 2373
3 1449 1450 2374
3 1450 1451 2375
3 1451 1452 2376
3 1452 1453 2377
3 1453 1454 2378
3 1454 1455 2379
3 1455 1456 2380
3 1456 1457 2381
3 1457 1458 2382
3 1458 1459 2383
3 1459 1460 2384
3 1460 1461 2385
3 1461 1462 2386
3 1462 1463 2387
3 1463 1464 2388
3 1464 1465 2389
3 1465 1466 2390
3 1466 1467 2391
3 1467 1468 2392
3 1468 1469 2393
3 1469 1470 2394
3 1470 1471 2395
3 1471 1472 2396
3 1775 1473 2397
3 1473 1515 2461
3 1474 2401 1475
3 1475 2406 1476
3 1476 2407 1477
3 1477 2408 1478
3 1478 2409 1479
3 1479 2402 1480
3 1480 2404 1481
3 1481 2403 1482
3 1482 2405 1483
3 1483 2410 1484
3 1484 2427 1485
3 1485 2428 1486
3 1486 2429 1487
3 1487 2430 1488
3 1488 2431 1489
3 1490 2433 1491
3 1489 2432 1490
3 1491 2434 1492
3 1492 2435 1493
3 1493 2436 1494
3 1494 2437 1495
3 1495 2439 1496
3 1496 2438 1497
3 1497 2440 1498
3 1498 2441 1499
3 1499 2442 1500
3 1500 2443 1501
3 1501 2444 1502
3 1502 2445 1503
3 1503 2446 1504
3 1504 2448 1505
3 1505 2447 1506
3 1506 2449 1507
3 1507 2450 1508
3 1508 2451 1530
3 1509 2452 1510
3 1513 1510 2453
3 1511 2454 1529
3 1512 1513 2456
3 1512 2455 1511
3 1514 1517 2463
3 1514 2462 1515
3 1516 2464 1517
3 1516 1519 2465
3 1518 2457 1519
3 1518 1522 2460
3 1522 1521 2459
3 1520 2458 1521
3 1523 1524 2467
3 1525 2468 1526
3 1520 1526 2469
3 1527 1523 2466
3 1525 1527 2470
3 1528 1529 2472
3 1528 2471 1524
3 1530 2473 1532
3 1531 1532 2475
3 1531 2474 1533
3 1533 2476 1534
3 1534 2477 1535
3 1509 1536 2479
3 1535 2478 1536
3 1065 2218 2213
3 1236 2217 2222
3 1237 2222 2223
3 1537 2223 2660
3 1238 2219 2218
3 1239 2220 2219
3 1240 2221 2220
3 1241 2224 2221
3 1242 2225 2224
3 1243 2261 2225
3 1244 2239 2226
3 1245 2231 2227
3 1248 2228 2230
3 1247 2226 2229
3 1246 2229 2228
3 1249 2230 2231
3 1250 2233 2248
3 1252 2232 2233
3 1251 2227 2232
3 1253 2248 2249
3 1254 2249 2250
3 1278 2250 2260
3 1262 2234 2240
3 1255 2235 2234
3 1257 2237 2236
3 1258 2241 2237
3 1259 2236 2238
3 1261 2240 2241
3 1260 2238 2239
3 1263 2242 2243
3 1265 2243 2244
3 1256 2244 2235
3 1266 2246 2245
3 1264 2245 2242
3 1267 2247 2246
3 1270 2251 2252
3 1271 2252 2253
3 1272 2253 2254
3 1273 2254 2255
3 1274 2255 2256
3 1275 2256 2257
3 1276 2257 2258
3 1277 2258 2259
3 1269 2260 2251
3 1279 2268 2261
3 1280 2259 2262
3 1281 2262 2263
3 1282 2263 2264
3 1283 2264 2265
3 1284 2265 2266
3 1285 2266 2267
3 1287 2267 2269
3 1288 2270 2268
3 1288 2269 2270
3 1301 2290 2289
3 1302 2291 2290
3 1303 2282 2291
3 1304 2283 2282
3 1305 2284 2283
3 1306 2286 2284
3 1307 2285 2286
3 1308 2287 2285
3 1309 2292 2287
3 1310 2294 2292
3 1311 2293 2294
3 1312 2295 2293
3 1313 2296 2295
3 1314 2297 2296
3 1315 2298 2297
3 1316 2299 2298
3 1317 2399 2299
3 1290 2273 2272
3 1289 2272 2271
3 1292 2275 2274
3 1291 2274 2273
3 1293 2277 2275
3 1294 2279 2276
3 1296 2276 2278
3 1295 2278 2277
3 1297 2280 2279
3 1298 2281 2280
3 1299 2288 2281
3 1300 2289 2288
3 1318 2400 2399
3 1319 2398 2400
3 1320 2411 2398
3 1325 2416 2415
3 1321 2412 2411
3 1322 2413 2412
3 1323 2414 2413
3 1324 2415 2414
3 1326 2417 2416
3 1327 2419 2417
3 1328 2418 2419
3 1329 2420 2418
3 1330 2421 2420
3 1331 2422 2421
3 1333 2424 2423
3 1332 2423 2422
3 1334 2426 2424
3 1335 2425 2426
3 1336 2489 2425
3 1268 2271 2247
3 1378 2309 2302
3 1384 2304 2308
3 1380 2303 2304
3 1382 2306 2305
3 1379 2305 2303
3 1385 2307 2309
3 1383 2308 2307
3 1387 2310 2311
3 1386 2302 2310
3 1388 2311 2312
3 1389 2312 2313
3 1390 2316 2314
3 1391 2313 2315
3 1392 2315 2316
3 1376 2300 2301
3 1381 2301 2306
3 1394 2331 2332
3 1395 2332 2333
3 1397 2333 2335
3 1393 2314 2331
3 1396 2335 2334
3 1398 2334 2336
3 1399 2336 2337
3 1400 2337 2338
3 1401 2338 2340
3 1402 2340 2339
3 1403 2339 2341
3 1404 2341 2342
3 1405 2342 2317
3 1408 2319 2320
3 1409 2320 2321
3 1410 2321 2322
3 1411 2322 2323
3 1412 2323 2324
3 1406 2317 2318
3 1407 2318 2319
3 1413 2324 2327
3 1415 2325 2326
3 1414 2327 2325
3 1416 2326 2328
3 1417 2328 2329
3 1418 2329 2330
3 1474 2330 2401
3 1431 2343 2355
3 1420 2344 2343
3 1421 2357 2345
3 1419 2345 2344
3 1422 2353 2346
3 1424 2349 2347
3 1423 2347 2348
3 1425 2346 2349
3 1426 2351 2350
3 1427 2352 2351
3 1428 2348 2352
3 1377 2350 2300
3 1429 2354 2353
3 1430 2355 2354
3 1434 2356 2358
3 1432 2359 2356
3 1433 2358 2357
3 1435 2360 2359
3 1436 2361 2360
3 1437 2362 2361
3 1438 2363 2362
3 1439 2364 2363
3 1440 2365 2364
3 1441 2366 2365
3 1442 2367 2366
3 1443 2368 2367
3 1464 2389 2388
3 1465 2390 2389
3 1466 2391 2390
3 1467 2392 2391
3 1468 2393 2392
3 1469 2394 2393
3 1470 2395 2394
3 1471 2396 2395
3 1472 2667 2396
3 1444 2369 2368
3 1445 2370 2369
3 1446 2371 2370
3 1447 2372 2371
3 1448 2373 2372
3 1449 2374 2373
3 1450 2375 2374
3 1451 2376 2375
3 1452 2377 2376
3 1453 2378 2377
3 1455 2380 2379
3 1454 2379 2378
3 1456 2381 2380
3 1457 2382 2381
3 1458 2383 2382
3 1459 2384 2383
3 1460 2385 2384
3 1461 2386 2385
3 1462 2387 2386
3 1463 2388 2387
3 1473 2461 2397
3 1478 2408 2409
3 1475 2401 2406
3 1476 2406 2407
3 1477 2407 2408
3 1479 2409 2402
3 1480 2402 2404
3 1481 2404 2403
3 1482 2403 2405
3 1483 2405 2410
3 1484 2410 2427
3 1485 2427 2428
3 1487 2429 2430
3 1486 2428 2429
3 1488 2430 2431
3 1489 2431 2432
3 1490 2432 2433
3 1491 2433 2434
3 1492 2434 2435
3 1493 2435 2436
3 1494 2436 2437
3 1495 2437 2439
3 1496 2439 2438
3 1497 2438 2440
3 1498 2440 2441
3 1499 2441 2442
3 1500 2442 2443
3 1501 2443 2444
3 1502 2444 2445
3 1503 2445 2446
3 1504 2446 2448
3 1505 2448 2447
3 1506 2447 2449
3 1507 2449 2450
3 1508 2450 2451
3 1509 2479 2452
3 1510 2452 2453
3 1529 2454 2472
3 1511 2455 2454
3 1512 2456 2455
3 1513 2453 2456
3 1516 2465 2464
3 1515 2462 2461
3 1514 2463 2462
3 1517 2464 2463
3 1519 2457 2465
3 1518 2460 2457
3 1522 2459 2460
3 1521 2458 2459
3 1523 2467 2466
3 1525 2470 2468
3 1520 2469 2458
3 1526 2468 2469
3 1527 2466 2470
3 1528 2472 2471
3 1524 2471 2467
3 1532 2473 2475
3 1531 2475 2474
3 1530 2451 2473
3 1533 2474 2476
3 1534 2476 2477
3 1535 2477 2478
3 1536 2478 2479
3 1337 2490 2489
3 1338 2491 2490
3 1339 2492 2491
3 1340 2493 2492
3 1341 2494 2493
3 1342 2495 2494
3 1343 2496 2495
3 1344 2497 2496
3 1345 2498 2497
3 1346 2480 2498
3 1347 2481 2480
3 1348 2482 2481
3 1349 2483 2482
3 1350 2484 2483
3 1352 2486 2485
3 1351 2485 2484
3 1353 2487 2486
3 1354 2488 2487
3 1355 2499 2488
3 1356 2500 2499
3 1357 2501 2500
3 1358 2502 2501
3 1359 2504 2502
3 1361 2505 2504
3 1362 2503 2505
3 2215 2219 2220
3 2216 2220 2221
3 2216 2221 2217
3 2217 2224 2222
3 2217 2221 2224
3 2222 2225 2223
3 2222 2224 2225
3 2223 2225 2261
3 2223 2261 2660
3 2261 2268 2660
3 2234 2305 2240
3 2234 2235 2304
3 2235 2244 2308
3 2243 2308 2244
3 2226 2239 2351
3 2226 2352 2229
3 2228 2229 2348
3 2227 2354 2232
3 2232 2354 2233
3 2233 2343 2248
3 2248 2344 2249
3 2228 2349 2230
3 2230 2349 2231
3 2227 2231 2346
3 2236 2350 2238
3 2236 2237 2300
3 2240 2305 2241
3 2237 2241 2301
3 2238 2351 2239
3 2226 2351 2352
3 2238 2350 2351
3 2228 2348 2347
3 2228 2347 2349
3 2231 2349 2346
3 2227 2346 2353
3 2229 2352 2348
3 2257 2363 2258
3 2258 2365 2259
3 2270 2376 2661
3 2249 2344 2250
3 2250 2345 2260
3 2251 2260 2358
3 2251 2356 2252
3 2252 2359 2253
3 2253 2360 2254
3 2254 2361 2255
3 2255 2362 2256
3 2256 2363 2257
3 2259 2366 2262
3 2233 2354 2355
3 2248 2343 2344
3 2233 2355 2343
3 2251 2358 2356
3 2252 2356 2359
3 2250 2344 2345
3 2260 2357 2358
3 2260 2345 2357
3 2227 2353 2354
3 2253 2359 2360
3 2254 2360 2361
3 2255 2361 2362
3 2256 2362 2363
3 2258 2363 2364
3 2258 2364 2365
3 2259 2365 2366
3 2262 2366 2367
3 2262 2367 2263
3 2263 2367 2264
3 2264 2369 2265
3 2265 2369 2266
3 2266 2370 2267
3 2267 2371 2269
3 2269 2373 2270
3 2661 2376 2377
3 2661 2377 2378
3 2661 2378 2379
3 2264 2367 2368
3 2264 2368 2369
3 2266 2369 2370
3 2267 2370 2371
3 2269 2372 2373
3 2269 2371 2372
3 2270 2373 2374
3 2270 2374 2375
3 2270 2375 2376
3 2661 2268 2270
3 2272 2273 2313
3 2273 2274 2315
3 2242 2245 2302
3 2246 2247 2310
3 2245 2246 2310
3 2247 2271 2312
3 2271 2272 2312
3 2242 2309 2243
3 2274 2275 2316
3 2275 2277 2314
3 2277 2278 2331
3 2276 2333 2278
3 2276 2279 2333
3 2279 2280 2334
3 2277 2331 2314
3 2278 2332 2331
3 2278 2333 2332
3 2241 2306 2301
3 2241 2305 2306
3 2235 2308 2304
3 2234 2303 2305
3 2234 2304 2303
3 2245 2310 2302
3 2242 2302 2309
3 2243 2307 2308
3 2243 2309 2307
3 2237 2301 2300
3 2236 2300 2350
3 2272 2313 2312
3 2247 2311 2310
3 2247 2312 2311
3 2273 2315 2313
3 2274 2316 2315
3 2275 2314 2316
3 2282 2283 2341
3 2283 2342 2341
3 2283 2284 2342
3 2284 2286 2318
3 2285 2318 2286
3 2287 2292 2320
3 2285 2287 2319
3 2292 2294 2321
3 2284 2317 2342
3 2284 2318 2317
3 2285 2319 2318
3 2287 2320 2319
3 2294 2322 2321
3 2293 2323 2322
3 2292 2321 2320
3 2293 2324 2323
3 2280 2281 2336
3 2281 2288 2336
3 2288 2289 2338
3 2289 2290 2340
3 2290 2291 2340
3 2282 2341 2291
3 2279 2335 2333
3 2279 2334 2335
3 2280 2336 2334
3 2288 2337 2336
3 2288 2338 2337
3 2289 2340 2338
3 2291 2339 2340
3 2291 2341 2339
3 2296 2327 2324
3 2296 2297 2327
3 2293 2322 2294
3 2293 2295 2324
3 2295 2296 2324
3 2297 2298 2325
3 2298 2299 2326
3 2299 2399 2329
3 2414 2415 2402
3 2415 2416 2402
3 2399 2400 2329
3 2398 2330 2400
3 2398 2411 2401
3 2411 2412 2407
3 2412 2413 2408
3 2413 2414 2408
3 2299 2329 2328
3 2400 2330 2329
3 2297 2325 2327
3 2298 2326 2325
3 2299 2328 2326
3 2398 2401 2330
3 2411 2406 2401
3 2411 2407 2406
3 2412 2408 2407
3 2414 2409 2408
3 2414 2402 2409
3 2416 2404 2402
3 2416 2403 2404
3 2424 2431 2430
3 2426 2432 2431
3 2425 2433 2432
3 2489 2434 2433
3 2419 2405 2403
3 2418 2410 2405
3 2418 2427 2410
3 2421 2428 2427
3 2422 2429 2428
3 2423 2430 2429
3 2417 2419 2403
3 2416 2417 2403
3 2418 2405 2419
3 2418 2420 2427
3 2420 2421 2427
3 2421 2422 2428
3 2422 2423 2429
3 2423 2424 2430
3 2424 2426 2431
3 2425 2432 2426
3 2425 2489 2433
3 2492 2493 2437
3 2489 2490 2435
3 2490 2491 2435
3 2491 2492 2436
3 2489 2435 2434
3 2759 2456 2453
3 2760 2455 2456
3 2733 2471 2472
3 2733 2472 2454
3 2732 2454 2455
3 2739 2467 2471
3 2738 2466 2467
3 2491 2436 2435
3 2492 2437 2436
3 2493 2439 2437
3 2494 2438 2439
3 2495 2440 2438
3 2496 2441 2440
3 2497 2442 2441
3 2497 2443 2442
3 2480 2444 2443
3 2480 2445 2444
3 2481 2446 2445
3 2483 2448 2446
3 2484 2447 2448
3 2484 2449 2447
3 2486 2450 2449
3 2493 2494 2439
3 2494 2495 2438
3 2495 2496 2440
3 2496 2497 2441
3 2497 2498 2443
3 2480 2443 2498
3 2480 2481 2445
3 2481 2482 2446
3 2482 2483 2446
3 2483 2484 2448
3 2484 2485 2449
3 2485 2486 2449
3 2500 2474 2475
3 2487 2451 2450
3 2488 2473 2451
3 2499 2475 2473
3 2501 2476 2474
3 2502 2477 2476
3 2505 2479 2478
3 2504 2478 2477
3 2503 2452 2479
3 2503 2453 2452
3 2486 2487 2450
3 2487 2488 2451
3 2488 2499 2473
3 2499 2500 2475
3 2500 2501 2474
3 2501 2502 2476
3 2504 2505 2478
3 2503 2479 2505
3 2502 2504 2477
3 2758 2759 2453
3 2503 2758 2453
3 2759 2760 2456
3 1746 1747 2669
3 1472 1745 2667
3 1745 1746 2668
3 1747 1748 2670
3 1748 1749 2671
3 1749 1750 2672
3 1750 1751 2691
3 1751 1752 2692
3 1752 1753 2693
3 1753 1754 2694
3 1754 1755 2695
3 1755 1756 2696
3 1756 1757 2697
3 1757 1758 2698
3 1759 1760 2700
3 1758 1759 2699
3 1760 1761 2701
3 1761 1762 2702
3 1762 1763 2678
3 1772 1774 2689
3 1774 1775 2690
3 1763 1764 2679
3 1764 1765 2680
3 1765 1766 2681
3 1768 2683 1767
3 1768 1770 2687
3 1766 1769 2684
3 1769 1767 2682
3 1770 1771 2688
3 1772 2685 1773
3 1771 1773 2686
3 1538 2660 2661
3 1539 2661 2662
3 1541 2663 2664
3 1540 2662 2663
3 1542 2664 2665
3 1543 2665 2666
3 1544 2666 2707
3 1545 2707 2708
3 1563 2716 2717
3 1560 2719 2706
3 1564 2717 2718
3 1565 2718 2709
3 1567 2709 2710
3 1568 2710 2711
3 1569 2711 2713
3 1570 2713 2712
3 1571 2712 2714
3 1566 2720 2719
3 1573 2714 2722
3 1574 2722 2723
3 1575 2723 2721
3 1577 2724 2725
3 1576 2721 2724
3 1578 2725 2726
3 1579 2729 2728
3 1581 2728 2730
3 1580 2726 2729
3 1582 2730 2731
3 1583 2731 2727
3 1598 2727 2746
3 1614 2732 2760
3 1585 2737 2733
3 1584 2733 2732
3 1586 2747 2734
3 1588 2734 2736
3 1587 2736 2735
3 1590 2735 2738
3 1589 2739 2737
3 1591 2738 2739
3 1596 2745 2744
3 1599 2743 2747
3 1595 2744 2743
3 1592 2746 2740
3 1593 2742 2741
3 1594 2740 2742
3 1597 2741 2745
3 1572 2748 2720
3 1600 2749 2748
3 1601 2754 2749
3 1554 2675 2673
3 1553 2673 2674
3 1555 2674 2676
3 1556 2676 2677
3 1557 2677 2703
3 1745 2668 2667
3 1746 2669 2668
3 1747 2670 2669
3 1748 2671 2670
3 1749 2672 2671
3 1750 2691 2672
3 1751 2692 2691
3 1752 2693 2692
3 1753 2694 2693
3 1754 2695 2694
3 1755 2696 2695
3 1756 2697 2696
3 1758 2699 2698
3 1757 2698 2697
3 1759 2700 2699
3 1760 2701 2700
3 1761 2702 2701
3 1762 2678 2702
3 1763 2679 2678
3 1765 2681 2680
3 1766 2684 2681
3 1767 2683 2682
3 1768 2687 2683
3 1769 2682 2684
3 1764 2680 2679
3 1770 2688 2687
3 1771 2686 2688
3 1773 2685 2686
3 1772 2689 2685
3 1774 2690 2689
3 1775 2397 2690
3 1554 2706 2675
3 1558 2703 2704
3 1559 2704 2705
3 1561 2705 2715
3 1562 2715 2716
3 1546 2708 2751
3 1547 2751 2750
3 1548 2750 2752
3 1550 2753 2756
3 1549 2752 2753
3 1602 2755 2754
3 1551 2756 2757
3 1617 1819 2763
3 1819 1820 2763
3 1820 1821 2763
3 1821 1822 2763
3 1816 2764 1817
3 1817 2764 1818
3 1818 2764 1825
3 1825 2764 1826
3 1826 2764 1827
3 1360 2758 2503
3 1612 2759 2758
3 1613 2760 2759
3 1822 1823 2763
3 1823 1824 2763
3 1824 2506 2763
3 2506 2513 2763
3 2513 2514 2763
3 1603 2761 2755
3 1615 2762 2761
3 1616 2763 2762
3 1827 2764 1828
3 1828 2764 1829
3 1604 2757 2764
3 1829 2764 1830
3 1830 2765 2507
3 2507 2765 2508
3 2508 2765 2509
3 2509 2765 2510
3 2510 2765 2511
3 2511 2765 2512
3 2512 2765 2520
3 2514 2515 2767
3 2515 2516 2767
3 2516 2517 2767
3 2517 2518 2767
3 2518 2519 2767
3 2519 2526 2767
3 2520 2765 2521
3 2521 2766 2522
3 2522 2766 2523
3 2523 2766 2524
3 2524 2766 2525
3 2525 2766 2535
3 2535 2766 2536
3 2526 2527 2767
3 2527 2528 2767
3 2528 2529 2768
3 2529 2530 2768
3 2530 2531 2768
3 2531 2532 2768
3 2532 2533 2768
3 2533 2534 2769
3 2534 2541 2769
3 2536 2770 2537
3 2537 2770 2538
3 2538 2770 2539
3 2539 2770 2540
3 2540 2770 2547
3 2547 2771 2548
3 2541 2542 2769
3 2542 2543 2769
3 2543 2544 2769
3 2544 2545 2772
3 2545 2546 2772
3 2546 2557 2772
3 2557 2558 2772
3 1873 2507 2508
3 2508 2509 2590
3 2509 2510 2591
3 2510 2511 2592
3 2511 2512 2593
3 2512 2520 2594
3 1880 2513 2506
3 2513 2595 2514
3 2514 2596 2515
3 2515 2596 2516
3 2516 2597 2517
3 2517 2598 2518
3 2518 2599 2519
3 2519 2600 2526
3 2520 2521 2601
3 2521 2522 2602
3 2522 2523 2602
3 2523 2524 2604
3 2524 2525 2608
3 2526 2603 2527
3 2527 2605 2528
3 2528 2606 2529
3 2529 2606 2530
3 2530 2607 2531
3 2531 2612 2532
3 2532 2613 2533
3 2533 2614 2534
3 2534 2614 2541
3 2525 2535 2609
3 2535 2536 2610
3 2536 2537 2610
3 1873 2508 2590
3 2509 2591 2590
3 2510 2592 2591
3 2511 2593 2592
3 2512 2594 2593
3 2520 2601 2594
3 1880 2590 2591
3 2591 2592 2595
3 2592 2593 2596
3 2595 2513 1880
3 2514 2595 2596
3 2516 2596 2597
3 2517 2597 2598
3 2518 2598 2599
3 2519 2599 2600
3 2595 1880 2591
3 2592 2596 2595
3 2593 2597 2596
3 2594 2598 2597
3 2593 2594 2597
3 2594 2599 2598
3 2594 2601 2599
3 2600 2599 2601
3 2521 2602 2601
3 2523 2604 2602
3 2526 2600 2603
3 2527 2603 2605
3 2528 2605 2606
3 2524 2608 2604
3 2530 2606 2607
3 2525 2609 2608
3 2535 2610 2609
3 2537 2611 2610
3 2531 2607 2612
3 2532 2612 2613
3 2533 2613 2614
3 2541 2614 2615
3 2600 2601 2602
3 2600 2602 2604
3 2603 2600 2604
3 2605 2603 2608
3 2603 2604 2608
3 2605 2608 2606
3 2606 2608 2609
3 2607 2606 2609
3 2607 2609 2610
3 2612 2610 2611
3 2611 2616 2613
3 2612 2607 2610
3 2611 2613 2612
3 2614 2613 2616
3 2541 2615 2542
3 2542 2618 2543
3 2543 2628 2544
3 2544 2628 2545
3 2545 2630 2546
3 2537 2538 2611
3 2538 2539 2616
3 2539 2540 2617
3 2540 2547 2619
3 2547 2548 2619
3 2548 2549 2620
3 2549 2550 2621
3 2550 2551 2622
3 2551 2552 2623
3 2552 2553 2623
3 2553 2554 2624
3 2554 2555 2638
3 2538 2616 2611
3 2539 2617 2616
3 2540 2619 2617
3 2542 2615 2618
3 2543 2618 2628
3 2548 2620 2619
3 2549 2621 2620
3 2550 2622 2621
3 2551 2623 2622
3 2614 2616 2617
3 2614 2617 2615
3 2615 2617 2619
3 2618 2615 2619
3 2618 2619 2620
3 2618 2620 2628
3 2620 2621 2628
3 2622 2630 2628
3 2621 2622 2628
3 2622 2623 2629
3 2553 2624 2623
3 2554 2638 2624
3 2546 2631 2557
3 2557 2632 2558
3 2558 2633 2559
3 2559 2634 2560
3 2560 2634 2561
3 2561 2635 2562
3 2562 2636 2563
3 2563 2637 2564
3 2564 2637 2566
3 2566 2642 2567
3 2567 2643 2568
3 2568 2644 2569
3 2569 2644 2570
3 2570 2650 2571
3 2555 2556 2639
3 2556 2565 2639
3 2565 2572 2640
3 2572 2573 2641
3 2573 2574 2645
3 2574 2575 2645
3 2575 2576 2646
3 2576 2625 2647
3 2625 2626 2648
3 2626 2627 2648
3 2627 2783 2649
3 2571 2651 2577
3 2577 2652 2578
3 2578 2652 2579
3 2579 2653 2580
3 2580 2654 2581
3 2581 2656 2582
3 2582 2656 2583
3 2583 2657 2584
3 2584 2658 2585
3 2585 2659 2586
3 2586 2659 2587
3 2587 5132 2588
3 2588 5133 2589
3 2545 2628 2630
3 2546 2630 2629
3 2546 2629 2631
3 2557 2631 2632
3 2558 2632 2633
3 2559 2633 2634
3 2561 2634 2635
3 2562 2635 2636
3 2563 2636 2637
3 2622 2629 2630
3 2623 2631 2629
3 2623 2632 2631
3 2624 2633 2632
3 2623 2624 2632
3 2624 2638 2633
3 2634 2633 2638
3 2634 2639 2635
3 2555 2639 2638
3 2565 2640 2639
3 2572 2641 2640
3 2566 2637 2642
3 2567 2642 2643
3 2568 2643 2644
3 2570 2644 2650
3 2573 2645 2641
3 2575 2646 2645
3 2576 2647 2646
3 2625 2648 2647
3 2627 2649 2648
3 2649 2783 2655
3 2634 2638 2639
3 2636 2635 2640
3 2635 2639 2640
3 2636 2640 2641
3 2637 2636 2641
3 2637 2645 2642
3 2637 2641 2645
3 2642 2646 2643
3 2642 2645 2646
3 2644 2643 2647
3 2644 2648 2650
3 2643 2646 2647
3 2644 2647 2648
3 2648 2649 2650
3 2571 2650 2651
3 2577 2651 2652
3 2579 2652 2653
3 2580 2653 2654
3 2581 2654 2656
3 2583 2656 2657
3 2584 2657 2658
3 2585 2658 2659
3 2587 2659 5132
3 2649 2651 2650
3 2652 2651 2655
3 2649 2655 2651
3 2652 2797 2653
3 2653 2798 2654
3 2656 2654 2799
3 2652 2655 2797
3 2653 2797 2798
3 2654 2798 2799
3 2656 2799 2800
3 2657 2656 2800
3 2657 2801 2658
3 2657 2800 2801
3 2659 2658 2802
3 5132 2659 2803
3 2268 2661 2660
3 2662 2379 2664
3 2664 2380 2381
3 2664 2381 2382
3 2379 2380 2664
3 2664 2382 2383
3 2664 2383 2384
3 2664 2384 2385
3 2664 2386 2387
3 2664 2385 2386
3 2664 2387 2388
3 2664 2389 2390
3 2664 2388 2389
3 2664 2390 2391
3 2664 2391 2392
3 2664 2392 2393
3 2664 2396 2665
3 2662 2661 2379
3 2662 2664 2663
3 2665 2675 2666
3 2664 2395 2396
3 2665 2396 2667
3 2665 2667 2668
3 2665 2668 2669
3 2665 2669 2670
3 2665 2670 2671
3 2671 2672 2665
3 2664 2394 2395
3 2664 2393 2394
3 2673 2672 2691
3 2673 2691 2692
3 2676 2692 2693
3 2677 2693 2694
3 2665 2672 2673
3 2673 2692 2674
3 2674 2692 2676
3 2676 2693 2677
3 2677 2694 2703
3 2703 2695 2704
3 2710 2702 2678
3 2711 2678 2679
3 2713 2679 2680
3 2712 2680 2681
3 2714 2681 2684
3 2723 2682 2683
3 2723 2684 2682
3 2721 2683 2687
3 2724 2687 2688
3 2703 2694 2695
3 2704 2695 2696
3 2705 2696 2697
3 2715 2697 2698
3 2716 2698 2699
3 2717 2699 2700
3 2709 2701 2702
3 2718 2700 2701
3 2709 2702 2710
3 2710 2678 2711
3 2711 2679 2713
3 2712 2713 2680
3 2714 2684 2722
3 2712 2681 2714
3 2722 2684 2723
3 2705 2697 2715
3 2704 2696 2705
3 2715 2698 2716
3 2716 2699 2717
3 2717 2700 2718
3 2709 2718 2701
3 2665 2673 2675
3 2666 2675 2706
3 2666 2706 2707
3 2706 2719 2707
3 2707 2719 2708
3 2720 2748 2751
3 2708 2719 2720
3 2708 2720 2751
3 2746 2462 2463
3 2727 2461 2462
3 2740 2463 2464
3 2742 2464 2465
3 2728 2689 2690
3 2730 2690 2397
3 2729 2685 2689
3 2726 2686 2685
3 2726 2688 2686
3 2731 2397 2461
3 2747 2458 2469
3 2743 2459 2458
3 2734 2469 2468
3 2745 2457 2460
3 2741 2465 2457
3 2744 2460 2459
3 2735 2470 2466
3 2735 2468 2470
3 2741 2457 2745
3 2744 2745 2460
3 2740 2746 2463
3 2741 2742 2465
3 2740 2464 2742
3 2724 2688 2725
3 2725 2688 2726
3 2721 2723 2683
3 2721 2687 2724
3 2726 2685 2729
3 2728 2729 2689
3 2728 2690 2730
3 2730 2397 2731
3 2727 2731 2461
3 2727 2462 2746
3 2735 2736 2468
3 2737 2739 2471
3 2732 2455 2760
3 2732 2733 2454
3 2733 2737 2471
3 2738 2467 2739
3 2735 2466 2738
3 2734 2747 2469
3 2743 2744 2459
3 2743 2458 2747
3 2734 2468 2736
3 2748 2750 2751
3 2748 2749 2750
3 2749 2752 2750
3 2749 2754 2752
3 2752 2754 2753
3 2753 2754 2755
3 2753 2755 2756
3 2755 2761 2756
3 2756 2761 2757
3 2514 2767 2763
3 1830 2764 2765
3 2528 2768 2767
3 2548 2771 2549
3 2549 2771 2550
3 2550 2771 2551
3 2551 2771 2552
3 2552 2773 2553
3 2553 2773 2554
3 2554 2773 2555
3 2555 2773 2556
3 2521 2765 2766
3 2536 2766 2770
3 2533 2769 2768
3 2547 2770 2771
3 2544 2772 2769
3 2552 2771 2773
3 2556 2773 2774
3 2558 2559 2772
3 2559 2560 2775
3 2560 2561 2775
3 2561 2562 2775
3 2562 2563 2775
3 2563 2564 2776
3 2564 2566 2776
3 2566 2567 2776
3 2567 2568 2776
3 2568 2569 2778
3 2569 2570 2778
3 2570 2571 2778
3 2571 2577 2778
3 2556 2774 2565
3 2565 2774 2572
3 2572 2774 2573
3 2573 2774 2574
3 2574 2777 2575
3 2575 2777 2576
3 2576 2777 2625
3 2577 2578 2779
3 2578 2579 2779
3 2579 2580 2779
3 2580 2581 2779
3 2581 2582 2780
3 2582 2583 2780
3 2583 2584 2780
3 2584 2585 2780
3 2585 2586 2781
3 2586 2587 2781
3 2587 2588 2781
3 2588 2589 2782
3 2589 5048 2782
3 2559 2775 2772
3 2563 2776 2775
3 2568 2778 2776
3 2577 2779 2778
3 2574 2774 2777
3 2581 2780 2779
3 2585 2781 2780
3 2588 2782 2781
3 2757 2761 2762
3 2757 2762 2764
3 2762 2763 2764
3 2763 2767 2766
3 2763 2765 2764
3 2763 2766 2765
3 2766 2767 2770
3 2767 2768 2770
3 2768 2769 2771
3 2768 2771 2770
3 2769 2772 2773
3 2769 2773 2771
3 2772 2774 2773
3 2772 2775 2774
3 2775 2776 2777
3 2774 2775 2777
3 2776 2805 2777
3 2776 2778 2805
3 2778 2779 2806
3 2778 2806 2805
3 2779 2780 2807
3 2779 2807 2806
3 2780 2781 2808
3 2780 2808 2807
3 2781 2809 2808
3 2781 2782 2809
3 2782 5237 2809
3 2625 2777 2626
3 2626 2805 2627
3 2627 2805 2783
3 2783 2805 2785
3 2784 2785 2806
3 2784 2806 2786
3 2655 2783 2785
3 2655 2785 2784
3 2786 2806 2787
3 2787 2807 2788
3 2788 2807 2789
3 2784 2786 2797
3 2786 2787 2798
3 2787 2788 2799
3 2788 2789 2799
3 2789 2790 2800
3 2790 2791 2801
3 2791 2792 2802
3 2792 2793 2802
3 2793 2794 2803
3 2794 2796 2804
3 2795 2804 2796
3 2795 5204 5223
3 2626 2777 2805
3 2785 2805 2806
3 2789 2807 2790
3 2790 2807 2791
3 2791 2808 2792
3 2792 2808 2793
3 2793 2808 2794
3 2794 2809 2796
3 2795 2796 2809
3 2795 2809 5204
3 2787 2806 2807
3 2791 2807 2808
3 2794 2808 2809
3 2655 2784 2797
3 2786 2798 2797
3 2787 2799 2798
3 2789 2800 2799
3 2790 2801 2800
3 2791 2802 2801
3 2793 2803 2802
3 2794 2804 2803
3 2795 5223 2804
3 2658 2801 2802
3 2659 2802 2803
3 5132 2803 2804
3 2810 2811 2820
3 2811 2812 2821
3 2812 2813 2822
3 2813 2814 2823
3 2814 2815 2824
3 165 2865 2810
3 2810 2867 2811
3 2811 2868 2812
3 2812 2872 2813
3 2813 2873 2814
3 2814 2874 2815
3 2815 2876 2816
3 2816 2880 2817
3 2817 2881 2818
3 2818 2883 2819
3 2819 2884 2829
3 2829 2885 2830
3 205 2810 2820
3 2811 2821 2820
3 2812 2822 2821
3 2813 2823 2822
3 2814 2824 2823
3 2815 2816 2825
3 2815 2825 2824
3 2816 2817 2826
3 2817 2818 2827
3 2816 2826 2825
3 2817 2827 2826
3 2818 2828 2827
3 2818 2819 2828
3 2819 2829 2835
3 2819 2835 2828
3 2829 2836 2835
3 2829 2830 2836
3 2830 2831 2837
3 2831 2832 2838
3 2832 2833 2839
3 2830 2837 2836
3 2831 2838 2837
3 2832 2839 2838
3 2833 2834 2840
3 2833 2840 2839
3 2834 2841 2842
3 2841 2847 2843
3 2834 2842 2840
3 2841 2843 2842
3 2844 2847 2848
3 2843 2847 2844
3 2844 2848 2845
3 205 2820 3011
3 2820 2821 3012
3 2821 2822 3012
3 2822 2823 3013
3 2823 2824 3014
3 2824 2825 3015
3 2825 2826 3017
3 2826 2827 3017
3 2827 2828 3018
3 2828 2835 3020
3 2830 2887 2831
3 2831 2898 2832
3 2832 2900 2833
3 2833 2901 2834
3 2834 2915 2841
3 2835 2836 2895
3 2836 2837 2896
3 2837 2838 2905
3 2838 2839 2906
3 2839 2840 2907
3 2840 2842 2908
3 2842 2843 2910
3 2843 2844 2911
3 2844 2845 2912
3 2845 2846 2913
3 2846 2852 3031
3 2845 2848 2849
3 2846 2849 2850
3 2845 2849 2846
3 2850 2851 2852
3 2846 2850 2852
3 2851 2856 2852
3 2851 2853 2856
3 2853 2857 2856
3 2853 2854 2857
3 2854 2858 2857
3 2855 2859 2858
3 2859 2860 2934
3 2854 2855 2858
3 2855 2860 2859
3 2860 2861 2934
3 2861 2935 2934
3 2861 2862 2935
3 2841 2917 2847
3 2847 2918 2848
3 2848 2919 2849
3 2849 2921 2850
3 2850 2922 2851
3 2852 2856 3033
3 2851 2923 2853
3 2853 2924 2854
3 2854 2926 2855
3 2855 2927 2860
3 2856 2857 3033
3 2857 2858 3035
3 2858 2859 3036
3 2859 2934 3037
3 2860 2928 2861
3 2861 2929 2862
3 2862 2931 2936
3 2931 2943 2936
3 165 2864 2865
3 2810 2865 2866
3 2810 2866 2867
3 2811 2867 2868
3 2812 2868 2872
3 2813 2872 2871
3 2813 2871 2873
3 2814 2873 2874
3 2815 2874 2875
3 2815 2875 2876
3 2816 2876 2880
3 2817 2880 2881
3 2818 2881 2882
3 2818 2882 2883
3 2819 2883 2884
3 2829 2884 2885
3 2830 2885 2886
3 2830 2886 2887
3 231 2863 2864
3 2863 2865 2864
3 2863 2866 2865
3 2863 2867 2866
3 2863 2869 2867
3 2867 2869 2868
3 2868 2869 2872
3 2869 2870 2873
3 2869 2871 2872
3 2869 2873 2871
3 2870 2877 2876
3 2870 2874 2873
3 2870 2875 2874
3 2870 2876 2875
3 2876 2877 2880
3 2877 2878 2883
3 2878 2879 2887
3 2877 2881 2880
3 2877 2882 2881
3 2877 2883 2882
3 2878 2884 2883
3 2878 2885 2884
3 2878 2886 2885
3 2878 2887 2886
3 2879 2898 2887
3 2879 2888 2900
3 2879 2899 2898
3 2879 2900 2899
3 2888 2901 2900
3 2888 2889 2917
3 2888 2915 2901
3 2888 2916 2915
3 2888 2917 2916
3 2889 2890 2922
3 2890 2891 2926
3 2831 2887 2898
3 2832 2898 2899
3 2832 2899 2900
3 2833 2900 2901
3 2834 2901 2915
3 2835 2895 3021
3 2836 2896 2895
3 2837 2904 2896
3 2837 2905 2904
3 2838 2906 2905
3 2839 2907 2906
3 2840 2908 2907
3 2842 2909 2908
3 2842 2910 2909
3 2843 2911 2910
3 2844 2912 2911
3 2845 2913 2912
3 2846 2914 2913
3 2846 3031 2914
3 205 3011 3010
3 2820 3012 3011
3 2822 3013 3012
3 2823 3014 3013
3 2824 3015 3014
3 2825 3016 3015
3 2825 3017 3016
3 2827 3018 3017
3 2828 3020 3018
3 2835 3021 3020
3 2895 2896 2897
3 2896 2904 2897
3 2897 2904 2905
3 2897 2905 2906
3 2897 2906 2902
3 2902 2906 2907
3 2902 2907 2908
3 2902 2908 2909
3 2902 2909 2903
3 2903 2909 2910
3 2903 2910 2911
3 2903 2911 2912
3 2903 2912 2913
3 2903 2913 2914
3 2841 2915 2916
3 2841 2916 2917
3 2847 2917 2918
3 2848 2918 2919
3 2849 2919 2920
3 2849 2920 2921
3 2850 2921 2922
3 2851 2922 2923
3 2853 2923 2924
3 2854 2924 2925
3 2854 2925 2926
3 2855 2926 2927
3 2860 2927 2928
3 2861 2928 2929
3 2852 3032 3031
3 2852 3033 3032
3 2857 3034 3033
3 2857 3035 3034
3 2858 3036 3035
3 2859 3037 3036
3 2934 3038 3037
3 2935 3039 3038
3 2862 2929 2930
3 2862 2930 2931
3 2931 2932 2943
3 2889 2918 2917
3 2889 2919 2918
3 2889 2920 2919
3 2889 2921 2920
3 2889 2922 2921
3 2890 2923 2922
3 2890 2924 2923
3 2890 2925 2924
3 2890 2926 2925
3 2891 2927 2926
3 2891 2928 2927
3 2891 2929 2928
3 2891 2892 2931
3 2892 2893 2989
3 2891 2930 2929
3 2891 2931 2930
3 2892 2932 2931
3 2892 2985 2932
3 2892 2986 2985
3 2892 2987 2986
3 2892 2988 2987
3 2892 2989 2988
3 2893 2894 3002
3 2893 2990 2989
3 2893 2991 2990
3 2893 2992 2991
3 2893 2993 2992
3 2893 2994 2993
3 2862 2937 2935
3 2936 2938 2937
3 2862 2936 2937
3 2936 2943 2938
3 2939 2943 2944
3 2938 2943 2939
3 2939 2944 2940
3 2940 2945 2941
3 2941 2946 2942
3 2942 2947 2949
3 2940 2944 2945
3 2941 2945 2946
3 2942 2946 2947
3 2947 2948 2949
3 2948 2950 2949
3 2948 2953 2950
3 2950 2953 2951
3 2951 2954 2952
3 2951 2953 2954
3 2952 2954 2955
3 2952 2955 2956
3 2956 2959 2957
3 2955 2959 2956
3 2957 2960 2958
3 2957 2959 2960
3 2958 2960 2961
3 2934 2935 3038
3 2935 2937 3040
3 2937 2938 3222
3 2938 2939 3223
3 2939 2940 3224
3 2940 2941 3225
3 2941 2942 3227
3 2942 2949 3228
3 2943 2932 2944
3 2944 2985 2945
3 2945 2987 2946
3 2946 2988 2947
3 2947 2989 2948
3 2948 2990 2953
3 2949 2950 3229
3 2950 2951 3230
3 2951 2952 3231
3 2953 2991 2954
3 2954 2993 2955
3 2955 2993 2959
3 2952 2956 3232
3 2956 2957 3234
3 2957 2958 3235
3 2958 2962 3236
3 2959 2996 2960
3 2960 2997 2961
3 2961 2997 2965
3 2958 2961 2962
3 2961 2965 2962
3 2962 2965 2963
3 2963 2966 2964
3 2963 2965 2966
3 2964 2966 2970
3 2964 2970 2967
3 2967 2970 2971
3 2967 2971 2968
3 2968 2972 2969
3 2968 2971 2972
3 2969 2972 2976
3 2969 2976 2973
3 2973 2977 2974
3 2974 2978 2975
3 2974 2977 2978
3 2975 2978 2982
3 2973 2976 2977
3 2975 2982 2979
3 2979 2983 2980
3 2979 2982 2983
3 2980 2984 2981
3 2980 2983 2984
3 2962 2963 3237
3 2963 2964 3238
3 2964 2967 3239
3 2965 2998 2966
3 2966 2999 2970
3 2967 2968 3240
3 2968 2969 3241
3 2969 2973 3242
3 2970 3000 2971
3 2971 3002 2972
3 2972 3002 2976
3 2973 2974 3243
3 2974 2975 3244
3 2975 2979 3245
3 2976 3005 2977
3 2977 3004 2978
3 2978 3006 2982
3 2979 2980 3247
3 2980 2981 3246
3 2981 3666 3248
3 2982 3007 2983
3 2983 3008 2984
3 2935 3040 3039
3 2937 3222 3040
3 2938 3223 3222
3 2939 3224 3223
3 2940 3225 3224
3 2941 3226 3225
3 2941 3227 3226
3 2942 3228 3227
3 2949 3229 3228
3 2944 2932 2985
3 2945 2985 2986
3 2945 2986 2987
3 2946 2987 2988
3 2947 2988 2989
3 2948 2989 2990
3 2953 2990 2991
3 2950 3230 3229
3 2951 3231 3230
3 2954 2991 2992
3 2952 3232 3231
3 2956 3233 3232
3 2954 2992 2993
3 2959 2993 2994
3 2956 3234 3233
3 2957 3235 3234
3 2958 3236 3235
3 2962 3237 3236
3 2959 2994 2995
3 2959 2995 2996
3 2960 2996 2997
3 2965 2997 2998
3 2893 2995 2994
3 2893 2996 2995
3 2893 2997 2996
3 2893 2998 2997
3 2893 2999 2998
3 2893 3000 2999
3 2893 3001 3000
3 2893 3002 3001
3 2894 3003 3002
3 2894 3005 3003
3 2963 3238 3237
3 2964 3239 3238
3 2967 3240 3239
3 2966 2998 2999
3 2970 2999 3000
3 2968 3241 3240
3 2969 3242 3241
3 2973 3243 3242
3 2971 3000 3001
3 2971 3001 3002
3 2976 3002 3003
3 2976 3003 3005
3 2974 3244 3243
3 2975 3245 3244
3 2979 3247 3245
3 2977 3005 3004
3 2978 3004 3006
3 2980 3246 3247
3 2981 3248 3246
3 3248 3666 3249
3 3249 3667 3250
3 2982 3006 3007
3 2983 3007 3008
3 2984 3008 3009
3 2894 3835 3005
3 2894 2933 3848
3 3041 11 3042
3 3042 11 3043
3 3043 11 3044
3 3044 11 3045
3 3045 11 3046
3 3046 11 3047
3 3047 11 3048
3 3048 11 3049
3 3049 11 3050
3 3050 11 3051
3 3051 11 3052
3 3052 11 3053
3 417 3023 419
3 417 418 3023
3 418 420 3023
3 420 421 3023
3 421 3010 3023
3 413 414 3023
3 414 419 3023
3 3010 3011 3023
3 3011 3012 3023
3 3012 3013 3023
3 3013 3014 3023
3 3014 3015 3023
3 3015 3016 3023
3 3016 3017 3023
3 3017 3018 3023
3 2897 3019 2895
3 2897 2902 3019
3 2895 3019 3022
3 2902 3023 3019
3 2895 3022 3021
3 3019 3023 3022
3 3018 3020 3023
3 3020 3021 3023
3 3021 3022 3023
3 2902 2903 4370
3 2903 3024 4370
3 2902 4370 3023
3 3024 3025 4370
3 3025 3026 4370
3 2903 2914 3024
3 2914 3031 3024
3 3024 3031 3032
3 3024 3034 3025
3 3025 3039 3026
3 3024 3032 3033
3 3024 3033 3034
3 3025 3034 3035
3 3025 3035 3036
3 3025 3036 3037
3 3025 3037 3038
3 3026 3226 3027
3 3025 3038 3039
3 3026 3039 3040
3 3026 3040 3222
3 3026 3222 3223
3 3026 3223 3224
3 3026 3224 3225
3 3026 3225 3226
3 3027 3226 3227
3 3027 3227 3228
3 3027 3233 3028
3 3026 3027 4370
3 3027 3028 4370
3 3028 3029 4370
3 3029 3030 4370
3 3030 3056 4370
3 3056 3057 4370
3 3057 3058 4370
3 3053 11 3054
3 3054 11 3055
3 3055 11 3443
3 3443 11 3444
3 3444 11 3445
3 3445 11 3446
3 3446 11 3447
3 3447 11 3448
3 3448 11 3449
3 3449 11 3450
3 3450 11 3451
3 3121 3455 11
3 3451 11 3453
3 3453 11 3454
3 3454 11 3455
3 411 3023 4370
3 3084 3085 4370
3 3085 3086 4370
3 3086 3087 4370
3 3087 3088 4370
3 3088 3089 4370
3 3089 3090 4370
3 3090 3091 4370
3 3091 3092 4370
3 3092 3093 4370
3 3093 3125 4370
3 3058 3059 4370
3 3059 3060 4370
3 3060 3067 4370
3 3071 3073 4370
3 3072 4370 3073
3 3072 3094 4370
3 3094 3095 4370
3 3067 3074 4370
3 3070 4370 3074
3 3070 3071 4370
3 3078 4370 3095
3 3078 3079 4370
3 3080 3081 4370
3 3079 3080 4370
3 3081 3082 4370
3 3082 3083 4370
3 3083 3084 4370
3 3125 3126 4370
3 3126 3127 4370
3 3127 3128 4370
3 3128 3129 4370
3 3129 3130 4370
3 3130 3131 4370
3 3131 3132 4370
3 3132 3133 4370
3 3133 3134 4370
3 3134 3135 4370
3 3135 3136 4370
3 3136 3137 4370
3 3137 3138 4370
3 3138 3139 4370
3 3139 3140 4370
3 3140 3141 4370
3 3141 3142 4370
3 3142 3143 4370
3 3143 3144 4370
3 3144 3145 4370
3 3145 3146 4370
3 3146 3147 4370
3 3147 3148 4370
3 3148 3149 4370
3 3149 3150 4370
3 3150 3151 4370
3 3151 3152 4370
3 3152 3153 4370
3 3153 3154 4370
3 3154 3155 4370
3 3155 3156 4370
3 3156 3157 4370
3 3157 3158 4370
3 3158 3159 4370
3 3159 3160 4370
3 3160 3161 4370
3 3161 3162 4370
3 3162 3163 4370
3 3163 3164 4370
3 3164 3165 4370
3 3165 3166 4370
3 3060 3061 3064
3 3061 3103 3102
3 3061 3104 3103
3 3061 3105 3104
3 3061 3107 3106
3 3061 3106 3105
3 3061 3062 3107
3 3062 3108 3107
3 3062 3109 3108
3 3062 3110 3109
3 3062 3111 3110
3 3062 3112 3111
3 3062 3113 3112
3 3062 3063 3113
3 3060 3076 3075
3 3060 3075 3069
3 3060 3077 3076
3 3060 3065 3077
3 3060 3068 3067
3 3060 3069 3068
3 3060 3064 3065
3 3061 3066 3064
3 3061 3099 3098
3 3061 3101 3100
3 3061 3100 3099
3 3061 3098 3066
3 3061 3096 3101
3 3061 3097 3096
3 3061 3102 3097
3 3166 3167 4370
3 3167 3168 4370
3 3168 3169 4370
3 3169 3170 4370
3 3170 3171 4370
3 3171 3172 4370
3 3172 3173 4370
3 3173 3174 4370
3 3174 3175 4370
3 3175 3176 4370
3 3176 3177 4370
3 3177 3178 4370
3 3178 3179 4370
3 3179 3180 4370
3 3180 3181 4370
3 3181 3182 4370
3 3182 3183 4370
3 3183 3184 4370
3 3184 3186 4370
3 3212 3468 4370
3 3186 3212 4370
3 3468 3469 4370
3 3469 3470 4370
3 3218 4370 3479
3 3470 3471 4370
3 3471 3479 4370
3 3200 3211 3201
3 3195 3211 3197
3 3199 3211 3204
3 3199 3201 3211
3 3195 3204 3211
3 3187 3212 3189
3 3212 3213 3214
3 3188 3213 3212
3 3187 3188 3212
3 3194 3196 3212
3 3196 3197 3212
3 3194 3212 3214
3 3114 3210 3205
3 3206 3210 3208
3 3205 3210 3206
3 3207 3208 3210
3 3207 3210 3209
3 3190 3209 3210
3 3190 3210 3191
3 3202 3203 3211
3 3192 3211 3193
3 3191 3211 3192
3 3193 3211 3203
3 3191 3210 3211
3 3198 3202 3211
3 3198 3211 3200
3 3197 3211 3212
3 3185 3212 3186
3 3185 3189 3212
3 3218 3480 3221
3 3218 3479 3480
3 3027 3228 3229
3 3027 3229 3230
3 3027 3230 3231
3 3027 3231 3232
3 3027 3232 3233
3 3028 3233 3234
3 3028 3234 3235
3 3028 3235 3236
3 3028 3236 3237
3 3028 3237 3238
3 3028 3238 3239
3 3028 3239 3240
3 3028 3240 3241
3 3028 3241 3242
3 3028 3242 3243
3 3028 3243 3244
3 3028 3244 3245
3 3028 3878 3029
3 3029 3880 3030
3 3030 3881 3056
3 3028 3245 3878
3 2933 3041 3883
3 3041 3042 3882
3 3042 3043 3888
3 3044 3045 3890
3 3043 3044 3889
3 3045 3046 3893
3 3251 3252 3257
3 3296 3297 3257
3 3252 3296 3257
3 3260 3261 3257
3 3260 3257 3259
3 3259 3257 3262
3 3256 3257 3258
3 3253 3258 3257
3 3255 3257 3256
3 3254 3253 3257
3 3254 3257 3261
3 3262 3257 3263
3 3263 3257 3264
3 3265 3264 3257
3 3265 3257 3266
3 3266 3257 3267
3 3267 3257 3268
3 3268 3257 3269
3 3269 3257 3270
3 3270 3257 3271
3 3271 3257 3272
3 3272 3257 3273
3 3273 3257 3274
3 3274 3257 3275
3 3275 3257 3276
3 3276 3257 3277
3 3277 3257 3278
3 3278 3257 3279
3 3279 3257 3280
3 3280 3257 3281
3 3281 3257 3282
3 3282 3257 3372
3 3372 3257 3373
3 3373 3257 3374
3 3374 3257 3375
3 3375 3257 3376
3 3376 3257 3377
3 3377 3257 3378
3 3378 3257 3379
3 3379 3257 3380
3 3286 3287 3257
3 3287 3290 3257
3 3305 3257 3292
3 3291 3292 3257
3 3290 3291 3257
3 3305 3299 3257
3 3299 3300 3257
3 3300 3301 3257
3 3302 3257 3301
3 3302 3304 3257
3 3304 3303 3257
3 3303 3306 3257
3 3285 3284 3257
3 3294 3298 3257
3 3298 3283 3257
3 3285 3257 3283
3 3293 3257 3297
3 3293 3295 3257
3 3294 3257 3295
3 3288 3257 3284
3 3288 3289 3257
3 3286 3257 3289
3 3306 3307 3257
3 3307 3308 3257
3 3308 3309 3257
3 3309 3310 3257
3 3310 3311 3257
3 3311 3312 3257
3 3312 3313 3257
3 3313 3314 3257
3 3314 3315 3257
3 3315 3316 3257
3 3316 3317 3257
3 3317 3318 3257
3 3318 3319 3257
3 3319 3320 3257
3 3320 3321 3257
3 3321 3322 3257
3 3257 3322 3323
3 3257 3323 3324
3 3257 3324 3325
3 3257 3325 3326
3 3380 3257 3381
3 3381 3257 3382
3 3382 3257 3383
3 3383 3257 3384
3 3384 3257 3385
3 3385 3257 3386
3 3386 3257 3387
3 3387 3257 3388
3 3388 3257 3389
3 3389 3257 3390
3 3390 3257 3391
3 3046 3047 4007
3 3047 3048 4008
3 3048 3049 4009
3 3049 3050 4010
3 3257 3326 3327
3 3257 3327 3328
3 3257 3328 3329
3 3257 3329 3330
3 3257 3330 3331
3 3257 3331 3332
3 3257 3332 3333
3 3257 3333 3334
3 3257 3334 3335
3 3257 3335 3336
3 3257 3336 3337
3 3257 3337 3338
3 3257 3338 3339
3 3257 3339 3340
3 3257 3340 3341
3 3257 3341 3342
3 3257 3342 3343
3 3257 3343 3344
3 3257 3344 3345
3 3257 3345 3346
3 3257 3346 3347
3 3257 3347 3348
3 3257 3348 3349
3 3257 3349 3350
3 3257 3350 3351
3 3257 3351 3352
3 3257 3352 3353
3 3257 3353 3354
3 3257 3354 3355
3 3257 3355 3356
3 3257 3356 3357
3 3257 3357 3358
3 3257 3358 3359
3 3257 3359 3360
3 3257 3360 3361
3 3257 3361 3362
3 3257 3362 3363
3 3257 3363 3364
3 3257 3364 3365
3 3257 3365 3370
3 3257 3370 3371
3 3257 3371 3366
3 3257 3433 3434
3 3257 3437 3433
3 3257 3422 3438
3 3257 3436 3437
3 3257 3438 3436
3 3257 3430 3428
3 3257 3432 3426
3 3257 3426 3427
3 3257 3427 3430
3 3257 3429 3422
3 3257 3428 3429
3 3257 3367 3369
3 3257 3369 3441
3 3257 3441 3439
3 3257 3425 3424
3 3257 3423 3425
3 3257 3439 3440
3 3257 3440 3442
3 3257 3442 3423
3 3257 3366 3368
3 3257 3368 3367
3 3257 3424 3431
3 3257 3431 3432
3 3050 3051 4077
3 3051 3052 4078
3 3052 3053 4011
3 3053 3054 4012
3 3054 3055 4013
3 3056 3884 3057
3 3057 3885 3058
3 3058 3886 3059
3 3059 3887 3060
3 3060 3891 3061
3 3061 3892 3062
3 3062 3895 3063
3 3063 3895 3113
3 3066 3098 3930
3 3065 3897 3077
3 3064 3896 3065
3 3064 3066 3898
3 3067 3899 3074
3 3068 3069 3901
3 3067 3068 3900
3 3070 3906 3071
3 3072 3073 3909
3 3072 3908 3094
3 3071 3907 3073
3 3070 3074 3902
3 3075 3076 3904
3 3076 3077 3905
3 3069 3075 3903
3 3078 3095 3927
3 3078 3910 3079
3 3079 3911 3080
3 3080 3912 3081
3 3081 3913 3082
3 3082 3914 3083
3 3083 3915 3084
3 3084 3916 3085
3 3085 3917 3086
3 3086 3918 3087
3 3087 3919 3088
3 3088 3920 3089
3 3089 3921 3090
3 3090 3922 3091
3 3091 3923 3092
3 3092 3924 3093
3 3093 3925 3125
3 3094 3926 3095
3 3096 3928 3101
3 3096 3097 3929
3 3098 3099 3931
3 3099 3100 3932
3 3100 3101 3933
3 3097 3102 3937
3 3102 3103 3938
3 3103 3104 3934
3 3104 3105 3935
3 3105 3106 3936
3 3107 3108 3940
3 3106 3107 3939
3 3108 3109 3941
3 3109 3110 3943
3 3110 3111 3942
3 3111 3112 3944
3 3112 3113 3945
3 3285 3283 3978
3 3288 3284 3979
3 3285 3980 3284
3 3286 3289 3987
3 3286 3985 3287
3 3287 3984 3290
3 3288 3986 3289
3 3290 3981 3291
3 3291 3982 3292
3 3305 3292 3983
3 3294 3989 3298
3 3298 3993 3283
3 3299 3994 3300
3 3300 3995 3301
3 3302 3998 3304
3 3302 3301 3996
3 3303 3997 3306
3 3304 3999 3303
3 3305 4000 3299
3 3306 4001 3307
3 3307 4002 3308
3 3308 4003 3309
3 3309 4005 3310
3 3310 4004 3311
3 3311 4006 3312
3 3251 3946 3252
3 3252 3947 3296
3 3253 3948 3258
3 3254 3949 3253
3 3254 3261 3956
3 3255 3951 3257
3 3255 3256 3950
3 3251 3257 3952
3 3256 3258 3953
3 3259 3262 3957
3 3260 3955 3261
3 3260 3259 3954
3 3262 3263 3958
3 3265 3960 3264
3 3263 3264 3959
3 3265 3266 3961
3 3266 3267 3962
3 3267 3268 3963
3 3268 3269 3964
3 3269 3270 3965
3 3270 3271 3966
3 3271 3272 3967
3 3272 3273 3968
3 3273 3274 3969
3 3274 3275 3970
3 3275 3276 3971
3 3276 3277 3972
3 3277 3278 3973
3 3278 3279 3974
3 3279 3280 3975
3 3280 3281 3976
3 3281 3282 3977
3 3282 3372 4102
3 3294 3295 3990
3 3293 3988 3295
3 3296 3992 3297
3 3293 3297 3991
3 3312 4046 3313
3 3313 4047 3314
3 3314 4017 3315
3 3317 4020 3318
3 3315 4018 3316
3 3316 4019 3317
3 3318 4021 3319
3 3319 4022 3320
3 3320 4023 3321
3 3321 4024 3322
3 3322 4025 3323
3 3323 4028 3324
3 3324 4026 3325
3 3325 4027 3326
3 3326 4029 3327
3 3327 4030 3328
3 3328 4031 3329
3 3329 4032 3330
3 3330 4033 3331
3 3331 4034 3332
3 3332 4035 3333
3 3333 4036 3334
3 3334 4037 3335
3 3335 4038 3336
3 3336 4039 3337
3 3337 4040 3338
3 3338 4041 3339
3 3339 4042 3340
3 3340 4044 3341
3 3341 4043 3342
3 3342 4045 3343
3 3343 4048 3344
3 3344 4049 3345
3 3345 4050 3346
3 3346 4051 3347
3 3347 4052 3348
3 3348 4053 3349
3 3349 4054 3350
3 3350 4055 3351
3 3351 4058 3352
3 3352 4056 3353
3 3353 4057 3354
3 3354 4059 3355
3 3355 4060 3356
3 3356 4061 3357
3 3357 4062 3358
3 3358 4063 3359
3 3359 4064 3360
3 3360 4065 3361
3 3361 4066 3362
3 3362 4067 3363
3 3363 4068 3364
3 3364 4069 3365
3 3365 4070 3370
3 3366 4071 3368
3 3367 3368 4072
3 3367 4073 3369
3 3369 4074 3441
3 3370 4075 3371
3 3366 3371 4076
3 3391 3257 3392
3 3392 3257 3393
3 3393 3257 3394
3 3394 3257 3395
3 3395 3257 3396
3 3396 3257 3397
3 3397 3257 3398
3 3257 3399 3398
3 3257 3400 3399
3 3257 3401 3400
3 3257 3402 3401
3 3257 3403 3402
3 3257 3404 3403
3 3257 3405 3404
3 3257 3406 3405
3 3257 3407 3406
3 3257 3409 3407
3 3257 3410 3409
3 3257 3411 3410
3 3257 3412 3411
3 3257 3413 3412
3 3257 3414 3413
3 3257 3408 3414
3 3257 3416 3415
3 3257 3415 3408
3 3257 3417 3416
3 3257 3419 3417
3 3257 3418 3419
3 3257 3435 3421
3 3257 3420 3418
3 3257 3421 3420
3 3257 3434 3435
3 3187 4223 3188
3 3190 3191 4160
3 3193 3203 4236
3 3191 3192 4161
3 3192 3193 4226
3 3194 3214 4239
3 3195 3197 4230
3 3195 4228 3204
3 3196 4229 3197
3 3194 4227 3196
3 3199 4232 3201
3 3200 3201 4234
3 3198 3200 4233
3 3202 4235 3203
3 3198 4231 3202
3 3199 3204 4237
3 3205 3206 4163
3 3206 3208 4165
3 3114 3205 4162
3 3207 4164 3208
3 3207 3209 4166
3 3114 4167 3210
3 3190 4159 3209
3 3210 4167 3211
3 3211 4168 3212
3 3213 4238 3214
3 3188 4224 3213
3 3125 4086 3126
3 3126 4087 3127
3 3127 4088 3128
3 3128 4089 3129
3 3129 4090 3130
3 3130 4091 3131
3 3131 4092 3132
3 3132 4093 3133
3 3133 4094 3134
3 3134 4095 3135
3 3135 4096 3136
3 3136 4097 3137
3 3137 4098 3138
3 3138 4079 3139
3 3139 4080 3140
3 3140 4081 3141
3 3143 4084 3144
3 3144 4085 3145
3 3141 4082 3142
3 3142 4083 3143
3 3145 4099 3146
3 3146 4100 3147
3 3147 4101 3148
3 3148 4138 3149
3 3149 4139 3150
3 3150 4140 3151
3 3151 4142 3152
3 3152 4141 3153
3 3153 4143 3154
3 3154 4147 3155
3 3155 4148 3156
3 3156 4144 3157
3 3157 4145 3158
3 3158 4146 3159
3 3159 4149 3160
3 3160 4150 3161
3 3161 4151 3162
3 3162 4153 3163
3 3163 4152 3164
3 3164 4154 3165
3 3165 4155 3166
3 3166 4156 3167
3 3167 4157 3168
3 3382 3383 4113
3 3383 3384 4114
3 3384 3385 4115
3 3385 3386 4116
3 3386 3387 4117
3 3387 3388 4121
3 3388 3389 4122
3 3389 3390 4123
3 3390 3391 4124
3 3391 3392 4118
3 3392 3393 4119
3 3393 3394 4120
3 3394 3395 4125
3 3395 3396 4126
3 3396 3397 4127
3 3397 3398 4128
3 3398 3399 4129
3 3399 3400 4130
3 3400 3401 4131
3 3401 3402 4132
3 3402 3403 4133
3 3403 3404 4134
3 3404 3405 4136
3 3405 3406 4135
3 3406 3407 4137
3 3407 3409 4199
3 3372 3373 4103
3 3373 3374 4104
3 3374 3375 4105
3 3375 3376 4106
3 3376 3377 4107
3 3377 3378 4108
3 3378 3379 4112
3 3379 3380 4109
3 3380 3381 4110
3 3381 3382 4111
3 3168 4158 3169
3 3169 4214 3170
3 3170 4205 3171
3 3171 4206 3172
3 3172 4208 3173
3 3173 4207 3174
3 3174 4209 3175
3 3175 4210 3176
3 3176 4211 3177
3 3177 4212 3178
3 3179 4215 3180
3 3180 4216 3181
3 3178 4213 3179
3 3181 4217 3182
3 3182 4218 3183
3 3184 4220 3186
3 3185 3186 4222
3 3185 4221 3189
3 3187 3189 4225
3 3183 4219 3184
3 3409 3410 4200
3 3410 3411 4171
3 3411 3412 4172
3 3413 3414 4174
3 3408 4170 3414
3 3412 3413 4173
3 3408 3415 4175
3 3415 3416 4176
3 3416 3417 4177
3 3417 3419 4181
3 3418 4180 3419
3 3418 3420 4178
3 3420 3421 4179
3 3422 4182 3438
3 3423 4183 3425
3 3424 3425 4184
3 3431 3424 4185
3 3426 4187 3427
3 3429 3428 4188
3 3428 3430 4189
3 3422 3429 4192
3 3427 4186 3430
3 3431 4190 3432
3 3426 3432 4191
3 3435 3434 4194
3 3433 4193 3434
3 3433 3437 4197
3 3435 4195 3421
3 3436 4196 3437
3 3436 3438 4198
3 3441 4203 3439
3 3439 4201 3440
3 3442 3440 4202
3 3442 4204 3423
3 3450 3451 3474
3 3121 3124 3452
3 3121 3452 3455
3 3453 3454 3457
3 3454 3458 3460
3 3454 3455 3458
3 3455 3467 3459
3 3455 3459 3458
3 3451 3453 3494
3 3453 3457 3492
3 3453 3492 3489
3 3453 3489 3491
3 3453 3491 3490
3 3454 3456 3457
3 3454 3460 3461
3 3454 3461 3456
3 3452 3464 3455
3 3464 3462 3455
3 3455 3462 3466
3 3462 3464 3463
3 3462 3463 3465
3 3455 3466 3467
3 3462 3465 3466
3 3215 3216 3529
3 3215 3523 3220
3 3117 3527 3120
3 3118 3119 3526
3 3119 3120 3524
3 3117 3220 3523
3 3122 3511 3124
3 3115 3506 3116
3 3115 4384 3507
3 3116 3505 3123
3 3122 3123 3510
3 3124 3509 3452
3 3458 3459 3517
3 3459 3467 3516
3 3457 3519 3492
3 3489 3492 3521
3 3460 3518 3461
3 3456 3461 3514
3 3458 3517 3460
3 3456 3519 3457
3 3452 3509 3464
3 3463 3464 3512
3 3465 3513 3466
3 3463 3513 3465
3 3466 3515 3467
3 3449 3450 3566
3 3451 3495 3496
3 3451 3496 3472
3 3451 3472 3474
3 3450 3473 3475
3 3450 3475 3476
3 3450 3474 3473
3 3450 3476 3477
3 3450 3477 3478
3 3471 3588 3587
3 3471 3562 3588
3 3449 3566 3567
3 3449 3567 3564
3 3449 3564 3568
3 3449 3568 3569
3 3450 3478 3565
3 3450 3565 3566
3 3449 3569 3570
3 3449 3570 3577
3 3449 3577 3578
3 3449 3578 3579
3 3221 3480 3481
3 3221 3481 3488
3 3481 3482 3488
3 3479 3497 3480
3 3480 3498 3500
3 3480 3487 3481
3 3480 3486 3485
3 3480 3485 3487
3 3481 3484 3483
3 3481 3483 3482
3 3481 3487 3484
3 3480 3500 3501
3 3480 3501 3486
3 3451 3494 3493
3 3453 3490 3494
3 3451 3493 3495
3 3217 3530 3219
3 3217 3218 3532
3 3216 3219 3529
3 3218 3221 3522
3 3471 3583 3479
3 3479 3499 3497
3 3480 3497 3498
3 3479 3502 3499
3 3479 3504 3503
3 3479 3584 3504
3 3479 3503 3502
3 3471 3585 3583
3 3479 3583 3584
3 3471 3586 3585
3 3471 3587 3586
3 3495 3534 3496
3 3472 3496 3535
3 3472 3537 3474
3 3473 3474 3537
3 3473 3536 3475
3 3475 3538 3476
3 3476 3539 3477
3 3477 3540 3478
3 3478 3541 3565
3 3542 3566 3565
3 3221 3488 3548
3 3491 3546 3490
3 3490 3547 3494
3 3493 3494 3547
3 3482 3548 3488
3 3482 3483 3549
3 3489 3520 3491
3 3493 3533 3495
3 3485 3550 3487
3 3483 3484 3551
3 3484 3487 3551
3 3485 3486 3552
3 3486 3501 3553
3 3504 3584 3560
3 3561 3583 3585
3 3560 3584 3583
3 3497 3555 3498
3 3498 3555 3500
3 3497 3499 3557
3 3499 3502 3556
3 3500 3554 3501
3 3504 3559 3503
3 3502 3503 3558
3 3507 4384 3508
3 3124 3511 3509
3 3122 3510 3511
3 3116 3506 3505
3 3123 3505 3510
3 3115 3507 3506
3 3464 3509 3512
3 3120 3527 3524
3 3118 3526 3525
3 3119 3524 3526
3 3215 3531 3523
3 3217 3532 3530
3 3219 3530 3529
3 3215 3529 3531
3 3117 3528 3527
3 3117 3523 3528
3 3467 3515 3516
3 3460 3517 3518
3 3459 3516 3517
3 3492 3519 3521
3 3489 3521 3520
3 3461 3518 3514
3 3456 3514 3519
3 3466 3513 3515
3 3463 3512 3513
3 3510 3527 3511
3 3509 3511 3528
3 3505 3506 3526
3 3506 3507 3525
3 3507 3508 4840
3 3505 3524 3510
3 3505 3526 3524
3 3507 4840 3525
3 3506 3525 3526
3 3515 3530 3516
3 3516 3532 3517
3 3519 3551 3521
3 3517 3522 3518
3 3514 3518 3548
3 3516 3530 3532
3 3517 3532 3522
3 3514 3549 3519
3 3514 3548 3549
3 3518 3522 3548
3 3512 3531 3513
3 3513 3529 3515
3 3509 3523 3512
3 3511 3527 3528
3 3509 3528 3523
3 3513 3531 3529
3 3515 3529 3530
3 3512 3523 3531
3 3510 3524 3527
3 3495 3533 3534
3 3496 3534 3535
3 3472 3535 3537
3 3473 3537 3536
3 3475 3536 3538
3 3476 3538 3539
3 3477 3539 3540
3 3541 3542 3565
3 3542 3543 3567
3 3478 3540 3541
3 3221 3548 3522
3 3218 3522 3532
3 3482 3549 3548
3 3487 3550 3551
3 3483 3551 3549
3 3491 3520 3546
3 3490 3546 3547
3 3493 3547 3533
3 3501 3554 3553
3 3500 3555 3554
3 3485 3552 3550
3 3486 3553 3552
3 3497 3557 3555
3 3499 3556 3557
3 3502 3558 3556
3 3503 3559 3558
3 3504 3560 3559
3 3560 3583 3561
3 3544 3561 3585
3 3534 3557 3535
3 3535 3556 3537
3 3536 3537 3558
3 3536 3559 3538
3 3536 3558 3559
3 3539 3561 3540
3 3538 3560 3539
3 3538 3559 3560
3 3540 3544 3541
3 3539 3560 3561
3 3540 3561 3544
3 3541 3545 3542
3 3542 3618 3543
3 3542 3545 3618
3 3541 3544 3545
3 3520 3521 3550
3 3520 3552 3546
3 3520 3550 3552
3 3546 3553 3547
3 3533 3547 3554
3 3546 3552 3553
3 3521 3551 3550
3 3519 3549 3551
3 3533 3555 3534
3 3533 3554 3555
3 3547 3553 3554
3 3534 3555 3557
3 3535 3557 3556
3 3537 3556 3558
3 3055 3443 4345
3 3443 3444 4346
3 3444 3445 4347
3 3471 3563 3562
3 3471 3571 3563
3 3471 3572 3571
3 3471 3573 3572
3 3471 3574 3573
3 3471 3575 3574
3 3471 3576 3575
3 3471 3589 3576
3 3449 3579 3580
3 3449 3580 3581
3 3449 3581 3582
3 3449 3582 3596
3 3445 3446 4349
3 3446 3447 4351
3 3447 3448 4350
3 3212 4169 3468
3 3448 3449 4355
3 3468 4348 3469
3 3469 4352 3470
3 3470 4353 3471
3 3587 3588 3618
3 3562 3619 3588
3 3562 3563 3620
3 3563 3571 3623
3 3543 3564 3567
3 3564 3615 3568
3 3542 3567 3566
3 3568 3616 3569
3 3569 3617 3570
3 3570 3621 3577
3 3571 3572 3624
3 3572 3573 3625
3 3573 3574 3630
3 3574 3575 3629
3 3575 3576 3631
3 3576 3589 3635
3 3589 3590 3636
3 3577 3622 3578
3 3578 3626 3579
3 3579 3627 3580
3 3580 3628 3581
3 3581 3628 3582
3 3582 3633 3596
3 3544 3585 3586
3 3545 3586 3587
3 3449 3596 4355
3 3471 4354 3589
3 3590 3591 3636
3 3591 3592 3637
3 3592 3593 3641
3 3593 3594 3642
3 3594 3595 3643
3 3595 3601 3644
3 3596 3634 3597
3 3597 3638 3598
3 3598 3639 3599
3 3599 3640 3600
3 3600 3645 3603
3 3601 3602 3648
3 3602 3610 3649
3 3610 3611 3650
3 3603 3646 3604
3 3604 3647 3605
3 3605 3651 3606
3 3606 3652 3607
3 3607 3653 3608
3 3608 3653 3609
3 3609 3656 4240
3 3611 3612 3654
3 3612 3613 3655
3 3613 3614 3659
3 3614 4247 3659
3 3660 4247 4248
3 3544 3586 3545
3 3545 3587 3618
3 3588 3619 3618
3 3543 3615 3564
3 3568 3615 3616
3 3569 3616 3617
3 3562 3620 3619
3 3563 3623 3620
3 3571 3624 3623
3 3572 3625 3624
3 3570 3617 3621
3 3577 3621 3622
3 3573 3630 3625
3 3574 3629 3630
3 3575 3631 3629
3 3578 3622 3626
3 3579 3626 3627
3 3580 3627 3628
3 3576 3635 3631
3 3589 3636 3635
3 3591 3637 3636
3 3582 3628 3632
3 3582 3632 3633
3 3596 3633 3634
3 3615 3620 3616
3 3616 3623 3617
3 3543 3619 3615
3 3543 3618 3619
3 3615 3619 3620
3 3616 3620 3623
3 3617 3624 3621
3 3621 3625 3622
3 3622 3630 3626
3 3617 3623 3624
3 3621 3624 3625
3 3622 3625 3630
3 3626 3629 3627
3 3627 3631 3628
3 3628 3635 3632
3 3626 3630 3629
3 3627 3629 3631
3 3628 3631 3635
3 3632 3636 3633
3 3633 3637 3634
3 3632 3635 3636
3 3633 3636 3637
3 3634 3637 3641
3 3592 3641 3637
3 3593 3642 3641
3 3594 3643 3642
3 3597 3634 3638
3 3598 3638 3639
3 3599 3639 3640
3 3595 3644 3643
3 3601 3648 3644
3 3602 3649 3648
3 3600 3640 3645
3 3603 3645 3646
3 3610 3650 3649
3 3611 3654 3650
3 3612 3655 3654
3 3604 3646 3647
3 3605 3647 3651
3 3606 3651 3652
3 3607 3652 3653
3 3609 3653 3656
3 3656 3657 4240
3 3613 3659 3655
3 3659 4247 3660
3 3660 4248 3661
3 3661 4249 3662
3 3634 3641 3638
3 3638 3642 3639
3 3639 3643 3640
3 3638 3641 3642
3 3639 3642 3643
3 3640 3643 3644
3 3640 3644 3645
3 3645 3648 3646
3 3644 3648 3645
3 3646 3648 3649
3 3646 3649 3647
3 3647 3649 3650
3 3647 3650 3651
3 3651 3650 3654
3 3651 3654 3652
3 3652 3654 3655
3 3652 3655 3653
3 3653 3655 3659
3 3653 3659 3656
3 3656 3660 3657
3 3656 3659 3660
3 3657 3660 3661
3 3657 3661 3658
3 3658 3661 4301
3 3661 3662 4301
3 2981 3670 3666
3 2981 2984 3670
3 3666 3671 3667
3 3666 3670 3671
3 3667 3674 3668
3 3667 3671 3674
3 3668 3675 3669
3 3669 3673 3672
3 3668 3674 3675
3 3669 3675 3673
3 3664 3672 3683
3 3664 3684 3665
3 3672 3673 3683
3 3677 3687 3678
3 3678 3688 3680
3 3679 3680 3722
3 3679 3723 3681
3 3679 3722 3723
3 3665 3685 3676
3 3665 3684 3685
3 3664 3683 3684
3 3676 3686 3677
3 3676 3685 3686
3 3677 3686 3687
3 3678 3687 3688
3 3680 3688 3722
3 3664 3665 3854
3 3665 3676 3855
3 3249 3666 3667
3 3667 3668 3849
3 3668 3669 3850
3 3669 3672 3850
3 2984 3009 3670
3 3670 3732 3671
3 3671 3733 3674
3 3664 3852 3672
3 3673 3738 3683
3 3674 3735 3675
3 3673 3675 3737
3 3676 3677 3855
3 3677 3678 3856
3 3678 3680 3857
3 3679 3681 3859
3 3679 3858 3680
3 3681 3682 3862
3 3713 3861 3682
3 3683 3736 3684
3 3684 3739 3685
3 3685 3740 3686
3 3687 3743 3688
3 3686 3741 3687
3 3688 3744 3722
3 3689 3730 3700
3 3699 3709 3702
3 3700 3729 3701
3 3699 3701 3708
3 3698 3809 3707
3 3704 3805 3705
3 3705 3804 3706
3 3697 3706 3803
3 3704 3707 3806
3 3707 3809 3806
3 3702 3807 3703
3 3698 3703 3808
3 3701 3729 3708
3 3699 3708 3709
3 3702 3709 3807
3 3703 3807 3808
3 3698 3808 3809
3 3689 3700 3865
3 3751 3794 732
3 3794 3752 3690
3 3692 3748 3694
3 3690 3753 3691
3 3691 3749 3692
3 3696 3757 3697
3 3694 3755 3695
3 3693 3695 3758
3 3693 3759 3696
3 3698 3768 3703
3 3704 3761 3707
3 3698 3707 3762
3 3699 3702 3765
3 3700 3701 3747
3 3699 3767 3701
3 3702 3703 3766
3 3704 3705 3760
3 3697 3770 3706
3 3705 3706 3771
3 3709 3776 3807
3 3708 3772 3709
3 3713 3682 3714
3 3681 3724 3682
3 3681 3723 3724
3 3682 3724 3714
3 3710 3713 3719
3 3710 3721 3711
3 3713 3714 3719
3 3711 3720 3712
3 3712 3727 3717
3 3715 3716 3725
3 3715 3726 3718
3 3716 3717 3728
3 3717 3727 3728
3 3710 3719 3721
3 3711 3721 3720
3 3712 3720 3727
3 3689 3718 3731
3 3716 3728 3725
3 3715 3725 3726
3 3689 3731 3730
3 3718 3726 3731
3 3700 3730 3729
3 3710 3711 3871
3 3711 3712 3867
3 3712 3717 3867
3 3710 3864 3713
3 3714 3724 3784
3 3716 3870 3717
3 3715 3718 3873
3 3715 3872 3716
3 3689 3874 3718
3 3714 3777 3719
3 3719 3778 3721
3 3720 3780 3727
3 3720 3721 3779
3 3722 3745 3723
3 3723 3783 3724
3 3725 3786 3726
3 3726 3789 3731
3 3727 3782 3728
3 3725 3728 3790
3 3730 3731 3788
3 3729 3730 3793
3 3708 3729 3791
3 3665 3855 3854
3 3667 3849 3250
3 3668 3850 3849
3 3672 3851 3850
3 3009 3732 3670
3 3671 3732 3733
3 3674 3733 3734
3 3674 3734 3735
3 3683 3738 3736
3 3672 3852 3851
3 3664 3853 3852
3 3664 3854 3853
3 3675 3735 3737
3 3673 3737 3738
3 3677 3856 3855
3 3678 3857 3856
3 3680 3860 3857
3 3680 3858 3860
3 3713 3863 3861
3 3713 3864 3863
3 3681 3862 3859
3 3682 3861 3862
3 3679 3859 3858
3 3684 3736 3739
3 3685 3739 3740
3 3686 3740 3741
3 3687 3741 3742
3 3687 3742 3743
3 3688 3743 3744
3 3722 3744 3745
3 3004 3005 3835
3 3004 3835 3006
3 3006 3835 3007
3 3007 3835 3008
3 3008 3835 3009
3 3009 3835 3732
3 3689 3865 3874
3 3700 3747 3746
3 3700 3746 3865
3 3750 3751 732
3 3751 3752 3794
3 3690 3752 3753
3 3691 3753 3754
3 3691 3754 3749
3 3692 3749 3748
3 3695 3756 3758
3 3693 3758 3759
3 3696 3759 3757
3 3697 3757 3769
3 3694 3748 3755
3 3695 3755 3756
3 3708 3791 3772
3 3774 3807 3775
3 3709 3772 3776
3 3775 3807 3776
3 3704 3760 3763
3 3698 3762 3768
3 3707 3761 3762
3 3704 3763 3761
3 3699 3765 3767
3 3702 3766 3764
3 3702 3764 3765
3 3701 3767 3747
3 3703 3768 3766
3 3697 3769 3770
3 3706 3770 3771
3 3705 3771 3760
3 3747 3767 3828
3 3746 3747 3828
3 3720 3779 3781
3 3720 3781 3780
3 3727 3780 3782
3 3711 3866 3871
3 3711 3867 3866
3 3717 3869 3867
3 3717 3870 3869
3 3710 3871 3864
3 3714 3784 3785
3 3714 3785 3777
3 3716 3868 3870
3 3716 3872 3868
3 3718 3874 3873
3 3715 3873 3872
3 3719 3777 3778
3 3721 3778 3779
3 3723 3745 3783
3 3724 3783 3784
3 3725 3790 3786
3 3726 3787 3789
3 3726 3786 3787
3 3731 3789 3788
3 3728 3782 3790
3 3729 3793 3792
3 3730 3788 3793
3 3729 3792 3791
3 3734 3834 3735
3 3732 3835 3733
3 3733 3835 3734
3 3735 3834 3737
3 3737 3834 3738
3 3736 3738 3834
3 3739 3834 3740
3 3740 3834 3741
3 3742 3832 3743
3 3741 3834 3742
3 3736 3834 3739
3 3777 3785 3833
3 3777 3833 3778
3 3778 3833 3779
3 3780 3831 3782
3 3780 3781 3831
3 3782 3831 3790
3 3779 3833 3781
3 3744 3832 3745
3 3743 3832 3744
3 3745 3832 3783
3 3783 3832 3784
3 3784 3832 3785
3 3734 3835 3834
3 2894 3848 3835
3 741 732 3794
3 3794 3690 3795
3 3690 3691 3796
3 3691 3692 3797
3 3692 3694 3798
3 741 3794 3795
3 3690 3796 3795
3 3691 3797 3796
3 3692 3798 3797
3 3693 3799 3695
3 3694 3695 3800
3 3693 3696 3801
3 3696 3697 3802
3 3697 3803 3802
3 3694 3800 3798
3 3695 3799 3800
3 3696 3802 3801
3 3693 3801 3799
3 3706 3804 3803
3 3705 3805 3804
3 3704 3806 3805
3 3801 3802 3813
3 741 3795 3816
3 3795 3796 3818
3 3797 3798 3820
3 3796 3797 3819
3 3798 3800 3811
3 3799 3812 3800
3 3799 3801 3814
3 3805 3806 3824
3 3806 3809 3821
3 3802 3803 3825
3 3803 3804 3826
3 3804 3805 3823
3 3773 3809 3808
3 3774 3808 3807
3 3799 3814 3812
3 3801 3815 3814
3 3801 3813 3815
3 3802 3825 3813
3 741 3816 760
3 3795 3817 3816
3 3795 3818 3817
3 3796 3819 3818
3 3797 3820 3819
3 3798 3810 3820
3 3798 3811 3810
3 3800 3812 3811
3 3805 3824 3823
3 3806 3822 3824
3 3806 3821 3822
3 3803 3826 3827
3 3803 3827 3825
3 3804 3823 3826
3 3773 3821 3809
3 3773 3808 3774
3 3757 3844 3769
3 3757 3759 3844
3 3758 3844 3759
3 3750 3838 3751
3 3751 3838 3752
3 720 3838 721
3 721 3838 3750
3 3752 3837 3753
3 3753 3837 3754
3 3749 3754 3837
3 3814 3815 3840
3 3813 3842 3815
3 3748 3749 3841
3 3748 3841 3755
3 3755 3841 3756
3 3756 3841 3758
3 3761 3847 3762
3 3770 3845 3771
3 3760 3771 3845
3 3769 3844 3770
3 3760 3845 3763
3 3761 3763 3845
3 3764 3766 3847
3 3766 3768 3847
3 3762 3847 3768
3 3765 3828 3767
3 3764 3828 3765
3 3813 3825 3842
3 3825 3827 3842
3 3826 3843 3827
3 3823 3843 3826
3 3823 3824 3843
3 3822 3843 3824
3 3821 3846 3822
3 3773 3774 3846
3 3773 3846 3821
3 3774 3775 3846
3 3775 3776 3829
3 3772 3829 3776
3 3816 3817 3836
3 3817 3818 3836
3 3818 3819 3836
3 3819 3820 3839
3 3810 3839 3820
3 3752 3838 3837
3 3810 3811 3840
3 3811 3812 3840
3 3812 3814 3840
3 3749 3837 3841
3 3758 3841 3844
3 777 3816 3836
3 3819 3839 3836
3 3810 3840 3839
3 3815 3842 3840
3 3827 3843 3842
3 3770 3844 3845
3 3761 3845 3847
3 3822 3846 3843
3 3775 3829 3846
3 3764 3847 3828
3 3828 3846 3829
3 3788 3789 3830
3 3787 3830 3789
3 3791 3792 3829
3 3772 3791 3829
3 3792 3793 3830
3 3788 3830 3793
3 3786 3790 3831
3 3786 3831 3787
3 3787 3831 3830
3 3781 3833 3831
3 3742 3834 3832
3 3785 3832 3833
3 3792 3830 3829
3 3829 3830 3875
3 3828 3829 3875
3 3830 3831 3875
3 3831 3876 3875
3 3831 3877 3876
3 3831 3833 3877
3 3832 3834 3878
3 3832 3879 3833
3 3836 3839 3837
3 777 3836 3838
3 3836 3837 3838
3 3839 3840 3841
3 3837 3839 3841
3 3840 3844 3841
3 3840 3842 3844
3 3842 3843 3845
3 3842 3845 3844
3 3843 3847 3845
3 3843 3846 3847
3 3828 3847 3846
3 3245 3247 3878
3 3246 3878 3247
3 3246 3248 3878
3 3248 3249 3878
3 3250 3849 3878
3 3249 3250 3878
3 3029 3878 3880
3 3030 3880 3881
3 3856 3857 3879
3 3858 3877 3860
3 3858 3859 3877
3 3859 3862 3877
3 3857 3860 3877
3 3849 3850 3878
3 3851 3852 3878
3 3850 3851 3878
3 3852 3853 3879
3 3853 3854 3879
3 3854 3855 3879
3 3855 3856 3879
3 3867 3869 3875
3 3866 3867 3875
3 3861 3863 3877
3 3863 3864 3876
3 3862 3861 3877
3 3864 3871 3876
3 3866 3876 3871
3 3868 3872 3875
3 3872 3873 3875
3 3869 3870 3875
3 3868 3875 3870
3 3746 3875 3865
3 3865 3875 3874
3 3873 3874 3875
3 2933 3883 3848
3 3041 3882 3883
3 3042 3888 3882
3 3056 3881 3884
3 3057 3884 3885
3 3058 3885 3886
3 3059 3886 3887
3 3043 3889 3888
3 3044 3890 3889
3 3045 3893 3890
3 3046 4007 3893
3 3060 3887 3891
3 3061 3891 3892
3 3062 3892 3894
3 3062 3894 3895
3 3077 3897 3905
3 3065 3896 3897
3 3064 3898 3896
3 3066 3930 3898
3 3068 3901 3900
3 3067 3900 3899
3 3071 3906 3907
3 3072 3909 3908
3 3094 3908 3926
3 3073 3907 3909
3 3070 3902 3906
3 3074 3899 3902
3 3069 3903 3901
3 3075 3904 3903
3 3076 3905 3904
3 3078 3927 3910
3 3079 3910 3911
3 3080 3911 3912
3 3082 3913 3914
3 3081 3912 3913
3 3084 3915 3916
3 3083 3914 3915
3 3085 3916 3917
3 3086 3917 3918
3 3087 3918 3919
3 3088 3919 3920
3 3089 3920 3921
3 3090 3921 3922
3 3091 3922 3923
3 3092 3923 3924
3 3093 3924 3925
3 3125 3925 4086
3 3095 3926 3927
3 3096 3929 3928
3 3097 3937 3929
3 3102 3938 3937
3 3103 3934 3938
3 3104 3935 3934
3 3105 3936 3935
3 3106 3939 3936
3 3101 3928 3933
3 3098 3931 3930
3 3099 3932 3931
3 3100 3933 3932
3 3107 3940 3939
3 3108 3941 3940
3 3111 3944 3942
3 3109 3943 3941
3 3110 3942 3943
3 3112 3945 3944
3 3113 3895 3945
3 3047 4008 4007
3 3048 4009 4008
3 3049 4010 4009
3 3050 4077 4010
3 3051 4078 4077
3 3052 4011 4078
3 3053 4012 4011
3 3054 4013 4012
3 3055 4345 4013
3 3114 4162 4014
3 3252 3946 3947
3 3253 3949 3948
3 3254 3956 3949
3 3257 3951 3952
3 3256 3953 3950
3 3255 3950 3951
3 3251 3952 3946
3 3258 3948 3953
3 3259 3957 3954
3 3260 3954 3955
3 3261 3955 3956
3 3262 3958 3957
3 3263 3959 3958
3 3264 3960 3959
3 3265 3961 3960
3 3266 3962 3961
3 3267 3963 3962
3 3268 3964 3963
3 3269 3965 3964
3 3270 3966 3965
3 3274 3970 3969
3 3275 3971 3970
3 3276 3972 3971
3 3271 3967 3966
3 3272 3968 3967
3 3273 3969 3968
3 3277 3973 3972
3 3278 3974 3973
3 3279 3975 3974
3 3280 3976 3975
3 3281 3977 3976
3 3282 4102 3977
3 3283 3993 3978
3 3284 3980 3979
3 3285 3978 3980
3 3287 3985 3984
3 3286 3987 3985
3 3288 3979 3986
3 3289 3986 3987
3 3291 3981 3982
3 3290 3984 3981
3 3292 3982 3983
3 3305 3983 4000
3 3293 3991 3988
3 3294 3990 3989
3 3295 3988 3990
3 3296 3947 3992
3 3297 3992 3991
3 3298 3989 3993
3 3309 4003 4005
3 3310 4005 4004
3 3311 4004 4006
3 3312 4006 4046
3 3299 4000 3994
3 3301 3995 3996
3 3300 3994 3995
3 3302 3996 3998
3 3304 3998 3999
3 3303 3999 3997
3 3306 3997 4001
3 3307 4001 4002
3 3308 4002 4003
3 3313 4046 4047
3 3315 4017 4018
3 3314 4047 4017
3 3316 4018 4019
3 3317 4019 4020
3 3318 4020 4021
3 3319 4021 4022
3 3320 4022 4023
3 3321 4023 4024
3 3322 4024 4025
3 3323 4025 4028
3 3324 4028 4026
3 3325 4026 4027
3 3326 4027 4029
3 3327 4029 4030
3 3328 4030 4031
3 3329 4031 4032
3 3330 4032 4033
3 3331 4033 4034
3 3332 4034 4035
3 3333 4035 4036
3 3339 4041 4042
3 3340 4042 4044
3 3341 4044 4043
3 3334 4036 4037
3 3335 4037 4038
3 3336 4038 4039
3 3337 4039 4040
3 3338 4040 4041
3 3342 4043 4045
3 3343 4045 4048
3 3344 4048 4049
3 3345 4049 4050
3 3346 4050 4051
3 3347 4051 4052
3 3348 4052 4053
3 3349 4053 4054
3 3350 4054 4055
3 3351 4055 4058
3 3352 4058 4056
3 3353 4056 4057
3 3354 4057 4059
3 3355 4059 4060
3 3356 4060 4061
3 3357 4061 4062
3 3358 4062 4063
3 3359 4063 4064
3 3360 4064 4065
3 3361 4065 4066
3 3362 4066 4067
3 3363 4067 4068
3 3364 4068 4069
3 3365 4069 4070
3 3366 4076 4071
3 3368 4071 4072
3 3367 4072 4073
3 3369 4073 4074
3 3441 4074 4203
3 3370 4070 4075
3 3371 4075 4076
3 3126 4086 4087
3 3127 4087 4088
3 3128 4088 4089
3 3129 4089 4090
3 3130 4090 4091
3 3131 4091 4092
3 3132 4092 4093
3 3133 4093 4094
3 3134 4094 4095
3 3135 4095 4096
3 3136 4096 4097
3 3137 4097 4098
3 3138 4098 4079
3 3139 4079 4080
3 3140 4080 4081
3 3141 4081 4082
3 3142 4082 4083
3 3143 4083 4084
3 3144 4084 4085
3 3145 4085 4099
3 3146 4099 4100
3 3147 4100 4101
3 3148 4101 4138
3 3153 4141 4143
3 3154 4143 4147
3 3155 4147 4148
3 3156 4148 4144
3 3157 4144 4145
3 3158 4145 4146
3 3149 4138 4139
3 3150 4139 4140
3 3151 4140 4142
3 3152 4142 4141
3 3159 4146 4149
3 3160 4149 4150
3 3161 4150 4151
3 3162 4151 4153
3 3163 4153 4152
3 3164 4152 4154
3 3165 4154 4155
3 3166 4155 4156
3 3167 4156 4157
3 3168 4157 4158
3 3169 4158 4214
3 3170 4214 4205
3 3171 4205 4206
3 3172 4206 4208
3 3173 4208 4207
3 3174 4207 4209
3 3175 4209 4210
3 3176 4210 4211
3 3177 4211 4212
3 3178 4212 4213
3 3179 4213 4215
3 3180 4215 4216
3 3182 4217 4218
3 3181 4216 4217
3 3183 4218 4219
3 3186 4220 4222
3 3185 4222 4221
3 3188 4223 4224
3 3189 4221 4225
3 3187 4225 4223
3 3184 4219 4220
3 3190 4160 4159
3 3191 4161 4160
3 3193 4236 4226
3 3192 4226 4161
3 3198 4233 4231
3 3200 4234 4233
3 3203 4235 4236
3 3202 4231 4235
3 3205 4163 4162
3 3206 4165 4163
3 3114 4014 4167
3 3208 4164 4165
3 3207 4166 4164
3 3209 4159 4166
3 3211 4167 4168
3 3212 4168 4169
3 3194 4239 4227
3 3204 4228 4237
3 3195 4230 4228
3 3197 4229 4230
3 3196 4227 4229
3 3201 4232 4234
3 3199 4237 4232
3 3213 4224 4238
3 3214 4238 4239
3 3372 4103 4102
3 3373 4104 4103
3 3374 4105 4104
3 3375 4106 4105
3 3376 4107 4106
3 3377 4108 4107
3 3378 4112 4108
3 3379 4109 4112
3 3380 4110 4109
3 3381 4111 4110
3 3382 4113 4111
3 3383 4114 4113
3 3384 4115 4114
3 3385 4116 4115
3 3386 4117 4116
3 3387 4121 4117
3 3389 4123 4122
3 3390 4124 4123
3 3391 4118 4124
3 3388 4122 4121
3 3392 4119 4118
3 3393 4120 4119
3 3394 4125 4120
3 3404 4136 4134
3 3405 4135 4136
3 3406 4137 4135
3 3407 4199 4137
3 3395 4126 4125
3 3396 4127 4126
3 3397 4128 4127
3 3398 4129 4128
3 3399 4130 4129
3 3400 4131 4130
3 3401 4132 4131
3 3402 4133 4132
3 3403 4134 4133
3 3409 4200 4199
3 3410 4171 4200
3 3411 4172 4171
3 3412 4173 4172
3 3413 4174 4173
3 3414 4170 4174
3 3417 4181 4177
3 3408 4175 4170
3 3415 4176 4175
3 3416 4177 4176
3 3419 4180 4181
3 3418 4178 4180
3 3420 4179 4178
3 3422 4192 4182
3 3425 4183 4184
3 3423 4204 4183
3 3424 4184 4185
3 3431 4185 4190
3 3432 4190 4191
3 3427 4187 4186
3 3428 4189 4188
3 3429 4188 4192
3 3430 4186 4189
3 3426 4191 4187
3 3435 4194 4195
3 3433 4197 4193
3 3434 4193 4194
3 3421 4195 4179
3 3436 4198 4196
3 3437 4196 4197
3 3438 4182 4198
3 3439 4203 4201
3 3440 4201 4202
3 3442 4202 4204
3 3857 3877 3879
3 3866 3875 3876
3 3746 3828 3875
3 3863 3876 3877
3 3852 3879 3878
3 3833 3879 3877
3 3832 3878 3879
3 3834 3835 3878
3 3835 3880 3878
3 3835 3848 3880
3 3848 3881 3880
3 3885 3888 3886
3 3882 3888 3885
3 3848 3883 3881
3 3882 3884 3883
3 3881 3883 3884
3 3882 3885 3884
3 3886 3889 3887
3 3886 3888 3889
3 3887 3889 3890
3 3887 3890 3891
3 3891 3893 3892
3 3890 3893 3891
3 3892 3893 4007
3 3892 4007 3894
3 3894 4008 3895
3 3900 3901 3992
3 3902 3946 3906
3 3899 3900 3947
3 3899 3946 3902
3 3914 3959 3915
3 3915 3960 3916
3 3907 3950 3909
3 3908 3909 3953
3 3910 3927 3956
3 3908 3948 3926
3 3926 3949 3927
3 3906 3951 3907
3 3910 3956 3911
3 3911 3954 3912
3 3912 3957 3913
3 3913 3958 3914
3 3916 3961 3917
3 3918 3962 3919
3 3917 3962 3918
3 3919 3964 3920
3 3920 3965 3921
3 3921 3965 3922
3 3922 3967 3923
3 3923 3968 3924
3 3924 3969 3925
3 3925 3970 4086
3 4086 3971 4087
3 3937 3938 3982
3 3934 3983 3938
3 3897 3989 3905
3 3896 3898 3978
3 3896 3993 3897
3 3898 3930 3980
3 3930 3931 3979
3 3903 3904 3988
3 3901 3903 3991
3 3904 3905 3990
3 3928 3929 3984
3 3929 3937 3981
3 3931 3932 3986
3 3932 3933 3987
3 3928 3985 3933
3 3897 3993 3989
3 3896 3978 3993
3 3933 3985 3987
3 3931 3986 3979
3 3930 3979 3980
3 3898 3980 3978
3 3932 3987 3986
3 3935 3936 3995
3 3934 3935 3994
3 3936 3939 3995
3 3941 3943 3999
3 3939 3940 3996
3 3940 3941 3999
3 3895 4015 3945
3 3942 3944 4001
3 3944 3945 4002
3 3942 4001 3943
3 3945 4015 4002
3 3940 3999 3998
3 3928 3984 3985
3 3929 3981 3984
3 3938 3983 3982
3 3934 4000 3983
3 3937 3982 3981
3 3939 3996 3995
3 3940 3998 3996
3 3934 3994 4000
3 3935 3995 3994
3 3943 3997 3999
3 3943 4001 3997
3 3944 4002 4001
3 4015 4003 4002
3 4015 4004 4005
3 4015 4005 4003
3 3900 3992 3947
3 3906 3952 3951
3 3907 3951 3950
3 3899 3947 3946
3 3906 3946 3952
3 3927 3949 3956
3 3911 3956 3955
3 3911 3955 3954
3 3912 3954 3957
3 3913 3957 3958
3 3909 3950 3953
3 3908 3953 3948
3 3926 3948 3949
3 3904 3990 3988
3 3903 3988 3991
3 3901 3991 3992
3 3905 3989 3990
3 3916 3960 3961
3 3917 3961 3962
3 3914 3958 3959
3 3915 3959 3960
3 3919 3963 3964
3 3919 3962 3963
3 3920 3964 3965
3 3922 3966 3967
3 3922 3965 3966
3 3923 3967 3968
3 3924 3968 3969
3 3925 3969 3970
3 4086 3970 3971
3 4087 3971 3972
3 4088 3972 3973
3 3894 4007 4008
3 3895 4008 4015
3 4015 4008 4009
3 4346 4014 4068
3 4012 4346 4062
3 4012 4013 4345
3 4346 4167 4014
3 4015 4009 4017
3 4009 4016 4017
3 4016 4009 4023
3 4015 4017 4047
3 4016 4018 4017
3 4016 4019 4018
3 4016 4020 4019
3 4016 4023 4022
3 4016 4021 4020
3 4016 4022 4021
3 4009 4024 4023
3 4009 4025 4024
3 4009 4028 4025
3 4009 4026 4028
3 4010 4027 4026
3 4010 4030 4029
3 4027 4010 4029
3 4010 4031 4030
3 4010 4032 4031
3 4010 4033 4032
3 4015 4047 4046
3 4015 4006 4004
3 4015 4046 4006
3 4010 4026 4009
3 4010 4077 4035
3 4010 4034 4033
3 4010 4035 4034
3 4077 4036 4035
3 4077 4037 4036
3 4077 4038 4037
3 4077 4039 4038
3 4039 4078 4040
3 4078 4039 4077
3 4078 4043 4044
3 4078 4041 4040
3 4078 4042 4041
3 4078 4044 4042
3 4011 4048 4045
3 4011 4045 4043
3 4011 4049 4048
3 4011 4050 4049
3 4051 4050 4011
3 4051 4011 4052
3 4012 4053 4052
3 4012 4054 4053
3 4055 4054 4012
3 4012 4058 4055
3 4012 4056 4058
3 4012 4057 4056
3 4012 4059 4057
3 4012 4060 4059
3 4012 4062 4061
3 4012 4061 4060
3 4163 4070 4069
3 4014 4069 4068
3 4165 4075 4070
3 4164 4076 4075
3 4011 4043 4078
3 4012 4052 4011
3 4346 4063 4062
3 4346 4064 4063
3 4346 4065 4064
3 4346 4066 4065
3 4346 4067 4066
3 4346 4068 4067
3 4014 4162 4069
3 4162 4163 4069
3 4087 3972 4088
3 4088 3973 4089
3 4089 3974 4090
3 4090 3975 4091
3 4092 3977 4093
3 4091 3976 4092
3 4093 4102 4094
3 4094 4103 4095
3 4095 4103 4096
3 4096 4104 4097
3 4097 4106 4098
3 4079 4098 4107
3 4081 4109 4082
3 4079 4108 4080
3 4080 4112 4081
3 4089 3973 3974
3 4090 3974 3975
3 4091 3975 3976
3 4092 3976 3977
3 4093 3977 4102
3 4094 4102 4103
3 4096 4103 4104
3 4097 4104 4105
3 4097 4105 4106
3 4098 4106 4107
3 4079 4107 4108
3 4080 4108 4112
3 4081 4112 4109
3 4099 4114 4115
3 4083 4109 4110
3 4083 4110 4111
3 4084 4111 4113
3 4085 4113 4114
3 4082 4109 4083
3 4083 4111 4084
3 4084 4113 4085
3 4085 4114 4099
3 4100 4116 4101
3 4099 4115 4100
3 4101 4117 4138
3 4138 4121 4139
3 4100 4115 4116
3 4101 4116 4117
3 4138 4117 4121
3 4140 4122 4123
3 4140 4121 4122
3 4142 4123 4124
3 4141 4142 4124
3 4141 4118 4143
3 4143 4118 4147
3 4147 4120 4148
3 4144 4148 4120
3 4139 4121 4140
3 4140 4123 4142
3 4141 4124 4118
3 4147 4118 4119
3 4147 4119 4120
3 4144 4120 4125
3 4146 4127 4128
3 4149 4128 4129
3 4150 4129 4130
3 4144 4125 4126
3 4145 4126 4127
3 4151 4130 4131
3 4153 4131 4132
3 4154 4133 4134
3 4152 4132 4133
3 4156 4136 4135
3 4156 4134 4136
3 4157 4135 4137
3 4144 4126 4145
3 4145 4127 4146
3 4146 4128 4149
3 4151 4131 4153
3 4149 4129 4150
3 4150 4130 4151
3 4152 4153 4132
3 4152 4133 4154
3 4154 4134 4155
3 4155 4134 4156
3 4156 4135 4157
3 4157 4137 4158
3 4167 4347 4168
3 4206 4171 4172
3 4208 4172 4173
3 4209 4174 4170
3 4209 4173 4174
3 4211 4170 4175
3 4211 4175 4176
3 4205 4200 4171
3 4213 4176 4177
3 4213 4177 4181
3 4216 4181 4180
3 4217 4178 4179
3 4216 4180 4178
3 4220 4194 4193
3 4222 4193 4197
3 4218 4179 4195
3 4219 4195 4194
3 4216 4178 4217
3 4214 4199 4200
3 4214 4137 4199
3 4238 4192 4188
3 4237 4190 4185
3 4237 4191 4190
3 4229 4189 4186
3 4230 4186 4187
3 4227 4188 4189
3 4230 4187 4191
3 4160 4073 4072
3 4161 4074 4073
3 4235 4202 4201
3 4231 4204 4202
3 4236 4201 4203
3 4161 4203 4074
3 4164 4071 4076
3 4166 4072 4071
3 4233 4184 4183
3 4234 4185 4184
3 4231 4183 4204
3 4225 4196 4198
3 4223 4198 4182
3 4221 4197 4196
3 4238 4182 4192
3 4217 4179 4218
3 4219 4194 4220
3 4218 4195 4219
3 4221 4196 4225
3 4223 4225 4198
3 4220 4193 4222
3 4221 4222 4197
3 4227 4239 4188
3 4228 4230 4191
3 4228 4191 4237
3 4229 4186 4230
3 4227 4189 4229
3 4224 4182 4238
3 4223 4182 4224
3 4238 4188 4239
3 4205 4214 4200
3 4205 4171 4206
3 4206 4172 4208
3 4207 4208 4173
3 4207 4173 4209
3 4209 4170 4210
3 4210 4170 4211
3 4211 4176 4212
3 4212 4176 4213
3 4213 4181 4215
3 4215 4181 4216
3 4158 4137 4214
3 4163 4165 4070
3 4164 4075 4165
3 4164 4166 4071
3 4159 4160 4072
3 4160 4161 4073
3 4159 4072 4166
3 4235 4201 4236
3 4233 4234 4184
3 4231 4202 4235
3 4231 4233 4183
3 4161 4226 4203
3 4226 4236 4203
3 4232 4185 4234
3 4232 4237 4185
3 3443 4346 4345
3 3444 4347 4346
3 3445 4349 4347
3 3446 4351 4349
3 3447 4350 4351
3 3589 4354 3590
3 3590 4354 3591
3 3448 4355 4350
3 3591 4354 3592
3 3592 4354 3593
3 3593 4354 3594
3 3594 4354 3595
3 3595 4354 3601
3 3596 3597 4355
3 3597 3598 4355
3 3598 3599 4355
3 3599 3600 4355
3 3600 3603 4355
3 3468 4169 4348
3 3469 4348 4352
3 3470 4352 4353
3 3471 4353 4354
3 3601 4354 3602
3 3603 3604 4356
3 3604 3605 4356
3 3605 3606 4356
3 3606 3607 4356
3 3607 3608 4356
3 3608 3609 4356
3 3609 4240 4356
3 4240 4241 4356
3 4241 4242 4356
3 4242 4243 4357
3 3602 4358 3610
3 3610 4358 3611
3 3611 4358 3612
3 3612 4358 3613
3 3613 4358 3614
3 3614 4358 4247
3 4247 4359 4248
3 4248 4359 4249
3 4249 4359 4250
3 4250 4359 4251
3 3657 4241 4240
3 3657 4242 4241
3 4242 4301 4243
3 4243 4302 4244
3 4244 4303 4245
3 4245 4303 4246
3 4246 4304 4268
3 3661 4248 4249
3 3662 4249 4250
3 3663 4250 4251
3 4251 4252 4306
3 4252 4253 4306
3 4253 4254 4307
3 4254 4255 4308
3 4255 4256 4309
3 4256 4257 4311
3 4257 4258 4312
3 4258 4259 4312
3 4259 4260 4313
3 4260 4261 4314
3 4261 4262 4319
3 4268 4305 4269
3 4269 4310 4270
3 4270 4315 4271
3 4271 4315 4272
3 4272 4316 4273
3 4273 4317 4274
3 4274 4318 4275
3 4275 4321 4276
3 4276 4321 4279
3 4279 4322 4280
3 4262 4263 4320
3 4263 4264 4320
3 4264 4265 4325
3 4265 4266 4326
3 4266 4267 4327
3 4267 4277 4327
3 4277 4278 4328
3 4278 4284 4329
3 4243 4244 4357
3 4244 4245 4357
3 4245 4246 4357
3 4246 4268 4357
3 4268 4269 4357
3 3603 4356 4355
3 4242 4357 4356
3 4251 4359 4252
3 4252 4359 4253
3 4253 4360 4254
3 4254 4360 4255
3 4255 4360 4256
3 4256 4360 4257
3 4257 4360 4258
3 4258 4360 4259
3 4259 4361 4260
3 3602 4354 4358
3 4260 4361 4261
3 4261 4361 4262
3 4262 4361 4263
3 4263 4361 4264
3 4264 4362 4265
3 4265 4362 4266
3 4266 4362 4267
3 4267 4362 4277
3 4277 4366 4278
3 4269 4270 4363
3 4270 4271 4363
3 4271 4272 4363
3 4272 4273 4363
3 4273 4274 4363
3 4274 4275 4364
3 4275 4276 4364
3 4276 4279 4364
3 4279 4280 4364
3 4278 4366 4284
3 4247 4358 4359
3 4253 4359 4360
3 4259 4360 4361
3 4264 4361 4362
3 4277 4362 4366
3 4280 4281 4365
3 4281 4282 4365
3 4282 4283 4365
3 4283 4289 4365
3 4269 4363 4357
3 4274 4364 4363
3 4280 4365 4364
3 4284 4366 4285
3 4285 4366 4286
3 4286 4366 4287
3 4287 4366 4288
3 4288 4366 5281
3 4289 4290 4365
3 4290 4291 4367
3 4291 4292 4367
3 4292 4293 4367
3 4293 4294 4367
3 4294 4295 4368
3 4295 4296 4368
3 4366 5484 5281
3 4290 4367 4365
3 4296 4297 4368
3 4297 4298 4368
3 4298 4299 4369
3 4299 4300 4369
3 4300 5306 4369
3 4280 4323 4281
3 4281 4324 4282
3 4282 4324 4283
3 4283 4335 4289
3 4284 4285 4331
3 4285 4286 4331
3 4286 4287 4331
3 4287 4288 4332
3 4288 5281 4333
3 4333 5281 5282
3 4289 4336 4290
3 4290 4337 4291
3 4291 4337 4292
3 4292 4338 4293
3 4293 4339 4294
3 4294 4340 4295
3 4295 4340 4296
3 4296 4341 4297
3 4297 4342 4298
3 4298 4343 4299
3 4299 4343 4300
3 3657 3658 4242
3 3658 4301 4242
3 4243 4301 4302
3 4244 4302 4303
3 4246 4303 4304
3 4268 4304 4305
3 3662 4250 3663
3 3663 4251 4306
3 4253 4307 4306
3 4254 4308 4307
3 4255 4309 4308
3 4269 4305 4310
3 4256 4311 4309
3 4257 4312 4311
3 4259 4313 4312
3 4270 4310 4315
3 4272 4315 4316
3 4273 4316 4317
3 4260 4314 4313
3 4261 4319 4314
3 4262 4320 4319
3 4274 4317 4318
3 4275 4318 4321
3 4279 4321 4322
3 4280 4322 4323
3 4264 4325 4320
3 4265 4326 4325
3 4266 4327 4326
3 4277 4328 4327
3 4278 4329 4328
3 4284 4330 4329
3 4284 4331 4330
3 4287 4332 4331
3 3662 4302 4301
3 3663 4303 4302
3 4303 4306 4304
3 3662 3663 4302
3 3663 4306 4303
3 4304 4306 4307
3 4305 4307 4308
3 4304 4307 4305
3 4305 4308 4310
3 4308 4309 4310
3 4309 4311 4315
3 4309 4315 4310
3 4311 4312 4316
3 4311 4316 4315
3 4312 4313 4317
3 4312 4317 4316
3 4313 4318 4317
3 4313 4314 4318
3 4314 4319 4321
3 4314 4321 4318
3 4319 4322 4321
3 4319 4320 4322
3 4323 4320 4325
3 4320 4323 4322
3 4324 4325 4326
3 4323 4325 4324
3 4324 4326 4335
3 4326 4327 4335
3 4327 4328 4336
3 4327 4336 4335
3 4328 4337 4336
3 4328 4329 4337
3 4329 4330 4338
3 4331 4338 4330
3 4281 4323 4324
3 4283 4324 4335
3 4289 4335 4336
3 4290 4336 4337
3 4292 4337 4338
3 4288 4333 4332
3 4333 5282 4334
3 4293 4338 4339
3 4294 4339 4340
3 4296 4340 4341
3 4297 4341 4342
3 4298 4342 4343
3 4300 4343 4344
3 4329 4338 4337
3 4331 4339 4338
3 4331 4340 4339
3 4331 4332 4340
3 4332 4333 4341
3 4333 4334 4342
3 4334 5416 4342
3 4332 4341 4340
3 4333 4342 4341
3 4342 5416 4343
3 4343 5416 4344
3 4012 4345 4346
3 4167 4346 4347
3 4168 4349 4169
3 4168 4347 4349
3 4169 4349 4351
3 4169 4351 4348
3 4348 4351 4350
3 4348 4350 4352
3 4353 4355 4356
3 4350 4355 4352
3 4352 4355 4353
3 4353 4356 4354
3 4354 4356 4358
3 4356 4357 4358
3 4357 4359 4358
3 4360 4359 4363
3 4357 4363 4359
3 4360 4363 4364
3 4360 4364 4361
3 4361 4364 4365
3 4294 4368 4367
3 4298 4369 4368
3 4361 4365 4362
3 4362 4367 4366
3 4362 4365 4367
3 4366 4367 4368
3 4366 4369 5484
3 4366 4368 4369
3 3121 11 4437
3 11 4759 4437
3 11 4767 4766
3 11 4769 4767
3 11 4760 4759
3 11 4764 4758
3 11 4757 4760
3 11 4758 4757
3 11 4765 4764
3 11 4766 4765
3 11 4616 4618
3 11 4618 4617
3 11 4623 4620
3 11 4620 4619
3 11 4617 4623
3 11 4608 4611
3 11 4610 4608
3 11 4611 4612
3 11 4612 4613
3 11 4614 4615
3 11 4613 4614
3 11 4615 4616
3 11 4621 4622
3 11 4772 4771
3 11 4622 4772
3 11 4770 4768
3 11 4771 4770
3 11 4768 4769
3 11 4619 4621
3 1363 4370 4380
3 1363 4377 4376
3 1363 4378 4377
3 1363 4379 4378
3 1363 4380 4379
3 4370 4472 4380
3 4380 4463 4381
3 4370 4480 4472
3 4370 4471 4480
3 4370 4487 4471
3 4370 4488 4487
3 4370 4489 4488
3 4370 4630 4629
3 4370 4490 4489
3 4370 4629 4490
3 4370 4626 4625
3 4370 4628 4627
3 4370 4627 4626
3 4370 4631 4630
3 4370 4624 4631
3 4370 4625 4624
3 4384 4437 4385
3 3115 4437 4384
3 4382 4437 4383
3 4382 4385 4437
3 4386 4437 4387
3 4383 4437 4386
3 4387 4437 4388
3 4388 4437 4389
3 4389 4437 4390
3 4390 4437 4391
3 4404 4405 4443
3 4402 4403 4443
3 3118 4402 4443
3 4403 4404 4443
3 4399 4443 4401
3 4399 4406 4443
3 4397 4443 4405
3 4397 4398 4443
3 4398 4400 4443
3 4400 4401 4443
3 3116 3123 4437
3 3122 4437 3123
3 3122 3124 4437
3 3121 4437 3124
3 3115 3116 4437
3 4391 4437 4392
3 4392 4437 4393
3 4393 4437 4394
3 4394 4437 4395
3 4395 4437 4396
3 4396 4437 4414
3 4414 4437 4415
3 4415 4437 4416
3 4416 4437 4417
3 4417 4437 4418
3 4418 4437 4419
3 4419 4437 4420
3 4406 4407 4443
3 4407 4408 4443
3 4408 4409 4443
3 4409 4410 4443
3 4410 4411 4443
3 4411 4412 4443
3 4412 4413 4443
3 4413 4422 4443
3 4422 4423 4443
3 4423 4424 4443
3 4424 4425 4443
3 4425 4426 4443
3 4426 4427 4443
3 4427 4428 4443
3 4428 4429 4443
3 4429 4430 4443
3 4420 4437 4421
3 4421 4437 4434
3 4434 4437 4435
3 4435 4437 4436
3 3218 4443 4370
3 4370 4443 4774
3 4370 4774 4775
3 4370 4775 4781
3 3117 4443 3220
3 3215 3220 4443
3 3217 3219 4443
3 3217 4443 3218
3 3215 4443 3216
3 3216 4443 3219
3 3117 3120 4443
3 3119 4443 3120
3 3118 4443 3119
3 4430 4431 4443
3 4431 4432 4443
3 4432 4433 4443
3 4433 4438 4443
3 4438 4439 4443
3 4439 4440 4443
3 4440 4441 4443
3 4441 4442 4443
3 4443 4444 4774
3 4370 4634 4635
3 4370 4448 4447
3 4370 4447 4634
3 4370 4445 4446
3 4370 4807 4445
3 4370 4782 4779
3 4370 4779 4780
3 4370 4781 4782
3 4370 4780 4807
3 4370 4446 4449
3 4370 4450 4448
3 4370 4449 4450
3 4370 4633 4632
3 4370 4636 4633
3 4370 4632 4628
3 4370 4635 4636
3 4445 5010 4446
3 4446 5011 4449
3 4622 5260 4772
3 4448 4450 5013
3 4447 5014 4634
3 4447 4448 5015
3 4449 5012 4450
3 4452 4537 4538
3 4451 4452 4538
3 4452 4474 4453
3 4451 4473 4452
3 4452 4473 4474
3 4453 4474 4475
3 4453 4475 4476
3 4453 4476 4477
3 4453 4477 4479
3 4453 4479 4454
3 4454 4484 4455
3 4455 4504 4456
3 1372 1374 4562
3 1374 4371 4563
3 4371 4372 4564
3 4372 4373 4565
3 4373 4374 4566
3 4374 4375 4567
3 4375 4376 4568
3 4376 4377 4569
3 4377 4378 4570
3 4378 4379 4571
3 4379 4380 4572
3 4380 4381 4572
3 4381 4462 4459
3 4380 4472 4463
3 4381 4463 4462
3 4381 4459 4573
3 4459 4462 4460
3 4460 4462 4461
3 4461 4462 4464
3 4462 4465 4464
3 4463 4467 4466
3 4463 4468 4467
3 4463 4469 4468
3 4463 4470 4469
3 4462 4463 4465
3 4463 4466 4465
3 4454 4479 4478
3 4454 4478 4482
3 4454 4482 4483
3 4454 4483 4484
3 4455 4486 4497
3 4455 4497 4498
3 4455 4484 4485
3 4455 4485 4486
3 4463 4472 4470
3 4472 4480 4493
3 4470 4472 4481
3 4472 4491 4481
3 4472 4492 4491
3 4472 4493 4492
3 4480 4494 4493
3 4471 4500 4480
3 4456 4509 4457
3 4457 4650 4458
3 4455 4498 4504
3 4456 4504 4505
3 4456 4505 4506
3 4456 4506 4507
3 4456 4507 4508
3 4456 4508 4509
3 4457 4509 4510
3 4471 4487 4638
3 4471 4637 4503
3 4471 4638 4637
3 4487 4639 4638
3 4487 4640 4639
3 4487 4641 4640
3 4480 4495 4494
3 4480 4496 4495
3 4480 4499 4496
3 4480 4500 4499
3 4471 4501 4500
3 4471 4502 4501
3 4471 4503 4502
3 4487 4488 4645
3 4488 4489 4668
3 4487 4642 4641
3 4487 4643 4642
3 4487 4645 4643
3 4457 4510 4646
3 4457 4646 4647
3 4457 4649 4650
3 4457 4647 4648
3 4457 4648 4649
3 4458 4650 4651
3 4458 4651 4652
3 4458 4652 4660
3 4458 4660 4661
3 4458 4661 4662
3 1680 4512 4511
3 4511 4512 4513
3 4511 4513 4514
3 4511 4514 4515
3 4511 4515 4517
3 4515 4516 4517
3 4516 4519 4517
3 4517 4519 4520
3 4517 4520 4521
3 4517 4521 4518
3 4518 4521 4522
3 4518 4522 4523
3 4518 4523 4524
3 4518 4524 4525
3 1685 4540 4512
3 4512 4541 4513
3 4513 4541 4514
3 4514 4542 4515
3 4515 4543 4516
3 4516 4544 4519
3 4519 4544 4520
3 4520 4545 4521
3 4521 4546 4522
3 4522 4546 4523
3 4523 4547 4524
3 4524 4527 4525
3 4525 4527 4529
3 4525 4529 4530
3 4525 4530 4526
3 4526 4530 4531
3 4526 4531 4532
3 4526 4532 4533
3 4526 4533 4528
3 4452 4528 4537
3 4528 4533 4534
3 4528 4534 4535
3 4528 4535 4536
3 4528 4536 4537
3 4524 4548 4527
3 4527 4549 4529
3 4529 4549 4530
3 4530 4550 4531
3 4531 4551 4532
3 4532 4552 4533
3 4533 4552 4534
3 4534 4553 4535
3 4535 4554 4536
3 4536 4555 4537
3 4537 4555 4538
3 4451 4538 4556
3 1685 4539 4540
3 4512 4540 4541
3 4514 4541 4542
3 4515 4542 4543
3 4516 4543 4544
3 4520 4544 4545
3 4521 4545 4546
3 4523 4546 4547
3 1699 4560 4539
3 4539 4558 4540
3 4540 4559 4541
3 4541 4562 4542
3 4542 4563 4543
3 4539 4560 4558
3 4540 4558 4559
3 4541 4559 4561
3 4541 4561 4562
3 4542 4562 4563
3 4543 4564 4544
3 4544 4565 4545
3 4545 4566 4546
3 4546 4567 4547
3 4543 4563 4564
3 4544 4564 4565
3 4545 4565 4566
3 4546 4566 4567
3 4547 4567 4568
3 4527 4548 4549
3 4530 4549 4550
3 4524 4547 4548
3 4531 4550 4551
3 4532 4551 4552
3 4534 4552 4553
3 4535 4553 4554
3 4536 4554 4555
3 4538 4555 4556
3 4547 4568 4548
3 4548 4569 4549
3 4549 4570 4550
3 4550 4571 4551
3 4548 4568 4569
3 4549 4569 4570
3 4550 4570 4571
3 4551 4571 4572
3 4551 4572 4552
3 4552 4573 4553
3 4553 4574 4554
3 4554 4575 4555
3 4451 4556 4557
3 1373 4559 4558
3 1372 4561 4559
3 1372 4562 4561
3 1374 4563 4562
3 4371 4564 4563
3 4372 4565 4564
3 4373 4566 4565
3 4374 4567 4566
3 4375 4568 4567
3 4376 4569 4568
3 4377 4570 4569
3 4378 4571 4570
3 4379 4572 4571
3 4459 4460 4574
3 4381 4573 4572
3 4460 4461 4575
3 4461 4464 4576
3 4464 4465 4576
3 4465 4466 4577
3 4466 4467 4578
3 4467 4468 4584
3 4468 4469 4585
3 4459 4574 4573
3 4460 4575 4574
3 4461 4576 4575
3 4465 4577 4576
3 4466 4578 4577
3 4467 4584 4578
3 4552 4572 4573
3 4553 4573 4574
3 4554 4574 4575
3 4555 4576 4556
3 4555 4575 4576
3 4556 4576 4577
3 4469 4470 4585
3 4470 4481 4586
3 4481 4491 4587
3 4451 4557 4473
3 4473 4579 4474
3 4474 4579 4475
3 4475 4580 4476
3 4476 4581 4477
3 4477 4582 4479
3 4478 4479 4582
3 4478 4583 4482
3 4482 4588 4483
3 4483 4589 4484
3 4484 4589 4485
3 4485 4590 4486
3 4486 4591 4497
3 4491 4492 4592
3 4492 4493 4592
3 4493 4494 4593
3 4494 4495 4594
3 4495 4496 4595
3 4496 4499 4596
3 4499 4500 4596
3 4500 4501 4597
3 4501 4502 4598
3 4502 4503 4599
3 4503 4637 4605
3 4504 4601 4505
3 4505 4602 4506
3 4506 4603 4507
3 4507 4604 4508
3 4508 4606 4509
3 4509 4606 4510
3 4510 4607 4646
3 4497 4600 4498
3 4498 4601 4504
3 4473 4557 4579
3 4475 4579 4580
3 4476 4580 4581
3 4477 4581 4582
3 4478 4582 4583
3 4468 4585 4584
3 4470 4586 4585
3 4481 4587 4586
3 4482 4583 4588
3 4483 4588 4589
3 4485 4589 4590
3 4486 4590 4591
3 4556 4577 4557
3 4557 4578 4579
3 4557 4577 4578
3 4578 4584 4579
3 4579 4584 4580
3 4580 4585 4581
3 4580 4584 4585
3 4581 4586 4582
3 4581 4585 4586
3 4582 4586 4587
3 4583 4587 4592
3 4582 4587 4583
3 4583 4592 4588
3 4588 4593 4589
3 4588 4592 4593
3 4589 4594 4590
3 4491 4592 4587
3 4493 4593 4592
3 4494 4594 4593
3 4495 4595 4594
3 4496 4596 4595
3 4500 4597 4596
3 4501 4598 4597
3 4502 4599 4598
3 4503 4605 4599
3 4589 4593 4594
3 4590 4594 4595
3 4590 4595 4591
3 4591 4596 4600
3 4591 4595 4596
3 4596 4597 4600
3 4597 4598 4601
3 4497 4591 4600
3 4498 4600 4601
3 4505 4601 4602
3 4506 4602 4603
3 4507 4603 4604
3 4510 4606 4607
3 4508 4604 4606
3 4597 4601 4600
3 4598 4602 4601
3 4602 4599 4603
3 4598 4599 4602
3 4603 4605 4604
3 4603 4599 4605
3 4604 4605 4694
3 4604 4694 4606
3 4458 4675 4609
3 4488 4644 4645
3 4488 4653 4644
3 4488 4654 4653
3 4488 4655 4654
3 4488 4656 4655
3 4488 4657 4656
3 4488 4658 4657
3 4488 4659 4658
3 4488 4666 4659
3 4488 4667 4666
3 4488 4668 4667
3 4458 4662 4663
3 4458 4663 4664
3 4458 4664 4665
3 4458 4665 4673
3 4458 4673 4674
3 4458 4674 4675
3 4489 4669 4668
3 4489 4670 4669
3 4489 4671 4670
3 4489 4672 4671
3 4489 4679 4672
3 4489 4680 4679
3 4489 4681 4680
3 4489 4490 5193
3 4489 5192 4681
3 4637 4638 4694
3 4638 4639 4694
3 4639 4640 4695
3 4640 4641 4696
3 4646 4698 4647
3 4647 4699 4648
3 4648 4700 4649
3 4641 4642 4697
3 4642 4643 4701
3 4643 4645 4701
3 4644 4702 4645
3 4644 4653 4703
3 4649 4704 4650
3 4650 4704 4651
3 4651 4705 4652
3 4652 4706 4660
3 4653 4654 4707
3 4654 4655 4708
3 4655 4656 4709
3 4660 4710 4661
3 4661 4711 4662
3 4662 4728 4663
3 4656 4657 4712
3 4657 4658 4713
3 4658 4659 4714
3 4659 4666 4715
3 4663 4729 4664
3 4664 4730 4665
3 4656 4712 4709
3 4657 4713 4712
3 4658 4714 4713
3 4659 4715 4714
3 4605 4637 4694
3 4639 4695 4694
3 4640 4696 4695
3 4641 4697 4696
3 4607 4698 4646
3 4647 4698 4699
3 4648 4699 4700
3 4642 4701 4697
3 4645 4702 4701
3 4644 4703 4702
3 4649 4700 4704
3 4651 4704 4705
3 4652 4705 4706
3 4606 4694 4695
3 4606 4695 4607
3 4607 4695 4696
3 4607 4696 4697
3 4698 4697 4701
3 4607 4697 4698
3 4698 4701 4699
3 4699 4701 4702
3 4700 4702 4703
3 4699 4702 4700
3 4700 4703 4704
3 4704 4707 4705
3 4703 4707 4704
3 4705 4708 4706
3 4653 4707 4703
3 4654 4708 4707
3 4655 4709 4708
3 4660 4706 4710
3 4661 4710 4711
3 4662 4711 4728
3 4663 4728 4729
3 4664 4729 4730
3 4705 4707 4708
3 4706 4708 4709
3 4706 4709 4710
3 4710 4709 4712
3 4710 4712 4711
3 4711 4713 4728
3 4711 4712 4713
3 4713 4714 4728
3 4714 4729 4728
3 4714 4715 4729
3 4715 4730 4729
3 4715 4716 4730
3 4666 4667 4715
3 4667 4668 4716
3 4668 4669 4717
3 4669 4670 4718
3 4665 4731 4673
3 4673 4732 4674
3 4674 4733 4675
3 4675 4733 4676
3 4670 4671 4719
3 4671 4672 4720
3 4672 4679 4721
3 4676 4734 4677
3 4677 4735 4678
3 4678 4736 4687
3 4667 4716 4715
3 4668 4717 4716
3 4669 4718 4717
3 4670 4719 4718
3 4671 4720 4719
3 4672 4721 4720
3 4679 4680 4721
3 4680 4681 4722
3 4681 4682 4723
3 4687 4737 4688
3 4688 4738 4689
3 4689 4739 4690
3 4682 4684 4724
3 4683 4725 4684
3 4683 4685 4725
3 4685 4686 4726
3 4686 5016 4727
3 4690 4739 4691
3 4691 4740 4692
3 4692 4741 4693
3 4680 4722 4721
3 4681 4723 4722
3 4682 4724 4723
3 4684 4725 4724
3 4685 4726 4725
3 4716 4731 4730
3 4716 4717 4731
3 4717 4732 4731
3 4717 4718 4732
3 4718 4733 4732
3 4718 4719 4733
3 4719 4734 4733
3 4719 4720 4734
3 4720 4735 4734
3 4720 4721 4735
3 4721 4736 4735
3 4721 4722 4736
3 4686 4727 4726
3 5016 5106 4727
3 4741 5181 4693
3 4722 4737 4736
3 4722 4723 4737
3 4723 4738 4737
3 4723 4724 4738
3 4724 4725 4739
3 4724 4739 4738
3 4725 4740 4739
3 4725 4726 4740
3 4726 4741 4740
3 4726 4727 4741
3 4727 5106 5181
3 4727 5181 4741
3 4609 4675 4676
3 4609 4676 4677
3 4609 4677 4678
3 4608 5249 4611
3 4609 4678 4687
3 4609 4687 4688
3 4609 4688 4689
3 4609 5252 4610
3 4608 4610 5253
3 4611 5254 4612
3 4612 5255 4613
3 4613 5256 4614
3 4614 5257 4615
3 4634 5263 4635
3 4615 5266 4616
3 4616 5267 4618
3 4617 4618 5269
3 4617 5268 4623
3 4620 4623 5271
3 4619 4620 5270
3 4619 5258 4621
3 4621 5259 4622
3 4624 5243 4631
3 4624 4625 5244
3 4625 4626 5245
3 4626 4627 5246
3 4627 4628 5247
3 4490 4629 5250
3 4629 4630 5251
3 4630 4631 5248
3 4609 4689 5197
3 4633 4636 5265
3 4632 4633 5262
3 4635 5264 4636
3 4628 4632 5261
3 4665 4730 4731
3 4673 4731 4732
3 4674 4732 4733
3 4676 4733 4734
3 4677 4734 4735
3 4678 4735 4736
3 4687 4736 4737
3 4688 4737 4738
3 4689 4738 4739
3 4691 4739 4740
3 4692 4740 4741
3 4402 4840 4403
3 4403 4840 4404
3 4404 4817 4405
3 4397 4405 4818
3 4398 4820 4400
3 4400 4820 4401
3 4399 4401 4821
3 4397 4816 4398
3 3118 3525 4402
3 4399 4819 4406
3 4406 4831 4407
3 4407 4832 4408
3 4408 4833 4409
3 4409 4834 4410
3 4410 4835 4411
3 4411 4836 4412
3 4412 4836 4413
3 4413 4837 4422
3 4437 4759 4742
3 4422 4839 4423
3 4423 4839 4424
3 4424 4849 4425
3 4425 4851 4426
3 4426 4852 4427
3 4427 4858 4428
3 4428 4859 4429
3 4429 4859 4430
3 4430 4860 4431
3 4431 4861 4432
3 4742 4759 4745
3 4742 4745 4743
3 4743 4745 4744
3 4744 4745 4746
3 4745 4747 4746
3 4745 4748 4747
3 4745 4759 4748
3 4748 4759 4749
3 4749 4759 4750
3 4432 4862 4433
3 4433 4864 4438
3 4438 4864 4439
3 4439 4869 4440
3 4750 4759 4761
3 4383 4386 4811
3 4386 4387 4810
3 4387 4388 4812
3 4388 4389 4813
3 3508 4384 4385
3 4382 4808 4385
3 4382 4383 4809
3 4389 4390 4814
3 4390 4391 4823
3 4391 4392 4824
3 4392 4393 4825
3 4393 4394 4826
3 4394 4395 4827
3 4395 4396 4828
3 4396 4414 4829
3 4414 4415 4830
3 4415 4416 4841
3 4416 4417 4842
3 4417 4418 4843
3 4418 4419 4844
3 4419 4420 4845
3 4420 4421 4846
3 4421 4434 4847
3 4434 4435 4848
3 4435 4436 4853
3 4436 4437 4854
3 4437 4742 4854
3 4742 4743 4855
3 4743 4744 4855
3 4744 4746 4856
3 4746 4747 4857
3 4747 4748 4857
3 4748 4749 4865
3 4749 4750 4866
3 4750 4761 4867
3 4761 4762 4867
3 4444 4752 4773
3 4751 4752 4754
3 4751 4773 4752
3 4751 4754 4773
3 4753 4773 4754
3 4753 4755 4773
3 4440 4871 4441
3 4441 4871 4442
3 4442 4872 4443
3 4443 4872 4444
3 4444 4873 4752
3 4753 4754 4874
3 4752 4874 4754
3 4753 4874 4755
3 4755 4876 4756
3 4759 4760 4762
3 4757 4758 4790
3 4759 4762 4761
3 4760 4763 4762
3 4757 4785 4760
3 4760 4783 4763
3 4760 4784 4783
3 4760 4785 4784
3 4757 4786 4785
3 4757 4787 4786
3 4758 4764 4804
3 4762 4763 4868
3 4763 4783 4878
3 4783 4784 4879
3 4444 4773 4774
3 4773 4777 4774
3 4755 4756 4773
3 4756 4776 4773
3 4773 4776 4777
3 4774 4777 4778
3 4774 4778 4792
3 4774 4792 4793
3 4774 4793 4794
3 4774 4796 4775
3 4757 4788 4787
3 4757 4789 4788
3 4757 4790 4789
3 4758 4791 4790
3 4758 4800 4791
3 4758 4801 4800
3 4758 4802 4801
3 4758 4803 4802
3 4764 4765 4929
3 4758 4804 4803
3 4764 4805 4804
3 4764 4806 4805
3 4774 4794 4795
3 4774 4795 4796
3 4775 4911 4781
3 4775 4796 4797
3 4775 4799 4909
3 4775 4797 4798
3 4775 4798 4799
3 4775 4909 4908
3 4775 4908 4910
3 4775 4910 4911
3 4781 4911 4912
3 4781 4912 4913
3 4781 4913 4914
3 4764 4916 4806
3 4764 4917 4916
3 4764 4918 4917
3 4764 4919 4918
3 4764 4920 4919
3 4764 4921 4920
3 4764 4922 4921
3 4764 4929 4922
3 4765 4930 4929
3 4765 4931 4930
3 4785 4786 4881
3 4785 4880 4784
3 4786 4787 4882
3 4787 4788 4884
3 4788 4789 4884
3 4756 4877 4776
3 4776 4883 4777
3 4777 4883 4778
3 4778 4887 4792
3 4792 4888 4793
3 4789 4790 4885
3 4790 4791 4886
3 4791 4800 4891
3 4793 4889 4794
3 4794 4890 4795
3 4795 4894 4796
3 4796 4894 4797
3 4797 4895 4798
3 4800 4801 4892
3 4801 4802 4893
3 4802 4803 4893
3 4798 4897 4799
3 4799 4899 4909
3 4900 4908 4909
3 4803 4804 4898
3 4804 4805 4903
3 4805 4806 4904
3 4806 4916 4905
3 4906 4916 4917
3 4401 4820 4821
3 4399 4821 4822
3 4399 4822 4819
3 4406 4819 4831
3 4407 4831 4832
3 4408 4832 4833
3 4409 4833 4834
3 4410 4834 4835
3 4411 4835 4836
3 4413 4836 4837
3 4422 4837 4838
3 4422 4838 4839
3 3508 4385 4808
3 4382 4809 4808
3 4383 4811 4809
3 4386 4810 4811
3 4388 4813 4812
3 4389 4814 4813
3 4387 4812 4810
3 4390 4823 4814
3 4391 4824 4823
3 4392 4825 4824
3 4393 4826 4825
3 4394 4827 4826
3 4395 4828 4827
3 4396 4829 4828
3 4414 4830 4829
3 4404 4815 4817
3 4404 4840 4815
3 4405 4817 4818
3 4397 4818 4816
3 3525 4840 4402
3 4398 4816 4820
3 4415 4841 4830
3 4416 4842 4841
3 4417 4843 4842
3 4418 4844 4843
3 4419 4845 4844
3 4420 4846 4845
3 4421 4847 4846
3 4434 4848 4847
3 4435 4853 4848
3 4436 4854 4853
3 4742 4855 4854
3 4744 4856 4855
3 4424 4839 4849
3 4425 4849 4850
3 4425 4850 4851
3 4426 4851 4852
3 4427 4852 4858
3 4428 4858 4859
3 4430 4859 4860
3 4431 4860 4861
3 4432 4861 4862
3 4433 4862 4863
3 4433 4863 4864
3 4439 4864 4869
3 4440 4869 4870
3 4440 4870 4871
3 4442 4871 4872
3 4746 4857 4856
3 4748 4865 4857
3 4749 4866 4865
3 4750 4867 4866
3 4762 4868 4867
3 4808 4809 4817
3 4810 4816 4811
3 4809 4811 4818
3 4810 4812 4821
3 4812 4813 4821
3 4813 4814 4819
3 4814 4823 4831
3 3508 4808 4815
3 4808 4817 4815
3 4809 4818 4817
3 4811 4816 4818
3 3508 4815 4840
3 4810 4820 4816
3 4810 4821 4820
3 4813 4822 4821
3 4813 4819 4822
3 4814 4831 4819
3 4823 4824 4832
3 4824 4825 4833
3 4825 4826 4834
3 4826 4827 4835
3 4823 4832 4831
3 4824 4833 4832
3 4825 4834 4833
3 4826 4835 4834
3 4827 4828 4836
3 4827 4836 4835
3 4828 4829 4837
3 4829 4830 4838
3 4828 4837 4836
3 4829 4838 4837
3 4830 4839 4838
3 4830 4841 4839
3 4841 4842 4849
3 4842 4843 4850
3 4843 4844 4851
3 4839 4841 4849
3 4842 4850 4849
3 4844 4845 4852
3 4843 4851 4850
3 4844 4852 4851
3 4845 4846 4858
3 4846 4847 4859
3 4847 4848 4860
3 4845 4858 4852
3 4846 4859 4858
3 4847 4860 4859
3 4848 4853 4861
3 4848 4861 4860
3 4853 4854 4862
3 4854 4855 4863
3 4853 4862 4861
3 4854 4863 4862
3 4855 4864 4863
3 4855 4856 4864
3 4856 4857 4869
3 4856 4869 4864
3 4857 4870 4869
3 4865 4871 4870
3 4857 4865 4870
3 4865 4866 4871
3 4866 4867 4872
3 4867 4868 4872
3 4866 4872 4871
3 4868 4873 4872
3 4868 4878 4874
3 4868 4874 4873
3 4874 4878 4875
3 4444 4872 4873
3 4752 4873 4874
3 4755 4874 4875
3 4755 4875 4876
3 4756 4876 4877
3 4875 4879 4876
3 4763 4878 4868
3 4783 4879 4878
3 4784 4880 4879
3 4785 4881 4880
3 4875 4878 4879
3 4876 4879 4880
3 4786 4882 4881
3 4787 4884 4882
3 4789 4885 4884
3 4776 4877 4883
3 4778 4883 4887
3 4792 4887 4888
3 4793 4888 4889
3 4790 4886 4885
3 4791 4891 4886
3 4800 4892 4891
3 4801 4893 4892
3 4794 4889 4890
3 4795 4890 4894
3 4797 4894 4895
3 4798 4895 4896
3 4798 4896 4897
3 4803 4898 4893
3 4799 4897 4899
3 4899 4900 4909
3 4900 4901 4908
3 4804 4903 4898
3 4805 4904 4903
3 4806 4905 4904
3 4905 4916 4906
3 4906 4917 4907
3 4876 4880 4877
3 4877 4880 4881
3 4877 4881 4883
3 4881 4882 4883
3 4882 4887 4883
3 4882 4884 4887
3 4884 4885 4888
3 4884 4888 4887
3 4885 4889 4888
3 4886 4890 4889
3 4894 4890 4891
3 4885 4886 4889
3 4886 4891 4890
3 4891 4892 4894
3 4892 4893 4896
3 4892 4895 4894
3 4892 4896 4895
3 4893 4897 4896
3 4893 4898 4897
3 4897 4903 4899
3 4897 4898 4903
3 4899 4903 4904
3 4899 4904 4900
3 4900 4904 4905
3 4900 4905 4901
3 4901 4905 4906
3 4901 4906 4902
3 4902 4906 4907
3 4781 4914 4915
3 4781 4915 4923
3 4781 4923 4924
3 4781 4924 4925
3 4781 4925 4926
3 4781 4926 4927
3 4781 4927 4928
3 4781 4928 4935
3 4765 4932 4931
3 4765 4933 4932
3 4779 4782 5514
3 4779 5511 4780
3 4781 5513 4782
3 4765 4766 5521
3 4766 4767 5523
3 4767 4769 5525
3 4768 5524 4769
3 4780 5512 4807
3 4445 4807 5522
3 4768 4770 5526
3 4770 4771 5527
3 4771 4772 5528
3 4901 4910 4908
3 4902 4911 4910
3 4902 4912 4911
3 4902 4913 4912
3 4913 4962 4914
3 4914 4963 4915
3 4915 4964 4923
3 4907 4917 4918
3 4907 4918 4919
3 4919 4920 4967
3 4920 4921 4968
3 4921 4922 4968
3 4922 4929 4970
3 4923 4965 4924
3 4924 4966 4925
3 4925 4973 4926
3 4926 4974 4927
3 4927 4975 4928
3 4928 4976 4935
3 4935 4977 4936
3 4929 4930 4971
3 4930 4931 4972
3 4931 4932 4979
3 4932 4933 4980
3 4933 4934 4980
3 4934 4942 4981
3 4765 5520 4933
3 4781 4935 5513
3 4936 4978 4937
3 4937 4984 4938
3 4938 4985 4939
3 4939 4986 4940
3 4940 4986 4941
3 4941 4987 4947
3 4942 4943 4982
3 4943 4944 4983
3 4944 4945 4991
3 4945 4946 4992
3 4946 4954 4993
3 4954 4955 4994
3 4947 4989 4948
3 4949 4948 4990
3 4949 4997 4951
3 4951 4997 4952
3 4950 4952 4998
3 4950 4998 4953
3 4953 4999 5367
3 5003 5368 5367
3 4955 4956 4996
3 4956 4957 4995
3 4957 4958 4995
3 4959 5006 4960
3 4958 4960 5005
3 4959 5379 5007
3 4901 4902 4910
3 4902 4961 4913
3 4913 4961 4962
3 4914 4962 4963
3 4915 4963 4964
3 4923 4964 4965
3 4924 4965 4966
3 4907 4919 4967
3 4920 4968 4967
3 4922 4969 4968
3 4922 4970 4969
3 4929 4971 4970
3 4925 4966 4973
3 4926 4973 4974
3 4927 4974 4975
3 4928 4975 4976
3 4935 4976 4977
3 4936 4977 4978
3 4930 4972 4971
3 4931 4979 4972
3 4932 4980 4979
3 4934 4981 4980
3 4942 4982 4981
3 4943 4983 4982
3 4902 4907 4961
3 4961 4967 4962
3 4962 4968 4963
3 4963 4969 4964
3 4964 4970 4965
3 4965 4971 4966
3 4966 4972 4973
3 4907 4967 4961
3 4962 4967 4968
3 4963 4968 4969
3 4964 4969 4970
3 4965 4970 4971
3 4966 4971 4972
3 4973 4979 4974
3 4978 4991 4984
3 4972 4979 4973
3 4974 4980 4975
3 4974 4979 4980
3 4975 4981 4976
3 4975 4980 4981
3 4976 4981 4982
3 4976 4982 4977
3 4977 4983 4978
3 4977 4982 4983
3 4978 4983 4991
3 4937 4978 4984
3 4938 4984 4985
3 4939 4985 4986
3 4941 4986 4987
3 4947 4987 4988
3 4947 4988 4989
3 4944 4991 4983
3 4945 4992 4991
3 4946 4993 4992
3 4954 4994 4993
3 4955 4996 4994
3 4948 4989 4990
3 4949 4990 4997
3 4952 4997 4998
3 4953 4998 4999
3 5001 5369 5000
3 4999 5003 5367
3 5000 5368 5003
3 4958 5005 4995
3 4956 4995 4996
3 4960 5006 5005
3 4959 5007 5006
3 5007 5379 5008
3 5008 5380 5009
3 4984 4992 4985
3 4985 4993 4986
3 4986 4994 4987
3 4988 4987 4994
3 4988 4995 4989
3 4989 5005 4990
3 4984 4991 4992
3 4985 4992 4993
3 4986 4993 4994
3 4988 4994 4996
3 4988 4996 4995
3 4989 4995 5005
3 4990 5006 4997
3 4998 5008 4999
3 4997 5007 4998
3 4997 5006 5007
3 4998 5007 5008
3 4999 5009 5003
3 5000 5003 5004
3 4999 5008 5009
3 5001 5000 5472
3 5003 5009 5004
3 5000 5004 5472
3 4990 5005 5006
3 4449 5011 5012
3 4446 5010 5011
3 4448 5013 5015
3 4450 5012 5013
3 4447 5015 5014
3 4634 5014 5263
3 5011 5527 5012
3 5012 5528 5013
3 5013 5260 5015
3 5015 5260 5259
3 5013 5528 5260
3 5014 5015 5259
3 4681 5190 4682
3 4682 5190 4684
3 4683 4684 5190
3 4683 5190 4685
3 4686 5191 5016
3 4685 5191 4686
3 4490 5250 5193
3 4489 5193 5192
3 4689 4690 5197
3 4690 4691 5197
3 4691 4692 5197
3 4692 4693 5197
3 4693 5023 5197
3 5023 5024 5197
3 5046 5047 5183
3 5047 5084 5183
3 5035 5184 5036
3 5036 5184 5037
3 5037 5184 5029
3 5029 5184 5030
3 5016 5191 5017
3 5017 5191 5018
3 5018 5191 5019
3 5019 5191 5020
3 5020 5191 5021
3 5021 5191 5022
3 5022 5191 5035
3 5024 5025 5197
3 5025 5026 5197
3 5027 5196 5026
3 5027 5028 5196
3 5028 5038 5196
3 5038 5039 5196
3 5039 5040 5196
3 5040 5041 5196
3 5041 5042 5196
3 5030 5184 5031
3 5032 5184 5033
3 5031 5184 5032
3 5033 5188 5034
3 5076 5188 5077
3 5034 5188 5076
3 5078 5077 5188
3 5078 5188 5079
3 5080 5082 5185
3 5074 5075 5185
3 5075 5079 5185
3 5074 5185 5082
3 5081 5183 5083
3 5080 5185 5081
3 5083 5183 5084
3 5085 5195 5092
3 5085 5086 5195
3 5087 5096 5189
3 5096 5097 5189
3 5086 5087 5195
3 4681 5192 5190
3 4685 5190 5191
3 5042 5043 5196
3 5044 5194 5043
3 5044 5045 5194
3 5088 5090 5194
3 5045 5089 5194
3 5088 5194 5089
3 5090 5091 5195
3 5091 5092 5195
3 5026 5196 5197
3 5016 5017 5106
3 5017 5018 5107
3 5018 5019 5104
3 4693 5181 5023
3 5023 5181 5024
3 5024 5182 5025
3 5025 5108 5026
3 5020 5021 5109
3 5019 5020 5105
3 5021 5022 5110
3 5022 5035 5111
3 5027 5026 5112
3 5028 5114 5038
3 5027 5113 5028
3 5030 5031 5121
3 5031 5032 5125
3 5032 5033 5125
3 5033 5034 5115
3 5034 5076 5116
3 5035 5036 5111
3 5036 5037 5119
3 5037 5029 5118
3 5029 5030 5120
3 5038 5122 5039
3 5039 5122 5040
3 5040 5124 5041
3 5041 5124 5042
3 5044 5043 5127
3 5045 5128 5089
3 5044 5128 5045
3 5042 5126 5043
3 5017 5107 5106
3 5018 5104 5107
3 5019 5105 5104
3 5024 5181 5182
3 5025 5182 5108
3 5020 5109 5105
3 5021 5110 5109
3 5022 5111 5110
3 5026 5108 5112
3 5027 5112 5113
3 5028 5113 5114
3 5106 5107 5182
3 5106 5182 5181
3 5107 5108 5182
3 5107 5104 5108
3 5104 5105 5112
3 5104 5112 5108
3 5105 5109 5113
3 5109 5114 5113
3 5105 5113 5112
3 5109 5110 5114
3 5110 5111 5122
3 5110 5122 5114
3 5033 5115 5125
3 5034 5116 5115
3 5076 5117 5116
3 5036 5119 5111
3 5037 5118 5119
3 5029 5120 5118
3 5030 5121 5120
3 5040 5122 5123
3 5038 5114 5122
3 5040 5123 5124
3 5031 5125 5121
3 5044 5127 5128
3 5089 5128 5167
3 5042 5124 5126
3 5043 5126 5127
3 5111 5119 5123
3 5118 5124 5119
3 5118 5120 5126
3 5121 5127 5120
3 5111 5123 5122
3 5119 5124 5123
3 5118 5126 5124
3 5125 5128 5121
3 5120 5127 5126
3 5121 5128 5127
3 5125 5115 5167
3 5116 5168 5115
3 5125 5167 5128
3 5115 5168 5167
3 5046 5068 5164
3 2589 5134 5048
3 5048 5134 5049
3 5049 5135 5050
3 5050 5136 5051
3 5051 5136 5052
3 5052 5137 5053
3 5054 5139 5055
3 5053 5138 5054
3 5055 5140 5056
3 5058 5059 5150
3 5057 5058 5151
3 5056 5141 5060
3 5059 5060 5141
3 5071 5143 5072
3 5062 5149 5063
3 5064 5072 5144
3 5062 5064 5148
3 5066 5069 5146
3 5065 5163 5068
3 5066 5145 5067
3 5065 5067 5145
3 5061 5147 5069
3 5061 5063 5149
3 5057 5142 5070
3 5070 5143 5071
3 5073 5152 5130
3 5130 5152 5131
3 5129 5131 5153
3 2588 5132 5133
3 2589 5133 5134
3 5049 5134 5135
3 5050 5135 5136
3 5052 5136 5137
3 5053 5137 5138
3 5054 5138 5139
3 5055 5139 5140
3 5056 5140 5141
3 5059 5141 5150
3 2804 5133 5132
3 5134 5133 5223
3 5134 5225 5135
3 5136 5135 5226
3 5139 5138 5228
3 5137 5136 5227
3 5138 5137 5228
3 5139 5230 5140
3 5140 5233 5141
3 5070 5142 5143
3 5072 5143 5144
3 5064 5144 5148
3 5069 5147 5146
3 5065 5145 5163
3 5066 5146 5145
3 5062 5148 5149
3 5061 5149 5147
3 5058 5150 5151
3 5057 5151 5142
3 5073 5180 5152
3 5131 5152 5153
3 5129 5153 5154
3 5146 5147 5180
3 5147 5149 5152
3 5144 5143 5236
3 5142 5151 5232
3 5142 5235 5143
3 5150 5141 5234
3 5151 5150 5231
3 5151 5231 5232
3 5142 5232 5235
3 5148 5144 5154
3 5148 5153 5149
3 5148 5154 5153
3 5147 5152 5180
3 5149 5153 5152
3 5144 5236 5154
3 5143 5235 5236
3 5074 5157 5075
3 5076 5077 5117
3 5078 5079 5156
3 5078 5156 5077
3 5075 5155 5079
3 5081 5083 5160
3 5080 5081 5159
3 5080 5159 5082
3 5074 5082 5158
3 5083 5084 5161
3 5046 5162 5047
3 5047 5162 5084
3 5086 5165 5087
3 5087 5166 5096
3 5088 5168 5090
3 5088 5089 5167
3 5090 5169 5091
3 5091 5169 5092
3 5085 5092 5169
3 5085 5171 5086
3 5093 5175 5095
3 5094 5095 5176
3 5097 5174 5098
3 5098 5173 5099
3 5096 5166 5097
3 5093 5099 5175
3 5100 5178 5101
3 5102 5177 5103
3 5101 5178 5102
3 5094 5179 5100
3 5073 5103 5180
3 5077 5156 5117
3 5079 5155 5156
3 5075 5157 5155
3 5074 5158 5157
3 5081 5160 5159
3 5082 5159 5158
3 5083 5161 5160
3 5084 5162 5161
3 5046 5164 5162
3 5068 5163 5164
3 5086 5172 5165
3 5087 5165 5166
3 5117 5156 5169
3 5156 5155 5171
3 5155 5157 5172
3 5155 5172 5171
3 5160 5161 5173
3 5161 5162 5175
3 5157 5158 5165
3 5159 5160 5174
3 5159 5166 5158
3 5157 5165 5172
3 5158 5166 5165
3 5159 5174 5166
3 5160 5173 5174
3 5088 5167 5168
3 5090 5170 5169
3 5090 5168 5170
3 5085 5169 5171
3 5086 5171 5172
3 5116 5117 5170
3 5116 5170 5168
3 5117 5169 5170
3 5156 5171 5169
3 5094 5176 5179
3 5099 5173 5175
3 5098 5174 5173
3 5097 5166 5174
3 5095 5175 5176
3 5103 5177 5180
3 5102 5178 5177
3 5100 5179 5178
3 5164 5163 5179
3 5145 5178 5163
3 5162 5164 5176
3 5162 5176 5175
3 5145 5146 5177
3 5145 5177 5178
3 5164 5179 5176
3 5163 5178 5179
3 5161 5175 5173
3 5146 5180 5177
3 4625 5245 5244
3 4624 5244 5243
3 4628 5261 5247
3 4627 5247 5246
3 4626 5246 5245
3 4608 5253 5249
3 4611 5249 5254
3 4629 5251 5250
3 4630 5248 5251
3 4631 5243 5248
3 4609 5197 5252
3 4610 5252 5253
3 4613 5255 5256
3 4612 5254 5255
3 4614 5256 5257
3 4632 5262 5261
3 4633 5265 5262
3 4636 5264 5265
3 4635 5263 5264
3 4616 5266 5267
3 4617 5269 5268
3 4623 5268 5271
3 4618 5267 5269
3 4620 5271 5270
3 4619 5270 5258
3 4621 5258 5259
3 4622 5259 5260
3 4615 5257 5266
3 5057 5200 5058
3 5059 5200 5060
3 5058 5200 5059
3 5057 5070 5200
3 2782 5048 5049
3 5049 5050 5199
3 5050 5051 5199
3 5051 5052 5199
3 5052 5053 5199
3 5053 5054 5198
3 5054 5055 5198
3 5055 5056 5198
3 5056 5060 5198
3 5061 5069 5202
3 5064 5201 5072
3 5062 5201 5064
3 5071 5072 5201
3 5070 5071 5201
3 5062 5063 5202
3 5061 5202 5063
3 5065 5068 5203
3 5065 5203 5067
3 5066 5202 5069
3 5066 5067 5203
3 5046 5203 5068
3 5046 5183 5203
3 2782 5049 5199
3 5053 5198 5199
3 5060 5200 5198
3 5070 5201 5200
3 5062 5202 5201
3 5066 5203 5202
3 5073 5242 5186
3 5183 5186 5203
3 5186 5242 5203
3 5035 5191 5184
3 5093 5187 5099
3 5093 5095 5187
3 5101 5102 5186
3 5102 5103 5186
3 5100 5101 5186
3 5094 5187 5095
3 5094 5100 5187
3 5033 5184 5188
3 5098 5099 5189
3 5097 5098 5189
3 5079 5188 5185
3 5081 5185 5183
3 5073 5186 5103
3 5099 5187 5189
3 5087 5189 5195
3 5043 5194 5196
3 5090 5195 5194
3 5100 5186 5187
3 5183 5185 5187
3 5185 5188 5189
3 5183 5187 5186
3 5185 5189 5187
3 5184 5195 5188
3 5188 5195 5189
3 5190 5192 5197
3 5192 5193 5197
3 5191 5190 5196
3 5191 5196 5194
3 5184 5191 5194
3 5184 5194 5195
3 5190 5197 5196
3 5198 5238 5199
3 2782 5199 5237
3 5199 5238 5237
3 5198 5200 5239
3 5198 5239 5238
3 5200 5240 5239
3 5200 5201 5240
3 5201 5241 5240
3 5201 5202 5241
3 5202 5203 5242
3 5202 5242 5241
3 5211 5239 5215
3 5212 5215 5239
3 5212 5239 5213
3 5213 5239 5214
3 5204 5205 5224
3 5205 5206 5225
3 5206 5207 5225
3 5207 5208 5226
3 5208 5209 5227
3 5209 5210 5228
3 5210 5211 5228
3 5211 5215 5229
3 5212 5230 5215
3 5212 5213 5233
3 5213 5214 5233
3 5216 5221 5240
3 5214 5240 5220
3 5220 5240 5221
3 5216 5241 5217
3 5217 5241 5219
3 5218 5219 5241
3 5218 5241 5222
3 5129 5222 5242
3 5129 5242 5131
3 5130 5131 5242
3 5073 5130 5242
3 5216 5231 5221
3 5216 5217 5232
3 5217 5219 5235
3 5214 5220 5234
3 5220 5221 5231
3 5218 5222 5236
3 5218 5236 5219
3 5129 5154 5222
3 5204 5237 5205
3 5205 5237 5206
3 5206 5237 5207
3 5207 5237 5208
3 5208 5238 5209
3 5209 5238 5210
3 5210 5238 5211
3 2809 5237 5204
3 5208 5237 5238
3 5211 5238 5239
3 5214 5239 5240
3 5216 5240 5241
3 5222 5241 5242
3 5204 5224 5223
3 5205 5225 5224
3 5207 5226 5225
3 5208 5227 5226
3 5211 5229 5228
3 5209 5228 5227
3 5215 5230 5229
3 5212 5233 5230
3 2804 5223 5133
3 5134 5223 5224
3 5134 5224 5225
3 5135 5225 5226
3 5136 5226 5227
3 5139 5228 5229
3 5137 5227 5228
3 5139 5229 5230
3 5140 5230 5233
3 5216 5232 5231
3 5217 5235 5232
3 5214 5234 5233
3 5220 5231 5234
3 5219 5236 5235
3 5154 5236 5222
3 5141 5233 5234
3 5150 5234 5231
3 5244 5245 5256
3 5245 5246 5257
3 5246 5247 5266
3 5246 5266 5257
3 5248 5249 5251
3 5243 5254 5248
3 5248 5254 5249
3 5193 5250 5252
3 5250 5251 5253
3 5250 5253 5252
3 5249 5253 5251
3 5193 5252 5197
3 5243 5244 5255
3 5243 5255 5254
3 5244 5256 5255
3 5245 5257 5256
3 5014 5259 5258
3 5262 5265 5268
3 5264 5271 5265
3 5265 5271 5268
3 5247 5261 5267
3 5261 5262 5269
3 5261 5269 5267
3 5247 5267 5266
3 5262 5268 5269
3 5014 5258 5263
3 5263 5270 5264
3 5258 5270 5263
3 5264 5270 5271
3 5272 5384 5398
3 5272 5399 5273
3 5274 5277 5408
3 5273 5399 5276
3 5276 5407 5277
3 5340 5341 5411
3 5278 5406 5342
3 5278 5280 5406
3 5341 5342 5412
3 5275 5409 5279
3 5274 5408 5275
3 5279 5405 5280
3 5281 5484 5282
3 5282 5484 5283
3 5283 5485 5284
3 5284 5485 5285
3 5285 5485 5286
3 5286 5486 5287
3 5287 5486 5288
3 5288 5486 5289
3 5289 5486 5290
3 5290 5487 5291
3 5291 5487 5292
3 5292 5487 5293
3 5293 5487 5294
3 5283 5484 5485
3 5306 5307 5488
3 5307 5308 5488
3 5308 5309 5488
3 5309 5310 5488
3 5310 5311 5489
3 5311 5312 5489
3 5312 5313 5489
3 5313 5314 5489
3 5314 5315 5490
3 5315 5316 5490
3 5294 5487 5295
3 5295 5491 5297
3 5296 5297 5491
3 5296 5492 5298
3 5299 5492 5300
3 5298 5492 5299
3 5300 5493 5301
3 5301 5493 5302
3 5302 5493 5303
3 5303 5493 5304
3 5304 5493 5305
3 5316 5317 5490
3 5317 5318 5494
3 5318 5319 5494
3 5319 5320 5494
3 5320 5321 5495
3 5321 5322 5495
3 5322 5323 5495
3 5323 5324 5496
3 5324 5325 5496
3 5325 5326 5496
3 5274 5275 5497
3 5273 5276 5508
3 5276 5277 5508
3 5274 5497 5277
3 5275 5279 5497
3 5340 5505 5341
3 5278 5342 5505
3 5341 5505 5342
3 5278 5505 5280
3 5279 5280 5497
3 5277 5497 5508
3 5331 5498 5333
3 5332 5333 5498
3 5305 5498 5331
3 5332 5499 5335
3 5334 5335 5499
3 5328 5500 5329
3 5328 5330 5500
3 5330 5338 5500
3 5336 5499 5337
3 5334 5499 5336
3 5337 5500 5338
3 5337 5499 5500
3 5329 5500 5504
3 5356 5502 5358
3 5326 5354 5501
3 5354 5355 5501
3 5357 5358 5502
3 5355 5357 5501
3 5359 5502 5364
3 5356 5364 5502
3 5362 5503 5363
3 5361 5503 5362
3 5359 5360 5503
3 5360 5363 5503
3 5327 5504 5343
3 5339 5343 5504
3 5339 5504 5340
3 5327 5329 5504
3 5348 5350 5507
3 5348 5506 5349
3 5347 5349 5506
3 5351 5352 5507
3 5344 5396 5517
3 5344 5517 5345
3 5346 5517 5352
3 5345 5517 5346
3 5350 5353 5507
3 5351 5507 5353
3 5340 5504 5505
3 5280 5505 5497
3 5361 5365 5506
3 5347 5506 5365
3 5352 5517 5507
3 5282 5283 5416
3 5283 5284 5416
3 5284 5285 5417
3 5285 5286 5417
3 5286 5287 5418
3 5287 5288 5419
3 5288 5289 5420
3 5289 5290 5420
3 5290 5291 5421
3 5291 5292 5422
3 5292 5293 5423
3 5293 5294 5423
3 5294 5295 5424
3 5295 5297 5429
3 5296 5430 5297
3 5296 5298 5430
3 5298 5299 5431
3 5299 5300 5432
3 5300 5301 5433
3 5301 5302 5434
3 5303 5304 5435
3 5304 5305 5436
3 5302 5303 5435
3 4300 4344 5306
3 5306 5425 5307
3 5307 5425 5308
3 5308 5426 5309
3 5309 5427 5310
3 5310 5428 5311
3 5311 5428 5312
3 5312 5438 5313
3 5313 5439 5314
3 5314 5440 5315
3 5315 5440 5316
3 5316 5441 5317
3 5317 5442 5318
3 5318 5442 5319
3 5319 5443 5320
3 5320 5444 5321
3 5321 5445 5322
3 5322 5445 5323
3 5323 5446 5324
3 5324 5447 5325
3 5325 5448 5326
3 5326 5448 5354
3 5334 5452 5335
3 5334 5336 5451
3 5328 5329 5400
3 5327 5402 5329
3 5337 5338 5453
3 5330 5401 5338
3 5336 5337 5451
3 5328 5400 5330
3 5305 5331 5437
3 5331 5333 5449
3 5332 5449 5333
3 5332 5335 5450
3 5361 5362 5459
3 5362 5363 5460
3 5339 5410 5343
3 5327 5343 5404
3 5339 5340 5410
3 5344 5413 5396
3 5344 5345 5414
3 5346 5352 5465
3 5351 5353 5466
3 5351 5465 5352
3 5345 5346 5415
3 5347 5462 5349
3 5350 5464 5353
3 5348 5463 5350
3 5348 5349 5463
3 5347 5365 5467
3 5361 5459 5365
3 5355 5455 5357
3 5356 5358 5457
3 5357 5455 5358
3 5356 5456 5364
3 5354 5454 5355
3 5359 5364 5461
3 5359 5461 5360
3 5360 5458 5363
3 4935 4936 5513
3 4936 4937 5513
3 4937 4938 5513
3 4938 4939 5513
3 4939 4940 5513
3 4940 4941 5513
3 4941 4947 5513
3 4933 5520 4934
3 4934 5520 4942
3 4942 5520 4943
3 4946 5520 4954
3 4943 5520 4944
3 4944 5520 4945
3 4945 5520 4946
3 4765 5521 5520
3 4947 4948 5513
3 4949 5513 4948
3 4950 5510 4952
3 4950 4953 5510
3 4951 4952 5513
3 4949 4951 5513
3 5370 5371 5509
3 4953 5367 5510
3 5367 5368 5510
3 5368 5369 5510
3 5366 5510 5369
3 5366 5370 5510
3 4779 5514 5511
3 4780 5511 5512
3 4782 5513 5514
3 5375 5376 5516
3 5377 5375 5516
3 4954 5520 4955
3 4955 5520 4956
3 4956 5520 4957
3 4957 5519 4958
3 4958 5519 4960
3 4959 4960 5519
3 4959 5519 5379
3 5379 5519 5380
3 5381 5380 5519
3 5376 5381 5519
3 4766 5523 5521
3 4767 5525 5523
3 4769 5524 5525
3 4768 5526 5524
3 4770 5527 5526
3 4771 5528 5527
3 4807 5512 5522
3 4445 5522 5010
3 4772 5260 5528
3 5001 5366 5369
3 5002 5370 5366
3 5371 5468 5372
3 5370 5469 5371
3 5000 5369 5368
3 5375 5472 5376
3 5377 5472 5375
3 5374 5471 5373
3 5372 5468 5374
3 5373 5475 5382
3 5382 5475 5383
3 5383 5397 5384
3 5377 5378 5474
3 5385 5476 5386
3 5378 5386 5473
3 5008 5379 5380
3 5009 5380 5381
3 5004 5381 5376
3 5389 5390 5479
3 5385 5387 5477
3 5387 5388 5477
3 5388 5389 5478
3 5390 5392 5480
3 5391 5393 5482
3 5391 5482 5392
3 5393 5394 5481
3 5394 5395 5483
3 5372 5374 5509
3 5371 5372 5509
3 5374 5373 5509
3 5382 5383 5509
3 5383 5384 5508
3 5272 5508 5384
3 5272 5273 5508
3 5373 5382 5509
3 5377 5516 5378
3 5378 5516 5386
3 5388 5515 5389
3 5387 5515 5388
3 5385 5386 5516
3 5385 5516 5387
3 5391 5392 5515
3 5394 5518 5395
3 5395 5518 5396
3 5391 5518 5393
3 5393 5518 5394
3 5389 5515 5390
3 5390 5515 5392
3 4957 5520 5519
3 4952 5510 5513
3 5370 5509 5510
3 5383 5508 5509
3 5387 5516 5515
3 5391 5515 5518
3 5396 5518 5517
3 5376 5519 5516
3 5395 5396 5413
3 5384 5397 5398
3 5327 5403 5402
3 5327 5404 5403
3 5272 5398 5399
3 5276 5399 5407
3 5277 5407 5408
3 5275 5408 5409
3 5279 5409 5405
3 5280 5405 5406
3 5342 5406 5412
3 5341 5412 5411
3 5340 5411 5410
3 5343 5410 5404
3 5344 5414 5413
3 5398 5481 5399
3 5399 5483 5407
3 5409 5408 5414
3 5408 5407 5413
3 5407 5483 5413
3 5405 5465 5406
3 5406 5466 5412
3 5410 5411 5464
3 5404 5410 5462
3 5411 5412 5466
3 5405 5409 5415
3 5409 5414 5415
3 5408 5413 5414
3 5405 5415 5465
3 5406 5465 5466
3 4334 5282 5416
3 5284 5417 5416
3 5286 5418 5417
3 5287 5419 5418
3 5288 5420 5419
3 5290 5421 5420
3 5291 5422 5421
3 5292 5423 5422
3 5294 5424 5423
3 4344 5425 5306
3 5302 5435 5434
3 5304 5436 5435
3 5305 5437 5436
3 5295 5429 5424
3 5297 5430 5429
3 5298 5431 5430
3 5299 5432 5431
3 5300 5433 5432
3 5301 5434 5433
3 5308 5425 5426
3 5309 5426 5427
3 5310 5427 5428
3 5312 5428 5438
3 5313 5438 5439
3 5314 5439 5440
3 5316 5440 5441
3 5317 5441 5442
3 5319 5442 5443
3 5320 5443 5444
3 5321 5444 5445
3 5323 5445 5446
3 5324 5446 5447
3 5325 5447 5448
3 5332 5450 5449
3 5331 5449 5437
3 5335 5452 5450
3 5334 5451 5452
3 5337 5453 5451
3 5338 5401 5453
3 5330 5400 5401
3 5329 5402 5400
3 5364 5456 5461
3 5360 5461 5458
3 5363 5458 5460
3 5362 5460 5459
3 5350 5463 5464
3 5346 5465 5415
3 5345 5415 5414
3 5351 5466 5465
3 5353 5464 5466
3 5365 5459 5467
3 5347 5467 5462
3 5349 5462 5463
3 5355 5454 5455
3 5354 5448 5454
3 5358 5455 5457
3 5356 5457 5456
3 4344 5416 5417
3 5417 5418 5425
3 5418 5419 5426
3 5419 5420 5427
3 5420 5421 5428
3 4344 5417 5425
3 5418 5426 5425
3 5419 5427 5426
3 5420 5428 5427
3 5421 5422 5438
3 5422 5423 5439
3 5423 5424 5440
3 5421 5438 5428
3 5422 5439 5438
3 5423 5440 5439
3 5424 5441 5440
3 5424 5429 5441
3 5429 5430 5442
3 5430 5431 5443
3 5432 5444 5431
3 5432 5433 5445
3 5429 5442 5441
3 5430 5443 5442
3 5431 5444 5443
3 5432 5445 5444
3 5433 5434 5446
3 5434 5435 5447
3 5435 5436 5447
3 5436 5437 5448
3 5433 5446 5445
3 5434 5447 5446
3 5436 5448 5447
3 5437 5449 5454
3 5449 5450 5455
3 5452 5451 5456
3 5450 5452 5457
3 5401 5400 5460
3 5403 5467 5402
3 5400 5402 5459
3 5451 5453 5461
3 5453 5401 5458
3 5401 5460 5458
3 5402 5467 5459
3 5400 5459 5460
3 5449 5455 5454
3 5451 5461 5456
3 5450 5457 5455
3 5452 5456 5457
3 5437 5454 5448
3 5453 5458 5461
3 5403 5404 5462
3 5403 5462 5467
3 5410 5463 5462
3 5410 5464 5463
3 5411 5466 5464
3 5001 5002 5366
3 5002 5469 5370
3 5374 5468 5470
3 5371 5469 5468
3 5004 5376 5472
3 5377 5474 5472
3 5374 5470 5471
3 5373 5471 5475
3 5383 5475 5397
3 5386 5476 5473
3 5378 5473 5474
3 5385 5477 5476
3 5004 5009 5381
3 5390 5480 5479
3 5392 5482 5480
3 5388 5478 5477
3 5389 5479 5478
3 5393 5481 5482
3 5394 5483 5481
3 5395 5413 5483
3 5002 5473 5469
3 5468 5469 5476
3 5470 5468 5477
3 5001 5474 5002
3 5001 5472 5474
3 5002 5474 5473
3 5469 5473 5476
3 5475 5471 5479
3 5470 5478 5471
3 5470 5477 5478
3 5397 5475 5480
3 5398 5397 5482
3 5471 5478 5479
3 5475 5479 5480
3 5468 5476 5477
3 5397 5480 5482
3 5398 5482 5481
3 5399 5481 5483
3 5286 5485 5486
3 5290 5486 5487
3 4369 5306 5488
3 5310 5489 5488
3 5314 5490 5489
3 4369 5485 5484
3 5485 5488 5486
3 5486 5489 5487
3 4369 5488 5485
3 5486 5488 5489
3 5487 5489 5490
3 5295 5487 5491
3 5296 5491 5492
3 5300 5492 5493
3 5317 5494 5490
3 5320 5495 5494
3 5323 5496 5495
3 5490 5491 5487
3 5492 5491 5494
3 5492 5495 5493
3 5490 5494 5491
3 5492 5494 5495
3 5493 5495 5496
3 5305 5493 5498
3 5332 5498 5499
3 5326 5501 5496
3 5357 5502 5501
3 5359 5503 5502
3 5493 5496 5498
3 5498 5501 5499
3 5499 5502 5500
3 5496 5501 5498
3 5499 5501 5502
3 5500 5502 5503
3 5361 5506 5503
3 5348 5507 5506
3 5500 5503 5504
3 5504 5506 5505
3 5505 5507 5497
3 5497 5517 5508
3 5497 5507 5517
3 5503 5506 5504
3 5505 5506 5507
3 5513 5510 5516
3 5513 5520 5514
3 5514 5520 5521
3 5511 5514 5521
3 5511 5523 5512
3 5511 5521 5523
3 5508 5518 5509
3 5508 5517 5518
3 5509 5518 5515
3 5509 5515 5510
3 5510 5515 5516
3 5513 5516 5519
3 5513 5519 5520
3 5512 5525 5522
3 5010 5522 5524
3 5010 5526 5011
3 5522 5525 5524
3 5010 5524 5526
3 5512 5523 5525
3 5011 5526 5527
3 5012 5527 5528
