ply
format ascii 1.0
comment Sanitized challenge scan; coordinates retain source units.
element vertex 6842
property float x
property float y
property float z
element face 13680
property list uchar int vertex_indices
end_header
6.2419152 0.2725279 0
6.1944104 0.8155096 0
6.0997625 1.3522848 0
5.9586916 1.8787683 0
5.7722716 2.3909532 0
5.541921 2.8849415 0
5.2693931 3.3569737 0
4.956762 3.8034572 0
4.6064069 4.2209942 0
4.2209942 4.6064069 0
3.8034572 4.956762 0
3.3569737 5.2693931 0
2.8849415 5.541921 0
2.3909532 5.7722716 0
1.8787683 5.9586916 0
1.3522848 6.0997625 0
0.8155096 6.1944104 0
0.2725279 6.2419152 0
-0.2725279 6.2419152 0
-0.8155096 6.1944104 0
-1.3522848 6.0997625 0
-1.8787683 5.9586916 0
-2.3909532 5.7722716 0
-2.8849415 5.541921 0
-3.3569737 5.2693931 0
-3.8034572 4.956762 0
-4.2209942 4.6064069 0
-4.6064069 4.2209942 0
-4.956762 3.8034572 0
-5.2693931 3.3569737 0
-5.541921 2.8849415 0
-5.7722716 2.3909532 0
-5.9586916 1.8787683 0
-6.0997625 1.3522848 0
-6.1944104 0.8155096 0
-6.2419152 0.2725279 0
-6.2419152 -0.2725279 0
-6.1944104 -0.8155096 0
-6.0997625 -1.3522848 0
-5.9586916 -1.8787683 0
-5.7722716 -2.3909532 0
-5.541921 -2.8849415 0
-5.2693931 -3.3569737 0
-4.956762 -3.8034572 0
-4.6064069 -4.2209942 0
-4.2209942 -4.6064069 0
-3.8034572 -4.956762 0
-3.3569737 -5.2693931 0
-2.8849415 -5.541921 0
-2.3909532 -5.7722716 0
-1.8787683 -5.9586916 0
-1.3522848 -6.0997625 0
-0.8155096 -6.1944104 0
-0.2725279 -6.2419152 0
0.2725279 -6.2419152 0
0.8155096 -6.1944104 0
1.3522848 -6.0997625 0
1.8787683 -5.9586916 0
2.3909532 -5.7722716 0
2.8849415 -5.541921 0
3.3569737 -5.2693931 0
3.8034572 -4.956762 0
4.2209942 -4.6064069 0
4.6064069 -4.2209942 0
4.956762 -3.8034572 0
5.2693931 -3.3569737 0
5.541921 -2.8849415 0
5.7722716 -2.3909532 0
5.9586916 -1.8787683 0
6.0997625 -1.3522848 0
6.1944104 -0.8155096 0
6.2419152 -0.2725279 0
6.46651 0.28233393 0.5
6.4236643 0.84569145 0.5
6.5055466 1.442245 0.5
6.2292855 1.9640862 0.5
6.0158303 2.4918385 0.5
5.7537047 2.9951891 0.5
5.5352527 3.5263449 0.5
5.1908026 3.983043 0.5
4.8294417 4.425368 0.5
4.4290958 4.8335098 0.5
4.0958296 5.3377891 0.5
3.6161688 5.6762479 0.5
3.0425176 5.8446218 0.5
2.5540483 6.1660181 0.5
2.0265622 6.4274343 0.5
1.4383738 6.4880851 0.5
0.86383326 6.561465 0.5
0.28747596 6.5842819 0.5
-0.28627516 6.5567791 0.5
-0.8530535 6.4795846 0.5
-1.408582 6.3537029 0.5
-1.9487055 6.1805042 0.5
-2.4694216 5.9617112 0.5
-2.9669106 5.6993823 0.5
-3.4375632 5.3958934 0.5
-3.8780068 5.0539168 0.5
-4.2851293 4.6763981 0.5
-4.6561016 4.266531 0.5
-4.9883962 3.827731 0.5
-5.2798048 3.3636066 0.5
-5.5284527 2.8779303 0.5
-5.73281 2.3746076 0.5
-5.8917007 1.8576461 0.5
-6.0043091 1.3311233 0.5
-6.0701825 0.79915468 0.5
-6.0892317 0.2658616 0.5
-6.0801314 -0.26546427 0.5
-6.0778767 -0.80016765 0.5
-6.0327133 -1.3374203 0.5
-5.8541083 -1.8457932 0.5
-5.6218634 -2.3286521 0.5
-5.5525742 -2.8904872 0.5
-5.2422607 -3.3396884 0.5
-4.8925534 -3.7541882 0.5
-4.5176059 -4.1396231 0.5
-4.138633 -4.5165254 0.5
-3.7283997 -4.8589451 0.5
-3.3047509 -5.1874198 0.5
-2.8878433 -5.5474954 0.5
-2.3761333 -5.7364932 0.5
-1.8417541 -5.8412976 0.5
-1.3474498 -6.0779534 0.5
-0.79848841 -6.0651216 0.5
-0.26734238 -6.1231472 0.5
0.26704512 -6.1163387 0.5
0.79966843 -6.0740848 0.5
1.3375296 -6.0332064 0.5
1.8766096 -5.9518452 0.5
2.3987911 -5.7911941 0.5
2.9022186 -5.5751101 0.5
3.3618782 -5.2770917 0.5
3.8267364 -4.9870999 0.5
4.2896365 -4.6813167 0.5
4.6440826 -4.2555177 0.5
5.0612882 -3.883663 0.5
5.378029 -3.4261824 0.5
5.6618034 -2.9473483 0.5
5.9165338 -2.4507086 0.5
6.1739049 -1.9466247 0.5
6.3689848 -1.4119699 0.5
6.5085166 -0.85686246 0.5
6.5396678 -0.28552806 0.5
6.61656 0.28888525 0.75
6.6636514 0.87728634 0.75
6.578989 1.4585267 0.75
6.3429104 1.999912 0.75
6.125727 2.5373592 0.75
5.819208 3.0292879 0.75
5.5518602 3.536925 0.75
5.169131 3.9664137 0.75
4.8443083 4.4389907 0.75
4.4653336 4.8730565 0.75
4.0820777 5.3198673 0.75
3.5929933 5.6398697 0.75
3.0638628 5.8856256 0.75
2.5651161 6.1927381 0.75
2.0185599 6.4020541 0.75
1.4570527 6.5723398 0.75
0.88098493 6.6917449 0.75
0.29650904 6.7911735 0.75
-0.29512433 6.7594584 0.75
-0.8789833 6.6765411 0.75
-1.4506664 6.5435335 0.75
-2.0059067 6.3619233 0.75
-2.5406034 6.1335591 0.75
-3.0508521 5.8606324 0.75
-3.5329737 5.5456579 0.75
-3.9835403 5.1914507 0.75
-4.3993996 4.8011022 0.75
-4.777697 4.3779527 0.75
-5.1158949 3.9255642 0.75
-5.4235291 3.4551691 0.75
-5.7781036 3.0078903 0.75
-5.9465756 2.4631522 0.75
-6.0944779 1.9215815 0.75
-6.1935713 1.3730817 0.75
-6.2849903 0.82743467 0.75
-6.326752 0.27623196 0.75
-6.3681696 -0.27804029 0.75
-6.3260969 -0.83284645 0.75
-6.2447561 -1.3844291 0.75
-6.0351915 -1.9028886 0.75
-5.8256492 -2.4130629 0.75
-5.7005981 -2.9675435 0.75
-5.4232738 -3.4550064 0.75
-5.0800316 -3.8980453 0.75
-4.7457996 -4.3487241 0.75
-4.3116493 -4.7053396 0.75
-3.8828956 -5.060288 0.75
-3.4334067 -5.389369 0.75
-2.9549142 -5.6763375 0.75
-2.4578468 -5.9337672 0.75
-1.9370254 -6.1434598 0.75
-1.3893259 -6.2668441 0.75
-0.83943772 -6.3761625 0.75
-0.27818365 -6.3714531 0.75
0.27727098 -6.3505495 0.75
0.82230962 -6.2460617 0.75
1.3718574 -6.1880489 0.75
1.9160065 -6.0767964 0.75
2.445368 -5.9036405 0.75
2.9590438 -5.6842702 0.75
3.4059574 -5.3462822 0.75
3.8885287 -5.0676293 0.75
4.3531199 -4.7505968 0.75
4.7280593 -4.3324681 0.75
5.1668336 -3.9646509 0.75
5.4915423 -3.4984983 0.75
5.7704151 -3.003888 0.75
6.0889213 -2.5221138 0.75
6.3231946 -1.9936956 0.75
6.4857931 -1.4378657 0.75
6.5515997 -0.86253446 0.75
6.6217984 -0.28911396 0.75
6.5916245 0.28779654 1
6.5943006 0.86815614 1
6.5145186 1.444234 1
6.2988104 1.9860073 1
6.0504079 2.506161 1
5.804349 3.0215528 1
5.5022102 3.5052945 1
5.2031172 3.9924923 1
4.8479949 4.4423689 1
4.4431391 4.8488354 1
4.0315599 5.2540312 1
3.5587805 5.5861665 1
3.0533609 5.8654517 1
2.5318929 6.1125302 1
2.0037759 6.3551651 1
1.4527659 6.5530033 1
0.87262233 6.6282247 1
0.29238385 6.6966911 1
-0.2911458 6.6683352 1
-0.87617385 6.6552011 1
-1.4384037 6.4882198 1
-2.0181409 6.4007252 1
-2.5685034 6.2009157 1
-3.046599 5.8524622 1
-3.5265718 5.5356089 1
-3.9772156 5.1832082 1
-4.394647 4.7959157 1
-4.7672644 4.368393 1
-5.095496 3.9099116 1
-5.4884599 3.4965346 1
-5.7849601 3.0114596 1
-5.9629057 2.4699164 1
-6.1226432 1.930462 1
-6.2455386 1.3846026 1
-6.3057536 0.83016822 1
-6.3844587 0.27875149 1
-6.4088218 -0.2798152 1
-6.413387 -0.84433842 1
-6.3371281 -1.4049075 1
-6.1479533 -1.9384422 1
-5.9214778 -2.4527564 1
-5.7654901 -3.0013242 1
-5.4607418 -3.4788762 1
-5.1250081 -3.9325571 1
-4.8131204 -4.4104123 1
-4.378613 -4.7784176 1
-3.9440359 -5.1399676 1
-3.4825787 -5.4665536 1
-2.9958226 -5.7549217 1
-2.4862866 -6.0024267 1
-1.9508672 -6.1873603 1
-1.3965934 -6.2996257 1
-0.84415628 -6.4120036 1
-0.27998982 -6.4128213 1
0.27702111 -6.3448265 1
0.83202405 -6.3198501 1
1.381912 -6.2334021 1
1.928273 -6.1157006 1
2.4657307 -5.9528006 1
2.9974204 -5.757991 1
3.4281859 -5.3811739 1
3.938264 -5.1324456 1
4.3635776 -4.7620093 1
4.7932286 -4.3921848 1
5.1809677 -3.9754963 1
5.5156545 -3.5138594 1
5.8008854 -3.0197498 1
6.0320711 -2.4985657 1
6.2767047 -1.9790374 1
6.4387552 -1.4274377 1
6.5387617 -0.8608443 1
6.5948279 -0.2879364 1
6.5267796 0.28496535 1.25
6.5154068 0.85776958 1.25
6.4110659 1.4212991 1.25
6.211014 1.9583252 1.25
5.9431594 2.4617372 1.25
5.7241517 2.9798048 1.25
5.4519896 3.4733004 1.25
5.1839139 3.977757 1.25
4.7950133 4.3938202 1.25
4.4351256 4.8400903 1.25
3.9863783 5.1951494 1.25
3.5220343 5.5284864 1.25
3.0145585 5.7909131 1.25
2.4943016 6.0217768 1.25
1.9835375 6.2909771 1.25
1.4223103 6.4156273 1.25
0.85914231 6.5258337 1.25
0.28700373 6.5734661 1.25
-0.28712886 6.5763321 1.25
-0.85753046 6.5135905 1.25
-1.4191252 6.40126 1.25
-1.9729821 6.2574997 1.25
-2.5270416 6.100818 1.25
-3.0238248 5.8087133 1.25
-3.49126 5.4801804 1.25
-3.9572229 5.1571533 1.25
-4.3934031 4.7945581 1.25
-4.7665678 4.3677547 1.25
-5.0794158 3.8975728 1.25
-5.3882319 3.4326823 1.25
-5.790976 3.0145913 1.25
-5.9378527 2.4595391 1.25
-6.1057758 1.9251437 1.25
-6.210239 1.3767768 1.25
-6.3274636 0.83302639 1.25
-6.4105302 0.27988979 1.25
-6.4443894 -0.28136812 1.25
-6.424394 -0.84578752 1.25
-6.2691513 -1.3898374 1.25
-6.1322934 -1.9335047 1.25
-5.9620963 -2.4695811 1.25
-5.7233586 -2.9793919 1.25
-5.4349832 -3.4624662 1.25
-5.1285767 -3.9352953 1.25
-4.8016105 -4.3998654 1.25
-4.3803566 -4.7803204 1.25
-3.9349747 -5.1281589 1.25
-3.4750019 -5.4546603 1.25
-3.0049786 -5.7725102 1.25
-2.4924783 -6.0173748 1.25
-1.9556904 -6.2026574 1.25
-1.4002306 -6.3160321 1.25
-0.84810704 -6.4420125 1.25
-0.28054406 -6.4255153 1.25
0.27879623 -6.3854834 1.25
0.83607845 -6.3506463 1.25
1.3849353 -6.2470393 1.25
1.9356461 -6.139085 1.25
2.4743273 -5.9735545 1.25
2.9810898 -5.7266201 1.25
3.4444487 -5.4067015 1.25
3.9439516 -5.1398578 1.25
4.3696314 -4.7686159 1.25
4.8128521 -4.4101665 1.25
5.1561901 -3.9564838 1.25
5.4913356 -3.4983666 1.25
5.7714715 -3.0044379 1.25
6.0031221 -2.4865746 1.25
6.2001197 -1.9548902 1.25
6.3690528 -1.411985 1.25
6.465414 -0.8511879 1.25
6.5314689 -0.28517009 1.25
6.4301049 0.28074444 1.5
6.4175575 0.84488747 1.5
6.2764914 1.3914646 1.5
6.1278346 1.9320988 1.5
5.8902222 2.4398099 1.5
5.6335671 2.9326494 1.5
5.3787554 3.4266451 1.5
5.1230628 3.9310644 1.5
4.7313874 4.3355178 1.5
4.3267961 4.7218694 1.5
3.9141924 5.1010749 1.5
3.4709151 5.4482454 1.5
2.9757184 5.7163019 1.5
2.4626364 5.9453302 1.5
1.9385817 6.1483958 1.5
1.3923072 6.2802919 1.5
0.84281321 6.4018019 1.5
0.28189482 6.4564528 1.5
-0.28190996 6.4567996 1.5
-0.84101134 6.3881153 1.5
-1.3968231 6.3006619 1.5
-1.9489021 6.1811276 1.5
-2.4917396 6.0155914 1.5
-2.9640865 5.6939571 1.5
-3.4530612 5.4202203 1.5
-3.9321044 5.1244182 1.5
-4.3624728 4.7608036 1.5
-4.6841298 4.2922141 1.5
-5.0222903 3.8537389 1.5
-5.3780903 3.4262214 1.5
-5.7061472 2.9704322 1.5
-5.8988322 2.4433763 1.5
-6.066477 1.9127528 1.5
-6.1507992 1.3635994 1.5
-6.2536372 0.82330696 1.5
-6.389053 0.27895208 1.5
-6.3382632 -0.27673455 1.5
-6.3583953 -0.83709863 1.5
-6.2374726 -1.3828144 1.5
-6.0474864 -1.9067651 1.5
-5.8979314 -2.4430032 1.5
-5.6762198 -2.954853 1.5
-5.3570903 -3.4128429 1.5
-5.0581661 -3.8812673 1.5
-4.7468181 -4.3496574 1.5
-4.3236048 -4.7183867 1.5
-3.9016812 -5.0847699 1.5
-3.4415369 -5.4021308 1.5
-2.9832113 -5.7306955 1.5
-2.4682719 -5.9589356 1.5
-1.9370612 -6.1435733 1.5
-1.3983505 -6.3075517 1.5
-0.84359039 -6.4077052 1.5
-0.28061509 -6.4271423 1.5
0.27920697 -6.394891 1.5
0.83604593 -6.3503993 1.5
1.3878087 -6.2600006 1.5
1.9339773 -6.1337922 1.5
2.4644602 -5.9497332 1.5
2.9536636 -5.673935 1.5
3.4272322 -5.3796769 1.5
3.9069249 -5.0916036 1.5
4.3451214 -4.7418679 1.5
4.74978 -4.3523715 1.5
5.1054786 -3.9175715 1.5
5.452915 -3.47389 1.5
5.6812714 -2.9574827 1.5
5.9182975 -2.4514391 1.5
6.1475449 -1.9383135 1.5
6.2778724 -1.3917708 1.5
6.3781608 -0.83970079 1.5
6.3840203 -0.27873234 1.5
6.3424959 0.27691935 1.75
6.3069684 0.83032815 1.75
6.2044169 1.3754861 1.75
6.0477711 1.9068549 1.75
5.8365061 2.41756 1.75
5.570767 2.8999577 1.75
5.3083154 3.3817699 1.75
5.040367 3.8676097 1.75
4.6673259 4.2768162 1.75
4.260353 4.6493595 1.75
3.8635443 5.0350689 1.75
3.4125659 5.3566554 1.75
2.9353308 5.6387181 1.75
2.4203226 5.8431756 1.75
1.9137941 6.0697794 1.75
1.370634 6.1825304 1.75
0.82572054 6.2719702 1.75
0.27742511 6.3540796 1.75
-0.27614984 6.3248712 1.75
-0.82452725 6.2629063 1.75
-1.3777658 6.2146997 1.75
-1.9289005 6.1176908 1.75
-2.4585175 5.9353863 1.75
-2.9267645 5.6222623 1.75
-3.3986005 5.3347341 1.75
-3.8417099 5.0066138 1.75
-4.284629 4.675852 1.75
-4.6280275 4.2408059 1.75
-4.9500858 3.7983344 1.75
-5.3120371 3.3841409 1.75
-5.6218119 2.9265301 1.75
-5.8180211 2.4099033 1.75
-5.9814428 1.8859417 1.75
-6.0627159 1.3440718 1.75
-6.1854029 0.81432374 1.75
-6.2693348 0.27372507 1.75
-6.2481436 -0.27279984 1.75
-6.2758031 -0.82622515 1.75
-6.1717345 -1.3682406 1.75
-5.9815568 -1.8859776 1.75
-5.8252335 -2.4128907 1.75
-5.6146932 -2.9228243 1.75
-5.3084746 -3.3818713 1.75
-5.0026641 -3.8386792 1.75
-4.6835076 -4.291644 1.75
-4.2802359 -4.6710579 1.75
-3.8563752 -5.025726 1.75
-3.4010202 -5.3385324 1.75
-2.9340569 -5.6362709 1.75
-2.445991 -5.9051446 1.75
-1.8998988 -6.0257092 1.75
-1.3817836 -6.232823 1.75
-0.83042438 -6.3076994 1.75
-0.27734986 -6.3523561 1.75
0.27584045 -6.3177849 1.75
0.82404182 -6.259219 1.75
1.3721232 -6.1892476 1.75
1.9150246 -6.0736821 1.75
2.4458308 -5.904758 1.75
2.9206766 -5.6105675 1.75
3.398521 -5.3346094 1.75
3.8576011 -5.0273236 1.75
4.2971581 -4.6895251 1.75
4.6875139 -4.2953151 1.75
5.0375377 -3.8654386 1.75
5.3746031 -3.4239998 1.75
5.6106043 -2.9206957 1.75
5.8230515 -2.4119869 1.75
6.0786669 -1.9165963 1.75
6.2063655 -1.3759181 1.75
6.2772995 -0.82642216 1.75
6.2853325 -0.27442355 1.75
6.2811652 0.2742416 2
6.2268535 0.81978081 2
6.1032923 1.3530673 2
5.969131 1.8820598 2
5.7757868 2.3924092 2
5.5061254 2.8663075 2
5.2327597 3.3336356 2
5.0064505 3.8415846 2
4.6371152 4.2491332 2
4.1812739 4.5630598 2
3.8139943 4.9704942 2
3.3832031 5.3105651 2
2.8878324 5.5474744 2
2.3893594 5.768424 2
1.8872619 5.9856299 2
1.3608087 6.1382115 2
0.81029044 6.154767 2
0.27352561 6.2647665 2
-0.27237539 6.2384221 2
-0.81268399 6.1729477 2
-1.3462712 6.0726369 2
-1.9051792 6.0424563 2
-2.4239236 5.8518692 2
-2.8802982 5.5330013 2
-3.3403808 5.2433476 2
-3.8121849 4.9681361 2
-4.2500376 4.6381022 2
-4.5751104 4.1923163 2
-4.9067448 3.7650777 2
-5.2483751 3.3435837 2
-5.5573434 2.8929699 2
-5.7597036 2.3857473 2
-5.8970378 1.8593289 2
-5.9977895 1.3296779 2
-6.1308476 0.8071414 2
-6.1939415 0.27043333 2
-6.1577826 -0.26885459 2
-6.1552716 -0.81035688 2
-6.1156093 -1.3557979 2
-5.9249287 -1.8681228 2
-5.7687373 -2.3894892 2
-5.5653805 -2.8971537 2
-5.2721302 -3.3587173 2
-4.954194 -3.8014867 2
-4.6390973 -4.2509495 2
-4.2480972 -4.6359846 2
-3.8214289 -4.9801831 2
-3.3761633 -5.2995148 2
-2.9145636 -5.5988246 2
-2.4096357 -5.8173751 2
-1.8742091 -5.9442317 2
-1.3678753 -6.170087 2
-0.82347266 -6.2548958 2
-0.27245506 -6.2402467 2
0.27208964 -6.2318772 2
0.81486265 -6.1894964 2
1.3502145 -6.0904241 2
1.8861748 -5.9821822 2
2.4318958 -5.8711158 2
2.8970317 -5.5651461 2
3.3519553 -5.2615159 2
3.8043524 -4.9579286 2
4.239762 -4.6268883 2
4.6029688 -4.2178438 2
4.9772086 -3.8191465 2
5.2998981 -3.3764074 2
5.4977018 -2.8619224 2
5.7925514 -2.3993533 2
5.9928435 -1.8895363 2
6.1151488 -1.3556958 2
6.1741603 -0.81284363 2
6.212476 -0.27124256 2
6.2223312 0.27167285 2.25
6.2028575 0.81662168 2.25
6.0390952 1.3388352 2.25
5.937557 1.8721045 2.25
5.7544444 2.3835689 2.25
5.4404387 2.8321131 2.25
5.1883246 3.3053273 2.25
4.9703466 3.8138811 2.25
4.5934993 4.2091666 2.25
4.1683553 4.5489616 2.25
3.7839232 4.9313047 2.25
3.3541233 5.264919 2.25
2.8601474 5.494292 2.25
2.3520974 5.6784655 2.25
1.8733833 5.9416127 2.25
1.350568 6.0920184 2.25
0.80587088 6.121197 2.25
0.27072356 6.2005889 2.25
-0.27002498 6.1845888 2.25
-0.80372339 6.1048853 2.25
-1.3341951 6.0181653 2.25
-1.886744 5.9839876 2.25
-2.3962684 5.7851036 2.25
-2.8477369 5.4704518 2.25
-3.2975556 5.1761254 2.25
-3.7653582 4.9071103 2.25
-4.1989406 4.5823395 2.25
-4.5184088 4.1403588 2.25
-4.858551 3.7280973 2.25
-5.1792282 3.2995323 2.25
-5.4959009 2.8609849 2.25
-5.7028548 2.3621998 2.25
-5.8383815 1.8408346 2.25
-5.9535944 1.3198801 2.25
-6.1100889 0.80440846 2.25
-6.1198015 0.2671963 2.25
-6.1019601 -0.26641733 2.25
-6.1506885 -0.80975351 2.25
-6.070762 -1.3458555 2.25
-5.8868756 -1.8561247 2.25
-5.7189246 -2.3688561 2.25
-5.5162036 -2.8715538 2.25
-5.2351687 -3.3351703 2.25
-4.8867613 -3.7497439 2.25
-4.5919496 -4.2077466 2.25
-4.2157463 -4.6006797 2.25
-3.7957449 -4.946711 2.25
-3.3576337 -5.2704291 2.25
-2.8895426 -5.5507597 2.25
-2.3843155 -5.7562468 2.25
-1.8544886 -5.8816865 2.25
-1.3502817 -6.0907273 2.25
-0.81727541 -6.207823 2.25
-0.26979042 -6.1792165 2.25
0.2690769 -6.1628743 2.25
0.80550796 -6.1184404 2.25
1.3333866 -6.0145183 2.25
1.8523636 -5.8749468 2.25
2.412524 -5.8243481 2.25
2.875139 -5.5230906 2.25
3.3063099 -5.189867 2.25
3.7629381 -4.9039564 2.25
4.2080989 -4.5923342 2.25
4.5349635 -4.1555285 2.25
4.9574051 -3.8039507 2.25
5.2821722 -3.3651148 2.25
5.4831329 -2.8543383 2.25
5.7040578 -2.3626981 2.25
5.8640707 -1.8489344 2.25
6.0626807 -1.3440639 2.25
6.0871288 -0.80138571 2.25
6.1735425 -0.26954269 2.25
6.1826027 0.26993826 2.5
6.1846642 0.81422649 2.5
6.0132403 1.3331033 2.5
5.868902 1.8504577 2.5
5.7398763 2.3775346 2.5
5.4499867 2.8370835 2.5
5.2399296 3.3382033 2.5
4.9419733 3.7921095 2.5
4.5221391 4.1437771 2.5
4.1659022 4.5462844 2.5
3.7679131 4.9104399 2.5
3.3365647 5.2373575 2.5
2.8538766 5.482246 2.5
2.3504031 5.674375 2.5
1.8631104 5.9090312 2.5
1.347563 6.0784637 2.5
0.80556633 6.1188838 2.5
0.27001317 6.1843183 2.5
-0.27138566 6.2157536 2.5
-0.80542753 6.1178295 2.5
-1.3320128 6.0083216 2.5
-1.8671964 5.9219906 2.5
-2.3603223 5.6983221 2.5
-2.8387873 5.4532597 2.5
-3.2960312 5.1737327 2.5
-3.7452209 4.8808669 2.5
-4.1825048 4.5644031 2.5
-4.52665 4.1479105 2.5
-4.8194215 3.6980722 2.5
-5.129 3.2675334 2.5
-5.5024545 2.8643965 2.5
-5.7460063 2.3800737 2.5
-5.8302172 1.8382604 2.5
-5.9234958 1.3132074 2.5
-6.112585 0.80473709 2.5
-6.1339222 0.26781283 2.5
-6.1155528 -0.2670108 2.5
-6.1725589 -0.81263279 2.5
-6.0929973 -1.350785 2.5
-5.9210708 -1.8669065 2.5
-5.6795873 -2.3525621 2.5
-5.4724061 -2.8487543 2.5
-5.2184531 -3.3245213 2.5
-4.8933839 -3.7548255 2.5
-4.5602287 -4.1786797 2.5
-4.1855262 -4.5677003 2.5
-3.7688233 -4.9116262 2.5
-3.3580707 -5.2711152 2.5
-2.8850178 -5.5420677 2.5
-2.3701044 -5.7219382 2.5
-1.8384568 -5.8308401 2.5
-1.3496391 -6.0878284 2.5
-0.81173799 -6.1657622 2.5
-0.26790668 -6.1360717 2.5
0.26688966 -6.1127782 2.5
0.79874657 -6.0670825 2.5
1.3217936 -5.9622256 2.5
1.8440317 -5.8485212 2.5
2.3863881 -5.7612505 2.5
2.8751772 -5.5231641 2.5
3.3064819 -5.1901369 2.5
3.7533935 -4.8915176 2.5
4.183115 -4.565069 2.5
4.5167728 -4.1388598 2.5
4.9517633 -3.7996216 2.5
5.2796289 -3.3634946 2.5
5.4627567 -2.8437311 2.5
5.700454 -2.3612053 2.5
5.9054185 -1.8619713 2.5
6.0452794 -1.3402062 2.5
6.0573301 -0.79746263 2.5
6.1213462 -0.26726375 2.5
6.2336486 0.27216697 2.75
6.1402298 0.80837659 2.75
5.9972669 1.3295621 2.75
5.8633992 1.8487227 2.75
5.7301208 2.3734937 2.75
5.4936601 2.8598184 2.75
5.2507521 3.345098 2.75
4.9553453 3.8023702 2.75
4.514731 4.1369888 2.75
4.1347864 4.5123276 2.75
3.7651565 4.9068475 2.75
3.3732892 5.2950035 2.75
2.8651665 5.5039337 2.75
2.3515787 5.6772133 2.75
1.8623008 5.9064636 2.75
1.342139 6.053998 2.75
0.80272536 6.0973045 2.75
0.26848693 6.1493617 2.75
-0.27184735 6.226328 2.75
-0.80723785 6.1315803 2.75
-1.3378401 6.0346065 2.75
-1.8656249 5.9170064 2.75
-2.3595794 5.6965286 2.75
-2.8250406 5.4268526 2.75
-3.3178773 5.2080241 2.75
-3.7609303 4.9013398 2.75
-4.1937607 4.5766867 2.75
-4.5173665 4.1394038 2.75
-4.8209958 3.6992802 2.75
-5.11171 3.2565184 2.75
-5.5009849 2.8636315 2.75
-5.7608972 2.3862418 2.75
-5.8114826 1.8323534 2.75
-5.9192711 1.3122708 2.75
-6.1324594 0.8073536 2.75
-6.1338201 0.26780837 2.75
-6.1543623 -0.26870526 2.75
-6.1439597 -0.80886765 2.75
-6.1027166 -1.3529397 2.75
-5.9289532 -1.8693917 2.75
-5.694181 -2.358607 2.75
-5.4658994 -2.8453671 2.75
-5.2254908 -3.3290048 2.75
-4.9056064 -3.7642042 2.75
-4.5731417 -4.1905123 2.75
-4.1797769 -4.5614261 2.75
-3.7583111 -4.8979264 2.75
-3.3394912 -5.2419512 2.75
-2.8775903 -5.5277995 2.75
-2.3692886 -5.7199686 2.75
-1.8389085 -5.8322728 2.75
-1.3456171 -6.0696865 2.75
-0.81094082 -6.1597071 2.75
-0.26818754 -6.1425046 2.75
0.26696291 -6.1144559 2.75
0.7973475 -6.0564556 2.75
1.3153706 -5.9332531 2.75
1.8650636 -5.9152259 2.75
2.372704 -5.7282141 2.75
2.8500614 -5.474917 2.75
3.3337841 -5.2329929 2.75
3.7593459 -4.8992749 2.75
4.1661558 -4.5465612 2.75
4.5281359 -4.149272 2.75
4.844762 -3.7175166 2.75
5.2631312 -3.3529844 2.75
5.4132701 -2.8179701 2.75
5.6550047 -2.3423797 2.75
5.8884184 -1.8566112 2.75
6.0309499 -1.3370294 2.75
6.0480769 -0.79624442 2.75
6.1268862 -0.26750563 2.75
6.267785 0.2736574 3
6.1125377 0.80473085 3
5.9990046 1.3299473 3
5.8961918 1.8590621 3
5.7335047 2.3748954 3
5.5046602 2.8655447 3
5.2475632 3.3430665 3
4.9581902 3.8045531 3
4.5148614 4.1371083 3
4.1271782 4.5040247 3
3.7758664 4.9208049 3
3.3855717 5.3142831 3
2.875569 5.5239167 3
2.3561305 5.6882022 3
1.860654 5.9012404 3
1.3431258 6.0584492 3
0.79377417 6.0293134 3
0.26613834 6.0955701 3
-0.27116823 6.2107735 3
-0.8108928 6.1593423 3
-1.340422 6.0462528 3
-1.8647224 5.914144 3
-2.3686622 5.7184564 3
-2.8333347 5.4427853 3
-3.3078592 5.1922989 3
-3.7552319 4.8939135 3
-4.1955124 4.5785983 3
-4.5605677 4.1789903 3
-4.8422824 3.715614 3
-5.1200977 3.261862 3
-5.5239838 2.8756039 3
-5.72215 2.3701921 3
-5.7848023 1.8239411 3
-5.9368543 1.3161689 3
-6.1228716 0.80609134 3
-6.121728 0.26728042 3
-6.1234873 -0.26735723 3
-6.1139538 -0.80491728 3
-6.0736817 -1.3465028 3
-5.9189209 -1.8662286 3
-5.7270227 -2.3722105 3
-5.4281264 -2.8257037 3
-5.2393737 -3.3378492 3
-4.9102294 -3.7677515 3
-4.5652999 -4.1833266 3
-4.1833421 -4.5653168 3
-3.7525897 -4.8904701 3
-3.3256556 -5.2202336 3
-2.8829072 -5.5380133 3
-2.3628749 -5.7044845 3
-1.8370265 -5.8263037 3
-1.3327849 -6.0118043 3
-0.81049519 -6.1563222 3
-0.26885248 -6.1577342 3
0.26800392 -6.1382989 3
0.80236758 -6.0945868 3
1.3101014 -5.9094855 3
1.8492758 -5.8651535 3
2.3645012 -5.7084107 3
2.8196408 -5.4164796 3
3.3290969 -5.2256354 3
3.7454128 -4.881117 3
4.168402 -4.5490125 3
4.5134281 -4.1357949 3
4.8807056 -3.7450971 3
5.251099 -3.345319 3
5.4091368 -2.8158184 3
5.6033669 -2.3209906 3
5.8772895 -1.8531023 3
6.0353462 -1.338004 3
6.0099417 -0.79122383 3
6.0721905 -0.26511756 3
6.2486573 0.27282227 3.25
6.1021712 0.80336608 3.25
5.9847432 1.3267856 3.25
5.9563749 1.8780378 3.25
5.7478455 2.3808356 3.25
5.5048505 2.8656438 3.25
5.2536691 3.3469564 3.25
4.9411903 3.7915087 3.25
4.5248164 4.1462304 3.25
4.1388716 4.5167858 3.25
3.7940431 4.9444933 3.25
3.3752497 5.2980808 3.25
2.8782803 5.5291249 3.25
2.3657523 5.7114314 3.25
1.8590038 5.8960067 3.25
1.335816 6.0254765 3.25
0.79676914 6.0520624 3.25
0.26571829 6.0859495 3.25
-0.26973597 6.1779693 3.25
-0.80709012 6.1304581 3.25
-1.3343945 6.0190647 3.25
-1.8682774 5.925419 3.25
-2.3835116 5.754306 3.25
-2.8376067 5.4509917 3.25
-3.328508 5.224711 3.25
-3.7373254 4.8705773 3.25
-4.1796144 4.5612487 3.25
-4.5723016 4.1897425 3.25
-4.8431961 3.716315 3.25
-5.1585243 3.2863424 3.25
-5.5258543 2.8765777 3.25
-5.6826314 2.353823 3.25
-5.7966541 1.827678 3.25
-5.8732871 1.3020764 3.25
-6.0568594 0.79740067 3.25
-6.1134556 0.26691924 3.25
-6.0873925 -0.26578129 3.25
-6.1136458 -0.80487673 3.25
-6.049271 -1.3410911 3.25
-5.919683 -1.8664689 3.25
-5.7301782 -2.3735175 3.25
-5.4370008 -2.8303235 3.25
-5.2532952 -3.3467181 3.25
-4.9216647 -3.7765262 3.25
-4.5125534 -4.1349934 3.25
-4.1715469 -4.5524446 3.25
-3.7411426 -4.8755519 3.25
-3.3178965 -5.2080542 3.25
-2.8889961 -5.5497099 3.25
-2.3839991 -5.7554828 3.25
-1.8422731 -5.8429437 3.25
-1.3329134 -6.0123839 3.25
-0.81061795 -6.1572546 3.25
-0.26854426 -6.1506748 3.25
0.26636154 -6.1006824 3.25
0.79147656 -6.0118613 3.25
1.3000903 -5.8643285 3.25
1.8369852 -5.8261728 3.25
2.3766977 -5.7378558 3.25
2.8431266 -5.4615955 3.25
3.320592 -5.2122854 3.25
3.7224162 -4.8511473 3.25
4.1529777 -4.5321799 3.25
4.5145375 -4.1368115 3.25
4.8520731 -3.7231266 3.25
5.2024753 -3.3143423 3.25
5.4329034 -2.8281905 3.25
5.6234966 -2.3293286 3.25
5.8513568 -1.8449257 3.25
6.0225675 -1.3351711 3.25
6.009992 -0.79123046 3.25
6.0880545 -0.2658102 3.25
6.2535087 0.27303409 3.5
6.1444471 0.8089318 3.5
6.0133519 1.333128 3.5
5.9199451 1.8665515 3.5
5.7529997 2.3829705 3.5
5.529327 2.8783855 3.5
5.2928079 3.3718905 3.5
4.9579435 3.8043638 3.5
4.5802327 4.19701 3.5
4.153599 4.532858 3.5
3.812348 4.9683487 3.5
3.3706651 5.2908844 3.5
2.8751186 5.5230514 3.5
2.3678412 5.7164744 3.5
1.8876182 5.9867602 3.5
1.3387158 6.0385565 3.5
0.7991211 6.0699274 3.5
0.26884985 6.1576739 3.5
-0.26918014 6.1652389 3.5
-0.80463582 6.1118159 3.5
-1.3172412 5.9416911 3.5
-1.8780756 5.9564947 3.5
-2.3651378 5.7099478 3.5
-2.8189188 5.4150927 3.5
-3.327823 5.2236358 3.5
-3.7621368 4.9029122 3.5
-4.1852545 4.5674038 3.5
-4.5131789 4.1355666 3.5
-4.8629376 3.7314633 3.5
-5.2041017 3.3153784 3.5
-5.5038109 2.8651026 3.5
-5.7384802 2.3769563 3.5
-5.8271101 1.8372807 3.5
-5.9879195 1.3274898 3.5
-6.0516884 0.79671989 3.5
-6.1393068 0.26804792 3.5
-6.1269344 -0.26750773 3.5
-6.1578781 -0.81070004 3.5
-6.0734134 -1.3464433 3.5
-5.8808557 -1.8542267 3.5
-5.7662909 -2.3884759 3.5
-5.4800667 -2.8527421 3.5
-5.2600893 -3.3510464 3.5
-4.9324342 -3.7847899 3.5
-4.5658823 -4.1838602 3.5
-4.1877325 -4.5701081 3.5
-3.7397626 -4.8737535 3.5
-3.3115913 -5.1981572 3.5
-2.8868084 -5.5455074 3.5
-2.3927166 -5.7765288 3.5
-1.8434355 -5.8466306 3.5
-1.3362244 -6.0273187 3.5
-0.8098472 -6.1514002 3.5
-0.26779989 -6.1336259 3.5
0.26544309 -6.0796462 3.5
0.78276434 -5.9456854 3.5
1.2995296 -5.8617991 3.5
1.8468165 -5.8573536 3.5
2.3747015 -5.7330366 3.5
2.8577902 -5.4897638 3.5
3.3262867 -5.2212242 3.5
3.7082268 -4.8326553 3.5
4.1413029 -4.5194391 3.5
4.5260705 -4.1473795 3.5
4.8995283 -3.7595403 3.5
5.169698 -3.2934608 3.5
5.4504696 -2.8373349 3.5
5.6126901 -2.3248524 3.5
5.8803107 -1.8540548 3.5
6.0280059 -1.3363767 3.5
6.0594798 -0.79774565 3.5
6.1513217 -0.2685725 3.5
6.2637132 0.27347962 3.75
6.1683759 0.8120821 3.75
6.0733773 1.3464353 3.75
5.939074 1.8725828 3.75
5.7547186 2.3836825 3.75
5.5531756 2.8908003 3.75
5.3260174 3.3930473 3.75
4.9851861 3.8252679 3.75
4.5718651 4.1893425 3.75
4.1526824 4.5318577 3.75
3.8238573 4.9833479 3.75
3.363559 5.27973 3.75
2.8731817 5.5193307 3.75
2.3628238 5.7043614 3.75
1.8895405 5.9928569 3.75
1.357027 6.1211531 3.75
0.80858387 6.1418042 3.75
0.27036038 6.1922708 3.75
-0.27028227 6.1904817 3.75
-0.80049092 6.0803322 3.75
-1.3202751 5.9553761 3.75
-1.87842 5.957587 3.75
-2.3739306 5.7311755 3.75
-2.8437361 5.4627663 3.75
-3.3005356 5.1808032 3.75
-3.8012126 4.9538366 3.75
-4.2058649 4.5898961 3.75
-4.5075263 4.1303868 3.75
-4.8714165 3.7379694 3.75
-5.1908237 3.3069194 3.75
-5.5040704 2.8652377 3.75
-5.7333775 2.3748427 3.75
-5.8671744 1.849913 3.75
-6.0260949 1.3359531 3.75
-6.1132211 0.80482083 3.75
-6.1786448 0.26976546 3.75
-6.1458431 -0.26833331 3.75
-6.2108833 -0.8176783 3.75
-6.0998598 -1.3523064 3.75
-5.9065345 -1.8623232 3.75
-5.7645056 -2.3877364 3.75
-5.509997 -2.8683229 3.75
-5.2583351 -3.3499289 3.75
-4.9288242 -3.7820198 3.75
-4.5824269 -4.1990206 3.75
-4.1994364 -4.5828807 3.75
-3.7500184 -4.8871191 3.75
-3.3198327 -5.2110935 3.75
-2.8881551 -5.5480944 3.75
-2.3805166 -5.7470755 3.75
-1.8563477 -5.8875828 3.75
-1.3493755 -6.0866396 3.75
-0.81597761 -6.1979653 3.75
-0.26896361 -6.1602795 3.75
0.26739704 -6.1243991 3.75
0.78764 -5.9827198 3.75
1.3119547 -5.9178454 3.75
1.8483281 -5.8621477 3.75
2.3906713 -5.7715911 3.75
2.862866 -5.4995143 3.75
3.3221637 -5.2147525 3.75
3.7286309 -4.8592463 3.75
4.1542817 -4.5336029 3.75
4.5209196 -4.1426595 3.75
4.9424781 -3.7924968 3.75
5.1608163 -3.2878026 3.75
5.4488969 -2.8365162 3.75
5.6313603 -2.3325858 3.75
5.9407155 -1.8731004 3.75
6.0245588 -1.3356125 3.75
6.0947091 -0.80238368 3.75
6.1859601 -0.27008485 3.75
6.2606059 0.27334396 4
6.1985376 0.81605296 4
6.0994662 1.3522191 4
5.9532202 1.8770431 4
5.7625936 2.3869444 4
5.5262141 2.876765 4
5.3085661 3.3819296 4
5.0007271 3.8371929 4
4.5715164 4.189023 4
4.1891066 4.5716077 4
3.8361402 4.9993553 4
3.3376781 5.2391052 4
2.8848218 5.5416911 4
2.3834292 5.7541071 4
1.8817408 5.9681193 4
1.3659222 6.1612767 4
0.8135803 6.1797559 4
0.27116394 6.2106754 4
-0.2728596 6.2495124 4
-0.81161665 6.1648405 4
-1.3349517 6.0215782 4
-1.8776698 5.9552078 4
-2.3807899 5.7477353 4
-2.8481843 5.4713111 4
-3.2808852 5.1499582 4
-3.8121442 4.968083 4
-4.2381633 4.6251436 4
-4.5228777 4.1444539 4
-4.8551457 3.7254843 4
-5.2147959 3.3221914 4
-5.5102353 2.8684469 4
-5.7347547 2.3754132 4
-5.9413317 1.8732947 4
-6.0277102 1.3363112 4
-6.1183665 0.80549823 4
-6.1804625 0.26984482 4
-6.1901223 -0.27026658 4
-6.1754339 -0.81301129 4
-6.0518132 -1.3416547 4
-5.9245042 -1.867989 4
-5.7560896 -2.3842504 4
-5.5152621 -2.8710637 4
-5.259071 -3.3503977 4
-4.9210473 -3.7760524 4
-4.5922464 -4.2080186 4
-4.1893662 -4.571891 4
-3.761862 -4.902554 4
-3.3420324 -5.2459401 4
-2.9011543 -5.5730655 4
-2.3936268 -5.7787262 4
-1.8732026 -5.9410395 4
-1.3604734 -6.1366991 4
-0.8217917 -6.2421277 4
-0.27061685 -6.198145 4
0.26934567 -6.16903 4
0.79524721 -6.0405023 4
1.3203737 -5.9558208 4
1.8459303 -5.8545428 4
2.3823809 -5.7515764 4
2.8626933 -5.4991827 4
3.3171405 -5.2068677 4
3.7416567 -4.876222 4
4.1734726 -4.5545461 4
4.5414868 -4.1615059 4
4.9358541 -3.787414 4
5.2059535 -3.3165581 4
5.4369778 -2.8303115 4
5.6886486 -2.3563154 4
6.0137645 -1.8961327 4
6.0103629 -1.3324654 4
6.0950908 -0.80243392 4
6.2191746 -0.27153503 4
6.2486993 0.2728241 4.25
6.211508 0.81776055 4.25
6.098457 1.3519954 4.25
5.9747263 1.883824 4.25
5.7653403 2.3880822 4.25
5.5213409 2.8742281 4.25
5.2941425 3.3727407 4.25
5.0042852 3.8399231 4.25
4.6181647 4.2317683 4.25
4.1938287 4.5767609 4.25
3.8413142 5.0060981 4.25
3.3505799 5.2593569 4.25
2.8943929 5.560077 4.25
2.3850003 5.7579002 4.25
1.8964389 6.0147359 4.25
1.3698701 6.1790847 4.25
0.81596564 6.1978744 4.25
0.27180016 6.2252471 4.25
-0.27451084 6.287332 4.25
-0.81344223 6.1787072 4.25
-1.3401665 6.0451004 4.25
-1.8875588 5.9865717 4.25
-2.3796271 5.7449279 4.25
-2.8743639 5.5216016 4.25
-3.3114562 5.197945 4.25
-3.8137974 4.9702375 4.25
-4.2424093 4.6297773 4.25
-4.5559902 4.1747959 4.25
-4.9055107 3.7641308 4.25
-5.2444209 3.3410646 4.25
-5.5526713 2.8905377 4.25
-5.7609515 2.3862643 4.25
-5.8807965 1.854208 4.25
-5.9962963 1.3293469 4.25
-6.1331472 0.80744414 4.25
-6.1924684 0.27036901 4.25
-6.1969153 -0.27056317 4.25
-6.1592486 -0.81088046 4.25
-6.0663814 -1.3448844 4.25
-5.9101383 -1.8634595 4.25
-5.7456195 -2.3799135 4.25
-5.5219414 -2.8745407 4.25
-5.2678384 -3.3559832 4.25
-4.9491075 -3.7975837 4.25
-4.6127009 -4.2267616 4.25
-4.1976842 -4.5809685 4.25
-3.7753427 -4.9201223 4.25
-3.3419445 -5.2458021 4.25
-2.9154064 -5.6004435 4.25
-2.4084118 -5.8144204 4.25
-1.8839218 -5.9750367 4.25
-1.3614021 -6.1408882 4.25
-0.82425393 -6.2608302 4.25
-0.27188988 -6.227302 4.25
0.26985009 -6.1805832 4.25
0.80353858 -6.1034815 4.25
1.3282961 -5.9915565 4.25
1.8464632 -5.8562332 4.25
2.3872546 -5.7633425 4.25
2.8778186 -5.528238 4.25
3.3244209 -5.2182955 4.25
3.7535344 -4.8917013 4.25
4.1933665 -4.5762565 4.25
4.5722649 -4.1897089 4.25
4.9599493 -3.8059029 4.25
5.2183043 -3.3244265 4.25
5.4681553 -2.8465415 4.25
5.7012758 -2.3615458 4.25
5.9676393 -1.8815894 4.25
6.0455313 -1.340262 4.25
6.1131226 -0.80480786 4.25
6.1969671 -0.27056543 4.25
6.2430549 0.27257766 4.5
6.2077443 0.81726504 4.5
6.0961561 1.3514853 4.5
5.972281 1.883053 4.5
5.7727222 2.3911398 4.5
5.5343501 2.8810003 4.5
5.2825288 3.365342 4.5
4.9993121 3.8361071 4.5
4.6444299 4.2558359 4.5
4.2273442 4.6133367 4.5
3.8375126 5.0011438 4.5
3.3701431 5.290065 4.5
2.8917392 5.5549794 4.5
2.3752596 5.734384 4.5
1.8927331 6.0029825 4.5
1.3667361 6.1649483 4.5
0.81774062 6.2113567 4.5
0.27086353 6.2037947 4.5
-0.27366043 6.2678544 4.5
-0.81661384 6.2027979 4.5
-1.3456957 6.0700412 4.5
-1.890565 5.996106 4.5
-2.3798382 5.7454376 4.5
-2.8752071 5.5232214 4.5
-3.3440102 5.2490446 4.5
-3.8288041 4.9897947 4.5
-4.2502998 4.6383883 4.5
-4.5852628 4.2016192 4.5
-4.909428 3.7671366 4.5
-5.2282076 3.3307356 4.5
-5.5804131 2.9049792 4.5
-5.7720971 2.3908809 4.5
-5.8225182 1.8358329 4.5
-6.0033311 1.3309065 4.5
-6.1365969 0.80789831 4.5
-6.2009454 0.27073912 4.5
-6.2017722 -0.27077522 4.5
-6.1957924 -0.81569154 4.5
-6.1084208 -1.3542043 4.5
-5.9118227 -1.8639905 4.5
-5.7447296 -2.3795449 4.5
-5.5220438 -2.874594 4.5
-5.283537 -3.3659843 4.5
-4.9410097 -3.7913701 4.5
-4.5970351 -4.2124066 4.5
-4.2079932 -4.5922187 4.5
-3.7958949 -4.9469065 4.5
-3.3557741 -5.2675102 4.5
-2.9220747 -5.6132533 4.5
-2.4126889 -5.8247463 4.5
-1.8846504 -5.9773476 4.5
-1.3648096 -6.1562582 4.5
-0.82416705 -6.2601702 4.5
-0.2732319 -6.2580395 4.5
0.26973167 -6.1778709 4.5
0.80629703 -6.124434 4.5
1.3357697 -6.0252677 4.5
1.8559571 -5.8863438 4.5
2.39757 -5.7882459 4.5
2.8711237 -5.5153773 4.5
3.318822 -5.2095071 4.5
3.7709894 -4.914449 4.5
4.2178258 -4.6029491 4.5
4.5985286 -4.2137751 4.5
4.9550834 -3.8021692 4.5
5.259511 -3.350678 4.5
5.5043626 -2.8653898 4.5
5.7306735 -2.3737227 4.5
5.9307988 -1.8699737 4.5
6.0839157 -1.3487716 4.5
6.1225189 -0.8060449 4.5
6.1897881 -0.27025199 4.5
6.2465507 0.27273029 4.75
6.2003662 0.8162937 4.75
6.0863821 1.3493184 4.75
5.9568745 1.8781953 4.75
5.7953684 2.4005202 4.75
5.53098 2.8792459 4.75
5.2956656 3.3737111 4.75
4.9984608 3.8354539 4.75
4.6351906 4.2473696 4.75
4.2161201 4.6010877 4.75
3.821171 4.9798469 4.75
3.3727649 5.2941804 4.75
2.8841213 5.5403454 4.75
2.3823424 5.7514834 4.75
1.8906698 5.9964385 4.75
1.354794 6.1110808 4.75
0.81397719 6.1827706 4.75
0.26942131 6.1707626 4.75
-0.27293583 6.2512582 4.75
-0.81453992 6.187045 4.75
-1.3512615 6.0951465 4.75
-1.8775603 5.9548606 4.75
-2.3865384 5.7616134 4.75
-2.8736825 5.5202926 4.75
-3.3616922 5.2767997 4.75
-3.8183764 4.9762049 4.75
-4.2153191 4.6002136 4.75
-4.5970696 4.2124382 4.75
-4.8775435 3.7426708 4.75
-5.2061626 3.3166913 4.75
-5.5577906 2.8932027 4.75
-5.8043087 2.4042234 4.75
-5.8486491 1.844072 4.75
-6.0050294 1.331283 4.75
-6.1349296 0.8076788 4.75
-6.2015899 0.27076726 4.75
-6.1854092 -0.2700608 4.75
-6.164772 -0.81160763 4.75
-6.1136406 -1.3553615 4.75
-5.9346163 -1.8711773 4.75
-5.749399 -2.381479 4.75
-5.5321364 -2.8798479 4.75
-5.2849652 -3.3668942 4.75
-4.9342781 -3.7862048 4.75
-4.5860164 -4.2023098 4.75
-4.2098466 -4.5942414 4.75
-3.8024322 -4.9554262 4.75
-3.3491427 -5.257101 4.75
-2.9147061 -5.5990983 4.75
-2.4053864 -5.8071163 4.75
-1.88326 -5.9729378 4.75
-1.3571463 -6.1216913 4.75
-0.8193994 -6.2239564 4.75
-0.27161986 -6.2211175 4.75
0.27078228 -6.2019338 4.75
0.80633764 -6.1247425 4.75
1.3356834 -6.0248784 4.75
1.8582043 -5.8934712 4.75
2.3959457 -5.7843245 4.75
2.8371748 -5.4501622 4.75
3.3017242 -5.1826689 4.75
3.7753725 -4.9201612 4.75
4.224684 -4.6104336 4.75
4.5945928 -4.2101686 4.75
4.9545624 -3.8017695 4.75
5.3054026 -3.3799142 4.75
5.5095507 -2.8680905 4.75
5.7422284 -2.3785089 4.75
5.9375382 -1.8720986 4.75
6.0190739 -1.3343966 4.75
6.1403618 -0.80839397 4.75
6.2056245 -0.27094342 4.75
6.2413731 0.27250423 5
6.1974155 0.81590523 5
6.0956615 1.3513756 5
5.9864305 1.8875143 5
5.783447 2.3955822 5
5.5294792 2.8784647 5
5.299553 3.3761876 5
5.0028888 3.8388516 5
4.6297678 4.2424006 5
4.2006263 4.5841791 5
3.7980646 4.9497341 5
3.3766086 5.3002138 5
2.884797 5.5416434 5
2.3886462 5.766702 5
1.8901939 5.9949293 5
1.3526742 6.1015192 5
0.81020495 6.1541176 5
0.27042686 6.1937934 5
-0.27264959 6.2447023 5
-0.81286788 6.1743446 5
-1.3455668 6.0694596 5
-1.8829608 5.9719887 5
-2.3696101 5.7207448 5
-2.8610729 5.4960699 5
-3.3607741 5.2753586 5
-3.7870325 4.9353568 5
-4.2158259 4.6007666 5
-4.5428394 4.1627453 5
-4.8744253 3.7402781 5
-5.2868944 3.3681232 5
-5.5867984 2.9083032 5
-5.8216738 2.4114162 5
-5.8935562 1.8582311 5
-6.0353784 1.3380112 5
-6.1259571 0.80649755 5
-6.1900427 0.2702631 5
-6.1239529 -0.26737756 5
-6.1704041 -0.81234911 5
-6.0868413 -1.3494202 5
-5.9640345 -1.8804529 5
-5.7425474 -2.378641 5
-5.5248104 -2.8760343 5
-5.2667701 -3.3553026 5
-4.930208 -3.7830816 5
-4.5724437 -4.1898727 5
-4.2283619 -4.6144473 5
-3.8021051 -4.9549999 5
-3.3332257 -5.2321163 5
-2.9128605 -5.5955529 5
-2.4117259 -5.8224215 5
-1.8795161 -5.9610634 5
-1.3582442 -6.1266437 5
-0.81659482 -6.2026534 5
-0.27066464 -6.1992396 5
0.27122568 -6.2120894 5
0.80584352 -6.1209892 5
1.3328719 -6.0121968 5
1.8547478 -5.8825084 5
2.3771624 -5.7389778 5
2.8692489 -5.5117758 5
3.2801469 -5.1487994 5
3.7728312 -4.9168493 5
4.2137276 -4.5984768 5
4.5882909 -4.204394 5
4.9281708 -3.7815184 5
5.3475403 -3.4067589 5
5.5064424 -2.8664725 5
5.7411405 -2.3780582 5
5.9553534 -1.8777157 5
6.0460312 -1.3403729 5
6.1487123 -0.80949333 5
6.2144378 -0.27132821 5
6.2174732 0.27146074 5.25
6.1839181 0.81412826 5.25
6.1060671 1.3536825 5.25
5.9970923 1.8908759 5.25
5.7639987 2.3875265 5.25
5.5112699 2.8689855 5.25
5.2921546 3.3714743 5.25
4.9897274 3.8287525 5.25
4.5991839 4.2143756 5.25
4.1843599 4.5664275 5.25
3.7903852 4.9397262 5.25
3.3678457 5.2864589 5.25
2.8758668 5.5244887 5.25
2.3861636 5.7607085 5.25
1.8884553 5.989415 5.25
1.3542461 6.1086095 5.25
0.8112335 6.1619302 5.25
0.27223075 6.2351093 5.25
-0.27391074 6.2735873 5.25
-0.80955994 6.1492183 5.25
-1.337278 6.0320713 5.25
-1.8851951 5.9790749 5.25
-2.3861619 5.7607045 5.25
-2.8598183 5.4936598 5.25
-3.3636442 5.2798638 5.25
-3.794319 4.9448528 5.25
-4.1961861 4.5793336 5.25
-4.5315813 4.1524292 5.25
-4.8711133 3.7377367 5.25
-5.3209488 3.3898182 5.25
-5.5388658 2.883351 5.25
-5.7891626 2.3979497 5.25
-5.9090524 1.8631171 5.25
-6.0483192 1.3408801 5.25
-6.1258743 0.80648665 5.25
-6.1712522 0.26944269 5.25
-6.1619678 -0.26903732 5.25
-6.1887714 -0.81476721 5.25
-6.1071076 -1.3539132 5.25
-5.9279394 -1.8690721 5.25
-5.7338101 -2.3750219 5.25
-5.5320764 -2.8798167 5.25
-5.2338907 -3.3343561 5.25
-4.9341231 -3.7860858 5.25
-4.6080329 -4.2224842 5.25
-4.2193348 -4.6045959 5.25
-3.7869167 -4.9352059 5.25
-3.3522901 -5.2620415 5.25
-2.9223957 -5.61387 5.25
-2.4166874 -5.8343995 5.25
-1.880016 -5.9626491 5.25
-1.3583002 -6.1268963 5.25
-0.81751165 -6.2096175 5.25
-0.27032361 -6.1914285 5.25
0.27149386 -6.2182317 5.25
0.80741204 -6.1329033 5.25
1.3272712 -5.9869335 5.25
1.8547372 -5.8824747 5.25
2.3760159 -5.7362099 5.25
2.8554428 -5.4852546 5.25
3.2538181 -5.1074713 5.25
3.7692358 -4.9121637 5.25
4.1946316 -4.5776371 5.25
4.5706716 -4.1882488 5.25
4.9413762 -3.7916513 5.25
5.3182243 -3.3880826 5.25
5.4910598 -2.8584648 5.25
5.7283426 -2.3727572 5.25
5.9254752 -1.8682952 5.25
6.073532 -1.3464696 5.25
6.1419831 -0.80860741 5.25
6.2197838 -0.27156162 5.25
6.2096316 0.27111837 5.5
6.1656549 0.81172387 5.5
6.0902909 1.350185 5.5
5.9591497 1.8789127 5.5
5.7047252 2.3629745 5.5
5.5202168 2.873643 5.5
5.290192 3.370224 5.5
4.9802147 3.8214531 5.5
4.6035633 4.2183885 5.5
4.1863169 4.5685632 5.5
3.8018807 4.9547074 5.5
3.3622074 5.2776085 5.5
2.8673118 5.5080547 5.5
2.3756993 5.7354455 5.5
1.872164 5.9377455 5.5
1.3510807 6.094331 5.5
0.81465237 6.1878991 5.5
0.27291788 6.2508472 5.5
-0.27533534 6.3062161 5.5
-0.81165998 6.1651696 5.5
-1.3275562 5.9882189 5.5
-1.8787813 5.9587331 5.5
-2.3948821 5.7817568 5.5
-2.8654631 5.5045034 5.5
-3.3194217 5.2104484 5.5
-3.8088037 4.9637296 5.5
-4.1909466 4.5736156 5.5
-4.5297014 4.1507066 5.5
-4.8693431 3.7363784 5.5
-5.21604 3.3229839 5.5
-5.4993632 2.8627873 5.5
-5.7873549 2.3972009 5.5
-5.9156219 1.8651884 5.5
-6.073827 1.346535 5.5
-6.1558822 0.81043726 5.5
-6.1748647 0.26960042 5.5
-6.2180391 -0.27148545 5.5
-6.218094 -0.81862761 5.5
-6.1255856 -1.3580096 5.5
-5.9041723 -1.8615784 5.5
-5.7659525 -2.3883357 5.5
-5.5323022 -2.8799342 5.5
-5.2512053 -3.3453867 5.5
-4.9560434 -3.8029059 5.5
-4.6022871 -4.2172192 5.5
-4.2094284 -4.593785 5.5
-3.7877375 -4.9362756 5.5
-3.3728622 -5.2943331 5.5
-2.9313513 -5.6310735 5.5
-2.413033 -5.8255769 5.5
-1.8799801 -5.9625352 5.5
-1.3543742 -6.1091874 5.5
-0.8196723 -6.2260293 5.5
-0.2704074 -6.1933476 5.5
0.26915534 -6.1646708 5.5
0.81142345 -6.163373 5.5
1.3339074 -6.0168675 5.5
1.8630041 -5.908694 5.5
2.3790581 -5.7435545 5.5
2.8926673 -5.5567621 5.5
3.2894884 -5.1634624 5.5
3.7748205 -4.9194418 5.5
4.1824348 -4.5643267 5.5
4.5608817 -4.179278 5.5
4.9552851 -3.802324 5.5
5.3153694 -3.3862638 5.5
5.4704311 -2.8477262 5.5
5.7003004 -2.3611417 5.5
5.9077347 -1.8627016 5.5
6.0306282 -1.3369581 5.5
6.1764633 -0.81314681 5.5
6.2189008 -0.27152307 5.5
6.2201054 0.27157567 5.75
6.1661812 0.81179316 5.75
6.0627917 1.3440885 5.75
5.9376897 1.8721464 5.75
5.7328852 2.3746388 5.75
5.5333598 2.8804848 5.75
5.2869898 3.368184 5.75
4.9749973 3.8174497 5.75
4.5977176 4.213032 5.75
4.2077255 4.5919266 5.75
3.7999029 4.9521298 5.75
3.3527769 5.2628055 5.75
2.8711945 5.5155133 5.75
2.3596885 5.6967919 5.75
1.8813753 5.9669603 5.75
1.3399438 6.0440958 5.75
0.81306935 6.1758748 5.75
0.27261651 6.2439447 5.75
-0.27431413 6.2828265 5.75
-0.81371493 6.1807785 5.75
-1.3356791 6.0248591 5.75
-1.8759222 5.9496651 5.75
-2.3873567 5.7635889 5.75
-2.8738351 5.5205858 5.75
-3.286125 5.158183 5.75
-3.795085 4.9458511 5.75
-4.1887898 4.5712619 5.75
-4.5545535 4.1734793 5.75
-4.8652086 3.7332059 5.75
-5.1980889 3.3115478 5.75
-5.5072888 2.8669131 5.75
-5.7619793 2.38669 5.75
-5.8942477 1.8584491 5.75
-6.0726611 1.3462765 5.75
-6.1789168 0.81346983 5.75
-6.1992047 0.27066312 5.75
-6.2484028 -0.27281116 5.75
-6.2137765 -0.81805919 5.75
-6.1119632 -1.3549896 5.75
-5.9108355 -1.8636793 5.75
-5.7771876 -2.3929895 5.75
-5.5430675 -2.8855383 5.75
-5.2658031 -3.3546866 5.75
-4.9567902 -3.8034789 5.75
-4.5994001 -4.2145737 5.75
-4.2155107 -4.6004227 5.75
-3.8096406 -4.9648203 5.75
-3.4041578 -5.3434574 5.75
-2.931826 -5.6319853 5.75
-2.4037037 -5.803054 5.75
-1.872198 -5.9378534 5.75
-1.3599219 -6.1342112 5.75
-0.81900151 -6.2209341 5.75
-0.27088847 -6.204366 5.75
0.26863366 -6.1527223 5.75
0.81050189 -6.1563731 5.75
1.3330395 -6.0129526 5.75
1.8677537 -5.9237579 5.75
2.3937692 -5.7790701 5.75
2.8949787 -5.5612023 5.75
3.3154347 -5.2041901 5.75
3.7660802 -4.9080512 5.75
4.214543 -4.5993666 5.75
4.5547614 -4.1736699 5.75
4.9321048 -3.7845371 5.75
5.2995412 -3.3761801 5.75
5.4628515 -2.8437805 5.75
5.7016547 -2.3617027 5.75
5.9379482 -1.8722279 5.75
6.0495343 -1.3411495 5.75
6.1747595 -0.81292252 5.75
6.2058675 -0.27095403 5.75
6.2465572 0.27273058 6
6.1577833 0.81068755 6
6.0490847 1.3410498 6
5.9363134 1.8717124 6
5.7572176 2.3847176 6
5.5367473 2.8822482 6
5.2766606 3.3616036 6
4.9899564 3.8289282 6
4.5860291 4.2023214 6
4.223698 4.6093575 6
3.8032653 4.9565118 6
3.3695365 5.2891128 6
2.8697513 5.512741 6
2.3684862 5.7180314 6
1.8859343 5.9814195 6
1.3490307 6.0850843 6
0.81280767 6.1738872 6
0.27213185 6.232844 6
-0.27300433 6.2528272 6
-0.81886997 6.2199349 6
-1.344523 6.0647512 6
-1.883379 5.9733152 6
-2.3729989 5.7289262 6
-2.8723876 5.5178052 6
-3.3000858 5.180097 6
-3.7914669 4.9411358 6
-4.1640616 4.5442759 6
-4.5525291 4.1716243 6
-4.8915188 3.7533944 6
-5.1804386 3.3003033 6
-5.547377 2.8877817 6
-5.7504799 2.3819268 6
-5.8818793 1.8545494 6
-6.0042967 1.3311205 6
-6.1840248 0.81414231 6
-6.2136584 0.27129419 6
-6.232428 -0.27211368 6
-6.21413 -0.81810573 6
-6.0938095 -1.350965 6
-5.9187272 -1.8661675 6
-5.7690116 -2.3896029 6
-5.5655415 -2.8972375 6
-5.2805065 -3.3640536 6
-4.9577882 -3.8042447 6
-4.6431891 -4.2546989 6
-4.2468708 -4.6346462 6
-3.8146852 -4.9713945 6
-3.38667 -5.316007 6
-2.9314959 -5.6313513 6
-2.3981414 -5.7896254 6
-1.8762064 -5.9505665 6
-1.3552683 -6.1132204 6
-0.81668526 -6.2033404 6
-0.27144403 -6.2170903 6
0.26887154 -6.1581707 6
0.8031039 -6.1001798 6
1.3242212 -5.9731759 6
1.8624966 -5.9070846 6
2.4038356 -5.8033724 6
2.8908207 -5.5532149 6
3.3165897 -5.2060029 6
3.7803376 -4.9266319 6
4.2153469 -4.6002439 6
4.584848 -4.2012392 6
4.8863351 -3.7494168 6
5.269915 -3.3573061 6
5.4890445 -2.8574157 6
5.7120332 -2.3660016 6
5.9435221 -1.8739853 6
6.0416552 -1.3394027 6
6.1814869 -0.81380819 6
6.2150731 -0.27135595 6
6.2667575 0.27361254 6.25
6.1517172 0.80988894 6.25
6.0391003 1.3388363 6.25
5.937786 1.8721767 6.25
5.7819364 2.3949565 6.25
5.5351376 2.8814103 6.25
5.24843 3.3436186 6.25
4.9611682 3.8068382 6.25
4.5809633 4.1976795 6.25
4.188439 4.5708791 6.25
3.7933979 4.9436524 6.25
3.3500473 5.2585209 6.25
2.8663813 5.5062672 6.25
2.3725155 5.7277592 6.25
1.8895 5.9927285 6.25
1.3542637 6.1086889 6.25
0.8126929 6.1730154 6.25
0.27152146 6.2188638 6.25
-0.27201439 6.2301537 6.25
-0.81346705 6.1788957 6.25
-1.3462804 6.0726784 6.25
-1.8912775 5.998366 6.25
-2.3577145 5.6920264 6.25
-2.8388529 5.4533857 6.25
-3.319271 5.2102118 6.25
-3.8073921 4.96189 6.25
-4.1418368 4.5200217 6.25
-4.5547109 4.1736236 6.25
-4.8929641 3.7545034 6.25
-5.1834778 3.3022396 6.25
-5.5836146 2.9066458 6.25
-5.7618176 2.386623 6.25
-5.8802932 1.8540493 6.25
-5.9852192 1.3268912 6.25
-6.1850996 0.81428381 6.25
-6.2303779 0.27202417 6.25
-6.1907454 -0.27029378 6.25
-6.232392 -0.82050998 6.25
-6.0869392 -1.3494419 6.25
-5.9125953 -1.8642341 6.25
-5.7677381 -2.3890753 6.25
-5.5709193 -2.900037 6.25
-5.3012608 -3.3772756 6.25
-4.9733544 -3.8161891 6.25
-4.6742948 -4.2832021 6.25
-4.271791 -4.6618419 6.25
-3.8252792 -4.985201 6.25
-3.3879473 -5.318012 6.25
-2.9296774 -5.6278578 6.25
-2.3913964 -5.7733415 6.25
-1.8794153 -5.9607439 6.25
-1.3521121 -6.0989834 6.25
-0.81519779 -6.192042 6.25
-0.27106163 -6.2083321 6.25
0.26924671 -6.1667636 6.25
0.79969046 -6.0742521 6.25
1.3245192 -5.9745202 6.25
1.8449079 -5.8513004 6.25
2.3914319 -5.7734272 6.25
2.8804821 -5.5333547 6.25
3.2984434 -5.177519 6.25
3.762623 -4.9035458 6.25
4.2253467 -4.6111567 6.25
4.5887603 -4.2048241 6.25
4.9176792 -3.773468 6.25
5.2784264 -3.3627285 6.25
5.4386066 -2.8311594 6.25
5.6952755 -2.3590603 6.25
5.9528064 -1.8769126 6.25
6.0197314 -1.3345423 6.25
6.1043983 -0.80365928 6.25
6.227904 -0.27191616 6.25
6.2737163 0.27391637 6.5
6.1622543 0.81127616 6.5
6.0359901 1.3381468 6.5
5.9302394 1.8697973 6.5
5.795728 2.4006692 6.5
5.5301454 2.8788115 6.5
5.2506362 3.3450242 6.5
4.9478382 3.7966098 6.5
4.5919706 4.2077658 6.5
4.1918415 4.5745922 6.5
3.7785504 4.9243027 6.5
3.3248782 5.2190133 6.5
2.867102 5.5076517 6.5
2.3660812 5.7122254 6.5
1.8817937 5.9682871 6.5
1.3555257 6.1143811 6.5
0.81389883 6.1821754 6.5
0.27119574 6.2114037 6.5
-0.27045867 6.1945219 6.5
-0.81384 6.1817286 6.5
-1.3426223 6.0561778 6.5
-1.8906691 5.9964362 6.5
-2.3548693 5.6851575 6.5
-2.8076358 5.3934181 6.5
-3.3077639 5.1921493 6.5
-3.8069943 4.9613716 6.5
-4.1610967 4.5410402 6.5
-4.5422312 4.162188 6.5
-4.8959606 3.7568027 6.5
-5.1756311 3.2972407 6.5
-5.5225002 2.8748316 6.5
-5.7494443 2.3814978 6.5
-5.8915116 1.8575865 6.5
-6.0545021 1.3422508 6.5
-6.1612204 0.81114005 6.5
-6.2367657 0.27230307 6.5
-6.2007006 -0.27072843 6.5
-6.2122435 -0.81785737 6.5
-6.1004268 -1.3524321 6.5
-5.8858052 -1.8557873 6.5
-5.7922304 -2.3992204 6.5
-5.6057785 -2.9181836 6.5
-5.354153 -3.4109717 6.5
-5.0032427 -3.8391232 6.5
-4.6796952 -4.2881506 6.5
-4.2842453 -4.6754333 6.5
-3.8307403 -4.9923179 6.5
-3.3837128 -5.3113652 6.5
-2.9165369 -5.6026152 6.5
-2.3839693 -5.755411 6.5
-1.874423 -5.9449103 6.5
-1.3555575 -6.1145247 6.5
-0.81575432 -6.1962692 6.5
-0.27073433 -6.2008356 6.5
0.26826369 -6.1442486 6.5
0.79959654 -6.0735387 6.5
1.3279354 -5.9899296 6.5
1.8494031 -5.8655574 6.5
2.3791184 -5.7436999 6.5
2.8735244 -5.5199891 6.5
3.3020839 -5.1832335 6.5
3.7766407 -4.9218139 6.5
4.1936276 -4.5765415 6.5
4.6035953 -4.2184179 6.5
4.9115008 -3.7687271 6.5
5.2765987 -3.3615641 6.5
5.4322401 -2.8278452 6.5
5.6595814 -2.3442754 6.5
5.9172258 -1.8656941 6.5
6.0053968 -1.3313644 6.5
6.0849 -0.80109228 6.5
6.225446 -0.27180884 6.5
6.241677 0.2725175 6.75
6.180864 0.81372618 6.75
6.0581249 1.343054 6.75
5.9568149 1.8781765 6.75
5.7893236 2.3980164 6.75
5.5140802 2.8704485 6.75
5.2623135 3.3524634 6.75
4.9543845 3.801633 6.75
4.609776 4.2240815 6.75
4.1954592 4.5785403 6.75
3.7723593 4.9162344 6.75
3.3364141 5.2371212 6.75
2.8660926 5.5057126 6.75
2.3784315 5.7420416 6.75
1.868233 5.9252781 6.75
1.3482264 6.0814564 6.75
0.80967877 6.1501209 6.75
0.27039439 6.1930498 6.75
-0.26967903 6.1766652 6.75
-0.80984308 6.1513689 6.75
-1.3359029 6.0258688 6.75
-1.8770689 5.9533021 6.75
-2.3517603 5.6776515 6.75
-2.8112676 5.4003949 6.75
-3.288922 5.1625734 6.75
-3.8299476 4.9912849 6.75
-4.1649941 4.5452935 6.75
-4.5508607 4.1700955 6.75
-4.8693791 3.736406 6.75
-5.184932 3.303166 6.75
-5.4998063 2.863018 6.75
-5.7679246 2.3891526 6.75
-5.8966102 1.859194 6.75
-6.0695068 1.3455773 6.75
-6.1773083 0.81325807 6.75
-6.2217497 0.27164746 6.75
-6.1983907 -0.27062758 6.75
-6.2284581 -0.81999207 6.75
-6.1143101 -1.3555099 6.75
-5.9262599 -1.8685426 6.75
-5.8219359 -2.4115248 6.75
-5.5847339 -2.9072285 6.75
-5.3179425 -3.387903 6.75
-4.9790762 -3.8205795 6.75
-4.6517913 -4.2625814 6.75
-4.2904828 -4.6822404 6.75
-3.8451798 -5.0111358 6.75
-3.3771451 -5.301056 6.75
-2.9138396 -5.5974337 6.75
-2.3941769 -5.7800544 6.75
-1.8752355 -5.9474873 6.75
-1.3557404 -6.1153496 6.75
-0.8138637 -6.1819086 6.75
-0.2703737 -6.1925758 6.75
0.2716741 -6.22236 6.75
0.79887195 -6.0680349 6.75
1.3334423 -6.0147695 6.75
1.8552699 -5.8841644 6.75
2.3582239 -5.6932562 6.75
2.8722659 -5.5175716 6.75
3.2901033 -5.1644277 6.75
3.7859583 -4.9339569 6.75
4.2173239 -4.6024014 6.75
4.5552889 -4.1741532 6.75
4.9049944 -3.7637346 6.75
5.2157076 -3.3227722 6.75
5.4346228 -2.8290856 6.75
5.6279754 -2.3311837 6.75
5.9362522 -1.8716931 6.75
6.0294211 -1.3366905 6.75
6.0689766 -0.79899593 6.75
6.2317102 -0.27208234 6.75
6.2709502 0.2737956 7
6.1604433 0.81103775 7
6.1009992 1.352559 7
5.9775316 1.8847085 7
5.7710486 2.3904466 7
5.5173629 2.8721573 7
5.2615945 3.3520054 7
4.9779321 3.8197016 7
4.6281759 4.2409419 7
4.2274987 4.6135052 7
3.7822371 4.9291074 7
3.3540215 5.2647592 7
2.8708354 5.5148234 7
2.3869279 5.7625537 7
1.8689761 5.9276347 7
1.3498065 6.0885838 7
0.81350345 6.1791722 7
0.27067763 6.1995369 7
-0.27074352 6.2010461 7
-0.8040236 6.1071655 7
-1.3367208 6.0295578 7
-1.8702965 5.9318226 7
-2.3480516 5.668698 7
-2.8226298 5.4222213 7
-3.3137087 5.2014808 7
-3.8115988 4.9673723 7
-4.1771204 4.558527 7
-4.5807697 4.1975021 7
-4.8496876 3.7212962 7
-5.1801346 3.3001097 7
-5.5302354 2.8788583 7
-5.7727401 2.3911472 7
-5.8939967 1.85837 7
-6.0433777 1.3397846 7
-6.1856397 0.81435492 7
-6.1955925 0.27050541 7
-6.2020342 -0.27078666 7
-6.223589 -0.81935103 7
-6.1349172 -1.3600784 7
-5.9643631 -1.8805565 7
-5.848618 -2.4225769 7
-5.5979077 -2.9140863 7
-5.2835813 -3.3660125 7
-4.9542145 -3.8015025 7
-4.6679253 -4.2773654 7
-4.2892089 -4.6808502 7
-3.8429742 -5.0082615 7
-3.3778617 -5.3021807 7
-2.914209 -5.5981435 7
-2.3997358 -5.7934748 7
-1.8835504 -5.9738586 7
-1.3587082 -6.1287366 7
-0.81359969 -6.1799032 7
-0.26970094 -6.1771671 7
0.26910888 -6.1636066 7
0.8052038 -6.1161301 7
1.3344232 -6.019194 7
1.863864 -5.9114214 7
2.3640134 -5.7072332 7
2.866333 -5.5061744 7
3.3583354 -5.2715307 7
3.7886226 -4.9374291 7
4.2160214 -4.60098 7
4.5389843 -4.1592128 7
4.9091305 -3.7669083 7
5.1943853 -3.3091884 7
5.4427286 -2.8333052 7
5.6506263 -2.3405661 7
5.9205217 -1.8667333 7
6.0110734 -1.3326229 7
6.0430189 -0.79557854 7
6.1899286 -0.27025812 7
6.2666504 0.27360786 7.25
6.139124 0.808231 7.25
6.1157254 1.3558237 7.25
6.0199632 1.8980871 7.25
5.7741524 2.3917322 7.25
5.5255612 2.8764251 7.25
5.2717438 3.3584712 7.25
4.9809996 3.8220554 7.25
4.6268785 4.239753 7.25
4.2385338 4.625548 7.25
3.8032371 4.956475 7.25
3.3692566 5.2886734 7.25
2.8890774 5.549866 7.25
2.3942189 5.7801557 7.25
1.8796728 5.9615604 7.25
1.3642035 6.1535241 7.25
0.81349257 6.1790895 7.25
0.26984811 6.1805378 7.25
-0.27219369 6.2342604 7.25
-0.80787627 6.1364295 7.25
-1.3371863 6.0316576 7.25
-1.8732596 5.9412203 7.25
-2.3664548 5.7131272 7.25
-2.8586225 5.4913626 7.25
-3.3501224 5.2586389 7.25
-3.8027422 4.9558301 7.25
-4.1895261 4.5720654 7.25
-4.5597646 4.1782544 7.25
-4.8441979 3.7170838 7.25
-5.1972908 3.3110394 7.25
-5.6166029 2.9238184 7.25
-5.8080175 2.4057596 7.25
-5.9224519 1.8673419 7.25
-6.0696392 1.3456066 7.25
-6.1535142 0.81012551 7.25
-6.2011781 0.27074928 7.25
-6.2871848 -0.27450441 7.25
-6.2442026 -0.82206487 7.25
-6.1733191 -1.3685919 7.25
-5.997353 -1.8909581 7.25
-5.7991711 -2.4020953 7.25
-5.6047904 -2.9176692 7.25
-5.2698027 -3.3572346 7.25
-4.9652013 -3.809933 7.25
-4.6652974 -4.2749574 7.25
-4.2754355 -4.6658191 7.25
-3.8269681 -4.987402 7.25
-3.3817712 -5.3083174 7.25
-2.9111925 -5.5923488 7.25
-2.3999588 -5.7940132 7.25
-1.8806522 -5.9646669 7.25
-1.3599506 -6.1343408 7.25
-0.82012133 -6.22944 7.25
-0.26894791 -6.1599199 7.25
0.26767743 -6.130821 7.25
0.80095566 -6.0838622 7.25
1.3298353 -5.9984993 7.25
1.8469847 -5.8578872 7.25
2.3863848 -5.7612425 7.25
2.8761858 -5.5251015 7.25
3.3496538 -5.2579032 7.25
3.8028072 -4.9559148 7.25
4.2373126 -4.6242153 7.25
4.5316661 -4.152507 7.25
4.879525 -3.7441912 7.25
5.1833245 -3.3021419 7.25
5.465528 -2.8451738 7.25
5.7543308 -2.3835219 7.25
5.9501999 -1.8760908 7.25
6.0315957 -1.3371726 7.25
6.080036 -0.80045193 7.25
6.1849127 -0.27003912 7.25
6.2342578 0.27219357 7.5
6.1429064 0.80872897 7.5
6.1192228 1.356599 7.5
6.0484866 1.9070805 7.5
5.820119 2.4107722 7.5
5.5504831 2.8893986 7.5
5.2968391 3.3744587 7.5
4.9953891 3.8330969 7.5
4.6415331 4.2531814 7.5
4.2530334 4.6413715 7.5
3.8280533 4.9888162 7.5
3.3764452 5.2999574 7.5
2.8854339 5.542867 7.5
2.4051707 5.8065957 7.5
1.9005124 6.0276552 7.5
1.353558 6.1055055 7.5
0.80881397 6.143552 7.5
0.27134667 6.2148606 7.5
-0.27272768 6.2464908 7.5
-0.81210628 6.1685596 7.5
-1.3479945 6.0804101 7.5
-1.8929952 6.0038139 7.5
-2.3886603 5.7667361 7.5
-2.8768699 5.5264156 7.5
-3.3591787 5.2728543 7.5
-3.7902559 4.9395577 7.5
-4.1949366 4.57797 7.5
-4.5669161 4.1848076 7.5
-4.8945898 3.7557508 7.5
-5.2228449 3.3273192 7.5
-5.6294383 2.9305001 7.5
-5.8217308 2.4114398 7.5
-5.9436037 1.874011 7.5
-6.0835977 1.3487011 7.5
-6.1516482 0.80987985 7.5
-6.2535952 0.27303786 7.5
-6.2840345 -0.27436687 7.5
-6.2317276 -0.82042251 7.5
-6.2035614 -1.3752965 7.5
-6.0043218 -1.8931554 7.5
-5.778585 -2.3935683 7.5
-5.6038752 -2.9171928 7.5
-5.2511179 -3.3453311 7.5
-4.9580537 -3.8044484 7.5
-4.6250581 -4.2380849 7.5
-4.2423593 -4.6297227 7.5
-3.8117395 -4.9675557 7.5
-3.3754576 -5.2984071 7.5
-2.9059326 -5.5822445 7.5
-2.3785338 -5.7422887 7.5
-1.8618389 -5.9049987 7.5
-1.3555039 -6.1142828 7.5
-0.81527283 -6.1926119 7.5
-0.26793596 -6.1367423 7.5
0.26691612 -6.1133841 7.5
0.80223416 -6.0935734 7.5
1.3316279 -6.0065855 7.5
1.8323361 -5.8114277 7.5
2.3855164 -5.7591461 7.5
2.8648255 -5.5032786 7.5
3.3277789 -5.2235665 7.5
3.7686161 -4.9113561 7.5
4.2282754 -4.6143529 7.5
4.5571579 -4.1758658 7.5
4.9029092 -3.7621346 7.5
5.1942497 -3.309102 7.5
5.4965112 -2.8613026 7.5
5.765954 -2.3883363 7.5
5.9536757 -1.8771867 7.5
6.0526789 -1.3418466 7.5
6.1058952 -0.80385635 7.5
6.2013381 -0.27075627 7.5
6.2669362 0.27362035 7.75
6.1783292 0.81339247 7.75
6.1235834 1.3575658 7.75
6.040893 1.9046863 7.75
5.789819 2.3982216 7.75
5.5860479 2.9079125 7.75
5.3241651 3.3918673 7.75
4.9977717 3.8349251 7.75
4.6455006 4.256817 7.75
4.2439871 4.6314992 7.75
3.8243538 4.9839949 7.75
3.3846475 5.3128323 7.75
2.8872421 5.5463406 7.75
2.4053625 5.8070588 7.75
1.9089422 6.0543913 7.75
1.3581689 6.1263042 7.75
0.81371802 6.180802 7.75
0.27257997 6.2431076 7.75
-0.27082124 6.2028261 7.75
-0.81388318 6.1820565 7.75
-1.3563768 6.1182204 7.75
-1.8956918 6.0123663 7.75
-2.4030484 5.801472 7.75
-2.8780688 5.5287187 7.75
-3.3563228 5.2683715 7.75
-3.7938306 4.9442163 7.75
-4.2198701 4.6051801 7.75
-4.5615765 4.1799147 7.75
-4.9076982 3.7658092 7.75
-5.2316223 3.332911 7.75
-5.5894345 2.9096754 7.75
-5.8019675 2.4032536 7.75
-5.9264021 1.8685874 7.75
-6.0769706 1.347232 7.75
-6.1685473 0.81210466 7.75
-6.2553373 0.27311392 7.75
-6.2659137 -0.2735757 7.75
-6.2085256 -0.8173679 7.75
-6.1786183 -1.3697667 7.75
-5.9776149 -1.8847348 7.75
-5.79027 -2.3984084 7.75
-5.6115747 -2.9212009 7.75
-5.2542684 -3.3473382 7.75
-4.9392626 -3.7900295 7.75
-4.6150817 -4.2289433 7.75
-4.2236927 -4.6093518 7.75
-3.7844094 -4.9319384 7.75
-3.3452125 -5.2509318 7.75
-2.8938436 -5.5590219 7.75
-2.369306 -5.7200107 7.75
-1.8500476 -5.8676013 7.75
-1.348465 -6.0825327 7.75
-0.81091025 -6.1594748 7.75
-0.26870402 -6.1543339 7.75
0.26669058 -6.1082185 7.75
0.80375611 -6.1051338 7.75
1.3283947 -5.9920014 7.75
1.8357352 -5.8222083 7.75
2.3966786 -5.7860941 7.75
2.8812083 -5.5347497 7.75
3.2978492 -5.1765863 7.75
3.7751565 -4.9198798 7.75
4.2247517 -4.6105075 7.75
4.5856753 -4.2019972 7.75
4.9790695 -3.8205744 7.75
5.2447381 -3.3412667 7.75
5.5075651 -2.8670569 7.75
5.7367067 -2.3762217 7.75
5.9483851 -1.8755186 7.75
6.0495636 -1.341156 7.75
6.1044376 -0.80366445 7.75
6.2463599 -0.27272196 7.75
6.28634 0.27446753 8
6.2345348 0.82079207 8
6.1393707 1.3610657 8
6.038519 1.9039377 8
5.8301141 2.4149123 8
5.6014937 2.915953 8
5.3125362 3.3844588 8
5.0087219 3.8433275 8
4.6329157 4.2452851 8
4.2234138 4.6090474 8
3.8288344 4.9898342 8
3.3936891 5.3270248 8
2.9123263 5.5945267 8
2.4044912 5.8049552 8
1.8934338 6.0052048 8
1.3605487 6.1370388 8
0.81242448 6.1709766 8
0.27558275 6.3118827 8
-0.27078933 6.2020953 8
-0.81436568 6.1857215 8
-1.3608296 6.1383058 8
-1.8990303 6.0229546 8
-2.3788907 5.7431501 8
-2.8668682 5.5072026 8
-3.3392196 5.2415249 8
-3.7785132 4.9242542 8
-4.2113154 4.5958443 8
-4.5732753 4.1906348 8
-4.8795821 3.744235 8
-5.2520446 3.3459215 8
-5.6045788 2.9175591 8
-5.7869035 2.3970139 8
-5.9379761 1.8722367 8
-6.058798 1.3432032 8
-6.1689948 0.81216357 8
-6.2364126 0.27228765 8
-6.2164419 -0.27141572 8
-6.2268727 -0.81978334 8
-6.1223436 -1.3572909 8
-5.933395 -1.8707923 8
-5.8058746 -2.404872 8
-5.5909924 -2.9104864 8
-5.2511819 -3.3453718 8
-4.9444414 -3.7940033 8
-4.5960032 -4.211461 8
-4.2172239 -4.6022923 8
-3.7695067 -4.9125168 8
-3.3385604 -5.2404902 8
-2.8868435 -5.5455747 8
-2.3730381 -5.7290208 8
-1.8466882 -5.8569466 8
-1.3493793 -6.0866566 8
-0.80624839 -6.1240645 8
-0.26806795 -6.1397654 8
0.26669557 -6.1083328 8
0.81012277 -6.1534934 8
1.3389864 -6.0397774 8
1.8539459 -5.8799652 8
2.3848629 -5.7575684 8
2.8969588 -5.5650061 8
3.3056808 -5.1888794 8
3.7826288 -4.9296179 8
4.211185 -4.5957019 8
4.5931675 -4.2088626 8
4.9831546 -3.823709 8
5.2877035 -3.3686386 8
5.529684 -2.8785713 8
5.7700783 -2.3900447 8
5.959202 -1.8789292 8
6.0693569 -1.345544 8
6.1466577 -0.80922284 8
6.2802785 -0.27420288 8
6.2914516 0.27469071 8.25
6.2160811 0.8183626 8.25
6.1485759 1.3631065 8.25
6.0171841 1.8972109 8.25
5.8386372 2.4184427 8.25
5.6070094 2.9188244 8.25
5.2964505 3.3742111 8.25
4.9994571 3.8362183 8.25
4.6347272 4.246945 8.25
4.204138 4.5880115 8.25
3.8193304 4.9774483 8.25
3.3777892 5.302067 8.25
2.9133397 5.5964735 8.25
2.4016782 5.7981641 8.25
1.883524 5.9737749 8.25
1.3397918 6.0434105 8.25
0.81455878 6.1871882 8.25
0.27388516 6.2730014 8.25
-0.27460175 6.2894141 8.25
-0.81684673 6.2045669 8.25
-1.35433 6.1089877 8.25
-1.8961983 6.0139726 8.25
-2.3891255 5.7678593 8.25
-2.8785769 5.5296948 8.25
-3.3245723 5.2185332 8.25
-3.7625044 4.9033912 8.25
-4.2132847 4.5979934 8.25
-4.560042 4.1785086 8.25
-4.8590449 3.7284763 8.25
-5.2517801 3.3457529 8.25
-5.5838726 2.9067801 8.25
-5.7864666 2.396833 8.25
-5.9435849 1.8740051 8.25
-6.0248292 1.3356725 8.25
-6.158185 0.81074044 8.25
-6.2217616 0.27164798 8.25
-6.2354523 -0.27224573 8.25
-6.2170656 -0.81849222 8.25
-6.1479432 -1.3629662 8.25
-5.9244762 -1.8679802 8.25
-5.7167703 -2.3679638 8.25
-5.5869533 -2.9083838 8.25
-5.2914502 -3.3710255 8.25
-4.9621592 -3.8075987 8.25
-4.6065743 -4.2211476 8.25
-4.2121536 -4.596759 8.25
-3.7655956 -4.9074197 8.25
-3.3310995 -5.2287788 8.25
-2.8765822 -5.5258629 8.25
-2.3730102 -5.7289533 8.25
-1.8521191 -5.8741712 8.25
-1.3485071 -6.0827224 8.25
-0.81198564 -6.1676433 8.25
-0.26782487 -6.134198 8.25
0.26845974 -6.1487389 8.25
0.81302025 -6.1755019 8.25
1.3436496 -6.0608117 8.25
1.8713277 -5.9350933 8.25
2.378178 -5.7414296 8.25
2.8895166 -5.5507097 8.25
3.3120285 -5.1988434 8.25
3.7748529 -4.919484 8.25
4.2098368 -4.5942307 8.25
4.619033 -4.2325639 8.25
4.9696659 -3.8133587 8.25
5.3200558 -3.3892493 8.25
5.5169805 -2.8719583 8.25
5.8050942 -2.4045488 8.25
5.9732073 -1.883345 8.25
6.0952084 -1.3512752 8.25
6.1910139 -0.81506245 8.25
6.3094964 -0.27547856 8.25
6.3245275 0.27613483 8.5
6.2104501 0.81762127 8.5
6.1415722 1.3615538 8.5
6.0125368 1.8957456 8.5
5.8332369 2.4162058 8.5
5.5959966 2.9130915 8.5
5.3156518 3.3864437 8.5
5.0030554 3.8389794 8.5
4.6374539 4.2494435 8.5
4.2045791 4.5884929 8.5
3.8230116 4.9822457 8.5
3.361478 5.2764635 8.5
2.9098736 5.5898152 8.5
2.4057324 5.8079517 8.5
1.8905836 5.9961651 8.5
1.345318 6.0683372 8.5
0.81431407 6.1853294 8.5
0.27349862 6.2641484 8.5
-0.27469808 6.2916204 8.5
-0.81784299 6.2121343 8.5
-1.3486611 6.0834171 8.5
-1.8774851 5.9546219 8.5
-2.3688002 5.7187897 8.5
-2.8522418 5.4791055 8.5
-3.3390119 5.2411988 8.5
-3.7840537 4.9314748 8.5
-4.1950528 4.5780967 8.5
-4.5566605 4.17541 8.5
-4.8429682 3.7161402 8.5
-5.250088 3.3446749 8.5
-5.5581093 2.8933686 8.5
-5.8063944 2.4050873 8.5
-5.9623035 1.8799071 8.5
-6.0437252 1.3398616 8.5
-6.1578082 0.81069082 8.5
-6.2289817 0.27196322 8.5
-6.2772212 -0.2740694 8.5
-6.2289368 -0.82005509 8.5
-6.1501831 -1.3634628 8.5
-5.9371696 -1.8719824 8.5
-5.7290838 -2.3730642 8.5
-5.6012957 -2.91585 8.5
-5.3182427 -3.3880942 8.5
-4.9560218 -3.8028893 8.5
-4.610353 -4.2246101 8.5
-4.2405429 -4.6277405 8.5
-3.7635236 -4.9047195 8.5
-3.3258232 -5.2204966 8.5
-2.8841109 -5.5403255 8.5
-2.3824378 -5.7517135 8.5
-1.8601601 -5.8996742 8.5
-1.3420495 -6.0535942 8.5
-0.81250522 -6.1715899 8.5
-0.27023437 -6.1893846 8.5
0.27014767 -6.1873989 8.5
0.81533551 -6.193088 8.5
1.3466553 -6.0743695 8.5
1.8693382 -5.9287832 8.5
2.3749431 -5.7336198 8.5
2.8710336 -5.5152042 8.5
3.321508 -5.2137232 8.5
3.7558944 -4.8947769 8.5
4.2072318 -4.5913878 8.5
4.5903523 -4.2062829 8.5
4.9620404 -3.8075075 8.5
5.3212187 -3.3899902 8.5
5.4630708 -2.8438947 8.5
5.7635751 -2.387351 8.5
5.9727397 -1.8831976 8.5
6.1137189 -1.3553788 8.5
6.1601254 -0.81099589 8.5
6.3133514 -0.27564687 8.5
6.3300717 0.2763769 8.75
6.2139051 0.81807612 8.75
6.1376317 1.3606802 8.75
6.0310429 1.9015805 8.75
5.829511 2.4146625 8.75
5.5766403 2.9030152 8.75
5.3146989 3.3858366 8.75
5.0193867 3.8515109 8.75
4.6425569 4.2541196 8.75
4.2498129 4.6378569 8.75
3.8463035 5.0126003 8.75
3.3585018 5.2717919 8.75
2.8933189 5.5580139 8.75
2.4030513 5.8014791 8.75
1.8954 6.0114408 8.75
1.3537911 6.106557 8.75
0.81725184 6.2076441 8.75
0.27495147 6.2974239 8.75
-0.27479678 6.293881 8.75
-0.81579895 6.1966082 8.75
-1.3538244 6.1067073 8.75
-1.8761956 5.9505321 8.75
-2.3661551 5.7124036 8.75
-2.8451938 5.4655664 8.75
-3.339317 5.2416777 8.75
-3.799081 4.9510587 8.75
-4.1982011 4.5815325 8.75
-4.5999009 4.2150326 8.75
-4.9117629 3.7689282 8.75
-5.2328957 3.3337223 8.75
-5.5298492 2.8786573 8.75
-5.8250539 2.4128163 8.75
-5.9823985 1.886243 8.75
-6.0768756 1.3472109 8.75
-6.1876583 0.81462068 8.75
-6.2238337 0.27173845 8.75
-6.2744863 -0.27394999 8.75
-6.2232001 -0.81929984 8.75
-6.1191794 -1.3565894 8.75
-5.9531551 -1.8770226 8.75
-5.7563806 -2.3843709 8.75
-5.6012768 -2.9158401 8.75
-5.3166107 -3.3870545 8.75
-4.9439203 -3.7936035 8.75
-4.6056984 -4.220345 8.75
-4.2442808 -4.6318198 8.75
-3.7742357 -4.9186797 8.75
-3.3339279 -5.2332185 8.75
-2.8805177 -5.533423 8.75
-2.382518 -5.7519072 8.75
-1.8657625 -5.9174426 8.75
-1.3469832 -6.0758484 8.75
-0.81430105 -6.1852305 8.75
-0.26986382 -6.1808976 8.75
0.27040201 -6.1932243 8.75
0.8176728 -6.2108416 8.75
1.3480791 -6.0807919 8.75
1.8691955 -5.9283306 8.75
2.3921058 -5.7750543 8.75
2.8732383 -5.5194394 8.75
3.3173167 -5.2071442 8.75
3.7843546 -4.931867 8.75
4.2293143 -4.6154866 8.75
4.5970812 -4.2124488 8.75
4.990495 -3.8293415 8.75
5.2966448 -3.3743349 8.75
5.4835604 -2.8545608 8.75
5.7418542 -2.3783539 8.75
5.9838085 -1.8866876 8.75
6.1262731 -1.358162 8.75
6.1577674 -0.81068546 8.75
6.230279 -0.27201986 8.75
6.2812573 0.27424562 9
6.2129132 0.81794554 9
6.1315503 1.359332 9
6.041003 1.9047209 9
5.8260739 2.4132388 9
5.593604 2.9118459 9
5.3342392 3.3982851 9
5.0316873 3.8609495 9
4.6619573 4.2718968 9
4.2601055 4.6490894 9
3.8655128 5.0376344 9
3.3758467 5.2990178 9
2.8954137 5.562038 9
2.4058358 5.8082014 9
1.8878111 5.987372 9
1.3512527 6.0951071 9
0.82091074 6.2354361 9
0.27522405 6.303667 9
-0.27255683 6.2425777 9
-0.81593777 6.1976627 9
-1.3496199 6.0877422 9
-1.8831586 5.9726159 9
-2.3778356 5.7406029 9
-2.8531754 5.4808989 9
-3.336945 5.2379545 9
-3.8011051 4.9536967 9
-4.2034455 4.5872558 9
-4.5958501 4.2113208 9
-4.9040685 3.7630241 9
-5.256204 3.3485713 9
-5.5452334 2.8866658 9
-5.8220852 2.4115866 9
-5.9589917 1.8788629 9
-6.0983852 1.3519795 9
-6.1958925 0.81570473 9
-6.2447084 0.27264986 9
-6.2734525 -0.27390485 9
-6.2604253 -0.82420062 9
-6.1068778 -1.3538622 9
-5.9685472 -1.8818757 9
-5.7829322 -2.395369 9
-5.5895976 -2.9097604 9
-5.3140384 -3.3854158 9
-4.9423162 -3.7923726 9
-4.6138393 -4.2278048 9
-4.2499917 -4.6380521 9
-3.7904933 -4.939867 9
-3.3449202 -5.250473 9
-2.8846695 -5.5413985 9
-2.381038 -5.7483343 9
-1.8593874 -5.8972234 9
-1.3494404 -6.0869321 9
-0.81522135 -6.1922209 9
-0.26989891 -6.1817013 9
0.26943919 -6.1711721 9
0.81917873 -6.2222802 9
1.3531961 -6.1038732 9
1.8725911 -5.9391003 9
2.404719 -5.8055053 9
2.8969177 -5.5649272 9
3.3537379 -5.2643141 9
3.7973281 -4.9487744 9
4.2475258 -4.6353611 9
4.612826 -4.2268763 9
5.018803 -3.851063 9
5.3294143 -3.3952114 9
5.5164539 -2.8716841 9
5.7333742 -2.3748413 9
5.956459 -1.8780643 9
6.1183246 -1.3563999 9
6.158583 -0.81079283 9
6.2375305 -0.27233646 9
6.275276 0.27398447 9.25
6.2154483 0.8182793 9.25
6.1243662 1.3577393 9.25
6.0333092 1.9022951 9.25
5.8112464 2.4070971 9.25
5.6025662 2.9165113 9.25
5.3293038 3.395141 9.25
5.0072255 3.8421793 9.25
4.6655757 4.2752124 9.25
4.2695704 4.6594185 9.25
3.8744075 5.0492262 9.25
3.3938762 5.3273185 9.25
2.8929046 5.557218 9.25
2.4035241 5.8026204 9.25
1.8943019 6.0079581 9.25
1.3514533 6.0960118 9.25
0.82004755 6.2288796 9.25
0.27420373 6.280298 9.25
-0.27309895 6.2549944 9.25
-0.81787437 6.2123726 9.25
-1.344 6.0623921 9.25
-1.8791896 5.9600281 9.25
-2.4079217 5.8132373 9.25
-2.8656866 5.5049327 9.25
-3.3375886 5.2389647 9.25
-3.7966169 4.9478475 9.25
-4.2144125 4.5992241 9.25
-4.59581 4.211284 9.25
-4.8881533 3.750812 9.25
-5.2586703 3.3501425 9.25
-5.5741291 2.9017079 9.25
-5.8243168 2.412511 9.25
-5.937336 1.8720349 9.25
-6.0785369 1.3475792 9.25
-6.2021333 0.81652634 9.25
-6.2375287 0.27233638 9.25
-6.2719853 -0.27384079 9.25
-6.2125984 -0.81790409 9.25
-6.1286593 -1.358691 9.25
-5.9593057 -1.8789619 9.25
-5.7760559 -2.3925207 9.25
-5.5871406 -2.9084813 9.25
-5.3087227 -3.3820294 9.25
-4.9552901 -3.8023279 9.25
-4.6173179 -4.2309923 9.25
-4.2353896 -4.6221166 9.25
-3.8008282 -4.9533358 9.25
-3.3534714 -5.2638956 9.25
-2.8947353 -5.5607347 9.25
-2.3824357 -5.7517086 9.25
-1.8678669 -5.9241168 9.25
-1.3562924 -6.1178395 9.25
-0.81875281 -6.2190451 9.25
-0.27122509 -6.2120758 9.25
0.27138712 -6.2157869 9.25
0.82044642 -6.2319092 9.25
1.3599803 -6.1344745 9.25
1.8806359 -5.9646149 9.25
2.4130816 -5.8256943 9.25
2.9131321 -5.5960747 9.25
3.3837528 -5.3114279 9.25
3.8096957 -4.9648921 9.25
4.2619014 -4.6510493 9.25
4.6229922 -4.2361919 9.25
5.0032415 -3.8391223 9.25
5.3130423 -3.3847812 9.25
5.5258653 -2.8765834 9.25
5.7411934 -2.3780802 9.25
5.8974467 -1.8594578 9.25
6.0682501 -1.3452987 9.25
6.17827 -0.81338467 9.25
6.2640261 -0.27349329 9.25
6.2776088 0.27408632 9.5
6.2274134 0.81985453 9.5
6.1237984 1.3576134 9.5
6.0153225 1.8966239 9.5
5.8162079 2.4091522 9.5
5.5934071 2.9117434 9.5
5.3191976 3.3887026 9.5
5.0101566 3.8444283 9.5
4.6330524 4.2454103 9.5
4.2435901 4.631066 9.5
3.8392096 5.0033553 9.5
3.3908836 5.322621 9.5
2.8989303 5.5687933 9.5
2.3839425 5.7553462 9.5
1.8943462 6.0080986 9.5
1.3546086 6.1102447 9.5
0.81788815 6.2124772 9.5
0.27302074 6.2532031 9.5
-0.27431346 6.2828111 9.5
-0.81138371 6.1630711 9.5
-1.3434604 6.0599584 9.5
-1.8902647 5.9951536 9.5
-2.4060127 5.8086285 9.5
-2.8688041 5.5109215 9.5
-3.3358438 5.2362259 9.5
-3.7928947 4.9429967 9.5
-4.2247724 4.6105301 9.5
-4.5967287 4.2121258 9.5
-4.9059275 3.7644506 9.5
-5.2559156 3.3483875 9.5
-5.5953201 2.9127393 9.5
-5.7664153 2.3885274 9.5
-5.9463235 1.8748686 9.5
-6.0827271 1.3485081 9.5
-6.1858811 0.81438669 9.5
-6.2365734 0.27229468 9.5
-6.2853624 -0.27442485 9.5
-6.1939865 -0.8154538 9.5
-6.1024107 -1.3528719 9.5
-5.9557048 -1.8778265 9.5
-5.7696963 -2.3898864 9.5
-5.5915224 -2.9107623 9.5
-5.3161234 -3.3867441 9.5
-4.9397665 -3.7904162 9.5
-4.6272722 -4.2401137 9.5
-4.2364216 -4.6232429 9.5
-3.8079601 -4.9626302 9.5
-3.3574351 -5.2701175 9.5
-2.9040865 -5.5786983 9.5
-2.3969738 -5.7868068 9.5
-1.8813625 -5.9669194 9.5
-1.3510426 -6.0941595 9.5
-0.82071991 -6.2339866 9.5
-0.27240168 -6.2390241 9.5
0.2707327 -6.2007983 9.5
0.81644954 -6.2015499 9.5
1.3660451 -6.161831 9.5
1.887845 -5.9874794 9.5
2.4354523 -5.879702 9.5
2.9095261 -5.5891477 9.5
3.3569931 -5.2694237 9.5
3.7981356 -4.9498267 9.5
4.2561627 -4.6447866 9.5
4.6269144 -4.2397859 9.5
4.9835998 -3.8240506 9.5
5.2813052 -3.3645625 9.5
5.4886758 -2.8572238 9.5
5.7406296 -2.3778466 9.5
5.9312565 -1.870118 9.5
6.0574019 -1.3428937 9.5
6.2031474 -0.81665985 9.5
6.2424881 -0.27255292 9.5
6.2725701 0.27386633 9.75
6.2103424 0.81760709 9.75
6.1282509 1.3586005 9.75
6.0000859 1.8918198 9.75
5.8060014 2.4049245 9.75
5.5809727 2.9052705 9.75
5.305929 3.3802495 9.75
5.0054001 3.8407786 9.75
4.6379899 4.2499347 9.75
4.2421751 4.6295218 9.75
3.8135754 4.9699482 9.75
3.3750905 5.297831 9.75
2.8766145 5.525925 9.75
2.37924 5.7439935 9.75
1.8795486 5.9611664 9.75
1.3548148 6.1111747 9.75
0.82100243 6.2361326 9.75
0.27420784 6.2803921 9.75
-0.27485482 6.2952105 9.75
-0.81089745 6.1593777 9.75
-1.3406216 6.0471534 9.75
-1.8918947 6.0003235 9.75
-2.3827216 5.7523989 9.75
-2.8475885 5.4701666 9.75
-3.3313366 5.2291511 9.75
-3.7872045 4.935581 9.75
-4.2177444 4.6028603 9.75
-4.5892763 4.2052969 9.75
-4.9151927 3.77156 9.75
-5.2477778 3.3432032 9.75
-5.5162655 2.8715861 9.75
-5.7503035 2.3818537 9.75
-5.9453999 1.8745774 9.75
-6.1010696 1.3525746 9.75
-6.1511524 0.80981458 9.75
-6.2625665 0.27342956 9.75
-6.2665631 -0.27360405 9.75
-6.2328154 -0.82056572 9.75
-6.1272235 -1.3583727 9.75
-5.9532061 -1.8770387 9.75
-5.7662345 -2.3884526 9.75
-5.604139 -2.9173301 9.75
-5.3058882 -3.3802236 9.75
-4.9525657 -3.8002373 9.75
-4.6248174 -4.2378644 9.75
-4.2381706 -4.6251516 9.75
-3.8159807 -4.9730829 9.75
-3.3656818 -5.2830622 9.75
-2.9059032 -5.5821882 9.75
-2.3928059 -5.7767446 9.75
-1.8857617 -5.9808721 9.75
-1.3602369 -6.1356321 9.75
-0.82167079 -6.2412093 9.75
-0.27173755 -6.2238131 9.75
0.26988752 -6.1814404 9.75
0.81389108 -6.1821165 9.75
1.3650318 -6.1572604 9.75
1.8987539 -6.022078 9.75
2.4223089 -5.8479711 9.75
2.8969589 -5.5650063 9.75
3.3406426 -5.2437586 9.75
3.7783043 -4.9239821 9.75
4.2207796 -4.6061727 9.75
4.5968507 -4.2122376 9.75
4.9678521 -3.811967 9.75
5.2530837 -3.3465834 9.75
5.4737989 -2.8494793 9.75
5.7404988 -2.3777924 9.75
5.9353143 -1.8713974 9.75
6.0737748 -1.3465234 9.75
6.1509825 -0.80979221 9.75
6.2241036 -0.27175023 9.75
6.26167 0.27339042 10
6.2012891 0.8164152 10
6.0963188 1.3515213 10
6.0015776 1.8922902 10
5.7872789 2.3971694 10
5.5595007 2.8940929 10
5.2952813 3.3734662 10
4.996351 3.8338349 10
4.6227088 4.2359322 10
4.2220175 4.6075236 10
3.8077258 4.9623249 10
3.3570208 5.2694671 10
2.8721936 5.5174326 10
2.3798021 5.7453505 10
1.8810037 5.9657816 10
1.3410252 6.0489736 10
0.81108878 6.160831 10
0.27490367 6.2963292 10
-0.27365436 6.2677154 10
-0.81585317 6.1970201 10
-1.3397444 6.0431966 10
-1.8948446 6.0096792 10
-2.3797995 5.7453442 10
-2.8429179 5.4611944 10
-3.3263802 5.221371 10
-3.7978156 4.9494096 10
-4.1904786 4.5731049 10
-4.5734063 4.1907547 10
-4.89101 3.753004 10
-5.2295146 3.3315683 10
-5.5180231 2.872501 10
-5.7496061 2.3815648 10
-5.9407936 1.873125 10
-6.1203606 1.3568513 10
-6.1050968 0.80375124 10
-6.2483125 0.27280722 10
-6.2749392 -0.27396976 10
-6.2523015 -0.82313111 10
-6.1519895 -1.3638632 10
-5.9534064 -1.8771018 10
-5.7572158 -2.3847169 10
-5.5912282 -2.9106092 10
-5.2924923 -3.3716895 10
-4.9490172 -3.7975145 10
-4.6287677 -4.2414841 10
-4.2351995 -4.6219093 10
-3.818011 -4.9757288 10
-3.3662738 -5.2839915 10
-2.8994926 -5.5698734 10
-2.3978181 -5.7888449 10
-1.8813007 -5.9667234 10
-1.3654561 -6.1591745 10
-0.82302603 -6.2515033 10
-0.27245254 -6.2401892 10
0.2702133 -6.1889021 10
0.81573928 -6.196155 10
1.3579428 -6.125284 10
1.8966535 -6.0154162 10
2.4186017 -5.839021 10
2.8752453 -5.5232948 10
3.3122604 -5.1992073 10
3.7732984 -4.9174582 10
4.2076148 -4.5918058 10
4.56707 -4.1849486 10
4.9787943 -3.8203632 10
5.2476312 -3.3431098 10
5.4901019 -2.8579661 10
5.7156826 -2.3675132 10
5.9146744 -1.8648897 10
6.0855569 -1.3491355 10
6.1366632 -0.80790704 10
6.2337184 -0.27217002 10
6.2527842 0.27300245 10.25
6.1914102 0.81511462 10.25
6.0958178 1.3514103 10.25
5.9888541 1.8882784 10.25
5.7886829 2.3977509 10.25
5.5239709 2.8755972 10.25
5.3012652 3.3772784 10.25
4.9747294 3.8172442 10.25
4.6120011 4.2261204 10.25
4.2075608 4.5917469 10.25
3.8070059 4.9613866 10.25
3.3476591 5.2547722 10.25
2.8748874 5.5226073 10.25
2.3866992 5.7620016 10.25
1.8799637 5.962483 10.25
1.3446911 6.0655097 10.25
0.81089923 6.1593911 10.25
0.27357913 6.2659923 10.25
-0.27263368 6.244338 10.25
-0.81428458 6.1851054 10.25
-1.3391647 6.0405816 10.25
-1.8921196 6.0010366 10.25
-2.3745596 5.732694 10.25
-2.8479374 5.4708369 10.25
-3.326596 5.2217098 10.25
-3.787014 4.9353327 10.25
-4.183661 4.5656649 10.25
-4.5644432 4.1825416 10.25
-4.8891998 3.7516149 10.25
-5.193378 3.3085467 10.25
-5.5306952 2.8790977 10.25
-5.7580808 2.3850752 10.25
-5.9312745 1.8701237 10.25
-6.0861944 1.3492768 10.25
-6.1124784 0.80472305 10.25
-6.2512436 0.27293519 10.25
-6.273257 -0.27389632 10.25
-6.2005845 -0.81632244 10.25
-6.1405111 -1.3613185 10.25
-5.9593156 -1.878965 10.25
-5.7818987 -2.3949408 10.25
-5.5655888 -2.8972622 10.25
-5.3027932 -3.3782519 10.25
-4.9551346 -3.8022085 10.25
-4.6334336 -4.2457596 10.25
-4.2394005 -4.6264938 10.25
-3.8170382 -4.974461 10.25
-3.3612371 -5.2760854 10.25
-2.8998754 -5.5706089 10.25
-2.4028477 -5.8009874 10.25
-1.8803365 -5.9636655 10.25
-1.3685319 -6.1730485 10.25
-0.8219788 -6.2435489 10.25
-0.27272283 -6.2463797 10.25
0.27145359 -6.2173094 10.25
0.81725693 -6.2076827 10.25
1.3556584 -6.11498 10.25
1.8878413 -5.9874676 10.25
2.4076637 -5.8126143 10.25
2.8771647 -5.526982 10.25
3.3082012 -5.1928358 10.25
3.7736845 -4.9179613 10.25
4.2138557 -4.5986166 10.25
4.5692467 -4.1869432 10.25
4.947458 -3.796318 10.25
5.2719979 -3.3586331 10.25
5.4836678 -2.8546168 10.25
5.7078938 -2.364287 10.25
5.894556 -1.8585464 10.25
6.0652478 -1.3446331 10.25
6.1301597 -0.80705084 10.25
6.2281135 -0.27192531 10.25
6.2415614 0.27251246 10.5
6.1621236 0.81125896 10.5
6.0908051 1.350299 10.5
5.9607092 1.8794044 10.5
5.7674536 2.3889575 10.5
5.5084637 2.8675247 10.5
5.2883822 3.369071 10.5
4.9726012 3.8156111 10.5
4.6111488 4.2253394 10.5
4.2116021 4.5961571 10.5
3.8021549 4.9550648 10.5
3.348248 5.2556967 10.5
2.8801328 5.5326836 10.5
2.3870834 5.7629292 10.5
1.877219 5.9537779 10.5
1.3481295 6.0810191 10.5
0.81280141 6.1738397 10.5
0.27229003 6.2364669 10.5
-0.27174678 6.2240245 10.5
-0.80999126 6.1524945 10.5
-1.344584 6.0650263 10.5
-1.8899385 5.994119 10.5
-2.3714841 5.7252691 10.5
-2.8641421 5.5019658 10.5
-3.3214355 5.2136094 10.5
-3.803629 4.9569858 10.5
-4.1631753 4.5433086 10.5
-4.5588893 4.1774524 10.5
-4.9067317 3.7650677 10.5
-5.1923463 3.3078894 10.5
-5.5118469 2.8692859 10.5
-5.77965 2.3940094 10.5
-5.9317264 1.8702661 10.5
-6.066905 1.3450005 10.5
-6.1484088 0.80945338 10.5
-6.2394669 0.27242101 10.5
-6.295177 -0.27485336 10.5
-6.1989996 -0.81611378 10.5
-6.1251807 -1.3579199 10.5
-5.9573092 -1.8783324 10.5
-5.7865047 -2.3968487 10.5
-5.5693157 -2.8992023 10.5
-5.295782 -3.3737852 10.5
-4.9644948 -3.8093908 10.5
-4.6147779 -4.2286649 10.5
-4.2385985 -4.6256186 10.5
-3.8056343 -4.9595992 10.5
-3.3620557 -5.2773703 10.5
-2.8931613 -5.5577112 10.5
-2.4022094 -5.7994465 10.5
-1.8729095 -5.94011 10.5
-1.3634346 -6.1500561 10.5
-0.82419538 -6.2603854 10.5
-0.27142561 -6.2166685 10.5
0.27197345 -6.2292162 10.5
0.81798587 -6.2132195 10.5
1.360344 -6.1361151 10.5
1.8817813 -5.9682478 10.5
2.4022745 -5.7996037 10.5
2.8837929 -5.5397147 10.5
3.3078499 -5.1922843 10.5
3.7565571 -4.8956405 10.5
4.2139247 -4.5986918 10.5
4.572286 -4.1897282 10.5
4.9146014 -3.7711063 10.5
5.2515752 -3.3456224 10.5
5.4684142 -2.8466762 10.5
5.7215326 -2.3699364 10.5
5.9001002 -1.8602944 10.5
6.0426515 -1.3396236 10.5
6.1325383 -0.80736399 10.5
6.1976458 -0.27059506 10.5
6.2260427 0.2718349 10.75
6.1592811 0.81088474 10.75
6.0664678 1.3449035 10.75
5.9426337 1.8737052 10.75
5.746571 2.3803076 10.75
5.5038099 2.8651021 10.75
5.2826493 3.3654188 10.75
4.961974 3.8074565 10.75
4.6113709 4.225543 10.75
4.2190305 4.6042639 10.75
3.7932208 4.9434216 10.75
3.3666609 5.284599 10.75
2.8957228 5.5626317 10.75
2.3862739 5.7609748 10.75
1.8848062 5.9778416 10.75
1.3463569 6.0730233 10.75
0.8123403 6.1703372 10.75
0.27114718 6.2102915 10.75
-0.27292405 6.2509884 10.75
-0.80662583 6.1269315 10.75
-1.348668 6.0834481 10.75
-1.8835925 5.9739921 10.75
-2.3802713 5.7464833 10.75
-2.842738 5.460849 10.75
-3.3204398 5.2120464 10.75
-3.7920699 4.9419217 10.75
-4.1722046 4.5531623 10.75
-4.5669791 4.1848653 10.75
-4.9142843 3.770863 10.75
-5.2135017 3.3213669 10.75
-5.4937458 2.859863 10.75
-5.8206262 2.4109823 10.75
-5.9560791 1.8779445 10.75
-6.046783 1.3405395 10.75
-6.1591081 0.81086196 10.75
-6.2386708 0.27238625 10.75
-6.2591601 -0.27328083 10.75
-6.1986329 -0.8160655 10.75
-6.1200435 -1.356781 10.75
-5.9593111 -1.8789636 10.75
-5.7901378 -2.3983536 10.75
-5.591024 -2.9105029 10.75
-5.2849557 -3.3668881 10.75
-4.9680923 -3.8121513 10.75
-4.6126612 -4.2267252 10.75
-4.2245254 -4.6102604 10.75
-3.7917223 -4.9414687 10.75
-3.3539298 -5.2646153 10.75
-2.8929439 -5.5572935 10.75
-2.4093676 -5.8167279 10.75
-1.8733534 -5.9415178 10.75
-1.3521474 -6.0991426 10.75
-0.82798015 -6.2891336 10.75
-0.26942706 -6.1708941 10.75
0.26925839 -6.167031 10.75
0.81992179 -6.2279243 10.75
1.3549572 -6.1118171 10.75
1.8833023 -5.9730716 10.75
2.3976509 -5.7884413 10.75
2.8882323 -5.5482426 10.75
3.3470824 -5.253867 10.75
3.7542117 -4.8925839 10.75
4.2278455 -4.6138837 10.75
4.547401 -4.1669253 10.75
4.9396243 -3.790307 10.75
5.2394883 -3.3379222 10.75
5.4465018 -2.8352694 10.75
5.7266682 -2.3720636 10.75
5.9320875 -1.87038 10.75
6.0392979 -1.3388801 10.75
6.1362892 -0.8078578 10.75
6.1912324 -0.27031505 10.75
6.224699 0.27177623 11
6.1538024 0.81016346 11
6.0575851 1.3429343 11
5.9405873 1.87306 11
5.7483976 2.3810643 11
5.5158832 2.871387 11
5.2690123 3.356731 11
4.9554466 3.8024479 11
4.6241898 4.2372893 11
4.2154587 4.6003659 11
3.8012066 4.9538288 11
3.3839149 5.3116824 11
2.8864183 5.544758 11
2.3855936 5.7593325 11
1.8865981 5.9835248 11
1.3463011 6.0727718 11
0.81040165 6.1556116 11
0.26990441 6.1818273 11
-0.27341698 6.2622783 11
-0.80812426 6.1383132 11
-1.3502822 6.0907292 11
-1.8848174 5.9778771 11
-2.3802121 5.7463403 11
-2.8333313 5.4427788 11
-3.3291929 5.225786 11
-3.7838408 4.9311974 11
-4.1957778 4.578888 11
-4.574187 4.1914701 11
-4.9113603 3.7686193 11
-5.2439682 3.3407762 11
-5.5208196 2.8739568 11
-5.8697674 2.4313373 11
-5.9687303 1.8819334 11
-6.0777895 1.3474135 11
-6.1712514 0.81246066 11
-6.2336968 0.27216908 11
-6.2412842 -0.27250035 11
-6.185748 -0.81436918 11
-6.1386291 -1.3609013 11
-5.9608232 -1.8794403 11
-5.7859344 -2.3966125 11
-5.5836474 -2.9066628 11
-5.2842811 -3.3664583 11
-4.9722834 -3.8153672 11
-4.6122389 -4.2263382 11
-4.2209807 -4.6063922 11
-3.7905128 -4.9398925 11
-3.3529237 -5.263036 11
-2.895308 -5.5618349 11
-2.412463 -5.8242008 11
-1.8763705 -5.9510871 11
-1.3538528 -6.1068355 11
-0.82593885 -6.2736285 11
-0.27051038 -6.1957064 11
0.27114487 -6.2102386 11
0.82132051 -6.2385486 11
1.3508204 -6.0931569 11
1.8749444 -5.946564 11
2.3897173 -5.7692878 11
2.8739431 -5.5207934 11
3.3457383 -5.2517572 11
3.7723768 -4.9162571 11
4.2065162 -4.5906069 11
4.5357997 -4.1562947 11
4.9494432 -3.7978414 11
5.2384335 -3.3372502 11
5.4739238 -2.8495444 11
5.7296717 -2.3733077 11
5.9597902 -1.8791146 11
6.0522318 -1.3417475 11
6.1212353 -0.80587591 11
6.2000342 -0.27069934 11
6.2185721 0.27150872 11.25
6.1647574 0.81160571 11.25
6.0684448 1.3453418 11.25
5.9568263 1.8781801 11.25
5.7377301 2.3766456 11.25
5.5491236 2.8886909 11.25
5.2818433 3.3649053 11.25
4.9627506 3.8080525 11.25
4.6046104 4.2193481 11.25
4.2069193 4.5910468 11.25
3.802463 4.9554662 11.25
3.36832 5.2872033 11.25
2.9008675 5.5725145 11.25
2.3896025 5.7690108 11.25
1.8810078 5.9657946 11.25
1.3414639 6.0509525 11.25
0.81185973 6.1666869 11.25
0.26948832 6.1722974 11.25
-0.27328368 6.2592254 11.25
-0.80439871 6.1100148 11.25
-1.3410269 6.0489815 11.25
-1.8882088 5.9886333 11.25
-2.3785261 5.7422701 11.25
-2.8527224 5.4800288 11.25
-3.3198195 5.2110729 11.25
-3.7943232 4.9448582 11.25
-4.2093875 4.5937404 11.25
-4.5689805 4.1866992 11.25
-4.9169932 3.7729416 11.25
-5.2811827 3.3644845 11.25
-5.5470389 2.8876057 11.25
-5.8304394 2.4150471 11.25
-5.9764929 1.884381 11.25
-6.0578322 1.3429891 11.25
-6.1892733 0.81483329 11.25
-6.2118782 0.27121646 11.25
-6.220239 -0.2715815 11.25
-6.2131829 -0.81798105 11.25
-6.1123016 -1.3550646 11.25
-5.9591689 -1.8789187 11.25
-5.7663294 -2.3884918 11.25
-5.5643171 -2.8966002 11.25
-5.2864656 -3.36785 11.25
-4.9729001 -3.8158405 11.25
-4.6097748 -4.2240804 11.25
-4.2230412 -4.6086408 11.25
-3.7993055 -4.9513514 11.25
-3.3575058 -5.2702284 11.25
-2.9048664 -5.5801965 11.25
-2.407379 -5.8119269 11.25
-1.8803627 -5.9637486 11.25
-1.3562393 -6.1176 11.25
-0.82655727 -6.2783258 11.25
-0.27313395 -6.2557959 11.25
0.27342012 -6.2623503 11.25
0.81648606 -6.2018274 11.25
1.3441022 -6.0628531 11.25
1.8688038 -5.9270883 11.25
2.3953305 -5.7828394 11.25
2.8759784 -5.5247031 11.25
3.3418815 -5.2457033 11.25
3.7720607 -4.9158453 11.25
4.1925127 -4.5753247 11.25
4.5487674 -4.1681774 11.25
4.9249457 -3.7790438 11.25
5.2552289 -3.3479501 11.25
5.4939227 -2.8599551 11.25
5.7301135 -2.3734907 11.25
5.9608891 -1.8794611 11.25
6.0710226 -1.3459133 11.25
6.1280696 -0.80677567 11.25
6.191183 -0.27031289 11.25
6.2252265 0.27179926 11.5
6.1859367 0.81439402 11.5
6.0831361 1.3485988 11.5
5.9742471 1.8836729 11.5
5.7657136 2.3882368 11.5
5.5652589 2.8970904 11.5
5.2807407 3.3642029 11.5
4.9781515 3.81987 11.5
4.6008531 4.2159051 11.5
4.2091085 4.5934359 11.5
3.7948213 4.9455074 11.5
3.3564981 5.2686467 11.5
2.8921683 5.5558037 11.5
2.3802649 5.7464679 11.5
1.881186 5.9663597 11.5
1.3383846 6.0370626 11.5
0.81171229 6.165567 11.5
0.27028627 6.1905734 11.5
-0.27303378 6.2535018 11.5
-0.80746818 6.1333298 11.5
-1.34438 6.0641065 11.5
-1.8886145 5.9899198 11.5
-2.3830398 5.7531669 11.5
-2.8695844 5.5124203 11.5
-3.3331393 5.2319807 11.5
-3.7988694 4.9507829 11.5
-4.2004593 4.5839969 11.5
-4.5826551 4.1992297 11.5
-4.9146162 3.7711176 11.5
-5.2560636 3.3484818 11.5
-5.5631105 2.895972 11.5
-5.7981981 2.4016923 11.5
-5.9804693 1.8856347 11.5
-6.0674243 1.3451156 11.5
-6.1912393 0.81509211 11.5
-6.2451974 0.27267121 11.5
-6.2367068 -0.2723005 11.5
-6.2136693 -0.81804509 11.5
-6.1013885 -1.3526453 11.5
-5.9402318 -1.8729479 11.5
-5.7687686 -2.3895022 11.5
-5.556242 -2.8923965 11.5
-5.2898394 -3.3699994 11.5
-4.974018 -3.8166982 11.5
-4.6180787 -4.2316895 11.5
-4.2320398 -4.618461 11.5
-3.8003114 -4.9526622 11.5
-3.364943 -5.2819024 11.5
-2.911507 -5.5929528 11.5
-2.3991185 -5.7919844 11.5
-1.87893 -5.9592047 11.5
-1.3593714 -6.1317281 11.5
-0.82326944 -6.2533522 11.5
-0.27289615 -6.2503495 11.5
0.27363388 -6.2672462 11.5
0.81940723 -6.2240158 11.5
1.3372287 -6.0318488 11.5
1.8734615 -5.9418609 11.5
2.4128121 -5.8250437 11.5
2.8886586 -5.5490616 11.5
3.3225089 -5.2152944 11.5
3.764069 -4.9054302 11.5
4.1996639 -4.5831289 11.5
4.5581819 -4.1768042 11.5
4.9365929 -3.787981 11.5
5.2666671 -3.355237 11.5
5.5026189 -2.8644821 11.5
5.6976982 -2.3600639 11.5
5.9623039 -1.8799072 11.5
6.0813448 -1.3482017 11.5
6.1322169 -0.80732168 11.5
6.2091045 -0.27109536 11.5
6.2529211 0.27300843 11.75
6.1977916 0.81595475 11.75
6.1058256 1.3536289 11.75
5.9882342 1.888083 11.75
5.7681343 2.3892394 11.75
5.5586762 2.8936637 11.75
5.2866912 3.3679937 11.75
4.9953408 3.8330598 11.75
4.6119651 4.2260874 11.75
4.2105702 4.595031 11.75
3.8270388 4.987494 11.75
3.3723454 5.2935219 11.75
2.8860878 5.544123 11.75
2.3833106 5.7538207 11.75
1.8810776 5.9660161 11.75
1.3422531 6.0545126 11.75
0.81208338 6.1683857 11.75
0.27149979 6.2183676 11.75
-0.2723492 6.2378221 11.75
-0.81308897 6.1760239 11.75
-1.3440222 6.0624922 11.75
-1.875716 5.9490111 11.75
-2.3885268 5.7664139 11.75
-2.8740611 5.5210199 11.75
-3.3442556 5.2494297 11.75
-3.8018481 4.9546649 11.75
-4.1990221 4.5824285 11.75
-4.5782583 4.1952008 11.75
-4.9210107 3.7760243 11.75
-5.2406961 3.3386917 11.75
-5.5764713 2.9029272 11.75
-5.7927003 2.399415 11.75
-5.9403302 1.8729789 11.75
-6.0637382 1.3442984 11.75
-6.1765354 0.81315632 11.75
-6.2422528 0.27254264 11.75
-6.2637547 -0.27348144 11.75
-6.2446064 -0.82211803 11.75
-6.0988855 -1.3520904 11.75
-5.9473423 -1.8751898 11.75
-5.7758828 -2.392449 11.75
-5.5640179 -2.8964444 11.75
-5.3012981 -3.3772994 11.75
-4.9729671 -3.8158918 11.75
-4.6173405 -4.2310131 11.75
-4.2529239 -4.641252 11.75
-3.8035955 -4.9569421 11.75
-3.3709227 -5.2912888 11.75
-2.9086806 -5.5875234 11.75
-2.4093802 -5.8167585 11.75
-1.8780442 -5.9563954 11.75
-1.3599404 -6.1342949 11.75
-0.82506419 -6.2669847 11.75
-0.27238099 -6.2385504 11.75
0.27353186 -6.2649095 11.75
0.81795838 -6.2130107 11.75
1.3367452 -6.029668 11.75
1.862942 -5.9084972 11.75
2.4101207 -5.8185461 11.75
2.9028566 -5.5763357 11.75
3.3157538 -5.2046909 11.75
3.7605024 -4.9007822 11.75
4.1697195 -4.5504503 11.75
4.5948039 -4.210362 11.75
4.9232592 -3.7777496 11.75
5.2517503 -3.3457339 11.75
5.5205412 -2.8738118 11.75
5.7380306 -2.3767701 11.75
5.969564 -1.8821963 11.75
6.0559462 -1.342571 11.75
6.147854 -0.80938034 11.75
6.2032544 -0.27083994 11.75
6.2642426 0.27350274 12
6.1987104 0.81607571 12
6.134901 1.3600748 12
5.9974925 1.8910021 12
5.7668942 2.3887258 12
5.565146 2.8970316 12
5.2966808 3.3743578 12
4.979572 3.82096 12
4.6300342 4.2426447 12
4.2139305 4.5986982 12
3.8239101 4.9834167 12
3.3784554 5.3031127 12
2.8787055 5.5299418 12
2.3834303 5.7541098 12
1.8745205 5.9452194 12
1.3439658 6.062238 12
0.80991996 6.1519529 12
0.27211238 6.2323982 12
-0.27284332 6.2491395 12
-0.80838461 6.1402907 12
-1.3443577 6.0640058 12
-1.8739203 5.9433158 12
-2.3642394 5.7077788 12
-2.8547835 5.4839881 12
-3.3285619 5.2247956 12
-3.7984003 4.9501716 12
-4.2051003 4.5890617 12
-4.582073 4.1986963 12
-4.9325268 3.784861 12
-5.2412032 3.3390147 12
-5.6092559 2.9199938 12
-5.7768756 2.3928602 12
-5.9661412 1.8811171 12
-6.070512 1.3458001 12
-6.1502776 0.80969941 12
-6.2189165 0.27152376 12
-6.2732345 -0.27389533 12
-6.2363845 -0.8210356 12
-6.1173271 -1.3561788 12
-5.9473308 -1.8751862 12
-5.7936997 -2.399829 12
-5.57127 -2.9002196 12
-5.2943543 -3.3728757 12
-4.9711312 -3.8144831 12
-4.6148075 -4.228692 12
-4.2579776 -4.6467672 12
-3.8062308 -4.9603765 12
-3.3725193 -5.2937948 12
-2.9127062 -5.5952566 12
-2.4031808 -5.8017917 12
-1.8764261 -5.9512632 12
-1.3606509 -6.1374998 12
-0.82389606 -6.2581119 12
-0.27243588 -6.2398075 12
0.27252409 -6.2418278 12
0.81848032 -6.2169753 12
1.3445596 -6.0649165 12
1.8641318 -5.9122707 12
2.4100195 -5.8183018 12
2.9131709 -5.5961492 12
3.3042687 -5.186663 12
3.7644024 -4.9058647 12
4.1713019 -4.5521772 12
4.5870016 -4.2032126 12
4.9110292 -3.7683652 12
5.227252 -3.3301268 12
5.5025961 -2.8644702 12
5.7690279 -2.3896096 12
5.9599571 -1.8791673 12
6.0452993 -1.3402106 12
6.1677187 -0.81199557 12
6.2246785 -0.27177533 12
6.2784737 0.27412408 12.25
6.205501 0.8169697 12.25
6.1139526 1.3554307 12.25
5.9955023 1.8903746 12.25
5.7748237 2.3920103 12.25
5.5611986 2.8949768 12.25
5.309661 3.3826271 12.25
4.9854774 3.8254914 12.25
4.6456903 4.2569908 12.25
4.2145623 4.5993877 12.25
3.8162384 4.9734187 12.25
3.3578519 5.2707717 12.25
2.8793955 5.5312672 12.25
2.3910417 5.7724854 12.25
1.8692473 5.9284949 12.25
1.3495204 6.0872932 12.25
0.80643336 6.1254695 12.25
0.27082572 6.2029287 12.25
-0.27285136 6.2493235 12.25
-0.80526889 6.1166245 12.25
-1.3367887 6.0298642 12.25
-1.8660896 5.9184801 12.25
-2.3538387 5.6826692 12.25
-2.827749 5.4320552 12.25
-3.3110579 5.1973198 12.25
-3.8011399 4.953742 12.25
-4.1770712 4.5584733 12.25
-4.5762592 4.193369 12.25
-4.9148554 3.7713012 12.25
-5.2526303 3.3462946 12.25
-5.6077249 2.9191968 12.25
-5.7741701 2.3917396 12.25
-5.9149806 1.8649862 12.25
-6.0523543 1.3417747 12.25
-6.1434995 0.80880705 12.25
-6.2385978 0.27238306 12.25
-6.2628744 -0.273443 12.25
-6.2216637 -0.81909757 12.25
-6.1305658 -1.3591137 12.25
-5.9376472 -1.872133 12.25
-5.7874652 -2.3972466 12.25
-5.5748854 -2.9021017 12.25
-5.2710362 -3.3580204 12.25
-4.9767902 -3.8188255 12.25
-4.6197121 -4.2331862 12.25
-4.2308242 -4.6171344 12.25
-3.8018172 -4.9546247 12.25
-3.3780255 -5.3024379 12.25
-2.9073392 -5.5849467 12.25
-2.3918821 -5.7745142 12.25
-1.8736616 -5.9424953 12.25
-1.3612791 -6.1403331 12.25
-0.82130582 -6.238437 12.25
-0.27255 -6.2424212 12.25
0.27100984 -6.2071458 12.25
0.81611716 -6.1990252 12.25
1.354059 -6.1077656 12.25
1.8724011 -5.9384975 12.25
2.4100838 -5.8184569 12.25
2.9007764 -5.5723396 12.25
3.296793 -5.1749284 12.25
3.7721424 -4.9159517 12.25
4.1996639 -4.5831289 12.25
4.5981264 -4.2134066 12.25
4.9169138 -3.7728807 12.25
5.2365671 -3.3360612 12.25
5.4762075 -2.8507332 12.25
5.7119015 -2.3659471 12.25
5.9471268 -1.8751219 12.25
6.0526534 -1.341841 12.25
6.1573599 -0.81063181 12.25
6.2534461 -0.27303135 12.25
6.2797276 0.27417883 12.5
6.2084254 0.81735471 12.5
6.115538 1.3557821 12.5
5.9662669 1.8811567 12.5
5.7779879 2.3933209 12.5
5.5443968 2.8862303 12.5
5.3086797 3.382002 12.5
4.9937433 3.831834 12.5
4.6355132 4.2476653 12.5
4.2316403 4.618025 12.5
3.8178595 4.9755313 12.5
3.3563644 5.2684368 12.5
2.8728264 5.5186481 12.5
2.390592 5.7713996 12.5
1.8714992 5.9356371 12.5
1.3426032 6.0560915 12.5
0.80774895 6.1354624 12.5
0.26930709 6.1681465 12.5
-0.27358158 6.2660483 12.5
-0.80720975 6.1313668 12.5
-1.3310098 6.0037972 12.5
-1.8723134 5.9382196 12.5
-2.3559147 5.6876812 12.5
-2.7995237 5.377835 12.5
-3.2895804 5.1636068 12.5
-3.7696345 4.9126833 12.5
-4.1689192 4.549577 12.5
-4.5340662 4.1547062 12.5
-4.9009887 3.7606609 12.5
-5.2594004 3.3506076 12.5
-5.5890666 2.9094839 12.5
-5.7806673 2.3944308 12.5
-5.8814249 1.8544061 12.5
-6.0314353 1.337137 12.5
-6.153127 0.81007453 12.5
-6.2006904 0.27072799 12.5
-6.2596397 -0.27330177 12.5
-6.2446764 -0.82212725 12.5
-6.1598206 -1.3655993 12.5
-5.9201766 -1.8666245 12.5
-5.7720467 -2.39086 12.5
-5.5668443 -2.8979157 12.5
-5.2661565 -3.3549117 12.5
-4.9497024 -3.7980402 12.5
-4.6114032 -4.2255725 12.5
-4.2228883 -4.6084739 12.5
-3.8053015 -4.9591654 12.5
-3.3580961 -5.271155 12.5
-2.8998804 -5.5706185 12.5
-2.3811891 -5.7486991 12.5
-1.8638058 -5.9112367 12.5
-1.3520152 -6.0985466 12.5
-0.81923452 -6.2227039 12.5
-0.27182059 -6.2257151 12.5
0.27024536 -6.1896364 12.5
0.8148079 -6.1890805 12.5
1.3569951 -6.1210092 12.5
1.869508 -5.9293218 12.5
2.4013588 -5.7973929 12.5
2.8826493 -5.5375178 12.5
3.2944749 -5.1712897 12.5
3.7685906 -4.9113229 12.5
4.2109156 -4.595408 12.5
4.5707491 -4.1883199 12.5
4.9098142 -3.7674329 12.5
5.2550691 -3.3478482 12.5
5.4473243 -2.8356975 12.5
5.697332 -2.3599122 12.5
5.9751675 -1.8839631 12.5
6.0599811 -1.3434655 12.5
6.1154698 -0.80511687 12.5
6.2479972 -0.27279345 12.5
6.2676688 0.27365233 12.75
6.2105558 0.81763519 12.75
6.1221474 1.3572474 12.75
5.9678935 1.8816696 12.75
5.7870483 2.3970739 12.75
5.5437904 2.8859146 12.75
5.289251 3.3696245 12.75
5.0010465 3.8374379 12.75
4.6334211 4.2457482 12.75
4.2383667 4.6253656 12.75
3.808632 4.9635058 12.75
3.3591064 5.2727409 12.75
2.8885373 5.5488284 12.75
2.3781235 5.7412981 12.75
1.8685775 5.9263705 12.75
1.3470769 6.0762714 12.75
0.80765002 6.134711 12.75
0.26889421 6.15869 12.75
-0.27249373 6.2411326 12.75
-0.81130821 6.1624976 12.75
-1.3351068 6.0222774 12.75
-1.8693318 5.928763 12.75
-2.3476084 5.667628 12.75
-2.7987864 5.3764186 12.75
-3.284622 5.1558237 12.75
-3.7602345 4.900433 12.75
-4.1728061 4.5538188 12.75
-4.5463246 4.165939 12.75
-4.8791733 3.7439213 12.75
-5.2405476 3.338597 12.75
-5.5874515 2.9086431 12.75
-5.791954 2.3991059 12.75
-5.8926314 1.8579396 12.75
-6.0417355 1.3394205 12.75
-6.1239042 0.80622728 12.75
-6.2058804 0.27095459 12.75
-6.2683623 -0.27368261 12.75
-6.2353067 -0.8208937 12.75
-6.1132607 -1.3552773 12.75
-5.9089358 -1.8630803 12.75
-5.7310731 -2.3738882 12.75
-5.5554714 -2.8919954 12.75
-5.2680972 -3.356148 12.75
-4.9508934 -3.7989541 12.75
-4.6151289 -4.2289864 12.75
-4.2132958 -4.5980056 12.75
-3.7980705 -4.9497419 12.75
-3.3374788 -5.2387923 12.75
-2.8896409 -5.5509485 12.75
-2.3832746 -5.7537338 12.75
-1.8622857 -5.9064156 12.75
-1.349116 -6.0854692 12.75
-0.81633499 -6.2006798 12.75
-0.27187831 -6.2270371 12.75
0.26981658 -6.1798157 12.75
0.81393469 -6.1824477 12.75
1.3581132 -6.126053 12.75
1.8653984 -5.9162879 12.75
2.3882431 -5.765729 12.75
2.8711991 -5.5155222 12.75
3.3091901 -5.1943879 12.75
3.7679381 -4.9104726 12.75
4.1910015 -4.5736755 12.75
4.564063 -4.1821933 12.75
4.9143764 -3.7709336 12.75
5.2581214 -3.3497928 12.75
5.4444527 -2.8342027 12.75
5.7428498 -2.3787663 12.75
5.9805956 -1.8856745 12.75
6.0632982 -1.3442008 12.75
6.1148453 -0.80503466 12.75
6.2094607 -0.27111091 12.75
6.2677145 0.27365433 13
6.2074914 0.81723174 13
6.1188494 1.3565163 13
5.9729471 1.883263 13
5.8022404 2.4033667 13
5.5603205 2.8945196 13
5.286575 3.3679197 13
5.0105459 3.8447271 13
4.6527765 4.2634842 13
4.2354918 4.6222282 13
3.8302135 4.9916314 13
3.372329 5.2934961 13
2.8982693 5.5675235 13
2.3862299 5.7608685 13
1.8930181 6.0038864 13
1.3631305 6.1486844 13
0.81061945 6.157266 13
0.26984205 6.1803989 13
-0.27207373 6.231513 13
-0.81360093 6.1799126 13
-1.3465289 6.0737992 13
-1.8783851 5.9574765 13
-2.3642755 5.7078661 13
-2.8220409 5.4210902 13
-3.3309142 5.228488 13
-3.7666943 4.9088516 13
-4.1794688 4.5610898 13
-4.5531246 4.17217 13
-4.9065475 3.7649263 13
-5.2372991 3.3365275 13
-5.6126894 2.9217812 13
-5.7951503 2.4004298 13
-5.933047 1.8706825 13
-6.0921522 1.3505976 13
-6.1513553 0.80984129 13
-6.2355492 0.27224996 13
-6.2378743 -0.27235147 13
-6.217062 -0.81849174 13
-6.138077 -1.3607789 13
-5.9312398 -1.8701127 13
-5.7291625 -2.3730968 13
-5.566514 -2.8977438 13
-5.279527 -3.3634297 13
-4.9666227 -3.8110236 13
-4.6280498 -4.2408263 13
-4.2180845 -4.6032314 13
-3.7960531 -4.9471127 13
-3.3356142 -5.2358655 13
-2.8932645 -5.5579094 13
-2.394335 -5.7804361 13
-1.8676677 -5.9234852 13
-1.3429157 -6.0575012 13
-0.81726905 -6.2077748 13
-0.27164392 -6.2216686 13
0.26981946 -6.1798816 13
0.82310543 -6.2521064 13
1.3646826 -6.1556852 13
1.8655206 -5.9166755 13
2.3925026 -5.7760123 13
2.8709458 -5.5150355 13
3.3346073 -5.234285 13
3.7880262 -4.9366518 13
4.1821173 -4.5639802 13
4.5618788 -4.1801917 13
4.9406633 -3.7911043 13
5.2690852 -3.3567775 13
5.4598979 -2.8422429 13
5.8226568 -2.4118234 13
5.9722625 -1.8830471 13
6.0793089 -1.3477503 13
6.1243755 -0.80628934 13
6.2305103 -0.27202996 13
6.2790946 0.27415119 13.25
6.204111 0.8167867 13.25
6.1177509 1.3562727 13.25
6.0071725 1.8940542 13.25
5.8331468 2.4161685 13.25
5.5913647 2.9106802 13.25
5.277794 3.3623256 13.25
5.0027665 3.8387577 13.25
4.6644064 4.274141 13.25
4.2248609 4.6106266 13.25
3.8498857 5.0172688 13.25
3.3814976 5.307888 13.25
2.9052672 5.5809665 13.25
2.4079339 5.8132666 13.25
1.9016938 6.0314021 13.25
1.3581658 6.1262902 13.25
0.81396429 6.1826726 13.25
0.27138479 6.2157336 13.25
-0.27289756 6.2503817 13.25
-0.81782465 6.2119949 13.25
-1.3510439 6.0941654 13.25
-1.8894017 5.9924166 13.25
-2.3779709 5.7409297 13.25
-2.8292831 5.4350022 13.25
-3.3245663 5.2185238 13.25
-3.7855161 4.9333807 13.25
-4.1961329 4.5792755 13.25
-4.5692197 4.1869184 13.25
-4.9088158 3.7666668 13.25
-5.2564885 3.3487525 13.25
-5.6334985 2.9326137 13.25
-5.810361 2.4067303 13.25
-5.9716625 1.8828579 13.25
-6.1329467 1.3596416 13.25
-6.2074416 0.81722519 13.25
-6.2611438 0.27336744 13.25
-6.2574673 -0.27320692 13.25
-6.2595528 -0.82408576 13.25
-6.1161633 -1.3559208 13.25
-5.9382701 -1.8723294 13.25
-5.7406384 -2.3778503 13.25
-5.5793882 -2.9044456 13.25
-5.2697691 -3.3572132 13.25
-4.9688539 -3.8127357 13.25
-4.6149197 -4.2287948 13.25
-4.2270225 -4.6129856 13.25
-3.8074558 -4.961973 13.25
-3.3626104 -5.278241 13.25
-2.8973738 -5.5658033 13.25
-2.3976256 -5.7883802 13.25
-1.8793443 -5.9605185 13.25
-1.3505894 -6.0921149 13.25
-0.81776019 -6.2115053 13.25
-0.27164582 -6.2217121 13.25
0.27277533 -6.2475823 13.25
0.8269369 -6.2812093 13.25
1.3657475 -6.1604887 13.25
1.8722535 -5.9380295 13.25
2.3884261 -5.7661707 13.25
2.8968711 -5.5648376 13.25
3.343998 -5.2490254 13.25
3.7897601 -4.9389115 13.25
4.1693852 -4.5500855 13.25
4.5753488 -4.1925347 13.25
4.9697452 -3.8134196 13.25
5.2892275 -3.3696096 13.25
5.4813083 -2.8533885 13.25
5.7933063 -2.399666 13.25
5.9499291 -1.8760054 13.25
6.080683 -1.348055 13.25
6.15603 -0.81045672 13.25
6.2039442 -0.27087005 13.25
6.3044977 0.27526032 13.5
6.2557595 0.82358637 13.5
6.1331868 1.3596948 13.5
6.0153404 1.8966295 13.5
5.8388094 2.4185141 13.5
5.5748197 2.9020675 13.5
5.2737382 3.3597418 13.5
5.0185494 3.8508684 13.5
4.6326379 4.2450306 13.5
4.2271887 4.613167 13.5
3.8463827 5.0127036 13.5
3.3780078 5.3024101 13.5
2.9035942 5.5777525 13.5
2.4179775 5.837514 13.5
1.9053381 6.0429603 13.5
1.3536549 6.1059427 13.5
0.81563158 6.1953369 13.5
0.27396246 6.2747719 13.5
-0.27406141 6.2770382 13.5
-0.82138751 6.2390576 13.5
-1.3506613 6.0924395 13.5
-1.8895287 5.9928193 13.5
-2.3926187 5.7762924 13.5
-2.8507634 5.4762656 13.5
-3.3363 5.2369419 13.5
-3.7988103 4.950706 13.5
-4.2033531 4.587155 13.5
-4.5764642 4.1935568 13.5
-4.8984015 3.7586757 13.5
-5.2531343 3.3466156 13.5
-5.6355095 2.9336605 13.5
-5.8234098 2.4121353 13.5
-5.9569085 1.878206 13.5
-6.1028559 1.3529706 13.5
-6.2310741 0.82033646 13.5
-6.2526622 0.27299713 13.5
-6.2751647 -0.27397961 13.5
-6.3058565 -0.83018176 13.5
-6.1006129 -1.3524733 13.5
-5.9388132 -1.8725006 13.5
-5.7530429 -2.3829884 13.5
-5.6040389 -2.917278 13.5
-5.2987398 -3.3756695 13.5
-4.9848813 -3.8250339 13.5
-4.6348917 -4.2470957 13.5
-4.2317963 -4.6181953 13.5
-3.8068138 -4.9611363 13.5
-3.3791178 -5.3041524 13.5
-2.8975078 -5.5660606 13.5
-2.4015532 -5.7978622 13.5
-1.8869409 -5.9846121 13.5
-1.3556206 -6.1148094 13.5
-0.82048124 -6.2321738 13.5
-0.27240243 -6.2390414 13.5
0.27369567 -6.2686614 13.5
0.82853465 -6.2933454 13.5
1.3662442 -6.1627292 13.5
1.8807103 -5.9648509 13.5
2.4049273 -5.8060082 13.5
2.9144737 -5.5986519 13.5
3.3603121 -5.2746335 13.5
3.794185 -4.9446782 13.5
4.1766157 -4.5579763 13.5
4.5617544 -4.1800778 13.5
4.9652362 -3.8099598 13.5
5.2924101 -3.3716371 13.5
5.5088865 -2.8677448 13.5
5.7449232 -2.3796251 13.5
5.9208249 -1.8668289 13.5
6.0966054 -1.3515849 13.5
6.1611845 -0.81113533 13.5
6.2121533 -0.27122847 13.5
6.3340026 0.27654853 13.75
6.2270148 0.81980205 13.75
6.1238385 1.3576223 13.75
5.9963018 1.8906267 13.75
5.8248171 2.4127182 13.75
5.5810531 2.9053123 13.75
5.2787211 3.3629162 13.75
5.027227 3.8575269 13.75
4.6348822 4.247087 13.75
4.2392312 4.6263091 13.75
3.8351171 4.9980219 13.75
3.378097 5.3025501 13.75
2.8962476 5.5636398 13.75
2.4124773 5.8242353 13.75
1.8960229 6.0134164 13.75
1.3575325 6.1234332 13.75
0.81713863 6.2067841 13.75
0.27495386 6.2974787 13.75
-0.27460559 6.289502 13.75
-0.81996542 6.2282557 13.75
-1.3476134 6.078691 13.75
-1.8913122 5.998476 13.75
-2.3928402 5.7768272 13.75
-2.8675319 5.5084774 13.75
-3.351567 5.2609064 13.75
-3.7970453 4.9484058 13.75
-4.1873319 4.5696709 13.75
-4.5778327 4.1948108 13.75
-4.8918647 3.7536598 13.75
-5.2691757 3.3568351 13.75
-5.6451677 2.9386883 13.75
-5.8207352 2.4110275 13.75
-5.9503064 1.8761244 13.75
-6.0889645 1.3498909 13.75
-6.2469568 0.82242746 13.75
-6.2691813 0.27371837 13.75
-6.2835397 -0.27434527 13.75
-6.3022619 -0.82970851 13.75
-6.1251273 -1.357908 13.75
-5.9290975 -1.8694373 13.75
-5.7572443 -2.3847287 13.75
-5.598794 -2.9145477 13.75
-5.3213304 -3.3900613 13.75
-5.0153187 -3.8483894 13.75
-4.6481827 -4.2592747 13.75
-4.2397769 -4.6269046 13.75
-3.8102068 -4.9655582 13.75
-3.3746914 -5.2972044 13.75
-2.9008357 -5.5724535 13.75
-2.4044414 -5.8048351 13.75
-1.8872892 -5.9857166 13.75
-1.3619686 -6.1434435 13.75
-0.82343523 -6.2546115 13.75
-0.27360312 -6.2665418 13.75
0.27523099 -6.303826 13.75
0.82707635 -6.2822686 13.75
1.3631211 -6.1486421 13.75
1.8902115 -5.994985 13.75
2.4199323 -5.8422334 13.75
2.9190563 -5.607455 13.75
3.3698002 -5.2895268 13.75
3.795932 -4.9469549 13.75
4.2011439 -4.5847441 13.75
4.5815862 -4.1982502 13.75
4.9509845 -3.799024 13.75
5.3020665 -3.3777889 13.75
5.5133953 -2.8700919 13.75
5.7102418 -2.3652596 13.75
5.9277713 -1.8690191 13.75
6.097342 -1.3517482 13.75
6.1479072 -0.80938733 13.75
6.2315771 -0.27207653 13.75
6.3074135 0.27538762 14
6.2170769 0.8184937 14
6.1165085 1.3559973 14
5.9833186 1.8865331 14
5.8179485 2.4098732 14
5.5752915 2.902313 14
5.2903804 3.370344 14
5.0033163 3.8391796 14
4.6468808 4.2580817 14
4.2376555 4.6245895 14
3.8268342 4.9872275 14
3.3846419 5.3128236 14
2.8862156 5.5443685 14
2.4046811 5.8054138 14
1.8935766 6.0056578 14
1.3719981 6.1886836 14
0.81756483 6.2100214 14
0.27268302 6.2454679 14
-0.27486375 6.2954148 14
-0.81775534 6.2114685 14
-1.3513842 6.0957002 14
-1.874674 5.9457063 14
-2.397293 5.7875773 14
-2.8774206 5.5274735 14
-3.3398883 5.2425746 14
-3.7841522 4.9316032 14
-4.1846125 4.5667032 14
-4.5862718 4.2025438 14
-4.9086901 3.7665704 14
-5.2611524 3.3517238 14
-5.6547157 2.9436587 14
-5.8221611 2.4116181 14
-5.9617887 1.8797447 14
-6.0867744 1.3494054 14
-6.2289203 0.82005291 14
-6.2833911 0.27433878 14
-6.2479056 -0.27278945 14
-6.2575112 -0.82381698 14
-6.1513948 -1.3637314 14
-5.9389922 -1.872557 14
-5.8002012 -2.402522 14
-5.5960989 -2.9131447 14
-5.3322259 -3.3970025 14
-5.0018476 -3.8380526 14
-4.6434907 -4.2549753 14
-4.2251537 -4.6109461 14
-3.8136606 -4.9700593 14
-3.3740169 -5.2961457 14
-2.8983966 -5.5677682 14
-2.4075259 -5.8122816 14
-1.88575 -5.9808349 14
-1.369351 -6.1767432 14
-0.82647401 -6.2776933 14
-0.27571037 -6.3148056 14
0.27500321 -6.298609 14
0.82395835 -6.2585851 14
1.3629432 -6.1478396 14
1.892196 -6.001279 14
2.4209457 -5.84468 14
2.9082496 -5.5866955 14
3.3561253 -5.2680616 14
3.8086834 -4.9635728 14
4.2102721 -4.5947057 14
4.5967502 -4.2121455 14
4.9509828 -3.7990227 14
5.2979062 -3.3751385 14
5.5196079 -2.873326 14
5.7055379 -2.3633112 14
5.9370552 -1.8719463 14
6.0924992 -1.3506746 14
6.14992 -0.80965233 14
6.233452 -0.27215839 14
6.2860934 0.27445677 14.25
6.2049942 0.81690299 14.25
6.102914 1.3529835 14.25
5.9853249 1.8871657 14.25
5.8108267 2.4069232 14.25
5.5705244 2.8998314 14.25
5.292573 3.3717409 14.25
4.9832414 3.8237756 14.25
4.6349745 4.2471716 14.25
4.2248198 4.6105818 14.25
3.8226614 4.9817894 14.25
3.3950562 5.3291708 14.25
2.8854574 5.5429121 14.25
2.4024641 5.8000613 14.25
1.899535 6.0245552 14.25
1.3770983 6.2116889 14.25
0.81654762 6.2022949 14.25
0.27286316 6.2495939 14.25
-0.27437632 6.284251 14.25
-0.81500148 6.1905508 14.25
-1.3495944 6.0876269 14.25
-1.880624 5.9645775 14.25
-2.4090128 5.8158715 14.25
-2.8698375 5.5129066 14.25
-3.3267049 5.2218807 14.25
-3.7834821 4.9307299 14.25
-4.1992861 4.5827166 14.25
-4.5920529 4.2078412 14.25
-4.9210348 3.7760428 14.25
-5.2486553 3.3437622 14.25
-5.6410835 2.9365622 14.25
-5.8251045 2.4128373 14.25
-5.9405746 1.873056 14.25
-6.0947439 1.3511722 14.25
-6.2124378 0.81788295 14.25
-6.2746786 0.27395839 14.25
-6.2425631 -0.27255619 14.25
-6.2660071 -0.82493549 14.25
-6.1214972 -1.3571033 14.25
-5.9439881 -1.8741322 14.25
-5.7894466 -2.3980673 14.25
-5.585084 -2.9074107 14.25
-5.3148056 -3.3859046 14.25
-4.9910031 -3.8297314 14.25
-4.6418968 -4.2535148 14.25
-4.2286831 -4.6147978 14.25
-3.8111709 -4.9668146 14.25
-3.3781556 -5.3026421 14.25
-2.8971628 -5.5653979 14.25
-2.4069177 -5.8108134 14.25
-1.8891733 -5.9916922 14.25
-1.371746 -6.1875463 14.25
-0.82915889 -6.298087 14.25
-0.27646723 -6.3321407 14.25
0.275526 -6.310583 14.25
0.82329992 -6.2535838 14.25
1.356752 -6.119913 14.25
1.8911886 -5.998084 14.25
2.4232111 -5.8501491 14.25
2.8968253 -5.5647496 14.25
3.3531717 -5.2634252 14.25
3.8198632 -4.9781426 14.25
4.2397132 -4.6268351 14.25
4.6036941 -4.2185084 14.25
4.958688 -3.8049351 14.25
5.29174 -3.3712102 14.25
5.5201279 -2.8735967 14.25
5.7146838 -2.3670995 14.25
5.9413239 -1.8732922 14.25
6.0819541 -1.3483368 14.25
6.1708847 -0.81241238 14.25
6.2654959 -0.27355746 14.25
6.2849417 0.27440648 14.5
6.213646 0.81804201 14.5
6.0800798 1.3479212 14.5
5.9988414 1.8914274 14.5
5.8042476 2.4041981 14.5
5.5746511 2.9019797 14.5
5.2956923 3.3737281 14.5
4.9818286 3.8226915 14.5
4.6315863 4.2440669 14.5
4.2365881 4.6234246 14.5
3.8393318 5.0035146 14.5
3.3958267 5.3303803 14.5
2.885821 5.5436106 14.5
2.4011218 5.7968208 14.5
1.8926328 6.0026643 14.5
1.3671165 6.1666638 14.5
0.81664615 6.2030433 14.5
0.27225607 6.2356893 14.5
-0.27359696 6.2664005 14.5
-0.81260781 6.1723691 14.5
-1.3436715 6.0609103 14.5
-1.8801277 5.9630034 14.5
-2.4155012 5.8315357 14.5
-2.8688512 5.5110119 14.5
-3.3155284 5.2043371 14.5
-3.777209 4.9225546 14.5
-4.212426 4.5970563 14.5
-4.5734519 4.1907966 14.5
-4.942413 3.7924469 14.5
-5.2463286 3.3422799 14.5
-5.6348243 2.9333039 14.5
-5.8099898 2.4065766 14.5
-5.9485751 1.8755785 14.5
-6.0923259 1.3506361 14.5
-6.1951028 0.81560076 14.5
-6.2763053 0.27402941 14.5
-6.3034968 -0.27521661 14.5
-6.2966359 -0.82896784 14.5
-6.1648759 -1.3667201 14.5
-5.9642862 -1.8805322 14.5
-5.7548761 -2.3837477 14.5
-5.5784685 -2.9039669 14.5
-5.2932169 -3.372151 14.5
-4.9831361 -3.8236948 14.5
-4.6320466 -4.2444887 14.5
-4.2398052 -4.6269354 14.5
-3.805831 -4.9598556 14.5
-3.3829285 -5.310134 14.5
-2.9059936 -5.5823618 14.5
-2.409633 -5.8173687 14.5
-1.8967447 -6.0157055 14.5
-1.3779514 -6.2155369 14.5
-0.82885396 -6.2957709 14.5
-0.27497834 -6.2980395 14.5
0.27452815 -6.2877285 14.5
0.82344858 -6.254713 14.5
1.3527802 -6.101997 14.5
1.8929299 -6.0036067 14.5
2.4236441 -5.8511944 14.5
2.8908903 -5.5533485 14.5
3.3471559 -5.2539823 14.5
3.8101258 -4.9654527 14.5
4.2628272 -4.6520596 14.5
4.6118176 -4.2259523 14.5
4.9635709 -3.8086819 14.5
5.2632884 -3.3530845 14.5
5.5174784 -2.8722175 14.5
5.7249047 -2.3713332 14.5
5.9409765 -1.8731827 14.5
6.0624019 -1.3440022 14.5
6.1566189 -0.81053425 14.5
6.2393783 -0.27241714 14.5
6.292895 0.27475373 14.75
6.2241544 0.81942548 14.75
6.0824067 1.3484371 14.75
5.9917775 1.8892002 14.75
5.7997529 2.4023363 14.75
5.5804575 2.9050023 14.75
5.30787 3.3814861 14.75
4.9943937 3.8323331 14.75
4.6444663 4.2558692 14.75
4.2519305 4.6401679 14.75
3.8459174 5.0120971 14.75
3.3831968 5.3105553 14.75
2.8873139 5.5464785 14.75
2.3936899 5.7788787 14.75
1.8917333 5.9998114 14.75
1.3633043 6.1494682 14.75
0.81736028 6.2084677 14.75
0.27219166 6.234214 14.75
-0.27313165 6.2557433 14.75
-0.81126107 6.1621396 14.75
-1.3420289 6.053501 14.75
-1.8929472 6.0036616 14.75
-2.4050053 5.8061964 14.75
-2.8687041 5.5107294 14.75
-3.3094591 5.1948103 14.75
-3.7704635 4.9137637 14.75
-4.2122805 4.5968976 14.75
-4.592113 4.2078963 14.75
-4.9176912 3.7734771 14.75
-5.2621172 3.3523384 14.75
-5.5503874 2.8893488 14.75
-5.8068892 2.4052923 14.75
-5.9873592 1.8878071 14.75
-6.1199332 1.3567565 14.75
-6.1981223 0.81599828 14.75
-6.2684629 0.273687 14.75
-6.3017595 -0.27514076 14.75
-6.3061986 -0.83022679 14.75
-6.1644557 -1.3666269 14.75
-5.9577345 -1.8784665 14.75
-5.7468614 -2.3804279 14.75
-5.5590928 -2.8938806 14.75
-5.2882916 -3.3690133 14.75
-4.9754642 -3.817808 14.75
-4.6258517 -4.2388121 14.75
-4.2279577 -4.6140062 14.75
-3.8079831 -4.9626602 14.75
-3.3805822 -5.3064511 14.75
-2.9114768 -5.5928949 14.75
-2.4174659 -5.8362789 14.75
-1.8959769 -6.0132706 14.75
-1.3783037 -6.2171262 14.75
-0.83106139 -6.3125379 14.75
-0.27417419 -6.2796214 14.75
0.27305184 -6.2539154 14.75
0.82247106 -6.2472879 14.75
1.3557321 -6.1153123 14.75
1.8881025 -5.988296 14.75
2.4179105 -5.8373524 14.75
2.8888036 -5.54934 14.75
3.3349909 -5.2348871 14.75
3.8220306 -4.9809673 14.75
4.2350589 -4.6217558 14.75
4.6338841 -4.2461724 14.75
4.9488426 -3.7973805 14.75
5.248244 -3.3435002 14.75
5.524551 -2.8758992 14.75
5.7410997 -2.3780414 14.75
5.9390827 -1.8725856 14.75
6.0571343 -1.3428343 14.75
6.1529049 -0.8100453 14.75
6.2127607 -0.27125499 14.75
6.2928113 0.27475007 15
6.2225648 0.81921619 15
6.0990337 1.3521232 15
5.9915591 1.8891313 15
5.7892844 2.3980001 15
5.5787317 2.9041039 15
5.316923 3.3872535 15
4.9876 3.8271201 15
4.6464598 4.257696 15
4.2446535 4.6322264 15
3.8606449 5.0312903 15
3.3766203 5.3002322 15
2.8901563 5.5519386 15
2.3950015 5.782045 15
1.8923197 6.0016714 15
1.3637343 6.1514078 15
0.81840456 6.2163998 15
0.27246545 6.2404848 15
-0.27309172 6.2548286 15
-0.81199144 6.1676873 15
-1.3423502 6.0549504 15
-1.8792644 5.9602654 15
-2.3970524 5.7869964 15
-2.8556848 5.4857195 15
-3.2972378 5.1756266 15
-3.7757353 4.9206341 15
-4.1988747 4.5822676 15
-4.6106202 4.224855 15
-4.9080766 3.7660996 15
-5.2205328 3.3258462 15
-5.588051 2.9089552 15
-5.8071952 2.405419 15
-5.9959534 1.8905168 15
-6.1563317 1.3648259 15
-6.2172151 0.81851189 15
-6.2837944 0.27435639 15
-6.2821615 -0.2742851 15
-6.2629062 -0.82452725 15
-6.1791764 -1.3698904 15
-5.9604658 -1.8793276 15
-5.768059 -2.3892083 15
-5.5690822 -2.8990807 15
-5.2876284 -3.3685908 15
-4.9756879 -3.8179796 15
-4.6221531 -4.235423 15
-4.2329764 -4.6194831 15
-3.814507 -4.9711623 15
-3.3850442 -5.313455 15
-2.9150474 -5.599754 15
-2.4235323 -5.8509246 15
-1.901782 -6.031682 15
-1.3735499 -6.1956833 15
-0.8263788 -6.2769702 15
-0.27277429 -6.2475584 15
0.27191645 -6.2279105 15
0.8212801 -6.2382417 15
1.3504766 -6.0916063 15
1.8919687 -6.0005582 15
2.4058479 -5.8082306 15
2.8837811 -5.539692 15
3.3336979 -5.2328575 15
3.8110717 -4.9666854 15
4.2335845 -4.6201467 15
4.6371797 -4.2491923 15
4.9482655 -3.7969377 15
5.2339695 -3.3344063 15
5.5146063 -2.8707223 15
5.7401191 -2.3776352 15
5.9176907 -1.8658407 15
6.0728481 -1.346318 15
6.1595322 -0.8109178 15
6.2087126 -0.27107824 15
6.2949551 0.27484368 15.25
6.2315488 0.82039896 15.25
6.104977 1.3534408 15.25
6.0059127 1.893657 15.25
5.8100868 2.4066167 15.25
5.5786495 2.9040611 15.25
5.3128137 3.3846356 15.25
4.9963024 3.8337977 15.25
4.6491802 4.2601888 15.25
4.24706 4.6348526 15.25
3.8419759 5.0069605 15.25
3.371842 5.2927318 15.25
2.8956928 5.562574 15.25
2.3962989 5.7851774 15.25
1.8897634 5.9935639 15.25
1.3633559 6.1497012 15.25
0.81879498 6.2193653 15.25
0.27327107 6.2589366 15.25
-0.27308994 6.2547881 15.25
-0.81518803 6.1919678 15.25
-1.3411961 6.0497445 15.25
-1.8749606 5.9466154 15.25
-2.3786961 5.7426803 15.25
-2.8476192 5.4702256 15.25
-3.3003293 5.1804793 15.25
-3.7704367 4.9137287 15.25
-4.2020358 4.5857174 15.25
-4.6393116 4.2511458 15.25
-4.8908718 3.752898 15.25
-5.1996439 3.3125385 15.25
-5.5888069 2.9093487 15.25
-5.8334134 2.4162789 15.25
-5.9564897 1.878074 15.25
-6.1110776 1.3547933 15.25
-6.2325498 0.82053075 15.25
-6.2957581 0.27487874 15.25
-6.24662 -0.27273332 15.25
-6.2173757 -0.81853304 15.25
-6.1644994 -1.3666366 15.25
-5.9946652 -1.8901107 15.25
-5.7761828 -2.3925732 15.25
-5.571466 -2.9003216 15.25
-5.288891 -3.3693952 15.25
-4.9667906 -3.8111524 15.25
-4.6265716 -4.2394718 15.25
-4.2466599 -4.6344161 15.25
-3.8168755 -4.974249 15.25
-3.3832434 -5.3106283 15.25
-2.9092795 -5.588674 15.25
-2.4147553 -5.829735 15.25
-1.8998976 -6.0257053 15.25
-1.3651951 -6.1579974 15.25
-0.82380332 -6.2574074 15.25
-0.27167604 -6.2224042 15.25
0.27027653 -6.1903503 15.25
0.81811797 -6.214223 15.25
1.3487699 -6.0839077 15.25
1.8873663 -5.9859611 15.25
2.4061064 -5.8088546 15.25
2.8747101 -5.5222668 15.25
3.3412356 -5.2446894 15.25
3.82159 -4.9803931 15.25
4.2380674 -4.625039 15.25
4.6325711 -4.2449693 15.25
4.9398752 -3.7904996 15.25
5.2274662 -3.3302632 15.25
5.5115336 -2.8691228 15.25
5.7401981 -2.3776679 15.25
5.9229625 -1.8675029 15.25
6.086815 -1.3494144 15.25
6.157256 -0.81061813 15.25
6.2226433 -0.27168647 15.25
6.2756559 0.27400105 15.5
6.2399532 0.82150542 15.5
6.1108684 1.3547469 15.5
5.9721871 1.8830234 15.5
5.8267932 2.4135368 15.5
5.5675026 2.8982584 15.5
5.3232229 3.391267 15.5
5.0090498 3.8435791 15.5
4.6537553 4.264381 15.5
4.2536706 4.6420669 15.5
3.8231769 4.9824612 15.5
3.3749363 5.2975888 15.5
2.9009443 5.5726622 15.5
2.397317 5.7876351 15.5
1.8959509 6.0131882 15.5
1.3545464 6.1099639 15.5
0.81270219 6.173086 15.5
0.27295548 6.2517082 15.5
-0.27273065 6.246559 15.5
-0.81378736 6.1813287 15.5
-1.345823 6.0706154 15.5
-1.8750599 5.9469301 15.5
-2.3722863 5.7272057 15.5
-2.8483091 5.4715508 15.5
-3.3190834 5.2099173 15.5
-3.7781286 4.9237531 15.5
-4.2003075 4.5838313 15.5
-4.6002179 4.2153231 15.5
-4.9035807 3.7626498 15.5
-5.2165516 3.3233099 15.5
-5.5817428 2.9056714 15.5
-5.8206593 2.410996 15.5
-5.9779859 1.8848517 15.5
-6.1033927 1.3530896 15.5
-6.2444084 0.82209196 15.5
-6.2653281 0.27355013 15.5
-6.1908034 -0.27029631 15.5
-6.1797437 -0.81357869 15.5
-6.1662203 -1.3670181 15.5
-5.9734177 -1.8834114 15.5
-5.7720633 -2.3908669 15.5
-5.5383807 -2.8830985 15.5
-5.2834631 -3.3659372 15.5
-4.95704 -3.8036706 15.5
-4.6457952 -4.2570869 15.5
-4.2630248 -4.6522752 15.5
-3.8151594 -4.9720125 15.5
-3.3816914 -5.3081922 15.5
-2.9025479 -5.5757427 15.5
-2.4016155 -5.7980128 15.5
-1.8919835 -6.000605 15.5
-1.3572115 -6.1219852 15.5
-0.81970727 -6.2262948 15.5
-0.27101998 -6.2073781 15.5
0.26958905 -6.1746043 15.5
0.81595052 -6.1977595 15.5
1.347053 -6.0761636 15.5
1.8814909 -5.9673267 15.5
2.4042338 -5.8043337 15.5
2.8788903 -5.5302969 15.5
3.3536613 -5.2641937 15.5
3.8088995 -4.9638544 15.5
4.227634 -4.6136529 15.5
4.6261456 -4.2390814 15.5
4.9387139 -3.7896085 15.5
5.2289289 -3.3311951 15.5
5.5129704 -2.8698708 15.5
5.7242519 -2.3710628 15.5
5.9126758 -1.8642595 15.5
6.079591 -1.3478129 15.5
6.1460849 -0.80914742 15.5
6.2343398 -0.27219715 15.5
6.2822675 0.27428972 15.75
6.2332742 0.82062612 15.75
6.1316034 1.3593438 15.75
6.0054761 1.8935194 15.75
5.8153341 2.4087902 15.75
5.5529254 2.89067 15.75
5.3133878 3.3850013 15.75
5.0070451 3.8420408 15.75
4.6473378 4.2585005 15.75
4.2498693 4.6379185 15.75
3.8264394 4.9867129 15.75
3.3887289 5.3192389 15.75
2.8986738 5.5683006 15.75
2.3996429 5.7932504 15.75
1.8947059 6.0092395 15.75
1.3539672 6.1073514 15.75
0.81101317 6.1602566 15.75
0.27181255 6.2255309 15.75
-0.2727746 6.2475656 15.75
-0.81236181 6.1705006 15.75
-1.3500498 6.0896809 15.75
-1.8738361 5.9430489 15.75
-2.3702334 5.7222497 15.75
-2.8518689 5.4783892 15.75
-3.3421973 5.2461989 15.75
-3.7871964 4.9355705 15.75
-4.1927697 4.5756052 15.75
-4.5901122 4.2060629 15.75
-4.9211762 3.7761513 15.75
-5.1704733 3.2939548 15.75
-5.5433727 2.8856972 15.75
-5.8178354 2.4098263 15.75
-6.0106627 1.8951547 15.75
-6.0944146 1.3510992 15.75
-6.25178 0.82306246 15.75
-6.2795865 0.27417267 15.75
-6.2278249 -0.27191271 15.75
-6.2200621 -0.81888671 15.75
-6.1460931 -1.362556 15.75
-5.9403227 -1.8729766 15.75
-5.7613437 -2.3864267 15.75
-5.5439827 -2.8860147 15.75
-5.3119099 -3.3840598 15.75
-4.955456 -3.8024551 15.75
-4.6331386 -4.2454894 15.75
-4.2597452 -4.6486962 15.75
-3.8090262 -4.9640196 15.75
-3.3655094 -5.2827916 15.75
-2.9001697 -5.5711742 15.75
-2.3912238 -5.772925 15.75
-1.8831222 -5.9725006 15.75
-1.3514324 -6.0959176 15.75
-0.81570579 -6.1959006 15.75
-0.27171567 -6.2233121 15.75
0.26991139 -6.1819873 15.75
0.81562436 -6.1952821 15.75
1.3476236 -6.0787373 15.75
1.8760722 -5.950141 15.75
2.4199985 -5.8423931 15.75
2.8877676 -5.5473499 15.75
3.3557844 -5.2675264 15.75
3.7946265 -4.9452536 15.75
4.1937566 -4.5766823 15.75
4.6267817 -4.2396643 15.75
4.9583431 -3.8046705 15.75
5.261996 -3.3522611 15.75
5.5000067 -2.8631223 15.75
5.7045845 -2.3629163 15.75
5.9133264 -1.8644646 15.75
6.0711922 -1.3459509 15.75
6.1067544 -0.80396947 15.75
6.2375215 -0.27233607 15.75
6.2864795 0.27447362 16
6.2317068 0.82041977 16
6.140372 1.3612877 16
6.0091693 1.8946838 16
5.8077541 2.4056505 16
5.553464 2.8909504 16
5.2968112 3.3744409 16
4.9894007 3.8285018 16
4.6413964 4.2530562 16
4.2479379 4.6358108 16
3.8323504 4.9944163 16
3.3940361 5.3275695 16
2.8901575 5.551941 16
2.3867751 5.7621848 16
1.8798778 5.9622107 16
1.354675 6.1105442 16
0.81319217 6.1768078 16
0.2714971 6.218306 16
-0.27269575 6.2457596 16
-0.81244777 6.1711535 16
-1.3546143 6.1102702 16
-1.8807882 5.9650979 16
-2.3857928 5.7598134 16
-2.850279 5.475335 16
-3.3517744 5.2612319 16
-3.7811402 4.9276779 16
-4.1991894 4.5826111 16
-4.5866226 4.2028653 16
-4.9241702 3.7784487 16
-5.1889053 3.3056973 16
-5.562999 2.895914 16
-5.8402895 2.4191271 16
-6.0133132 1.8959904 16
-6.1229454 1.3574243 16
-6.2540457 0.82336073 16
-6.3034063 0.27521266 16
-6.2869599 -0.2744946 16
-6.3381564 -0.83443412 16
-6.0717594 -1.3460767 16
-5.9384171 -1.8723757 16
-5.7769001 -2.3928704 16
-5.5609184 -2.8948309 16
-5.3001859 -3.3765908 16
-4.9801344 -3.8213916 16
-4.6232661 -4.2364429 16
-4.2487596 -4.6367075 16
-3.8054783 -4.9593958 16
-3.3712469 -5.2917976 16
-2.8868349 -5.5455582 16
-2.3887683 -5.7669968 16
-1.8847665 -5.9777157 16
-1.3576973 -6.1241765 16
-0.81352766 -6.179356 16
-0.27048806 -6.1951952 16
0.27048797 -6.1951931 16
0.8154254 -6.1937708 16
1.3488829 -6.0844177 16
1.8795881 -5.9612917 16
2.4153049 -5.8310619 16
2.8923468 -5.5561465 16
3.3477886 -5.2549754 16
3.7915901 -4.9412965 16
4.2077642 -4.5919689 16
4.595184 -4.2107104 16
4.9624401 -3.8078142 16
5.270557 -3.3577151 16
5.5057993 -2.8661377 16
5.7029269 -2.3622297 16
5.8949764 -1.8586789 16
6.0475842 -1.3407171 16
6.1182837 -0.80548732 16
6.2028807 -0.27082362 16
6.2774661 0.27408009 16.25
6.1999044 0.8162329 16.25
6.1187422 1.3564925 16.25
6.0209848 1.8984092 16.25
5.8006488 2.4027074 16.25
5.5685239 2.8987901 16.25
5.3001635 3.3765765 16.25
4.9921095 3.8305803 16.25
4.636236 4.2483276 16.25
4.2377897 4.6247359 16.25
3.8253791 4.9853311 16.25
3.3846054 5.3127663 16.25
2.8808725 5.5341046 16.25
2.3833588 5.7539371 16.25
1.8843659 5.9764452 16.25
1.3548635 6.1113942 16.25
0.81365669 6.1803361 16.25
0.27232516 6.2372715 16.25
-0.27371058 6.269003 16.25
-0.81339908 6.1783794 16.25
-1.3572647 6.1222255 16.25
-1.8789459 5.9592552 16.25
-2.3901245 5.7702709 16.25
-2.8510863 5.4768858 16.25
-3.3355418 5.2357518 16.25
-3.7792452 4.9252082 16.25
-4.1960697 4.5792066 16.25
-4.5704919 4.1880842 16.25
-4.9334665 3.785582 16.25
-5.2061614 3.3166906 16.25
-5.5535326 2.8909861 16.25
-5.8463286 2.4216286 16.25
-5.9978212 1.8911058 16.25
-6.1177549 1.3562736 16.25
-6.2336512 0.82067575 16.25
-6.3001341 0.27506979 16.25
-6.2513121 -0.27293818 16.25
-6.2959336 -0.82887539 16.25
-6.0983503 -1.3519717 16.25
-5.943641 -1.8740228 16.25
-5.8353682 -2.4170886 16.25
-5.5910407 -2.9105116 16.25
-5.3287818 -3.3948084 16.25
-4.999251 -3.8360602 16.25
-4.6550463 -4.265564 16.25
-4.245483 -4.6331317 16.25
-3.80942 -4.9645329 16.25
-3.3646089 -5.281378 16.25
-2.9060817 -5.582531 16.25
-2.381616 -5.7497297 16.25
-1.8758015 -5.9492821 16.25
-1.3502572 -6.0906165 16.25
-0.81446441 -6.1864714 16.25
-0.2700927 -6.1861399 16.25
0.26984821 -6.1805402 16.25
0.80931924 -6.14739 16.25
1.3485177 -6.0827704 16.25
1.8756764 -5.9488856 16.25
2.4111078 -5.8209292 16.25
2.8751208 -5.5230556 16.25
3.3236041 -5.2170134 16.25
3.7836489 -4.9309473 16.25
4.2024129 -4.5861289 16.25
4.5846068 -4.2010181 16.25
4.9582962 -3.8046345 16.25
5.2715812 -3.3583676 16.25
5.5172328 -2.8720896 16.25
5.6997831 -2.3609274 16.25
5.9174655 -1.8657697 16.25
6.0416979 -1.3394122 16.25
6.1377909 -0.80805551 16.25
6.1858608 -0.27008051 16.25
6.2576517 0.27321498 16.5
6.1763159 0.81312742 16.5
6.101388 1.3526452 16.5
6.0209773 1.8984069 16.5
5.7977294 2.4014982 16.5
5.5561038 2.8923246 16.5
5.3017023 3.3775569 16.5
4.9856319 3.8256099 16.5
4.6257167 4.2386885 16.5
4.2112582 4.5957819 16.5
3.8120508 4.9679613 16.5
3.3618063 5.2769789 16.5
2.8824134 5.5370646 16.5
2.3849759 5.7578411 16.5
1.889775 5.9936006 16.5
1.3553257 6.113479 16.5
0.81460837 6.1875649 16.5
0.27293692 6.2512832 16.5
-0.27302996 6.2534141 16.5
-0.81148385 6.1638318 16.5
-1.3567307 6.1198169 16.5
-1.8765105 5.9515311 16.5
-2.3771288 5.7388966 16.5
-2.8549107 5.4842325 16.5
-3.3197774 5.2110068 16.5
-3.7628276 4.9038124 16.5
-4.1879309 4.5703246 16.5
-4.5692588 4.1869543 16.5
-4.9242475 3.778508 16.5
-5.2151416 3.3224116 16.5
-5.5698691 2.8994903 16.5
-5.8221139 2.4115985 16.5
-5.9885742 1.8881902 16.5
-6.1306222 1.3591262 16.5
-6.219558 0.81882035 16.5
-6.2805279 0.27421377 16.5
-6.2984367 -0.27499568 16.5
-6.2690413 -0.82533495 16.5
-6.1324527 -1.359532 16.5
-5.9849763 -1.8870558 16.5
-5.8596838 -2.4271605 16.5
-5.6034493 -2.9169711 16.5
-5.349364 -3.4079207 16.5
-4.9903043 -3.8291951 16.5
-4.6745799 -4.2834633 16.5
-4.2449621 -4.6325632 16.5
-3.8227312 -4.9818803 16.5
-3.362715 -5.2784052 16.5
-2.9021407 -5.5749605 16.5
-2.3749563 -5.7336516 16.5
-1.8689836 -5.9276588 16.5
-1.3403613 -6.0459791 16.5
-0.8120884 -6.1684238 16.5
-0.26966138 -6.176261 16.5
0.26935521 -6.1692487 16.5
0.80782873 -6.1360684 16.5
1.3402436 -6.0454483 16.5
1.8719306 -5.9370055 16.5
2.4008147 -5.7960795 16.5
2.8800808 -5.5325838 16.5
3.3313787 -5.229217 16.5
3.7607849 -4.9011503 16.5
4.2025704 -4.5863008 16.5
4.6082352 -4.2226695 16.5
4.9536782 -3.801091 16.5
5.2742204 -3.360049 16.5
5.4843133 -2.8549528 16.5
5.710311 -2.3652883 16.5
5.9197327 -1.8664846 16.5
6.0691785 -1.3455045 16.5
6.132933 -0.80741594 16.5
6.1492135 -0.26848046 16.5
6.2164856 0.27141762 16.75
6.1829523 0.81400111 16.75
6.1230375 1.3574447 16.75
5.9943105 1.8899989 16.75
5.7983795 2.4017674 16.75
5.5377559 2.8827732 16.75
5.2770797 3.3618705 16.75
4.9835444 3.8240081 16.75
4.6036609 4.218478 16.75
4.2223702 4.6079085 16.75
3.8125665 4.9686335 16.75
3.3602888 5.2745968 16.75
2.8861887 5.5443168 16.75
2.385606 5.7593624 16.75
1.896289 6.0142605 16.75
1.3568329 6.1202776 16.75
0.81383239 6.1816707 16.75
0.27247189 6.2406323 16.75
-0.27242556 6.2395713 16.75
-0.81300079 6.1753541 16.75
-1.3588322 6.129296 16.75
-1.8711075 5.9343949 16.75
-2.3785672 5.7423693 16.75
-2.8447053 5.464628 16.75
-3.3048823 5.1876261 16.75
-3.7546986 4.8932185 16.75
-4.1906023 4.5732399 16.75
-4.5669824 4.1848683 16.75
-4.9032455 3.7623926 16.75
-5.2058966 3.3165219 16.75
-5.5740473 2.9016654 16.75
-5.8234841 2.4121661 16.75
-6.0115616 1.8954381 16.75
-6.1528974 1.3640645 16.75
-6.2458392 0.82228033 16.75
-6.2894324 0.27460255 16.75
-6.3512092 -0.27729978 16.75
-6.2829338 -0.82716392 16.75
-6.2071513 -1.3760923 16.75
-6.0140516 -1.8962232 16.75
-5.8836551 -2.4370898 16.75
-5.6190807 -2.9251083 16.75
-5.3661913 -3.4186409 16.75
-4.9992076 -3.8360269 16.75
-4.658394 -4.2686317 16.75
-4.2570297 -4.6457327 16.75
-3.8097508 -4.964964 16.75
-3.3669967 -5.2851262 16.75
-2.903536 -5.5776407 16.75
-2.3771291 -5.7388974 16.75
-1.8653299 -5.9160705 16.75
-1.3411675 -6.0496155 16.75
-0.80829751 -6.1396291 16.75
-0.26934468 -6.1690073 16.75
0.26876755 -6.1557889 16.75
0.81184492 -6.1665744 16.75
1.340649 -6.0472769 16.75
1.8663796 -5.9194 16.75
2.3941633 -5.7800214 16.75
2.8682802 -5.509915 16.75
3.3384811 -5.2403656 16.75
3.7815909 -4.9282652 16.75
4.2303946 -4.6166656 16.75
4.6023441 -4.2172714 16.75
4.9854563 -3.8254752 16.75
5.2446109 -3.3411857 16.75
5.4981691 -2.8621657 16.75
5.7090982 -2.3647859 16.75
5.901034 -1.8605889 16.75
6.0871512 -1.3494889 16.75
6.158708 -0.8108093 16.75
6.1492754 -0.26848316 16.75
6.2265825 0.27185846 17
6.1840182 0.81414144 17
6.117256 1.356163 17
5.9776415 1.8847431 17
5.7781501 2.3933882 17
5.5328811 2.8802356 17
5.2570214 3.349092 17
4.9779009 3.8196777 17
4.5975341 4.2128638 17
4.2267659 4.6127055 17
3.8079586 4.9626283 17
3.3678305 5.2864349 17
2.8913737 5.5542772 17
2.3782713 5.7416549 17
1.9027071 6.034616 17
1.3546974 6.1106453 17
0.80974186 6.1506001 17
0.27182543 6.225826 17
-0.27197959 6.2293568 17
-0.81329894 6.1776188 17
-1.3595141 6.132372 17
-1.8760247 5.9499901 17
-2.3807135 5.7475508 17
-2.8537189 5.481943 17
-3.3013216 5.1820368 17
-3.7515568 4.889124 17
-4.19423 4.5771988 17
-4.5874594 4.203632 17
-4.9178935 3.7736324 17
-5.2254354 3.3289695 17
-5.5333261 2.8804673 17
-5.798726 2.4019109 17
-6.0000268 1.8918012 17
-6.159509 1.3655303 17
-6.2711767 0.82561607 17
-6.3142669 0.27568685 17
-6.3887922 -0.27894069 17
-6.3398774 -0.83466069 17
-6.2147931 -1.3777865 17
-6.0430521 -1.905367 17
-5.8535272 -2.4246103 17
-5.6147378 -2.9228475 17
-5.3645923 -3.4176222 17
-4.9886115 -3.8278963 17
-4.6488144 -4.2598536 17
-4.2579711 -4.6467601 17
-3.8089046 -4.9638611 17
-3.3710381 -5.2914699 17
-2.8998849 -5.570627 17
-2.3667353 -5.7138046 17
-1.8597695 -5.8984353 17
-1.3335917 -6.0154433 17
-0.80845296 -6.1408099 17
-0.26926831 -6.1672582 17
0.26889871 -6.1587931 17
0.80559669 -6.1191144 17
1.3400927 -6.0447674 17
1.8722246 -5.9379379 17
2.4038294 -5.8033575 17
2.8718175 -5.5167101 17
3.3556009 -5.2672384 17
3.7981557 -4.9498528 17
4.2473308 -4.6351482 17
4.5947811 -4.2103411 17
4.9878838 -3.8273379 17
5.2417054 -3.3393347 17
5.5121039 -2.8694197 17
5.7291402 -2.3730876 17
5.9432418 -1.8738969 17
6.1014721 -1.3526638 17
6.188049 -0.8146721 17
6.1690367 -0.26934596 17
6.2293637 0.27197989 17.25
6.197451 0.8159099 17.25
6.1152865 1.3557264 17.25
5.9692161 1.8820866 17.25
5.7487938 2.3812283 17.25
5.5132437 2.870013 17.25
5.2629727 3.3528834 17.25
4.9943454 3.832296 17.25
4.5967944 4.212186 17.25
4.2142263 4.599021 17.25
3.8130877 4.9693127 17.25
3.3718313 5.292715 17.25
2.8953094 5.5618377 17.25
2.3608345 5.6995586 17.25
1.8868105 5.9841984 17.25
1.3577134 6.1242494 17.25
0.8106057 6.1571616 17.25
0.27176854 6.224523 17.25
-0.27164727 6.2217455 17.25
-0.8122769 6.1698556 17.25
-1.3474025 6.07774 17.25
-1.8761147 5.9502758 17.25
-2.3774756 5.7397339 17.25
-2.8452657 5.4657046 17.25
-3.313744 5.2015362 17.25
-3.7497218 4.8867325 17.25
-4.2159529 4.6009052 17.25
-4.5793628 4.1962129 17.25
-4.9194116 3.7747973 17.25
-5.2466123 3.3424607 17.25
-5.5295796 2.8785169 17.25
-5.80255 2.4034949 17.25
-6.0130753 1.8959154 17.25
-6.1701263 1.3678841 17.25
-6.3038017 0.82991123 17.25
-6.3394113 0.27678467 17.25
-6.3879369 -0.27890335 17.25
-6.2815788 -0.82698553 17.25
-6.1484775 -1.3630846 17.25
-5.985073 -1.8870863 17.25
-5.8213078 -2.4112646 17.25
-5.5826918 -2.9061654 17.25
-5.3306877 -3.3960226 17.25
-4.9856466 -3.8256212 17.25
-4.6453453 -4.2566748 17.25
-4.2689782 -4.6587722 17.25
-3.8063069 -4.9604758 17.25
-3.3588955 -5.2724099 17.25
-2.8944368 -5.5601614 17.25
-2.3695405 -5.7205767 17.25
-1.8635598 -5.9104565 17.25
-1.320886 -5.9581316 17.25
-0.81453558 -6.187012 17.25
-0.26864015 -6.152871 17.25
0.26862905 -6.1526168 17.25
0.80274871 -6.0974818 17.25
1.338181 -6.0361445 17.25
1.8561741 -5.887032 17.25
2.410964 -5.8205819 17.25
2.8717357 -5.516553 17.25
3.3386755 -5.2406707 17.25
3.8057355 -4.9597311 17.25
4.2506721 -4.6387946 17.25
4.6049745 -4.2196817 17.25
4.9810588 -3.8221009 17.25
5.2632044 -3.353031 17.25
5.5412805 -2.884608 17.25
5.7664718 -2.3885508 17.25
5.9617173 -1.8797223 17.25
6.1032038 -1.3530477 17.25
6.1993044 -0.8161539 17.25
6.2164867 -0.27141767 17.25
6.3090376 0.27545853 17.5
6.2212336 0.81904094 17.5
6.1073921 1.3539762 17.5
5.9521085 1.8766926 17.5
5.7132333 2.3664987 17.5
5.5064082 2.8664547 17.5
5.2656481 3.3545878 17.5
4.9940652 3.832081 17.5
4.5893292 4.2053454 17.5
4.2051444 4.5891098 17.5
3.8300836 4.9914621 17.5
3.3687885 5.2879387 17.5
2.9008511 5.572483 17.5
2.3740958 5.7315744 17.5
1.8830813 5.9723707 17.5
1.3571344 6.1216378 17.5
0.80990442 6.1518348 17.5
0.27279625 6.2480613 17.5
-0.27220629 6.234549 17.5
-0.8078519 6.1362444 17.5
-1.3437677 6.0613444 17.5
-1.8772367 5.9538342 17.5
-2.3718512 5.7261553 17.5
-2.827407 5.4313984 17.5
-3.3150413 5.2035725 17.5
-3.7477018 4.8841 17.5
-4.2159867 4.6009421 17.5
-4.5986759 4.2139101 17.5
-4.9328699 3.7851242 17.5
-5.2681292 3.3561685 17.5
-5.530162 2.8788201 17.5
-5.8322324 2.4157898 17.5
-6.0161988 1.8969002 17.5
-6.1820666 1.3705312 17.5
-6.3015138 0.82961003 17.5
-6.3554491 0.2774849 17.5
-6.3535819 -0.27740338 17.5
-6.2588875 -0.82399817 17.5
-6.116891 -1.3560821 17.5
-5.9286481 -1.8692956 17.5
-5.779394 -2.3939034 17.5
-5.530178 -2.8788285 17.5
-5.2732786 -3.359449 17.5
-4.9643073 -3.809247 17.5
-4.6512277 -4.262065 17.5
-4.2508416 -4.6389795 17.5
-3.7945952 -4.9452127 17.5
-3.3431321 -5.2476662 17.5
-2.8740977 -5.5210904 17.5
-2.3785149 -5.742243 17.5
-1.8691871 -5.9283041 17.5
-1.3354225 -6.0237015 17.5
-0.8114446 -6.1635337 17.5
-0.26876625 -6.1557592 17.5
0.26936187 -6.1694011 17.5
0.80463907 -6.1118405 17.5
1.3412071 -6.0497941 17.5
1.863838 -5.9113389 17.5
2.4059368 -5.8084453 17.5
2.8771442 -5.5269427 17.5
3.3401095 -5.2429217 17.5
3.7799959 -4.9261866 17.5
4.2279222 -4.6139675 17.5
4.5807198 -4.1974563 17.5
4.9987576 -3.8356816 17.5
5.2929165 -3.3719597 17.5
5.557707 -2.8931591 17.5
5.8128759 -2.407772 17.5
6.0110391 -1.8952734 17.5
6.1231945 -1.3574795 17.5
6.1966444 -0.81580371 17.5
6.2127048 -0.27125255 17.5
6.3136724 0.27566089 17.75
6.2518096 0.82306634 17.75
6.1587176 1.3653548 17.75
5.972527 1.8831305 17.75
5.7464294 2.380249 17.75
5.5375184 2.8826496 17.75
5.288721 3.3692868 17.75
4.9669718 3.8112915 17.75
4.5663414 4.184281 17.75
4.2026931 4.5864347 17.75
3.8263298 4.9865701 17.75
3.3611031 5.275875 17.75
2.8966767 5.5644642 17.75
2.3898284 5.7695561 17.75
1.8880665 5.9881818 17.75
1.3552446 6.1131133 17.75
0.80869352 6.1426372 17.75
0.27249791 6.2412283 17.75
-0.27315999 6.2563924 17.75
-0.8082088 6.1389553 17.75
-1.3412674 6.0500662 17.75
-1.8794441 5.960835 17.75
-2.3751594 5.7341421 17.75
-2.8444621 5.4641608 17.75
-3.3142847 5.2023849 17.75
-3.7559058 4.8947917 17.75
-4.2157157 4.6006464 17.75
-4.5903845 4.2063124 17.75
-4.9526721 3.800319 17.75
-5.3033246 3.3785904 17.75
-5.5502673 2.8892863 17.75
-5.8461418 2.4215512 17.75
-6.0224687 1.8988771 17.75
-6.1655293 1.3668649 17.75
-6.2343198 0.82076378 17.75
-6.3300412 0.27637557 17.75
-6.2424267 -0.27255023 17.75
-6.2005535 -0.81631836 17.75
-6.0892707 -1.3499588 17.75
-5.8916772 -1.8576387 17.75
-5.7618705 -2.3866449 17.75
-5.5046288 -2.8655284 17.75
-5.2458242 -3.3419586 17.75
-4.9696211 -3.8133244 17.75
-4.6235302 -4.2366848 17.75
-4.2406055 -4.6278088 17.75
-3.7797537 -4.925871 17.75
-3.3347084 -5.2344436 17.75
-2.8657576 -5.5050692 17.75
-2.3768438 -5.7382086 17.75
-1.8728909 -5.940051 17.75
-1.3464332 -6.0733676 17.75
-0.80995733 -6.1522367 17.75
-0.26870992 -6.154469 17.75
0.27032929 -6.1915586 17.75
0.80723825 -6.1315833 17.75
1.3456767 -6.0699554 17.75
1.8729693 -5.9402996 17.75
2.3841461 -5.755838 17.75
2.8838085 -5.5397446 17.75
3.3258212 -5.2204936 17.75
3.7938358 -4.944223 17.75
4.2168865 -4.6019241 17.75
4.5641085 -4.1822349 17.75
4.9657541 -3.8103571 17.75
5.299263 -3.3760028 17.75
5.5718205 -2.9005062 17.75
5.7956886 -2.4006528 17.75
5.9920475 -1.8892853 17.75
6.1437633 -1.3620395 17.75
6.2195425 -0.81881831 17.75
6.2268365 -0.27186955 17.75
6.3257967 0.27619025 18
6.2745175 0.8260559 18
6.1467846 1.3627093 18
5.9979662 1.8911515 18
5.7796374 2.3940042 18
5.5659691 2.8974601 18
5.310373 3.3830807 18
4.9589911 3.8051677 18
4.5766554 4.1937321 18
4.2142766 4.5990759 18
3.7983974 4.9501679 18
3.3584653 5.2717346 18
2.8931015 5.5575963 18
2.3998389 5.7937237 18
1.8938378 6.006486 18
1.356826 6.1202464 18
0.80926639 6.1469885 18
0.27239227 6.2388088 18
-0.27183744 6.2261011 18
-0.81038801 6.155508 18
-1.3446327 6.0652461 18
-1.8722183 5.9379178 18
-2.3834919 5.7542585 18
-2.8676242 5.5086549 18
-3.3173916 5.2072617 18
-3.7760795 4.9210826 18
-4.1640124 4.5442222 18
-4.5800129 4.1968086 18
-4.9026518 3.761937 18
-5.272612 3.3590243 18
-5.5718369 2.9005147 18
-5.8523453 2.4241208 18
-6.003469 1.8928865 18
-6.1468401 1.3627216 18
-6.2863418 0.8276126 18
-6.301794 0.27514227 18
-6.2911888 -0.27467924 18
-6.2024137 -0.81656325 18
-6.0841909 -1.3488326 18
-5.8916311 -1.8576242 18
-5.7411834 -2.378076 18
-5.4620376 -2.8433568 18
-5.2478214 -3.343231 18
-4.9754689 -3.8178115 18
-4.6159929 -4.2297782 18
-4.2407219 -4.6279359 18
-3.7825393 -4.9295012 18
-3.3289077 -5.2253384 18
-2.886267 -5.5444672 18
-2.3856839 -5.7595503 18
-1.8746811 -5.9457289 18
-1.3396656 -6.0428412 18
-0.81552503 -6.1945276 18
-0.26914957 -6.1645386 18
0.27122836 -6.2121507 18
0.81143238 -6.1634408 18
1.3477641 -6.0793712 18
1.8792244 -5.9601383 18
2.4012291 -5.79708 18
2.8894331 -5.5505493 18
3.3155958 -5.2044429 18
3.8061422 -4.9602611 18
4.2070208 -4.5911576 18
4.5892385 -4.2052623 18
4.9679345 -3.8120302 18
5.2905024 -3.3704218 18
5.501655 -2.8639803 18
5.7500946 -2.3817672 18
5.9497972 -1.8759639 18
6.1687914 -1.3675881 18
6.2206814 -0.81896825 18
6.2795409 -0.27417068 18
6.327337 0.2762575 18.25
6.2866827 0.82765748 18.25
6.1472117 1.362804 18.25
6.0058561 1.8936392 18.25
5.7723164 2.3909717 18.25
5.5922823 2.9111579 18.25
5.3443052 3.4046979 18.25
4.9887834 3.8280281 18.25
4.5818645 4.1985053 18.25
4.2232072 4.6088219 18.25
3.8250475 4.984899 18.25
3.3582758 5.2714371 18.25
2.8901572 5.5519404 18.25
2.3953044 5.7827765 18.25
1.8997413 6.0252098 18.25
1.3584664 6.127646 18.25
0.8138528 6.1818257 18.25
0.27308009 6.2545623 18.25
-0.27343154 6.2626118 18.25
-0.8116738 6.1652746 18.25
-1.3492048 6.0858695 18.25
-1.8706349 5.9328958 18.25
-2.3880209 5.7651923 18.25
-2.8642906 5.5022511 18.25
-3.3279621 5.2238541 18.25
-3.7870928 4.9354354 18.25
-4.1906284 4.5732684 18.25
-4.6031568 4.218016 18.25
-4.8499545 3.721501 18.25
-5.1932237 3.3084484 18.25
-5.5810773 2.905325 18.25
-5.8250809 2.4128275 18.25
-6.0023435 1.8925316 18.25
-6.1522245 1.3639153 18.25
-6.2693011 0.82536915 18.25
-6.2390245 0.27240169 18.25
-6.2940941 -0.27480609 18.25
-6.2378082 -0.82122303 18.25
-6.0673558 -1.3451004 18.25
-5.9212642 -1.8669674 18.25
-5.730208 -2.3735299 18.25
-5.4763786 -2.8508223 18.25
-5.1954541 -3.3098693 18.25
-4.9617755 -3.8073043 18.25
-4.6239619 -4.2370805 18.25
-4.2400199 -4.6271698 18.25
-3.8024887 -4.9554998 18.25
-3.3423345 -5.2464142 18.25
-2.9061714 -5.5827033 18.25
-2.3764174 -5.737179 18.25
-1.8711079 -5.9343962 18.25
-1.3487955 -6.0840233 18.25
-0.8229698 -6.2510763 18.25
-0.27137886 -6.2155977 18.25
0.2719531 -6.2287501 18.25
0.81368062 -6.1805179 18.25
1.3464345 -6.0733734 18.25
1.8818094 -5.9683368 18.25
2.4130391 -5.8255916 18.25
2.8886183 -5.5489842 18.25
3.3154718 -5.2042483 18.25
3.807122 -4.961538 18.25
4.1920628 -4.5748338 18.25
4.6066606 -4.2212267 18.25
4.9681936 -3.812229 18.25
5.2684458 -3.3563701 18.25
5.5036368 -2.865012 18.25
5.7573251 -2.3847621 18.25
5.9463012 -1.8748616 18.25
6.1033147 -1.3530723 18.25
6.1862343 -0.8144332 18.25
6.2446665 -0.27264803 18.25
6.3210622 0.27598354 18.5
6.2943533 0.82866733 18.5
6.1594152 1.3655095 18.5
5.9896898 1.888542 18.5
5.7980628 2.4016362 18.5
5.6132945 2.9220962 18.5
5.359161 3.4141621 18.5
5.035894 3.8641774 18.5
4.6049069 4.2196198 18.5
4.2437021 4.6311882 18.5
3.8398946 5.0042481 18.5
3.3940063 5.3275227 18.5
2.8976541 5.5663418 18.5
2.3976407 5.7884166 18.5
1.896612 6.0152847 18.5
1.3587951 6.1291286 18.5
0.81741582 6.2088895 18.5
0.27384833 6.272158 18.5
-0.2746256 6.2899605 18.5
-0.81260293 6.172332 18.5
-1.3532371 6.1040581 18.5
-1.8776664 5.9551969 18.5
-2.3697941 5.7211892 18.5
-2.8643018 5.5022725 18.5
-3.2971127 5.1754303 18.5
-3.7980876 4.9497641 18.5
-4.2177556 4.6028725 18.5
-4.5810841 4.1977901 18.5
-4.832909 3.7084215 18.5
-5.1886169 3.3055136 18.5
-5.5600919 2.8944006 18.5
-5.799977 2.4024291 18.5
-6.000287 1.8918832 18.5
-6.1498625 1.3633917 18.5
-6.2539963 0.82335423 18.5
-6.2424206 0.27254997 18.5
-6.2588138 -0.27326571 18.5
-6.2708755 -0.82557642 18.5
-6.1197167 -1.3567085 18.5
-5.9664732 -1.8812218 18.5
-5.7075702 -2.364153 18.5
-5.5045892 -2.8655078 18.5
-5.2367337 -3.3361673 18.5
-4.9742621 -3.8168855 18.5
-4.6374372 -4.2494283 18.5
-4.2357602 -4.6225211 18.5
-3.8083929 -4.9631943 18.5
-3.3485662 -5.2561961 18.5
-2.8870577 -5.5459863 18.5
-2.3706828 -5.7233345 18.5
-1.8688693 -5.9272961 18.5
-1.3597657 -6.1335067 18.5
-0.82114259 -6.2371972 18.5
-0.27234124 -6.23764 18.5
0.27147769 -6.2178613 18.5
0.81433582 -6.1854947 18.5
1.3483699 -6.0821036 18.5
1.8734335 -5.9417718 18.5
2.4028672 -5.8010347 18.5
2.8799904 -5.5324101 18.5
3.329319 -5.225984 18.5
3.8012588 -4.953897 18.5
4.2159068 -4.6008549 18.5
4.6175864 -4.2312383 18.5
4.9608867 -3.8066222 18.5
5.2531452 -3.3466226 18.5
5.4847005 -2.8551544 18.5
5.7540567 -2.3834083 18.5
5.9514191 -1.8764752 18.5
6.1030454 -1.3530126 18.5
6.165791 -0.81174179 18.5
6.2925425 -0.27473834 18.5
6.3354598 0.27661215 18.75
6.3024029 0.82972709 18.75
6.1950321 1.3734056 18.75
6.0274241 1.9004395 18.75
5.8092941 2.4062884 18.75
5.6165258 2.9237783 18.75
5.3553316 3.4117225 18.75
5.033699 3.8624931 18.75
4.6288921 4.2415981 18.75
4.2568139 4.6454972 18.75
3.844639 5.0104311 18.75
3.374702 5.2972211 18.75
2.9083725 5.5869316 18.75
2.3982404 5.7898644 18.75
1.8968494 6.0160375 18.75
1.3545506 6.1099827 18.75
0.81895267 6.2205631 18.75
0.27407941 6.2774506 18.75
-0.27401235 6.2759145 18.75
-0.81397877 6.1827826 18.75
-1.353754 6.1063895 18.75
-1.8833655 5.9732723 18.75
-2.3571809 5.6907381 18.75
-2.852241 5.479104 18.75
-3.3032716 5.1850977 18.75
-3.770939 4.9143834 18.75
-4.244287 4.6318265 18.75
-4.6238763 4.237002 18.75
-4.8710549 3.7376919 18.75
-5.2064196 3.3168551 18.75
-5.51897 2.8729939 18.75
-5.7824507 2.3951695 18.75
-5.9814949 1.8859581 18.75
-6.1477092 1.3629143 18.75
-6.3057445 0.83016701 18.75
-6.2604993 0.2733393 18.75
-6.2416438 -0.27251605 18.75
-6.2850882 -0.82744756 18.75
-6.1669373 -1.3671771 18.75
-5.9634913 -1.8802816 18.75
-5.7543073 -2.3835121 18.75
-5.5681713 -2.8986065 18.75
-5.3135433 -3.3851004 18.75
-4.9884968 -3.8278082 18.75
-4.6336735 -4.2459795 18.75
-4.2420594 -4.6293955 18.75
-3.8004478 -4.95284 18.75
-3.3382302 -5.2399718 18.75
-2.8810276 -5.5344025 18.75
-2.3864596 -5.7614231 18.75
-1.8756512 -5.9488058 18.75
-1.350565 -6.092005 18.75
-0.82044591 -6.2319054 18.75
-0.27322358 -6.2578487 18.75
0.27209977 -6.2321093 18.75
0.81607132 -6.1986771 18.75
1.3486742 -6.0834764 18.75
1.875987 -5.9498707 18.75
2.4074605 -5.8121237 18.75
2.8920406 -5.5555583 18.75
3.3382046 -5.2399316 18.75
3.7773039 -4.9226783 18.75
4.2273606 -4.6133546 18.75
4.6323933 -4.2448064 18.75
4.9657309 -3.8103394 18.75
5.2690005 -3.3567235 18.75
5.4489335 -2.8365353 18.75
5.7164215 -2.3678193 18.75
5.9437462 -1.874056 18.75
6.0960408 -1.3514597 18.75
6.1883746 -0.81471498 18.75
6.3207701 -0.27597078 18.75
6.3498455 0.27724024 19
6.327369 0.83301393 19
6.2244423 1.3799256 19
6.0351053 1.9028614 19
5.8276348 2.4138854 19
5.6219722 2.9266135 19
5.3520535 3.4096341 19
5.0345382 3.863137 19
4.6465303 4.2577606 19
4.2576434 4.6464024 19
3.8456903 5.0118011 19
3.3918507 5.3241391 19
2.9110263 5.5920296 19
2.4095045 5.8170584 19
1.8920769 6.0009012 19
1.3530772 6.1033368 19
0.81539568 6.1935451 19
0.27390544 6.273466 19
-0.27378144 6.2706259 19
-0.81365013 6.1802863 19
-1.3504095 6.0913035 19
-1.8714363 5.9354377 19
-2.3355102 5.6384203 19
-2.8446135 5.4644517 19
-3.3005169 5.1807738 19
-3.7698872 4.9130127 19
-4.1773555 4.5587836 19
-4.5882999 4.2044022 19
-4.8959189 3.7567707 19
-5.2326373 3.3335576 19
-5.5264262 2.8768754 19
-5.7840673 2.3958391 19
-5.9679235 1.881679 19
-6.136976 1.3605348 19
-6.2576057 0.82382941 19
-6.2976793 0.27496262 19
-6.2675516 -0.27364721 19
-6.2635036 -0.8246059 19
-6.1203315 -1.3568448 19
-5.9770448 -1.884555 19
-5.7874666 -2.3972472 19
-5.5983043 -2.9142927 19
-5.3112641 -3.3836484 19
-4.984516 -3.8247537 19
-4.6593397 -4.2694982 19
-4.2417853 -4.6290964 19
-3.8166795 -4.9739936 19
-3.3382861 -5.2400595 19
-2.8849934 -5.5420207 19
-2.392402 -5.7757694 19
-1.8779967 -5.9562445 19
-1.3533031 -6.1043558 19
-0.81650318 -6.2019573 19
-0.27263765 -6.2444288 19
0.27294558 -6.2514816 19
0.81474714 -6.1886189 19
1.3461937 -6.0722875 19
1.878382 -5.9574667 19
2.4163451 -5.8335731 19
2.907537 -5.5853265 19
3.3423266 -5.2464018 19
3.7853239 -4.9331301 19
4.2239896 -4.6096757 19
4.6283867 -4.241135 19
4.9517035 -3.7995757 19
5.2561933 -3.3485644 19
5.4569803 -2.8407242 19
5.7238312 -2.3708885 19
5.964205 -1.8805066 19
6.0995342 -1.3522342 19
6.193212 -0.81535183 19
6.3190362 -0.27589508 19
6.3547165 0.27745291 19.25
6.3241412 0.83258898 19.25
6.2306204 1.3812953 19.25
6.064459 1.9121166 19.25
5.8508256 2.4234913 19.25
5.6140537 2.9224914 19.25
5.3388646 3.4012318 19.25
5.0187649 3.8510338 19.25
4.6265 4.2394062 19.25
4.2586456 4.6474962 19.25
3.8562225 5.025527 19.25
3.4150142 5.3604985 19.25
2.9089729 5.588085 19.25
2.4185148 5.8388112 19.25
1.8955573 6.0119397 19.25
1.3655333 6.1595229 19.25
0.81221146 6.1693585 19.25
0.27406427 6.2771039 19.25
-0.27352112 6.2646635 19.25
-0.81224596 6.1696206 19.25
-1.3542621 6.1086815 19.25
-1.867475 5.9228741 19.25
-2.3523459 5.6790654 19.25
-2.8469282 5.4688982 19.25
-3.3033047 5.1851497 19.25
-3.7833987 4.9306212 19.25
-4.2152073 4.6000916 19.25
-4.5759228 4.1930607 19.25
-4.8879544 3.7506593 19.25
-5.2211085 3.326213 19.25
-5.5294535 2.8784513 19.25
-5.8322107 2.4157808 19.25
-5.9690023 1.8820192 19.25
-6.0948289 1.351191 19.25
-6.2258723 0.81965164 19.25
-6.2865472 0.27447658 19.25
-6.2990497 -0.27502245 19.25
-6.2786127 -0.82659505 19.25
-6.1438229 -1.3620527 19.25
-6.0128913 -1.8958573 19.25
-5.7804468 -2.3943395 19.25
-5.638339 -2.9351335 19.25
-5.3277327 -3.39414 19.25
-4.9750251 -3.817471 19.25
-4.657629 -4.2679307 19.25
-4.264629 -4.6540259 19.25
-3.8114033 -4.9671174 19.25
-3.35988 -5.2739551 19.25
-2.8975195 -5.5660831 19.25
-2.3980441 -5.7893906 19.25
-1.8796326 -5.9614329 19.25
-1.3589057 -6.1296276 19.25
-0.81587816 -6.1972099 19.25
-0.27104348 -6.2079163 19.25
0.27167813 -6.2224523 19.25
0.8151755 -6.1918726 19.25
1.3460265 -6.0715333 19.25
1.8857058 -5.9806947 19.25
2.4099949 -5.8182424 19.25
2.9055715 -5.581551 19.25
3.3712881 -5.2918622 19.25
3.7854058 -4.9332368 19.25
4.2207023 -4.6060883 19.25
4.6341589 -4.2464243 19.25
4.963185 -3.8083858 19.25
5.2554285 -3.3480772 19.25
5.4809717 -2.8532133 19.25
5.7285373 -2.3728378 19.25
5.9422788 -1.8735933 19.25
6.1217043 -1.3571492 19.25
6.2025634 -0.81658296 19.25
6.2995837 -0.27504576 19.25
6.3424012 0.27691521 19.5
6.288766 0.82793174 19.5
6.2296869 1.3810883 19.5
6.0965587 1.9222376 19.5
5.8483722 2.4224751 19.5
5.593476 2.9117793 19.5
5.3380013 3.4006819 19.5
5.0224425 3.8538557 19.5
4.6473074 4.2584726 19.5
4.2533657 4.6417342 19.5
3.8572711 5.0268936 19.5
3.4217924 5.3711382 19.5
2.9218466 5.6128151 19.5
2.419593 5.8414143 19.5
1.901989 6.0323386 19.5
1.3660121 6.1616824 19.5
0.81111916 6.1610617 19.5
0.27338439 6.261532 19.5
-0.27456977 6.2886816 19.5
-0.8117063 6.1655215 19.5
-1.3455535 6.0693995 19.5
-1.8755711 5.9485516 19.5
-2.3687111 5.7185746 19.5
-2.8638745 5.5014517 19.5
-3.3077205 5.1920812 19.5
-3.7670857 4.9093617 19.5
-4.2564527 4.645103 19.5
-4.598843 4.2140632 19.5
-4.8917335 3.7535591 19.5
-5.1870495 3.304515 19.5
-5.5451641 2.8866297 19.5
-5.8655195 2.4295777 19.5
-6.0609498 1.9110101 19.5
-6.0961218 1.3514777 19.5
-6.2757417 0.82621706 19.5
-6.2810521 0.27423665 19.5
-6.3341617 -0.27655547 19.5
-6.341522 -0.83487721 19.5
-6.1467969 -1.3627121 19.5
-6.015218 -1.8965909 19.5
-5.8027133 -2.4035626 19.5
-5.6334362 -2.9325812 19.5
-5.3227057 -3.3909375 19.5
-4.997871 -3.8350013 19.5
-4.6642911 -4.2740354 19.5
-4.2502279 -4.6383098 19.5
-3.8241547 -4.9837355 19.5
-3.3713867 -5.292017 19.5
-2.898252 -5.5674903 19.5
-2.4048561 -5.8058362 19.5
-1.8857563 -5.9808548 19.5
-1.3560784 -6.1168745 19.5
-0.81537425 -6.1933823 19.5
-0.270723 -6.2005761 19.5
0.27125222 -6.2126972 19.5
0.81335107 -6.1780147 19.5
1.3382295 -6.0363634 19.5
1.8851627 -5.9789723 19.5
2.410686 -5.8199109 19.5
2.8947999 -5.560859 19.5
3.3752815 -5.2981308 19.5
3.7847215 -4.9323451 19.5
4.2043239 -4.5882144 19.5
4.6216987 -4.2350066 19.5
4.96032 -3.8061874 19.5
5.2590122 -3.3503603 19.5
5.496475 -2.8612838 19.5
5.7384957 -2.3769627 19.5
5.9587042 -1.8787722 19.5
6.1348608 -1.3600659 19.5
6.2158256 -0.81832896 19.5
6.2988499 -0.27501372 19.5
6.3307956 0.2764085 19.75
6.2688583 0.82531085 19.75
6.1815595 1.3704188 19.75
6.0680905 1.9132616 19.75
5.8474995 2.4221136 19.75
5.6062572 2.9184328 19.75
5.3602536 3.4148582 19.75
5.0400581 3.8673726 19.75
4.6670105 4.2765272 19.75
4.2357403 4.6224994 19.75
3.856608 5.0260294 19.75
3.4130455 5.3574084 19.75
2.9324637 5.6332104 19.75
2.4140902 5.8281292 19.75
1.9031746 6.0360987 19.75
1.3680784 6.171003 19.75
0.82147226 6.2397013 19.75
0.27187794 6.2270287 19.75
-0.27468246 6.2912628 19.75
-0.81424603 6.1848126 19.75
-1.3460326 6.0715606 19.75
-1.8816196 5.967735 19.75
-2.3889641 5.7674695 19.75
-2.8761719 5.5250748 19.75
-3.327719 5.2234725 19.75
-3.7743874 4.9188775 19.75
-4.1926132 4.5754344 19.75
-4.6300045 4.2426175 19.75
-4.904721 3.7635248 19.75
-5.2212389 3.326296 19.75
-5.5803385 2.9049404 19.75
-5.8725534 2.4324913 19.75
-6.0347876 1.9027612 19.75
-6.1272375 1.3583759 19.75
-6.3172025 0.83167549 19.75
-6.298316 0.27499042 19.75
-6.3387931 -0.27675768 19.75
-6.336392 -0.83420183 19.75
-6.2108955 -1.3769224 19.75
-6.0052515 -1.8934485 19.75
-5.8232206 -2.412057 19.75
-5.6205326 -2.9258641 19.75
-5.3089966 -3.3822038 19.75
-4.9963445 -3.83383 19.75
-4.6575352 -4.2678447 19.75
-4.2794483 -4.6701983 19.75
-3.8330676 -4.995351 19.75
-3.3707998 -5.2910958 19.75
-2.8984521 -5.5678747 19.75
-2.4089256 -5.8156608 19.75
-1.8885528 -5.9897243 19.75
-1.3554626 -6.1140965 19.75
-0.81727153 -6.2077936 19.75
-0.2707664 -6.2015701 19.75
0.2713876 -6.2157979 19.75
0.81189891 -6.1669845 19.75
1.3348754 -6.021234 19.75
1.8840294 -5.9753777 19.75
2.4054619 -5.8072987 19.75
2.8916252 -5.5547603 19.75
3.3598661 -5.2739334 19.75
3.7739568 -4.9183163 19.75
4.2204067 -4.6057658 19.75
4.6165637 -4.2303012 19.75
4.9594444 -3.8055155 19.75
5.2693608 -3.356953 19.75
5.5398701 -2.8838738 19.75
5.7414167 -2.3781727 19.75
5.9930417 -1.8895988 19.75
6.1384485 -1.3608613 19.75
6.2360275 -0.8209886 19.75
6.3246016 -0.27613807 19.75
6.3195869 0.27591912 20
6.2525843 0.82316834 20
6.1738267 1.3687044 20
6.0498459 1.9075091 20
5.8319693 2.4156808 20
5.5839792 2.9068356 20
5.3347188 3.3985907 20
5.0211596 3.8528713 20
4.6467879 4.2579966 20
4.2240947 4.6097905 20
3.856041 5.0252905 20
3.4185886 5.3661092 20
2.9250911 5.6190477 20
2.4117005 5.82236 20
1.8981338 6.0201112 20
1.3636332 6.1509518 20
0.82458921 6.2633769 20
0.27299405 6.2525917 20
-0.27490413 6.2963398 20
-0.82074431 6.2341719 20
-1.3529083 6.1025749 20
-1.8842812 5.9761763 20
-2.3909269 5.7722081 20
-2.8649576 5.5035324 20
-3.3449733 5.2505564 20
-3.7944759 4.9450573 20
-4.1798249 4.5614784 20
-4.6021285 4.2170738 20
-4.9108438 3.768223 20
-5.3000802 3.3765235 20
-5.6426604 2.9373831 20
-5.8861147 2.4381085 20
-6.072717 1.9147203 20
-6.178829 1.3698134 20
-6.2467394 0.82239884 20
-6.3003459 0.27507904 20
-6.3479969 -0.27715953 20
-6.3588182 -0.83715429 20
-6.2287658 -1.3808841 20
-6.0087366 -1.8945474 20
-5.8303789 -2.415022 20
-5.6311473 -2.9313897 20
-5.3061184 -3.3803702 20
-4.9849872 -3.8251152 20
-4.656575 -4.2669648 20
-4.2795692 -4.6703303 20
-3.8416751 -5.0065685 20
-3.3702991 -5.2903099 20
-2.8965783 -5.5642751 20
-2.413057 -5.825635 20
-1.8971391 -6.0169565 20
-1.3597381 -6.1333822 20
-0.82118784 -6.2375409 20
-0.27150791 -6.2185536 20
0.27184851 -6.2263545 20
0.81206838 -6.1682718 20
1.3408688 -6.0482681 20
1.8701458 -5.9313446 20
2.3983941 -5.7902357 20
2.8761649 -5.5250614 20
3.3274279 -5.2230155 20
3.7807084 -4.9271151 20
4.2230168 -4.6086142 20
4.6146263 -4.2285259 20
4.943624 -3.7933761 20
5.2878892 -3.368757 20
5.544317 -2.8861888 20
5.7506491 -2.3819969 20
6.011931 -1.8955546 20
6.1490028 -1.3632011 20
6.2338624 -0.82070355 20
6.3211935 -0.27598927 20
6.304399 0.27525601 20.25
6.2466743 0.82239027 20.25
6.1568622 1.3649435 20.25
6.0350567 1.9028461 20.25
5.8429136 2.4202141 20.25
5.5839488 2.9068197 20.25
5.3381067 3.400749 20.25
5.0130803 3.8466718 20.25
4.6258613 4.2388209 20.25
4.2288809 4.6150137 20.25
3.8436349 5.0091226 20.25
3.4181482 5.365418 20.25
2.9166795 5.6028892 20.25
2.4138305 5.8275023 20.25
1.8962213 6.0140456 20.25
1.3602212 6.1355615 20.25
0.8248418 6.2652955 20.25
0.27398121 6.2752013 20.25
-0.27509539 6.3007204 20.25
-0.81829382 6.2155586 20.25
-1.3582029 6.1264572 20.25
-1.8920734 6.0008902 20.25
-2.3765023 5.737384 20.25
-2.865208 5.5040133 20.25
-3.3584252 5.2716716 20.25
-3.7880083 4.9366285 20.25
-4.2038509 4.5876983 20.25
-4.5899353 4.2059008 20.25
-4.8905342 3.7526389 20.25
-5.2865893 3.3679288 20.25
-5.5895 2.9097095 20.25
-5.8511406 2.4236218 20.25
-6.0928205 1.9210589 20.25
-6.1829246 1.3707214 20.25
-6.2583176 0.82392315 20.25
-6.3329045 0.27650058 20.25
-6.3809963 -0.27860032 20.25
-6.3223089 -0.83234776 20.25
-6.2260529 -1.3802827 20.25
-6.0487009 -1.9071481 20.25
-5.7953949 -2.4005312 20.25
-5.6346303 -2.9332029 20.25
-5.3173579 -3.3875306 20.25
-4.988506 -3.8278153 20.25
-4.6434733 -4.2549593 20.25
-4.2567841 -4.6454647 20.25
-3.8364734 -4.9997894 20.25
-3.3673483 -5.285678 20.25
-2.9093217 -5.588755 20.25
-2.411533 -5.8219557 20.25
-1.8919809 -6.0005968 20.25
-1.3562333 -6.1175731 20.25
-0.82411324 -6.2597615 20.25
-0.27357474 -6.2658917 20.25
0.27253291 -6.2420299 20.25
0.81319973 -6.1768652 20.25
1.3492648 -6.0861403 20.25
1.8738376 -5.9430534 20.25
2.3940923 -5.7798502 20.25
2.8820704 -5.5364056 20.25
3.3223724 -5.2150801 20.25
3.7821131 -4.9289457 20.25
4.2302705 -4.6165301 20.25
4.6072949 -4.221808 20.25
4.9468511 -3.7958523 20.25
5.2825412 -3.3653499 20.25
5.5476066 -2.8879012 20.25
5.7553245 -2.3839335 20.25
6.0081404 -1.8943594 20.25
6.1477105 -1.3629146 20.25
6.2466296 -0.82238439 20.25
6.2808275 -0.27422685 20.25
6.300326 0.27507817 20.5
6.2452169 0.82219841 20.5
6.1241436 1.35769 20.5
6.0209266 1.8983909 20.5
5.8331317 2.4161622 20.5
5.5798154 2.9046681 20.5
5.3290076 3.3949522 20.5
4.9901232 3.8290562 20.5
4.6157555 4.2295606 20.5
4.2075582 4.5917441 20.5
3.8414271 5.0062453 20.5
3.3964942 5.331428 20.5
2.9056958 5.5817898 20.5
2.3924086 5.7757852 20.5
1.8980603 6.0198783 20.5
1.3572079 6.1219692 20.5
0.82060792 6.233136 20.5
0.27427733 6.2819836 20.5
-0.27480544 6.2940793 20.5
-0.8156241 6.1952801 20.5
-1.3581509 6.1262228 20.5
-1.8903472 5.9954154 20.5
-2.3875972 5.7641696 20.5
-2.8662549 5.5060245 20.5
-3.3449366 5.2504987 20.5
-3.7844275 4.9319619 20.5
-4.2189929 4.6042228 20.5
-4.6252996 4.2383062 20.5
-4.8958181 3.7566934 20.5
-5.2628497 3.3528051 20.5
-5.5675057 2.89826 20.5
-5.8489524 2.4227154 20.5
-6.0723462 1.9146034 20.5
-6.2037716 1.3753431 20.5
-6.3126756 0.83107952 20.5
-6.3448642 0.27702275 20.5
-6.3700952 -0.27812436 20.5
-6.2947707 -0.82872229 20.5
-6.2103543 -1.3768024 20.5
-6.0168439 -1.8971036 20.5
-5.7808681 -2.394514 20.5
-5.6214847 -2.9263597 20.5
-5.330546 -3.3959323 20.5
-4.9961996 -3.8337188 20.5
-4.6608546 -4.2708864 20.5
-4.2505083 -4.6386158 20.5
-3.8262801 -4.9865054 20.5
-3.3674369 -5.2858171 20.5
-2.9148992 -5.5994692 20.5
-2.4092088 -5.8163445 20.5
-1.8806896 -5.9647854 20.5
-1.3522414 -6.0995666 20.5
-0.81781428 -6.2119162 20.5
-0.2720559 -6.2311045 20.5
0.27317232 -6.2566748 20.5
0.81680646 -6.204261 20.5
1.3529015 -6.1025445 20.5
1.8783593 -5.9573945 20.5
2.4164224 -5.8337597 20.5
2.9002841 -5.5713939 20.5
3.3349017 -5.2347472 20.5
3.7979382 -4.9495694 20.5
4.2310448 -4.6173752 20.5
4.606318 -4.2209127 20.5
4.9510486 -3.7990732 20.5
5.2570348 -3.3491005 20.5
5.5433921 -2.8857073 20.5
5.7646468 -2.3877949 20.5
5.9887374 -1.8882416 20.5
6.1343231 -1.3599467 20.5
6.2327697 -0.8205597 20.5
6.2694052 -0.27372814 20.5
6.3067512 0.2753587 20.75
6.2376623 0.82120382 20.75
6.1197377 1.3567132 20.75
6.0127354 1.8958082 20.75
5.8182351 2.4099919 20.75
5.5606994 2.8947169 20.75
5.3220201 3.3905007 20.75
4.9911879 3.8298732 20.75
4.594625 4.2101981 20.75
4.1990701 4.5824809 20.75
3.8323321 4.9943925 20.75
3.3936338 5.3269381 20.75
2.8971724 5.5654163 20.75
2.3883208 5.7659164 20.75
1.8864726 5.9831267 20.75
1.3563155 6.1179437 20.75
0.817542 6.209848 20.75
0.27254264 6.2422528 20.75
-0.27423019 6.2809041 20.75
-0.81255441 6.1719635 20.75
-1.3554617 6.1140927 20.75
-1.8888576 5.9906911 20.75
-2.4043531 5.8046218 20.75
-2.8755549 5.5238896 20.75
-3.3329492 5.2316822 20.75
-3.7936758 4.9440146 20.75
-4.1992012 4.5826239 20.75
-4.6290799 4.2417703 20.75
-4.9712119 3.8145451 20.75
-5.2793816 3.363337 20.75
-5.5407388 2.8843261 20.75
-5.9707948 2.4731842 20.75
-6.085139 1.918637 20.75
-6.1847308 1.3711218 20.75
-6.2841524 0.82732435 20.75
-6.3417571 0.2768871 20.75
-6.3510444 -0.27729258 20.75
-6.2705562 -0.82553439 20.75
-6.1916413 -1.3726538 20.75
-5.9809554 -1.885788 20.75
-5.7772235 -2.3930043 20.75
-5.5782586 -2.9038576 20.75
-5.3366388 -3.3998139 20.75
-4.99773 -3.8348931 20.75
-4.657829 -4.2681139 20.75
-4.2409063 -4.6281371 20.75
-3.822233 -4.981231 20.75
-3.3721413 -5.2932016 20.75
-2.910198 -5.5904384 20.75
-2.4064353 -5.8096486 20.75
-1.8798837 -5.9622293 20.75
-1.3569403 -6.1207621 20.75
-0.81622821 -6.1998688 20.75
-0.27116909 -6.2107934 20.75
0.27267379 -6.2452565 20.75
0.81658531 -6.2025812 20.75
1.3474357 -6.0778895 20.75
1.8739597 -5.9434409 20.75
2.4234624 -5.8507558 20.75
2.8976347 -5.5663045 20.75
3.3301274 -5.227253 20.75
3.8063807 -4.9605719 20.75
4.2191194 -4.6043609 20.75
4.6139406 -4.2278976 20.75
4.9723333 -3.8154055 20.75
5.2358261 -3.3355891 20.75
5.5007417 -2.8635049 20.75
5.7660737 -2.3883859 20.75
5.9648145 -1.8806988 20.75
6.1323137 -1.3595012 20.75
6.1886945 -0.81475708 20.75
6.2816498 -0.27426275 20.75
6.3186287 0.27587729 21
6.2349886 0.82085182 21
6.1394572 1.3610849 21
6.0154933 1.8966777 21
5.8116736 2.407274 21
5.5625336 2.8956717 21
5.3207972 3.3897217 21
5.0084805 3.8431423 21
4.6154399 4.2292714 21
4.2469885 4.6347746 21
3.8311478 4.992849 21
3.3921506 5.3246099 21
2.8848538 5.5417527 21
2.3877643 5.7645731 21
1.8903468 5.995414 21
1.3538243 6.1067066 21
0.81475817 6.1887027 21
0.27224272 6.2353835 21
-0.27383038 6.2717467 21
-0.81155942 6.1644058 21
-1.3417296 6.0521511 21
-1.8972054 6.0171668 21
-2.3944231 5.7806487 21
-2.8816859 5.535667 21
-3.3315131 5.229428 21
-3.8039324 4.9573812 21
-4.206573 4.5906688 21
-4.6262132 4.2391433 21
-4.9930194 3.8312785 21
-5.3082666 3.3817388 21
-5.5575061 2.8930546 21
-5.9206361 2.4524078 21
-6.0852923 1.9186853 21
-6.1621952 1.3661258 21
-6.2578241 0.82385817 21
-6.3249844 0.27615478 21
-6.3486079 -0.27718621 21
-6.308875 -0.83057915 21
-6.1963657 -1.3737012 21
-6.0008951 -1.892075 21
-5.8140578 -2.4082616 21
-5.5844585 -2.9070851 21
-5.3591102 -3.4141298 21
-5.0041509 -3.83982 21
-4.6665449 -4.2761006 21
-4.2423115 -4.6296707 21
-3.8107208 -4.966228 21
-3.3734646 -5.2952788 21
-2.9201522 -5.6095602 21
-2.401642 -5.7980766 21
-1.8795864 -5.9612865 21
-1.3618147 -6.1427494 21
-0.81424933 -6.1848377 21
-0.27165751 -6.22198 21
0.27156091 -6.2197674 21
0.81372322 -6.1808415 21
1.3412663 -6.0500611 21
1.8623896 -5.9067451 21
2.3983272 -5.7900739 21
2.8838576 -5.539839 21
3.3286509 -5.2249353 21
3.8020367 -4.9549107 21
4.2213729 -4.6068202 21
4.6081523 -4.2225936 21
4.961231 -3.8068864 21
5.2553268 -3.3480124 21
5.4995413 -2.86288 21
5.7629952 -2.3871108 21
5.9689276 -1.8819956 21
6.136206 -1.3603641 21
6.1977665 -0.81595143 21
6.2649458 -0.27353344 21
6.3247752 0.27614565 21.25
6.2772108 0.82641048 21.25
6.1923186 1.372804 21.25
6.0454204 1.9061137 21.25
5.8243527 2.4125259 21.25
5.5893223 2.909617 21.25
5.3306159 3.3959769 21.25
5.0178599 3.8503394 21.25
4.6303385 4.2429235 21.25
4.2484101 4.636326 21.25
3.8427873 5.0080178 21.25
3.3888328 5.3194019 21.25
2.8782768 5.5291183 21.25
2.3825722 5.7520382 21.25
1.8919762 6.0005818 21.25
1.3551021 6.1124705 21.25
0.81189741 6.1669731 21.25
0.27171467 6.2232891 21.25
-0.27328925 6.259353 21.25
-0.81074973 6.1582556 21.25
-1.3416836 6.0519435 21.25
-1.9058427 6.0445608 21.25
-2.4074764 5.8121622 21.25
-2.8754295 5.5236487 21.25
-3.3340213 5.2333651 21.25
-3.7806898 4.9270909 21.25
-4.2118922 4.5964738 21.25
-4.5940546 4.2096755 21.25
-4.9704811 3.8139843 21.25
-5.2973857 3.3748069 21.25
-5.5770659 2.9032367 21.25
-5.9122407 2.4489303 21.25
-6.083869 1.9182365 21.25
-6.1716706 1.3682264 21.25
-6.2467914 0.82240569 21.25
-6.3518198 0.27732644 21.25
-6.3043108 -0.27525215 21.25
-6.3310075 -0.83349294 21.25
-6.1811584 -1.3703298 21.25
-6.003166 -1.892791 21.25
-5.8337461 -2.4164168 21.25
-5.6107167 -2.9207543 21.25
-5.3625031 -3.4162913 21.25
-5.0081319 -3.8428748 21.25
-4.6712356 -4.2803988 21.25
-4.2446054 -4.632174 21.25
-3.7974996 -4.9489979 21.25
-3.3734443 -5.2952469 21.25
-2.9215878 -5.6123179 21.25
-2.4064672 -5.8097256 21.25
-1.8759779 -5.9498419 21.25
-1.3541022 -6.1079605 21.25
-0.81678653 -6.2041096 21.25
-0.27158342 -6.2202829 21.25
0.27127071 -6.2131207 21.25
0.81391366 -6.182288 21.25
1.3454375 -6.0688764 21.25
1.8612016 -5.9029773 21.25
2.3955809 -5.7834439 21.25
2.8740748 -5.5210464 21.25
3.3121297 -5.1990023 21.25
3.8058391 -4.959866 21.25
4.1846225 -4.5667141 21.25
4.6005751 -4.2156504 21.25
4.9293747 -3.7824422 21.25
5.2551707 -3.347913 21.25
5.4951839 -2.8606117 21.25
5.7524836 -2.3827567 21.25
5.9776829 -1.8847562 21.25
6.1331102 -1.3596778 21.25
6.2050721 -0.81691324 21.25
6.2725727 -0.27386644 21.25
6.3306577 0.27640249 21.5
6.2974196 0.82907102 21.5
6.2207997 1.3791181 21.5
6.0626402 1.9115431 21.5
5.8620596 2.4281446 21.5
5.6142634 2.9226006 21.5
5.3462373 3.4059288 21.5
5.0190432 3.8512473 21.5
4.6269027 4.2397752 21.5
4.2646903 4.6540928 21.5
3.8435663 5.0090331 21.5
3.3810414 5.3071719 21.5
2.8800593 5.5325425 21.5
2.3834141 5.7540706 21.5
1.8930509 6.0039905 21.5
1.3553907 6.1137724 21.5
0.81157375 6.1645146 21.5
0.27094563 6.2056752 21.5
-0.27231799 6.2371075 21.5
-0.81656029 6.2023912 21.5
-1.3451867 6.067745 21.5
-1.8950653 6.0103792 21.5
-2.4048923 5.8059235 21.5
-2.8550633 5.4845255 21.5
-3.340454 5.2434625 21.5
-3.796754 4.9480261 21.5
-4.2097008 4.5940823 21.5
-4.5695866 4.1872546 21.5
-4.9419121 3.7920625 21.5
-5.2829003 3.3655787 21.5
-5.6042455 2.9173856 21.5
-5.8987483 2.4433416 21.5
-6.0854298 1.9187286 21.5
-6.1651853 1.3667887 21.5
-6.2879943 0.82783015 21.5
-6.3334477 0.2765243 21.5
-6.3211185 -0.275986 21.5
-6.2723488 -0.82577039 21.5
-6.1633838 -1.3663893 21.5
-5.9926353 -1.8894707 21.5
-5.8224825 -2.4117512 21.5
-5.598679 -2.9144878 21.5
-5.3516285 -3.4093633 21.5
-5.0081874 -3.8429174 21.5
-4.6708685 -4.2800624 21.5
-4.2757856 -4.6662012 21.5
-3.8095098 -4.9646498 21.5
-3.3658178 -5.2832756 21.5
-2.9213704 -5.6119004 21.5
-2.4047889 -5.805674 21.5
-1.8760978 -5.950222 21.5
-1.3591093 -6.1305459 21.5
-0.81532878 -6.1930369 21.5
-0.27123575 -6.2123201 21.5
0.27088013 -6.2041751 21.5
0.81285333 -6.174234 21.5
1.3515248 -6.0963345 21.5
1.8678702 -5.9241273 21.5
2.401738 -5.7983085 21.5
2.8699851 -5.5131901 21.5
3.3113632 -5.197799 21.5
3.7958642 -4.9468666 21.5
4.1735263 -4.5546047 21.5
4.5848713 -4.2012605 21.5
4.9326025 -3.784919 21.5
5.2266905 -3.3297691 21.5
5.4858488 -2.8557521 21.5
5.7644051 -2.3876948 21.5
5.9806835 -1.8857023 21.5
6.1136401 -1.3553614 21.5
6.2253409 -0.81958168 21.5
6.3038076 -0.27523018 21.5
6.3520768 0.27733766 21.75
6.3180484 0.83178685 21.75
6.2294713 1.3810405 21.75
6.0978719 1.9226516 21.75
5.8868526 2.4384142 21.75
5.6438126 2.9379829 21.75
5.3590439 3.4140875 21.75
5.0534512 3.8776495 21.75
4.6510102 4.2618656 21.75
4.2773601 4.6679194 21.75
3.8411611 5.0058986 21.75
3.3925741 5.3252747 21.75
2.8859886 5.5439325 21.75
2.3851184 5.7581851 21.75
1.8916987 5.9997019 21.75
1.3475297 6.0783137 21.75
0.81173398 6.1657317 21.75
0.2708067 6.2024932 21.75
-0.27246416 6.2404552 21.75
-0.8170627 6.2062074 21.75
-1.3525995 6.1011819 21.75
-1.8827671 5.9713743 21.75
-2.3972765 5.7875374 21.75
-2.849335 5.4735217 21.75
-3.3343524 5.2338849 21.75
-3.7873563 4.9357789 21.75
-4.2074022 4.5915738 21.75
-4.5755192 4.1926909 21.75
-4.9165194 3.772578 21.75
-5.2684296 3.3563598 21.75
-5.6297163 2.9306448 21.75
-5.8947775 2.4416968 21.75
-6.0923615 1.9209142 21.75
-6.1463846 1.3626207 21.75
-6.3025792 0.82975029 21.75
-6.2865601 0.27447714 21.75
-6.3103668 -0.27551656 21.75
-6.264585 -0.82474826 21.75
-6.1484309 -1.3630743 21.75
-5.9517068 -1.8765659 21.75
-5.8004377 -2.40262 21.75
-5.6013819 -2.9158948 21.75
-5.3541782 -3.4109877 21.75
-4.9897964 -3.8288055 21.75
-4.6617035 -4.2716643 21.75
-4.2758461 -4.6662672 21.75
-3.7939102 -4.9443201 21.75
-3.3706638 -5.2908823 21.75
-2.9137377 -5.597238 21.75
-2.4031737 -5.8017746 21.75
-1.8763474 -5.9510138 21.75
-1.3549259 -6.1116756 21.75
-0.81461567 -6.1876203 21.75
-0.27151549 -6.2187272 21.75
0.27125173 -6.212686 21.75
0.81524886 -6.1924299 21.75
1.3472388 -6.0770017 21.75
1.874571 -5.9453795 21.75
2.4005984 -5.7955572 21.75
2.8691438 -5.5115739 21.75
3.3043184 -5.186741 21.75
3.7651166 -4.9067955 21.75
4.2304335 -4.616708 21.75
4.5664649 -4.1843942 21.75
4.9427078 -3.7926731 21.75
5.2223903 -3.3270296 21.75
5.4792935 -2.8523396 21.75
5.7578363 -2.3849739 21.75
5.9756093 -1.8841024 21.75
6.1157731 -1.3558343 21.75
6.2312065 -0.8203539 21.75
6.3345483 -0.27657235 21.75
6.382584 0.27866964 22
6.3237144 0.83253279 22
6.2256957 1.3802035 22
6.1200724 1.9296514 22
5.9047574 2.4458306 22
5.6425256 2.9373129 22
5.3640452 3.4172737 22
5.0597408 3.8824757 22
4.6722017 4.2812841 22
4.2774465 4.6680137 22
3.842261 5.0073321 22
3.3883803 5.3186916 22
2.9035698 5.5777057 22
2.3990014 5.7917017 22
1.8903317 5.9953661 22
1.3479368 6.0801499 22
0.81044141 6.1559137 22
0.27044774 6.1942717 22
-0.2730188 6.2531586 22
-0.81377415 6.1812283 22
-1.3475233 6.0782848 22
-1.8905854 5.996171 22
-2.3791655 5.7438136 22
-2.8505541 5.4758636 22
-3.3286437 5.224924 22
-3.7848436 4.9325042 22
-4.2008567 4.5844306 22
-4.597227 4.2125824 22
-4.932301 3.7846877 22
-5.293149 3.3721078 22
-5.6128698 2.9218751 22
-5.8900333 2.4397317 22
-6.0727334 1.9147255 22
-6.1773457 1.3694846 22
-6.3101797 0.83075092 22
-6.3342763 0.27656048 22
-6.3101844 -0.2755086 22
-6.2746503 -0.82607339 22
-6.1729525 -1.3685106 22
-5.9655556 -1.8809324 22
-5.7919643 -2.3991102 22
-5.6155392 -2.9232647 22
-5.3459399 -3.4057394 22
-4.9813129 -3.8222958 22
-4.6562998 -4.2667126 22
-4.2597411 -4.6486917 22
-3.8052147 -4.9590523 22
-3.3681556 -5.2869453 22
-2.917831 -5.6051012 22
-2.4106137 -5.8197362 22
-1.8812556 -5.9665806 22
-1.3516413 -6.0968598 22
-0.81404581 -6.1832918 22
-0.27100339 -6.2069982 22
0.27222343 -6.2349415 22
0.81354822 -6.1795122 22
1.341285 -6.0501458 22
1.8780841 -5.9565218 22
2.4029221 -5.8011671 22
2.8590958 -5.492272 22
3.3217916 -5.2141684 22
3.7632057 -4.9043052 22
4.2274404 -4.6134416 22
4.5755074 -4.19268 22
4.9146802 -3.7711667 22
5.2217197 -3.3266023 22
5.4788733 -2.8521209 22
5.7792156 -2.3938295 22
5.9654731 -1.8809065 22
6.1044442 -1.3533227 22
6.2205494 -0.81895086 22
6.3295142 -0.27635256 22
6.3877761 0.27889633 22.25
6.3207905 0.83214786 22.25
6.2100823 1.3767421 22.25
6.113866 1.9276946 22.25
5.8931768 2.4410338 22.25
5.6472947 2.9397956 22.25
5.3711747 3.4218157 22.25
5.0704001 3.8906548 22.25
4.6786727 4.2872137 22.25
4.2824533 4.6734777 22.25
3.8488138 5.0158718 22.25
3.3813083 5.3075909 22.25
2.9035087 5.5775883 22.25
2.4120546 5.8232149 22.25
1.8916339 5.9994962 22.25
1.3554846 6.1141961 22.25
0.81678558 6.2041024 22.25
0.27160324 6.2207369 22.25
-0.27253657 6.2421136 22.25
-0.81152034 6.164109 22.25
-1.3474038 6.077746 22.25
-1.8928878 6.0034732 22.25
-2.3822172 5.7511812 22.25
-2.8557891 5.4859199 22.25
-3.3316761 5.2296839 22.25
-3.8050821 4.9588795 22.25
-4.2132128 4.5979149 22.25
-4.6164232 4.2301725 22.25
-4.9418859 3.7920424 22.25
-5.3164412 3.3869466 22.25
-5.6342305 2.9329948 22.25
-5.8834389 2.4370002 22.25
-6.0744018 1.9152515 22.25
-6.2270625 1.3805065 22.25
-6.3328243 0.83373214 22.25
-6.2847098 0.27439636 22.25
-6.3389779 -0.27676575 22.25
-6.2937981 -0.82859424 22.25
-6.1928088 -1.3729127 22.25
-6.0149983 -1.8965217 22.25
-5.8115557 -2.4072252 22.25
-5.5993384 -2.9148311 22.25
-5.2699549 -3.3573315 22.25
-5.0183696 -3.8507305 22.25
-4.6285368 -4.2412725 22.25
-4.256963 -4.6456599 22.25
-3.8022387 -4.955174 22.25
-3.3668004 -5.2848181 22.25
-2.9360783 -5.6401539 22.25
-2.4174556 -5.8362542 22.25
-1.8935842 -6.0056817 22.25
-1.3550116 -6.1120625 22.25
-0.81714201 -6.2068098 22.25
-0.27043239 -6.1939201 22.25
0.27089289 -6.2044672 22.25
0.81355163 -6.1795381 22.25
1.3424611 -6.0554506 22.25
1.8773759 -5.9542757 22.25
2.3997109 -5.7934146 22.25
2.8578917 -5.4899589 22.25
3.3297615 -5.2266786 22.25
3.7380337 -4.8715004 22.25
4.2052303 -4.5892036 22.25
4.5579042 -4.1765497 22.25
4.8943245 -3.7555473 22.25
5.2215018 -3.3264635 22.25
5.5066877 -2.8666002 22.25
5.7203215 -2.3694348 22.25
5.9599465 -1.8791639 22.25
6.0909151 -1.3503234 22.25
6.2141723 -0.8181113 22.25
6.2928689 -0.27475259 22.25
6.3333755 0.27652115 22.5
6.2905649 0.82816858 22.5
6.1701852 1.3678971 22.5
6.0948223 1.9216901 22.5
5.8989082 2.4434078 22.5
5.6712798 2.9522814 22.5
5.3741111 3.4236864 22.5
5.0715808 3.8915609 22.5
4.6926538 4.300025 22.5
4.2867732 4.678192 22.5
3.8686098 5.0416704 22.5
3.3828812 5.3100598 22.5
2.9123311 5.594536 22.5
2.402058 5.799081 22.5
1.8960157 6.0133935 22.5
1.3586818 6.1286176 22.5
0.8219326 6.2431979 22.5
0.2731636 6.2564751 22.5
-0.27288929 6.2501924 22.5
-0.81552356 6.1945164 22.5
-1.3489501 6.0847208 22.5
-1.889373 5.9923255 22.5
-2.3813882 5.7491798 22.5
-2.8657608 5.5050753 22.5
-3.3432818 5.2479012 22.5
-3.8320863 4.9940721 22.5
-4.2074183 4.5915913 22.5
-4.6092837 4.2236303 22.5
-4.9306496 3.7834205 22.5
-5.3336658 3.3979199 22.5
-5.6282164 2.929864 22.5
-5.8912375 2.4402305 22.5
-6.1074066 1.9256579 22.5
-6.2414393 1.3836938 22.5
-6.3035745 0.82988133 22.5
-6.315855 0.27575618 22.5
-6.3318924 -0.27645639 22.5
-6.3083821 -0.83051426 22.5
-6.1823763 -1.3705998 22.5
-6.0572657 -1.9098485 22.5
-5.8445854 -2.4209065 22.5
-5.5896119 -2.9097678 22.5
-5.1849917 -3.303204 22.5
-5.0142367 -3.8475591 22.5
-4.6200881 -4.2335308 22.5
-4.2789865 -4.6696944 22.5
-3.8042912 -4.9578488 22.5
-3.3697626 -5.2894677 22.5
-2.9105882 -5.5911878 22.5
-2.4100981 -5.8184915 22.5
-1.8951057 -6.0105074 22.5
-1.3546131 -6.1102649 22.5
-0.81891437 -6.2202722 22.5
-0.27066103 -6.1991568 22.5
0.27088122 -6.2042001 22.5
0.81139411 -6.1631502 22.5
1.3455186 -6.0692423 22.5
1.864066 -5.912062 22.5
2.4041853 -5.8042167 22.5
2.8740462 -5.5209913 22.5
3.3305845 -5.2279704 22.5
3.7593887 -4.8993308 22.5
4.1556769 -4.5351256 22.5
4.5012215 -4.1246096 22.5
4.8895892 -3.7519138 22.5
5.19612 -3.3102935 22.5
5.4720787 -2.8485838 22.5
5.6962345 -2.3594576 22.5
5.9116399 -1.8639329 22.5
6.0669185 -1.3450034 22.5
6.2060367 -0.81704023 22.5
6.2852654 -0.27442061 22.5
6.3011627 0.2751147 22.75
6.2524514 0.82315084 22.75
6.1542002 1.3643533 22.75
6.0576862 1.9099811 22.75
5.8865694 2.4382969 22.75
5.663218 2.9480847 22.75
5.3695866 3.420804 22.75
5.0676613 3.8885533 22.75
4.6740367 4.2829656 22.75
4.2914042 4.6832459 22.75
3.8661151 5.0384193 22.75
3.3695039 5.2890617 22.75
2.9021275 5.574935 22.75
2.4004497 5.7951983 22.75
1.906206 6.0457131 22.75
1.3550417 6.1121983 22.75
0.81856112 6.217589 22.75
0.27345006 6.2630361 22.75
-0.27247194 6.2406334 22.75
-0.81437204 6.1857697 22.75
-1.3463546 6.0730132 22.75
-1.8863614 5.9827741 22.75
-2.3808376 5.7478504 22.75
-2.8642636 5.5021992 22.75
-3.3151778 5.2037868 22.75
-3.8062148 4.9603558 22.75
-4.2005776 4.584126 22.75
-4.5877567 4.2039045 22.75
-4.931953 3.7844207 22.75
-5.2912934 3.3709257 22.75
-5.6138878 2.922405 22.75
-5.8660444 2.4297952 22.75
-6.107491 1.9256845 22.75
-6.1942937 1.3732419 22.75
-6.2748264 0.82609656 22.75
-6.3588441 0.27763313 22.75
-6.3495127 -0.27722571 22.75
-6.3238081 -0.83254513 22.75
-6.1497408 -1.3633647 22.75
-6.0490257 -1.9072505 22.75
-5.8753785 -2.4336615 22.75
-5.6372127 -2.9345472 22.75
-5.2727327 -3.3591012 22.75
-4.9640764 -3.8090698 22.75
-4.6313266 -4.243829 22.75
-4.2614211 -4.6505251 22.75
-3.8042296 -4.9577685 22.75
-3.3552829 -5.2667392 22.75
-2.9070494 -5.5843899 22.75
-2.3896623 -5.7691552 22.75
-1.889176 -5.9917008 22.75
-1.3536767 -6.1060412 22.75
-0.81647993 -6.2017808 22.75
-0.27088489 -6.2042841 22.75
0.2722201 -6.2348654 22.75
0.81258725 -6.172213 22.75
1.3469422 -6.0756637 22.75
1.8650928 -5.9153188 22.75
2.4060725 -5.8087729 22.75
2.8743976 -5.5216664 22.75
3.3379427 -5.2395205 22.75
3.7870169 -4.9353365 22.75
4.1841406 -4.5661882 22.75
4.4951734 -4.1190676 22.75
4.8867871 -3.7497636 22.75
5.2027702 -3.3145301 22.75
5.4336203 -2.8285637 22.75
5.6557602 -2.3426926 22.75
5.9183742 -1.8660562 22.75
6.0811926 -1.348168 22.75
6.1934498 -0.81538313 22.75
6.3071882 -0.27537779 22.75
6.3012663 0.27511923 23
6.2614247 0.8243322 23
6.19461 1.373312 23
6.0296118 1.9011293 23
5.8589031 2.4268371 23
5.6380165 2.9349656 23
5.402526 3.4417886 23
5.0851109 3.9019428 23
4.6662183 4.2758013 23
4.2752601 4.6656277 23
3.8376039 5.0012627 23
3.3536232 5.264134 23
2.8843716 5.5408262 23
2.3957805 5.7839259 23
1.8995672 6.0246575 23
1.3502659 6.0906557 23
0.81541155 6.1936656 23
0.2720673 6.2313657 23
-0.27140387 6.2161706 23
-0.81344435 6.1787232 23
-1.3425196 6.0557146 23
-1.8888333 5.9906139 23
-2.3762023 5.7366599 23
-2.8396408 5.4548993 23
-3.3016417 5.1825393 23
-3.7922536 4.9421611 23
-4.1896268 4.5721754 23
-4.5750545 4.1922651 23
-4.936177 3.7876618 23
-5.2657075 3.3546256 23
-5.6146246 2.9227886 23
-5.8739588 2.4330734 23
-6.0815941 1.9175193 23
-6.1763286 1.3692591 23
-6.2858975 0.8275541 23
-6.3588015 0.27763127 23
-6.3600125 -0.27768414 23
-6.3178448 -0.83176004 23
-6.1586229 -1.3653338 23
-6.0163975 -1.8969628 23
-5.8476612 -2.4221806 23
-5.5893547 -2.9096339 23
-5.2989765 -3.3758203 23
-4.9588924 -3.8050919 23
-4.6334986 -4.2458192 23
-4.2434398 -4.6309019 23
-3.8065176 -4.9607503 23
-3.3364527 -5.2371816 23
-2.8808745 -5.5341084 23
-2.3740238 -5.7314004 23
-1.8730586 -5.940583 23
-1.3563179 -6.1179548 23
-0.81703902 -6.2060275 23
-0.27069955 -6.2000389 23
0.27202379 -6.2303692 23
0.81211828 -6.1686508 23
1.3491499 -6.0856218 23
1.861396 -5.9035938 23
2.4030033 -5.8013631 23
2.86677 -5.507014 23
3.3203913 -5.2119704 23
3.7612942 -4.9018141 23
4.1930352 -4.5758949 23
4.5181523 -4.1401238 23
4.8878793 -3.7506017 23
5.2010896 -3.3134595 23
5.4444197 -2.8341855 23
5.6729351 -2.3498067 23
5.9351698 -1.8713518 23
6.0756672 -1.346943 23
6.1783245 -0.81339185 23
6.264562 -0.27351668 23
6.2931923 0.27476671 23.25
6.240371 0.82156043 23.25
6.1598625 1.3656086 23.25
6.0046708 1.8932654 23.25
5.8371499 2.4178266 23.25
5.631652 2.9316525 23.25
5.3435001 3.404185 23.25
5.0793197 3.8974991 23.25
4.6763783 4.2851112 23.25
4.2656465 4.6551363 23.25
3.8237328 4.9831856 23.25
3.3492046 5.2571982 23.25
2.8660051 5.5055446 23.25
2.3802909 5.7465305 23.25
1.8728103 5.9397954 23.25
1.3450572 6.0671612 23.25
0.81291099 6.174672 23.25
0.27065867 6.1991027 23.25
-0.27084217 6.2033055 23.25
-0.81223284 6.169521 23.25
-1.3341801 6.0180975 23.25
-1.8677925 5.9238808 23.25
-2.3881942 5.7656108 23.25
-2.8280215 5.4325788 23.25
-3.3006098 5.1809195 23.25
-3.7538454 4.8921065 23.25
-4.1766888 4.558056 23.25
-4.5517339 4.1708957 23.25
-4.9618033 3.8073256 23.25
-5.2796308 3.3634958 23.25
-5.5624105 2.8956076 23.25
-5.8737647 2.432993 23.25
-6.0520931 1.9082176 23.25
-6.1793233 1.369923 23.25
-6.2297314 0.8201597 23.25
-6.3169194 0.27580266 23.25
-6.3508433 -0.27728381 23.25
-6.3008248 -0.82951933 23.25
-6.1581594 -1.3652311 23.25
-5.94962 -1.875908 23.25
-5.8284398 -2.4142188 23.25
-5.5543887 -2.8914318 23.25
-5.2888585 -3.3693745 23.25
-4.9686591 -3.8125862 23.25
-4.626671 -4.2395629 23.25
-4.2292153 -4.6153786 23.25
-3.7668285 -4.9090265 23.25
-3.3091763 -5.1943663 23.25
-2.8596987 -5.49343 23.25
-2.3685515 -5.7181891 23.25
-1.8670869 -5.9216431 23.25
-1.3464295 -6.073351 23.25
-0.81680374 -6.2042404 23.25
-0.26958084 -6.1744165 23.25
0.2722539 -6.2356396 23.25
0.80981965 -6.1511909 23.25
1.3462436 -6.0725123 23.25
1.8727962 -5.9397507 23.25
2.4041883 -5.804224 23.25
2.8626243 -5.4990501 23.25
3.3066132 -5.190343 23.25
3.7521279 -4.8898682 23.25
4.1622753 -4.5423264 23.25
4.5304232 -4.151368 23.25
4.9240689 -3.778371 23.25
5.1656792 -3.2909006 23.25
5.4774041 -2.8513561 23.25
5.6770304 -2.351503 23.25
5.9375684 -1.8721081 23.25
6.0676937 -1.3451753 23.25
6.1781202 -0.81336495 23.25
6.2898054 -0.27461883 23.25
6.2679615 0.27366511 23.5
6.1727327 0.81265568 23.5
6.1130279 1.3552257 23.5
5.9824393 1.8862559 23.5
5.8515525 2.4237924 23.5
5.6469303 2.9396059 23.5
5.3370333 3.4000652 23.5
5.0329215 3.8618965 23.5
4.669357 4.2786773 23.5
4.2797972 4.6705791 23.5
3.8432899 5.0086729 23.5
3.3786476 5.3034144 23.5
2.8371594 5.4501325 23.5
2.3368597 5.6416783 23.5
1.8514017 5.871896 23.5
1.3312962 6.005089 23.5
0.7981766 6.0627532 23.5
0.26837877 6.1468845 23.5
-0.26835787 6.1464058 23.5
-0.7986646 6.0664599 23.5
-1.32712 5.9862513 23.5
-1.8433485 5.8463545 23.5
-2.3515179 5.6770665 23.5
-2.8159159 5.4093241 23.5
-3.2742982 5.1396186 23.5
-3.7420302 4.8767088 23.5
-4.1465317 4.5251453 23.5
-4.5423874 4.1623312 23.5
-4.9064268 3.7648337 23.5
-5.2356069 3.3354495 23.5
-5.508762 2.86768 23.5
-5.8136322 2.4080853 23.5
-6.0209778 1.898407 23.5
-6.1572446 1.3650283 23.5
-6.2464085 0.82235528 23.5
-6.2878871 0.27453508 23.5
-6.2814622 -0.27425456 23.5
-6.2272804 -0.81983702 23.5
-6.1258517 -1.3580686 23.5
-5.9780441 -1.8848701 23.5
-5.7850771 -2.3962574 23.5
-5.5485111 -2.8883721 23.5
-5.2702353 -3.3575102 23.5
-5.0123414 -3.8461048 23.5
-4.6152499 -4.2290973 23.5
-4.1728876 -4.5539077 23.5
-3.725324 -4.8549367 23.5
-3.2649165 -5.1248924 23.5
-2.8156902 -5.4088906 23.5
-2.3453288 -5.6621246 23.5
-1.8531324 -5.8773849 23.5
-1.3285897 -5.992881 23.5
-0.80976797 -6.1507984 23.5
-0.26892918 -6.1594908 23.5
0.27077106 -6.2016768 23.5
0.80225801 -6.0937546 23.5
1.3309527 -6.0035399 23.5
1.8618266 -5.9049594 23.5
2.3712784 -5.7247724 23.5
2.8634768 -5.5006877 23.5
3.3169541 -5.206575 23.5
3.7410714 -4.8754592 23.5
4.1491389 -4.5279906 23.5
4.4919157 -4.1160824 23.5
4.8496381 -3.7212582 23.5
5.1726019 -3.2953108 23.5
5.4580968 -2.8413053 23.5
5.6822537 -2.3536665 23.5
5.8900165 -1.8571151 23.5
6.0335228 -1.3375998 23.5
6.1312672 -0.80719664 23.5
6.3037545 -0.27522787 23.5
6.2419152 0.2725279 24.260052
6.1944104 0.8155096 24.260052
6.0997625 1.3522848 24.260052
5.9586916 1.8787683 24.260052
5.7722716 2.3909532 24.260052
5.541921 2.8849415 24.260052
5.2693931 3.3569737 24.260052
4.956762 3.8034572 24.260052
4.6064069 4.2209942 24.260052
4.2209942 4.6064069 24.260052
3.8034572 4.956762 24.260052
3.3569737 5.2693931 24.260052
2.8849415 5.541921 24.260052
2.3909532 5.7722716 24.260052
1.8787683 5.9586916 24.260052
1.3522848 6.0997625 24.260052
0.8155096 6.1944104 24.260052
0.2725279 6.2419152 24.260052
-0.2725279 6.2419152 24.260052
-0.8155096 6.1944104 24.260052
-1.3522848 6.0997625 24.260052
-1.8787683 5.9586916 24.260052
-2.3909532 5.7722716 24.260052
-2.8849415 5.541921 24.260052
-3.3569737 5.2693931 24.260052
-3.8034572 4.956762 24.260052
-4.2209942 4.6064069 24.260052
-4.6064069 4.2209942 24.260052
-4.956762 3.8034572 24.260052
-5.2693931 3.3569737 24.260052
-5.541921 2.8849415 24.260052
-5.7722716 2.3909532 24.260052
-5.9586916 1.8787683 24.260052
-6.0997625 1.3522848 24.260052
-6.1944104 0.8155096 24.260052
-6.2419152 0.2725279 24.260052
-6.2419152 -0.2725279 24.260052
-6.1944104 -0.8155096 24.260052
-6.0997625 -1.3522848 24.260052
-5.9586916 -1.8787683 24.260052
-5.7722716 -2.3909532 24.260052
-5.541921 -2.8849415 24.260052
-5.2693931 -3.3569737 24.260052
-4.956762 -3.8034572 24.260052
-4.6064069 -4.2209942 24.260052
-4.2209942 -4.6064069 24.260052
-3.8034572 -4.956762 24.260052
-3.3569737 -5.2693931 24.260052
-2.8849415 -5.541921 24.260052
-2.3909532 -5.7722716 24.260052
-1.8787683 -5.9586916 24.260052
-1.3522848 -6.0997625 24.260052
-0.8155096 -6.1944104 24.260052
-0.2725279 -6.2419152 24.260052
0.2725279 -6.2419152 24.260052
0.8155096 -6.1944104 24.260052
1.3522848 -6.0997625 24.260052
1.8787683 -5.9586916 24.260052
2.3909532 -5.7722716 24.260052
2.8849415 -5.541921 24.260052
3.3569737 -5.2693931 24.260052
3.8034572 -4.956762 24.260052
4.2209942 -4.6064069 24.260052
4.6064069 -4.2209942 24.260052
4.956762 -3.8034572 24.260052
5.2693931 -3.3569737 24.260052
5.541921 -2.8849415 24.260052
5.7722716 -2.3909532 24.260052
5.9586916 -1.8787683 24.260052
6.0997625 -1.3522848 24.260052
6.1944104 -0.8155096 24.260052
6.2419152 -0.2725279 24.260052
0 0 0
0 0 24.260052
3 0 1 73
3 0 73 72
3 1 2 74
3 1 74 73
3 2 3 75
3 2 75 74
3 3 4 76
3 3 76 75
3 4 5 77
3 4 77 76
3 5 6 78
3 5 78 77
3 6 7 79
3 6 79 78
3 7 8 80
3 7 80 79
3 8 9 81
3 8 81 80
3 9 10 82
3 9 82 81
3 10 11 83
3 10 83 82
3 11 12 84
3 11 84 83
3 12 13 85
3 12 85 84
3 13 14 86
3 13 86 85
3 14 15 87
3 14 87 86
3 15 16 88
3 15 88 87
3 16 17 89
3 16 89 88
3 17 18 90
3 17 90 89
3 18 19 91
3 18 91 90
3 19 20 92
3 19 92 91
3 20 21 93
3 20 93 92
3 21 22 94
3 21 94 93
3 22 23 95
3 22 95 94
3 23 24 96
3 23 96 95
3 24 25 97
3 24 97 96
3 25 26 98
3 25 98 97
3 26 27 99
3 26 99 98
3 27 28 100
3 27 100 99
3 28 29 101
3 28 101 100
3 29 30 102
3 29 102 101
3 30 31 103
3 30 103 102
3 31 32 104
3 31 104 103
3 32 33 105
3 32 105 104
3 33 34 106
3 33 106 105
3 34 35 107
3 34 107 106
3 35 36 108
3 35 108 107
3 36 37 109
3 36 109 108
3 37 38 110
3 37 110 109
3 38 39 111
3 38 111 110
3 39 40 112
3 39 112 111
3 40 41 113
3 40 113 112
3 41 42 114
3 41 114 113
3 42 43 115
3 42 115 114
3 43 44 116
3 43 116 115
3 44 45 117
3 44 117 116
3 45 46 118
3 45 118 117
3 46 47 119
3 46 119 118
3 47 48 120
3 47 120 119
3 48 49 121
3 48 121 120
3 49 50 122
3 49 122 121
3 50 51 123
3 50 123 122
3 51 52 124
3 51 124 123
3 52 53 125
3 52 125 124
3 53 54 126
3 53 126 125
3 54 55 127
3 54 127 126
3 55 56 128
3 55 128 127
3 56 57 129
3 56 129 128
3 57 58 130
3 57 130 129
3 58 59 131
3 58 131 130
3 59 60 132
3 59 132 131
3 60 61 133
3 60 133 132
3 61 62 134
3 61 134 133
3 62 63 135
3 62 135 134
3 63 64 136
3 63 136 135
3 64 65 137
3 64 137 136
3 65 66 138
3 65 138 137
3 66 67 139
3 66 139 138
3 67 68 140
3 67 140 139
3 68 69 141
3 68 141 140
3 69 70 142
3 69 142 141
3 70 71 143
3 70 143 142
3 71 0 72
3 71 72 143
3 72 73 145
3 72 145 144
3 73 74 146
3 73 146 145
3 74 75 147
3 74 147 146
3 75 76 148
3 75 148 147
3 76 77 149
3 76 149 148
3 77 78 150
3 77 150 149
3 78 79 151
3 78 151 150
3 79 80 152
3 79 152 151
3 80 81 153
3 80 153 152
3 81 82 154
3 81 154 153
3 82 83 155
3 82 155 154
3 83 84 156
3 83 156 155
3 84 85 157
3 84 157 156
3 85 86 158
3 85 158 157
3 86 87 159
3 86 159 158
3 87 88 160
3 87 160 159
3 88 89 161
3 88 161 160
3 89 90 162
3 89 162 161
3 90 91 163
3 90 163 162
3 91 92 164
3 91 164 163
3 92 93 165
3 92 165 164
3 93 94 166
3 93 166 165
3 94 95 167
3 94 167 166
3 95 96 168
3 95 168 167
3 96 97 169
3 96 169 168
3 97 98 170
3 97 170 169
3 98 99 171
3 98 171 170
3 99 100 172
3 99 172 171
3 100 101 173
3 100 173 172
3 101 102 174
3 101 174 173
3 102 103 175
3 102 175 174
3 103 104 176
3 103 176 175
3 104 105 177
3 104 177 176
3 105 106 178
3 105 178 177
3 106 107 179
3 106 179 178
3 107 108 180
3 107 180 179
3 108 109 181
3 108 181 180
3 109 110 182
3 109 182 181
3 110 111 183
3 110 183 182
3 111 112 184
3 111 184 183
3 112 113 185
3 112 185 184
3 113 114 186
3 113 186 185
3 114 115 187
3 114 187 186
3 115 116 188
3 115 188 187
3 116 117 189
3 116 189 188
3 117 118 190
3 117 190 189
3 118 119 191
3 118 191 190
3 119 120 192
3 119 192 191
3 120 121 193
3 120 193 192
3 121 122 194
3 121 194 193
3 122 123 195
3 122 195 194
3 123 124 196
3 123 196 195
3 124 125 197
3 124 197 196
3 125 126 198
3 125 198 197
3 126 127 199
3 126 199 198
3 127 128 200
3 127 200 199
3 128 129 201
3 128 201 200
3 129 130 202
3 129 202 201
3 130 131 203
3 130 203 202
3 131 132 204
3 131 204 203
3 132 133 205
3 132 205 204
3 133 134 206
3 133 206 205
3 134 135 207
3 134 207 206
3 135 136 208
3 135 208 207
3 136 137 209
3 136 209 208
3 137 138 210
3 137 210 209
3 138 139 211
3 138 211 210
3 139 140 212
3 139 212 211
3 140 141 213
3 140 213 212
3 141 142 214
3 141 214 213
3 142 143 215
3 142 215 214
3 143 72 144
3 143 144 215
3 144 145 217
3 144 217 216
3 145 146 218
3 145 218 217
3 146 147 219
3 146 219 218
3 147 148 220
3 147 220 219
3 148 149 221
3 148 221 220
3 149 150 222
3 149 222 221
3 150 151 223
3 150 223 222
3 151 152 224
3 151 224 223
3 152 153 225
3 152 225 224
3 153 154 226
3 153 226 225
3 154 155 227
3 154 227 226
3 155 156 228
3 155 228 227
3 156 157 229
3 156 229 228
3 157 158 230
3 157 230 229
3 158 159 231
3 158 231 230
3 159 160 232
3 159 232 231
3 160 161 233
3 160 233 232
3 161 162 234
3 161 234 233
3 162 163 235
3 162 235 234
3 163 164 236
3 163 236 235
3 164 165 237
3 164 237 236
3 165 166 238
3 165 238 237
3 166 167 239
3 166 239 238
3 167 168 240
3 167 240 239
3 168 169 241
3 168 241 240
3 169 170 242
3 169 242 241
3 170 171 243
3 170 243 242
3 171 172 244
3 171 244 243
3 172 173 245
3 172 245 244
3 173 174 246
3 173 246 245
3 174 175 247
3 174 247 246
3 175 176 248
3 175 248 247
3 176 177 249
3 176 249 248
3 177 178 250
3 177 250 249
3 178 179 251
3 178 251 250
3 179 180 252
3 179 252 251
3 180 181 253
3 180 253 252
3 181 182 254
3 181 254 253
3 182 183 255
3 182 255 254
3 183 184 256
3 183 256 255
3 184 185 257
3 184 257 256
3 185 186 258
3 185 258 257
3 186 187 259
3 186 259 258
3 187 188 260
3 187 260 259
3 188 189 261
3 188 261 260
3 189 190 262
3 189 262 261
3 190 191 263
3 190 263 262
3 191 192 264
3 191 264 263
3 192 193 265
3 192 265 264
3 193 194 266
3 193 266 265
3 194 195 267
3 194 267 266
3 195 196 268
3 195 268 267
3 196 197 269
3 196 269 268
3 197 198 270
3 197 270 269
3 198 199 271
3 198 271 270
3 199 200 272
3 199 272 271
3 200 201 273
3 200 273 272
3 201 202 274
3 201 274 273
3 202 203 275
3 202 275 274
3 203 204 276
3 203 276 275
3 204 205 277
3 204 277 276
3 205 206 278
3 205 278 277
3 206 207 279
3 206 279 278
3 207 208 280
3 207 280 279
3 208 209 281
3 208 281 280
3 209 210 282
3 209 282 281
3 210 211 283
3 210 283 282
3 211 212 284
3 211 284 283
3 212 213 285
3 212 285 284
3 213 214 286
3 213 286 285
3 214 215 287
3 214 287 286
3 215 144 216
3 215 216 287
3 216 217 289
3 216 289 288
3 217 218 290
3 217 290 289
3 218 219 291
3 218 291 290
3 219 220 292
3 219 292 291
3 220 221 293
3 220 293 292
3 221 222 294
3 221 294 293
3 222 223 295
3 222 295 294
3 223 224 296
3 223 296 295
3 224 225 297
3 224 297 296
3 225 226 298
3 225 298 297
3 226 227 299
3 226 299 298
3 227 228 300
3 227 300 299
3 228 229 301
3 228 301 300
3 229 230 302
3 229 302 301
3 230 231 303
3 230 303 302
3 231 232 304
3 231 304 303
3 232 233 305
3 232 305 304
3 233 234 306
3 233 306 305
3 234 235 307
3 234 307 306
3 235 236 308
3 235 308 307
3 236 237 309
3 236 309 308
3 237 238 310
3 237 310 309
3 238 239 311
3 238 311 310
3 239 240 312
3 239 312 311
3 240 241 313
3 240 313 312
3 241 242 314
3 241 314 313
3 242 243 315
3 242 315 314
3 243 244 316
3 243 316 315
3 244 245 317
3 244 317 316
3 245 246 318
3 245 318 317
3 246 247 319
3 246 319 318
3 247 248 320
3 247 320 319
3 248 249 321
3 248 321 320
3 249 250 322
3 249 322 321
3 250 251 323
3 250 323 322
3 251 252 324
3 251 324 323
3 252 253 325
3 252 325 324
3 253 254 326
3 253 326 325
3 254 255 327
3 254 327 326
3 255 256 328
3 255 328 327
3 256 257 329
3 256 329 328
3 257 258 330
3 257 330 329
3 258 259 331
3 258 331 330
3 259 260 332
3 259 332 331
3 260 261 333
3 260 333 332
3 261 262 334
3 261 334 333
3 262 263 335
3 262 335 334
3 263 264 336
3 263 336 335
3 264 265 337
3 264 337 336
3 265 266 338
3 265 338 337
3 266 267 339
3 266 339 338
3 267 268 340
3 267 340 339
3 268 269 341
3 268 341 340
3 269 270 342
3 269 342 341
3 270 271 343
3 270 343 342
3 271 272 344
3 271 344 343
3 272 273 345
3 272 345 344
3 273 274 346
3 273 346 345
3 274 275 347
3 274 347 346
3 275 276 348
3 275 348 347
3 276 277 349
3 276 349 348
3 277 278 350
3 277 350 349
3 278 279 351
3 278 351 350
3 279 280 352
3 279 352 351
3 280 281 353
3 280 353 352
3 281 282 354
3 281 354 353
3 282 283 355
3 282 355 354
3 283 284 356
3 283 356 355
3 284 285 357
3 284 357 356
3 285 286 358
3 285 358 357
3 286 287 359
3 286 359 358
3 287 216 288
3 287 288 359
3 288 289 361
3 288 361 360
3 289 290 362
3 289 362 361
3 290 291 363
3 290 363 362
3 291 292 364
3 291 364 363
3 292 293 365
3 292 365 364
3 293 294 366
3 293 366 365
3 294 295 367
3 294 367 366
3 295 296 368
3 295 368 367
3 296 297 369
3 296 369 368
3 297 298 370
3 297 370 369
3 298 299 371
3 298 371 370
3 299 300 372
3 299 372 371
3 300 301 373
3 300 373 372
3 301 302 374
3 301 374 373
3 302 303 375
3 302 375 374
3 303 304 376
3 303 376 375
3 304 305 377
3 304 377 376
3 305 306 378
3 305 378 377
3 306 307 379
3 306 379 378
3 307 308 380
3 307 380 379
3 308 309 381
3 308 381 380
3 309 310 382
3 309 382 381
3 310 311 383
3 310 383 382
3 311 312 384
3 311 384 383
3 312 313 385
3 312 385 384
3 313 314 386
3 313 386 385
3 314 315 387
3 314 387 386
3 315 316 388
3 315 388 387
3 316 317 389
3 316 389 388
3 317 318 390
3 317 390 389
3 318 319 391
3 318 391 390
3 319 320 392
3 319 392 391
3 320 321 393
3 320 393 392
3 321 322 394
3 321 394 393
3 322 323 395
3 322 395 394
3 323 324 396
3 323 396 395
3 324 325 397
3 324 397 396
3 325 326 398
3 325 398 397
3 326 327 399
3 326 399 398
3 327 328 400
3 327 400 399
3 328 329 401
3 328 401 400
3 329 330 402
3 329 402 401
3 330 331 403
3 330 403 402
3 331 332 404
3 331 404 403
3 332 333 405
3 332 405 404
3 333 334 406
3 333 406 405
3 334 335 407
3 334 407 406
3 335 336 408
3 335 408 407
3 336 337 409
3 336 409 408
3 337 338 410
3 337 410 409
3 338 339 411
3 338 411 410
3 339 340 412
3 339 412 411
3 340 341 413
3 340 413 412
3 341 342 414
3 341 414 413
3 342 343 415
3 342 415 414
3 343 344 416
3 343 416 415
3 344 345 417
3 344 417 416
3 345 346 418
3 345 418 417
3 346 347 419
3 346 419 418
3 347 348 420
3 347 420 419
3 348 349 421
3 348 421 420
3 349 350 422
3 349 422 421
3 350 351 423
3 350 423 422
3 351 352 424
3 351 424 423
3 352 353 425
3 352 425 424
3 353 354 426
3 353 426 425
3 354 355 427
3 354 427 426
3 355 356 428
3 355 428 427
3 356 357 429
3 356 429 428
3 357 358 430
3 357 430 429
3 358 359 431
3 358 431 430
3 359 288 360
3 359 360 431
3 360 361 433
3 360 433 432
3 361 362 434
3 361 434 433
3 362 363 435
3 362 435 434
3 363 364 436
3 363 436 435
3 364 365 437
3 364 437 436
3 365 366 438
3 365 438 437
3 366 367 439
3 366 439 438
3 367 368 440
3 367 440 439
3 368 369 441
3 368 441 440
3 369 370 442
3 369 442 441
3 370 371 443
3 370 443 442
3 371 372 444
3 371 444 443
3 372 373 445
3 372 445 444
3 373 374 446
3 373 446 445
3 374 375 447
3 374 447 446
3 375 376 448
3 375 448 447
3 376 377 449
3 376 449 448
3 377 378 450
3 377 450 449
3 378 379 451
3 378 451 450
3 379 380 452
3 379 452 451
3 380 381 453
3 380 453 452
3 381 382 454
3 381 454 453
3 382 383 455
3 382 455 454
3 383 384 456
3 383 456 455
3 384 385 457
3 384 457 456
3 385 386 458
3 385 458 457
3 386 387 459
3 386 459 458
3 387 388 460
3 387 460 459
3 388 389 461
3 388 461 460
3 389 390 462
3 389 462 461
3 390 391 463
3 390 463 462
3 391 392 464
3 391 464 463
3 392 393 465
3 392 465 464
3 393 394 466
3 393 466 465
3 394 395 467
3 394 467 466
3 395 396 468
3 395 468 467
3 396 397 469
3 396 469 468
3 397 398 470
3 397 470 469
3 398 399 471
3 398 471 470
3 399 400 472
3 399 472 471
3 400 401 473
3 400 473 472
3 401 402 474
3 401 474 473
3 402 403 475
3 402 475 474
3 403 404 476
3 403 476 475
3 404 405 477
3 404 477 476
3 405 406 478
3 405 478 477
3 406 407 479
3 406 479 478
3 407 408 480
3 407 480 479
3 408 409 481
3 408 481 480
3 409 410 482
3 409 482 481
3 410 411 483
3 410 483 482
3 411 412 484
3 411 484 483
3 412 413 485
3 412 485 484
3 413 414 486
3 413 486 485
3 414 415 487
3 414 487 486
3 415 416 488
3 415 488 487
3 416 417 489
3 416 489 488
3 417 418 490
3 417 490 489
3 418 419 491
3 418 491 490
3 419 420 492
3 419 492 491
3 420 421 493
3 420 493 492
3 421 422 494
3 421 494 493
3 422 423 495
3 422 495 494
3 423 424 496
3 423 496 495
3 424 425 497
3 424 497 496
3 425 426 498
3 425 498 497
3 426 427 499
3 426 499 498
3 427 428 500
3 427 500 499
3 428 429 501
3 428 501 500
3 429 430 502
3 429 502 501
3 430 431 503
3 430 503 502
3 431 360 432
3 431 432 503
3 432 433 505
3 432 505 504
3 433 434 506
3 433 506 505
3 434 435 507
3 434 507 506
3 435 436 508
3 435 508 507
3 436 437 509
3 436 509 508
3 437 438 510
3 437 510 509
3 438 439 511
3 438 511 510
3 439 440 512
3 439 512 511
3 440 441 513
3 440 513 512
3 441 442 514
3 441 514 513
3 442 443 515
3 442 515 514
3 443 444 516
3 443 516 515
3 444 445 517
3 444 517 516
3 445 446 518
3 445 518 517
3 446 447 519
3 446 519 518
3 447 448 520
3 447 520 519
3 448 449 521
3 448 521 520
3 449 450 522
3 449 522 521
3 450 451 523
3 450 523 522
3 451 452 524
3 451 524 523
3 452 453 525
3 452 525 524
3 453 454 526
3 453 526 525
3 454 455 527
3 454 527 526
3 455 456 528
3 455 528 527
3 456 457 529
3 456 529 528
3 457 458 530
3 457 530 529
3 458 459 531
3 458 531 530
3 459 460 532
3 459 532 531
3 460 461 533
3 460 533 532
3 461 462 534
3 461 534 533
3 462 463 535
3 462 535 534
3 463 464 536
3 463 536 535
3 464 465 537
3 464 537 536
3 465 466 538
3 465 538 537
3 466 467 539
3 466 539 538
3 467 468 540
3 467 540 539
3 468 469 541
3 468 541 540
3 469 470 542
3 469 542 541
3 470 471 543
3 470 543 542
3 471 472 544
3 471 544 543
3 472 473 545
3 472 545 544
3 473 474 546
3 473 546 545
3 474 475 547
3 474 547 546
3 475 476 548
3 475 548 547
3 476 477 549
3 476 549 548
3 477 478 550
3 477 550 549
3 478 479 551
3 478 551 550
3 479 480 552
3 479 552 551
3 480 481 553
3 480 553 552
3 481 482 554
3 481 554 553
3 482 483 555
3 482 555 554
3 483 484 556
3 483 556 555
3 484 485 557
3 484 557 556
3 485 486 558
3 485 558 557
3 486 487 559
3 486 559 558
3 487 488 560
3 487 560 559
3 488 489 561
3 488 561 560
3 489 490 562
3 489 562 561
3 490 491 563
3 490 563 562
3 491 492 564
3 491 564 563
3 492 493 565
3 492 565 564
3 493 494 566
3 493 566 565
3 494 495 567
3 494 567 566
3 495 496 568
3 495 568 567
3 496 497 569
3 496 569 568
3 497 498 570
3 497 570 569
3 498 499 571
3 498 571 570
3 499 500 572
3 499 572 571
3 500 501 573
3 500 573 572
3 501 502 574
3 501 574 573
3 502 503 575
3 502 575 574
3 503 432 504
3 503 504 575
3 504 505 577
3 504 577 576
3 505 506 578
3 505 578 577
3 506 507 579
3 506 579 578
3 507 508 580
3 507 580 579
3 508 509 581
3 508 581 580
3 509 510 582
3 509 582 581
3 510 511 583
3 510 583 582
3 511 512 584
3 511 584 583
3 512 513 585
3 512 585 584
3 513 514 586
3 513 586 585
3 514 515 587
3 514 587 586
3 515 516 588
3 515 588 587
3 516 517 589
3 516 589 588
3 517 518 590
3 517 590 589
3 518 519 591
3 518 591 590
3 519 520 592
3 519 592 591
3 520 521 593
3 520 593 592
3 521 522 594
3 521 594 593
3 522 523 595
3 522 595 594
3 523 524 596
3 523 596 595
3 524 525 597
3 524 597 596
3 525 526 598
3 525 598 597
3 526 527 599
3 526 599 598
3 527 528 600
3 527 600 599
3 528 529 601
3 528 601 600
3 529 530 602
3 529 602 601
3 530 531 603
3 530 603 602
3 531 532 604
3 531 604 603
3 532 533 605
3 532 605 604
3 533 534 606
3 533 606 605
3 534 535 607
3 534 607 606
3 535 536 608
3 535 608 607
3 536 537 609
3 536 609 608
3 537 538 610
3 537 610 609
3 538 539 611
3 538 611 610
3 539 540 612
3 539 612 611
3 540 541 613
3 540 613 612
3 541 542 614
3 541 614 613
3 542 543 615
3 542 615 614
3 543 544 616
3 543 616 615
3 544 545 617
3 544 617 616
3 545 546 618
3 545 618 617
3 546 547 619
3 546 619 618
3 547 548 620
3 547 620 619
3 548 549 621
3 548 621 620
3 549 550 622
3 549 622 621
3 550 551 623
3 550 623 622
3 551 552 624
3 551 624 623
3 552 553 625
3 552 625 624
3 553 554 626
3 553 626 625
3 554 555 627
3 554 627 626
3 555 556 628
3 555 628 627
3 556 557 629
3 556 629 628
3 557 558 630
3 557 630 629
3 558 559 631
3 558 631 630
3 559 560 632
3 559 632 631
3 560 561 633
3 560 633 632
3 561 562 634
3 561 634 633
3 562 563 635
3 562 635 634
3 563 564 636
3 563 636 635
3 564 565 637
3 564 637 636
3 565 566 638
3 565 638 637
3 566 567 639
3 566 639 638
3 567 568 640
3 567 640 639
3 568 569 641
3 568 641 640
3 569 570 642
3 569 642 641
3 570 571 643
3 570 643 642
3 571 572 644
3 571 644 643
3 572 573 645
3 572 645 644
3 573 574 646
3 573 646 645
3 574 575 647
3 574 647 646
3 575 504 576
3 575 576 647
3 576 577 649
3 576 649 648
3 577 578 650
3 577 650 649
3 578 579 651
3 578 651 650
3 579 580 652
3 579 652 651
3 580 581 653
3 580 653 652
3 581 582 654
3 581 654 653
3 582 583 655
3 582 655 654
3 583 584 656
3 583 656 655
3 584 585 657
3 584 657 656
3 585 586 658
3 585 658 657
3 586 587 659
3 586 659 658
3 587 588 660
3 587 660 659
3 588 589 661
3 588 661 660
3 589 590 662
3 589 662 661
3 590 591 663
3 590 663 662
3 591 592 664
3 591 664 663
3 592 593 665
3 592 665 664
3 593 594 666
3 593 666 665
3 594 595 667
3 594 667 666
3 595 596 668
3 595 668 667
3 596 597 669
3 596 669 668
3 597 598 670
3 597 670 669
3 598 599 671
3 598 671 670
3 599 600 672
3 599 672 671
3 600 601 673
3 600 673 672
3 601 602 674
3 601 674 673
3 602 603 675
3 602 675 674
3 603 604 676
3 603 676 675
3 604 605 677
3 604 677 676
3 605 606 678
3 605 678 677
3 606 607 679
3 606 679 678
3 607 608 680
3 607 680 679
3 608 609 681
3 608 681 680
3 609 610 682
3 609 682 681
3 610 611 683
3 610 683 682
3 611 612 684
3 611 684 683
3 612 613 685
3 612 685 684
3 613 614 686
3 613 686 685
3 614 615 687
3 614 687 686
3 615 616 688
3 615 688 687
3 616 617 689
3 616 689 688
3 617 618 690
3 617 690 689
3 618 619 691
3 618 691 690
3 619 620 692
3 619 692 691
3 620 621 693
3 620 693 692
3 621 622 694
3 621 694 693
3 622 623 695
3 622 695 694
3 623 624 696
3 623 696 695
3 624 625 697
3 624 697 696
3 625 626 698
3 625 698 697
3 626 627 699
3 626 699 698
3 627 628 700
3 627 700 699
3 628 629 701
3 628 701 700
3 629 630 702
3 629 702 701
3 630 631 703
3 630 703 702
3 631 632 704
3 631 704 703
3 632 633 705
3 632 705 704
3 633 634 706
3 633 706 705
3 634 635 707
3 634 707 706
3 635 636 708
3 635 708 707
3 636 637 709
3 636 709 708
3 637 638 710
3 637 710 709
3 638 639 711
3 638 711 710
3 639 640 712
3 639 712 711
3 640 641 713
3 640 713 712
3 641 642 714
3 641 714 713
3 642 643 715
3 642 715 714
3 643 644 716
3 643 716 715
3 644 645 717
3 644 717 716
3 645 646 718
3 645 718 717
3 646 647 719
3 646 719 718
3 647 576 648
3 647 648 719
3 648 649 721
3 648 721 720
3 649 650 722
3 649 722 721
3 650 651 723
3 650 723 722
3 651 652 724
3 651 724 723
3 652 653 725
3 652 725 724
3 653 654 726
3 653 726 725
3 654 655 727
3 654 727 726
3 655 656 728
3 655 728 727
3 656 657 729
3 656 729 728
3 657 658 730
3 657 730 729
3 658 659 731
3 658 731 730
3 659 660 732
3 659 732 731
3 660 661 733
3 660 733 732
3 661 662 734
3 661 734 733
3 662 663 735
3 662 735 734
3 663 664 736
3 663 736 735
3 664 665 737
3 664 737 736
3 665 666 738
3 665 738 737
3 666 667 739
3 666 739 738
3 667 668 740
3 667 740 739
3 668 669 741
3 668 741 740
3 669 670 742
3 669 742 741
3 670 671 743
3 670 743 742
3 671 672 744
3 671 744 743
3 672 673 745
3 672 745 744
3 673 674 746
3 673 746 745
3 674 675 747
3 674 747 746
3 675 676 748
3 675 748 747
3 676 677 749
3 676 749 748
3 677 678 750
3 677 750 749
3 678 679 751
3 678 751 750
3 679 680 752
3 679 752 751
3 680 681 753
3 680 753 752
3 681 682 754
3 681 754 753
3 682 683 755
3 682 755 754
3 683 684 756
3 683 756 755
3 684 685 757
3 684 757 756
3 685 686 758
3 685 758 757
3 686 687 759
3 686 759 758
3 687 688 760
3 687 760 759
3 688 689 761
3 688 761 760
3 689 690 762
3 689 762 761
3 690 691 763
3 690 763 762
3 691 692 764
3 691 764 763
3 692 693 765
3 692 765 764
3 693 694 766
3 693 766 765
3 694 695 767
3 694 767 766
3 695 696 768
3 695 768 767
3 696 697 769
3 696 769 768
3 697 698 770
3 697 770 769
3 698 699 771
3 698 771 770
3 699 700 772
3 699 772 771
3 700 701 773
3 700 773 772
3 701 702 774
3 701 774 773
3 702 703 775
3 702 775 774
3 703 704 776
3 703 776 775
3 704 705 777
3 704 777 776
3 705 706 778
3 705 778 777
3 706 707 779
3 706 779 778
3 707 708 780
3 707 780 779
3 708 709 781
3 708 781 780
3 709 710 782
3 709 782 781
3 710 711 783
3 710 783 782
3 711 712 784
3 711 784 783
3 712 713 785
3 712 785 784
3 713 714 786
3 713 786 785
3 714 715 787
3 714 787 786
3 715 716 788
3 715 788 787
3 716 717 789
3 716 789 788
3 717 718 790
3 717 790 789
3 718 719 791
3 718 791 790
3 719 648 720
3 719 720 791
3 720 721 793
3 720 793 792
3 721 722 794
3 721 794 793
3 722 723 795
3 722 795 794
3 723 724 796
3 723 796 795
3 724 725 797
3 724 797 796
3 725 726 798
3 725 798 797
3 726 727 799
3 726 799 798
3 727 728 800
3 727 800 799
3 728 729 801
3 728 801 800
3 729 730 802
3 729 802 801
3 730 731 803
3 730 803 802
3 731 732 804
3 731 804 803
3 732 733 805
3 732 805 804
3 733 734 806
3 733 806 805
3 734 735 807
3 734 807 806
3 735 736 808
3 735 808 807
3 736 737 809
3 736 809 808
3 737 738 810
3 737 810 809
3 738 739 811
3 738 811 810
3 739 740 812
3 739 812 811
3 740 741 813
3 740 813 812
3 741 742 814
3 741 814 813
3 742 743 815
3 742 815 814
3 743 744 816
3 743 816 815
3 744 745 817
3 744 817 816
3 745 746 818
3 745 818 817
3 746 747 819
3 746 819 818
3 747 748 820
3 747 820 819
3 748 749 821
3 748 821 820
3 749 750 822
3 749 822 821
3 750 751 823
3 750 823 822
3 751 752 824
3 751 824 823
3 752 753 825
3 752 825 824
3 753 754 826
3 753 826 825
3 754 755 827
3 754 827 826
3 755 756 828
3 755 828 827
3 756 757 829
3 756 829 828
3 757 758 830
3 757 830 829
3 758 759 831
3 758 831 830
3 759 760 832
3 759 832 831
3 760 761 833
3 760 833 832
3 761 762 834
3 761 834 833
3 762 763 835
3 762 835 834
3 763 764 836
3 763 836 835
3 764 765 837
3 764 837 836
3 765 766 838
3 765 838 837
3 766 767 839
3 766 839 838
3 767 768 840
3 767 840 839
3 768 769 841
3 768 841 840
3 769 770 842
3 769 842 841
3 770 771 843
3 770 843 842
3 771 772 844
3 771 844 843
3 772 773 845
3 772 845 844
3 773 774 846
3 773 846 845
3 774 775 847
3 774 847 846
3 775 776 848
3 775 848 847
3 776 777 849
3 776 849 848
3 777 778 850
3 777 850 849
3 778 779 851
3 778 851 850
3 779 780 852
3 779 852 851
3 780 781 853
3 780 853 852
3 781 782 854
3 781 854 853
3 782 783 855
3 782 855 854
3 783 784 856
3 783 856 855
3 784 785 857
3 784 857 856
3 785 786 858
3 785 858 857
3 786 787 859
3 786 859 858
3 787 788 860
3 787 860 859
3 788 789 861
3 788 861 860
3 789 790 862
3 789 862 861
3 790 791 863
3 790 863 862
3 791 720 792
3 791 792 863
3 792 793 865
3 792 865 864
3 793 794 866
3 793 866 865
3 794 795 867
3 794 867 866
3 795 796 868
3 795 868 867
3 796 797 869
3 796 869 868
3 797 798 870
3 797 870 869
3 798 799 871
3 798 871 870
3 799 800 872
3 799 872 871
3 800 801 873
3 800 873 872
3 801 802 874
3 801 874 873
3 802 803 875
3 802 875 874
3 803 804 876
3 803 876 875
3 804 805 877
3 804 877 876
3 805 806 878
3 805 878 877
3 806 807 879
3 806 879 878
3 807 808 880
3 807 880 879
3 808 809 881
3 808 881 880
3 809 810 882
3 809 882 881
3 810 811 883
3 810 883 882
3 811 812 884
3 811 884 883
3 812 813 885
3 812 885 884
3 813 814 886
3 813 886 885
3 814 815 887
3 814 887 886
3 815 816 888
3 815 888 887
3 816 817 889
3 816 889 888
3 817 818 890
3 817 890 889
3 818 819 891
3 818 891 890
3 819 820 892
3 819 892 891
3 820 821 893
3 820 893 892
3 821 822 894
3 821 894 893
3 822 823 895
3 822 895 894
3 823 824 896
3 823 896 895
3 824 825 897
3 824 897 896
3 825 826 898
3 825 898 897
3 826 827 899
3 826 899 898
3 827 828 900
3 827 900 899
3 828 829 901
3 828 901 900
3 829 830 902
3 829 902 901
3 830 831 903
3 830 903 902
3 831 832 904
3 831 904 903
3 832 833 905
3 832 905 904
3 833 834 906
3 833 906 905
3 834 835 907
3 834 907 906
3 835 836 908
3 835 908 907
3 836 837 909
3 836 909 908
3 837 838 910
3 837 910 909
3 838 839 911
3 838 911 910
3 839 840 912
3 839 912 911
3 840 841 913
3 840 913 912
3 841 842 914
3 841 914 913
3 842 843 915
3 842 915 914
3 843 844 916
3 843 916 915
3 844 845 917
3 844 917 916
3 845 846 918
3 845 918 917
3 846 847 919
3 846 919 918
3 847 848 920
3 847 920 919
3 848 849 921
3 848 921 920
3 849 850 922
3 849 922 921
3 850 851 923
3 850 923 922
3 851 852 924
3 851 924 923
3 852 853 925
3 852 925 924
3 853 854 926
3 853 926 925
3 854 855 927
3 854 927 926
3 855 856 928
3 855 928 927
3 856 857 929
3 856 929 928
3 857 858 930
3 857 930 929
3 858 859 931
3 858 931 930
3 859 860 932
3 859 932 931
3 860 861 933
3 860 933 932
3 861 862 934
3 861 934 933
3 862 863 935
3 862 935 934
3 863 792 864
3 863 864 935
3 864 865 937
3 864 937 936
3 865 866 938
3 865 938 937
3 866 867 939
3 866 939 938
3 867 868 940
3 867 940 939
3 868 869 941
3 868 941 940
3 869 870 942
3 869 942 941
3 870 871 943
3 870 943 942
3 871 872 944
3 871 944 943
3 872 873 945
3 872 945 944
3 873 874 946
3 873 946 945
3 874 875 947
3 874 947 946
3 875 876 948
3 875 948 947
3 876 877 949
3 876 949 948
3 877 878 950
3 877 950 949
3 878 879 951
3 878 951 950
3 879 880 952
3 879 952 951
3 880 881 953
3 880 953 952
3 881 882 954
3 881 954 953
3 882 883 955
3 882 955 954
3 883 884 956
3 883 956 955
3 884 885 957
3 884 957 956
3 885 886 958
3 885 958 957
3 886 887 959
3 886 959 958
3 887 888 960
3 887 960 959
3 888 889 961
3 888 961 960
3 889 890 962
3 889 962 961
3 890 891 963
3 890 963 962
3 891 892 964
3 891 964 963
3 892 893 965
3 892 965 964
3 893 894 966
3 893 966 965
3 894 895 967
3 894 967 966
3 895 896 968
3 895 968 967
3 896 897 969
3 896 969 968
3 897 898 970
3 897 970 969
3 898 899 971
3 898 971 970
3 899 900 972
3 899 972 971
3 900 901 973
3 900 973 972
3 901 902 974
3 901 974 973
3 902 903 975
3 902 975 974
3 903 904 976
3 903 976 975
3 904 905 977
3 904 977 976
3 905 906 978
3 905 978 977
3 906 907 979
3 906 979 978
3 907 908 980
3 907 980 979
3 908 909 981
3 908 981 980
3 909 910 982
3 909 982 981
3 910 911 983
3 910 983 982
3 911 912 984
3 911 984 983
3 912 913 985
3 912 985 984
3 913 914 986
3 913 986 985
3 914 915 987
3 914 987 986
3 915 916 988
3 915 988 987
3 916 917 989
3 916 989 988
3 917 918 990
3 917 990 989
3 918 919 991
3 918 991 990
3 919 920 992
3 919 992 991
3 920 921 993
3 920 993 992
3 921 922 994
3 921 994 993
3 922 923 995
3 922 995 994
3 923 924 996
3 923 996 995
3 924 925 997
3 924 997 996
3 925 926 998
3 925 998 997
3 926 927 999
3 926 999 998
3 927 928 1000
3 927 1000 999
3 928 929 1001
3 928 1001 1000
3 929 930 1002
3 929 1002 1001
3 930 931 1003
3 930 1003 1002
3 931 932 1004
3 931 1004 1003
3 932 933 1005
3 932 1005 1004
3 933 934 1006
3 933 1006 1005
3 934 935 1007
3 934 1007 1006
3 935 864 936
3 935 936 1007
3 936 937 1009
3 936 1009 1008
3 937 938 1010
3 937 1010 1009
3 938 939 1011
3 938 1011 1010
3 939 940 1012
3 939 1012 1011
3 940 941 1013
3 940 1013 1012
3 941 942 1014
3 941 1014 1013
3 942 943 1015
3 942 1015 1014
3 943 944 1016
3 943 1016 1015
3 944 945 1017
3 944 1017 1016
3 945 946 1018
3 945 1018 1017
3 946 947 1019
3 946 1019 1018
3 947 948 1020
3 947 1020 1019
3 948 949 1021
3 948 1021 1020
3 949 950 1022
3 949 1022 1021
3 950 951 1023
3 950 1023 1022
3 951 952 1024
3 951 1024 1023
3 952 953 1025
3 952 1025 1024
3 953 954 1026
3 953 1026 1025
3 954 955 1027
3 954 1027 1026
3 955 956 1028
3 955 1028 1027
3 956 957 1029
3 956 1029 1028
3 957 958 1030
3 957 1030 1029
3 958 959 1031
3 958 1031 1030
3 959 960 1032
3 959 1032 1031
3 960 961 1033
3 960 1033 1032
3 961 962 1034
3 961 1034 1033
3 962 963 1035
3 962 1035 1034
3 963 964 1036
3 963 1036 1035
3 964 965 1037
3 964 1037 1036
3 965 966 1038
3 965 1038 1037
3 966 967 1039
3 966 1039 1038
3 967 968 1040
3 967 1040 1039
3 968 969 1041
3 968 1041 1040
3 969 970 1042
3 969 1042 1041
3 970 971 1043
3 970 1043 1042
3 971 972 1044
3 971 1044 1043
3 972 973 1045
3 972 1045 1044
3 973 974 1046
3 973 1046 1045
3 974 975 1047
3 974 1047 1046
3 975 976 1048
3 975 1048 1047
3 976 977 1049
3 976 1049 1048
3 977 978 1050
3 977 1050 1049
3 978 979 1051
3 978 1051 1050
3 979 980 1052
3 979 1052 1051
3 980 981 1053
3 980 1053 1052
3 981 982 1054
3 981 1054 1053
3 982 983 1055
3 982 1055 1054
3 983 984 1056
3 983 1056 1055
3 984 985 1057
3 984 1057 1056
3 985 986 1058
3 985 1058 1057
3 986 987 1059
3 986 1059 1058
3 987 988 1060
3 987 1060 1059
3 988 989 1061
3 988 1061 1060
3 989 990 1062
3 989 1062 1061
3 990 991 1063
3 990 1063 1062
3 991 992 1064
3 991 1064 1063
3 992 993 1065
3 992 1065 1064
3 993 994 1066
3 993 1066 1065
3 994 995 1067
3 994 1067 1066
3 995 996 1068
3 995 1068 1067
3 996 997 1069
3 996 1069 1068
3 997 998 1070
3 997 1070 1069
3 998 999 1071
3 998 1071 1070
3 999 1000 1072
3 999 1072 1071
3 1000 1001 1073
3 1000 1073 1072
3 1001 1002 1074
3 1001 1074 1073
3 1002 1003 1075
3 1002 1075 1074
3 1003 1004 1076
3 1003 1076 1075
3 1004 1005 1077
3 1004 1077 1076
3 1005 1006 1078
3 1005 1078 1077
3 1006 1007 1079
3 1006 1079 1078
3 1007 936 1008
3 1007 1008 1079
3 1008 1009 1081
3 1008 1081 1080
3 1009 1010 1082
3 1009 1082 1081
3 1010 1011 1083
3 1010 1083 1082
3 1011 1012 1084
3 1011 1084 1083
3 1012 1013 1085
3 1012 1085 1084
3 1013 1014 1086
3 1013 1086 1085
3 1014 1015 1087
3 1014 1087 1086
3 1015 1016 1088
3 1015 1088 1087
3 1016 1017 1089
3 1016 1089 1088
3 1017 1018 1090
3 1017 1090 1089
3 1018 1019 1091
3 1018 1091 1090
3 1019 1020 1092
3 1019 1092 1091
3 1020 1021 1093
3 1020 1093 1092
3 1021 1022 1094
3 1021 1094 1093
3 1022 1023 1095
3 1022 1095 1094
3 1023 1024 1096
3 1023 1096 1095
3 1024 1025 1097
3 1024 1097 1096
3 1025 1026 1098
3 1025 1098 1097
3 1026 1027 1099
3 1026 1099 1098
3 1027 1028 1100
3 1027 1100 1099
3 1028 1029 1101
3 1028 1101 1100
3 1029 1030 1102
3 1029 1102 1101
3 1030 1031 1103
3 1030 1103 1102
3 1031 1032 1104
3 1031 1104 1103
3 1032 1033 1105
3 1032 1105 1104
3 1033 1034 1106
3 1033 1106 1105
3 1034 1035 1107
3 1034 1107 1106
3 1035 1036 1108
3 1035 1108 1107
3 1036 1037 1109
3 1036 1109 1108
3 1037 1038 1110
3 1037 1110 1109
3 1038 1039 1111
3 1038 1111 1110
3 1039 1040 1112
3 1039 1112 1111
3 1040 1041 1113
3 1040 1113 1112
3 1041 1042 1114
3 1041 1114 1113
3 1042 1043 1115
3 1042 1115 1114
3 1043 1044 1116
3 1043 1116 1115
3 1044 1045 1117
3 1044 1117 1116
3 1045 1046 1118
3 1045 1118 1117
3 1046 1047 1119
3 1046 1119 1118
3 1047 1048 1120
3 1047 1120 1119
3 1048 1049 1121
3 1048 1121 1120
3 1049 1050 1122
3 1049 1122 1121
3 1050 1051 1123
3 1050 1123 1122
3 1051 1052 1124
3 1051 1124 1123
3 1052 1053 1125
3 1052 1125 1124
3 1053 1054 1126
3 1053 1126 1125
3 1054 1055 1127
3 1054 1127 1126
3 1055 1056 1128
3 1055 1128 1127
3 1056 1057 1129
3 1056 1129 1128
3 1057 1058 1130
3 1057 1130 1129
3 1058 1059 1131
3 1058 1131 1130
3 1059 1060 1132
3 1059 1132 1131
3 1060 1061 1133
3 1060 1133 1132
3 1061 1062 1134
3 1061 1134 1133
3 1062 1063 1135
3 1062 1135 1134
3 1063 1064 1136
3 1063 1136 1135
3 1064 1065 1137
3 1064 1137 1136
3 1065 1066 1138
3 1065 1138 1137
3 1066 1067 1139
3 1066 1139 1138
3 1067 1068 1140
3 1067 1140 1139
3 1068 1069 1141
3 1068 1141 1140
3 1069 1070 1142
3 1069 1142 1141
3 1070 1071 1143
3 1070 1143 1142
3 1071 1072 1144
3 1071 1144 1143
3 1072 1073 1145
3 1072 1145 1144
3 1073 1074 1146
3 1073 1146 1145
3 1074 1075 1147
3 1074 1147 1146
3 1075 1076 1148
3 1075 1148 1147
3 1076 1077 1149
3 1076 1149 1148
3 1077 1078 1150
3 1077 1150 1149
3 1078 1079 1151
3 1078 1151 1150
3 1079 1008 1080
3 1079 1080 1151
3 1080 1081 1153
3 1080 1153 1152
3 1081 1082 1154
3 1081 1154 1153
3 1082 1083 1155
3 1082 1155 1154
3 1083 1084 1156
3 1083 1156 1155
3 1084 1085 1157
3 1084 1157 1156
3 1085 1086 1158
3 1085 1158 1157
3 1086 1087 1159
3 1086 1159 1158
3 1087 1088 1160
3 1087 1160 1159
3 1088 1089 1161
3 1088 1161 1160
3 1089 1090 1162
3 1089 1162 1161
3 1090 1091 1163
3 1090 1163 1162
3 1091 1092 1164
3 1091 1164 1163
3 1092 1093 1165
3 1092 1165 1164
3 1093 1094 1166
3 1093 1166 1165
3 1094 1095 1167
3 1094 1167 1166
3 1095 1096 1168
3 1095 1168 1167
3 1096 1097 1169
3 1096 1169 1168
3 1097 1098 1170
3 1097 1170 1169
3 1098 1099 1171
3 1098 1171 1170
3 1099 1100 1172
3 1099 1172 1171
3 1100 1101 1173
3 1100 1173 1172
3 1101 1102 1174
3 1101 1174 1173
3 1102 1103 1175
3 1102 1175 1174
3 1103 1104 1176
3 1103 1176 1175
3 1104 1105 1177
3 1104 1177 1176
3 1105 1106 1178
3 1105 1178 1177
3 1106 1107 1179
3 1106 1179 1178
3 1107 1108 1180
3 1107 1180 1179
3 1108 1109 1181
3 1108 1181 1180
3 1109 1110 1182
3 1109 1182 1181
3 1110 1111 1183
3 1110 1183 1182
3 1111 1112 1184
3 1111 1184 1183
3 1112 1113 1185
3 1112 1185 1184
3 1113 1114 1186
3 1113 1186 1185
3 1114 1115 1187
3 1114 1187 1186
3 1115 1116 1188
3 1115 1188 1187
3 1116 1117 1189
3 1116 1189 1188
3 1117 1118 1190
3 1117 1190 1189
3 1118 1119 1191
3 1118 1191 1190
3 1119 1120 1192
3 1119 1192 1191
3 1120 1121 1193
3 1120 1193 1192
3 1121 1122 1194
3 1121 1194 1193
3 1122 1123 1195
3 1122 1195 1194
3 1123 1124 1196
3 1123 1196 1195
3 1124 1125 1197
3 1124 1197 1196
3 1125 1126 1198
3 1125 1198 1197
3 1126 1127 1199
3 1126 1199 1198
3 1127 1128 1200
3 1127 1200 1199
3 1128 1129 1201
3 1128 1201 1200
3 1129 1130 1202
3 1129 1202 1201
3 1130 1131 1203
3 1130 1203 1202
3 1131 1132 1204
3 1131 1204 1203
3 1132 1133 1205
3 1132 1205 1204
3 1133 1134 1206
3 1133 1206 1205
3 1134 1135 1207
3 1134 1207 1206
3 1135 1136 1208
3 1135 1208 1207
3 1136 1137 1209
3 1136 1209 1208
3 1137 1138 1210
3 1137 1210 1209
3 1138 1139 1211
3 1138 1211 1210
3 1139 1140 1212
3 1139 1212 1211
3 1140 1141 1213
3 1140 1213 1212
3 1141 1142 1214
3 1141 1214 1213
3 1142 1143 1215
3 1142 1215 1214
3 1143 1144 1216
3 1143 1216 1215
3 1144 1145 1217
3 1144 1217 1216
3 1145 1146 1218
3 1145 1218 1217
3 1146 1147 1219
3 1146 1219 1218
3 1147 1148 1220
3 1147 1220 1219
3 1148 1149 1221
3 1148 1221 1220
3 1149 1150 1222
3 1149 1222 1221
3 1150 1151 1223
3 1150 1223 1222
3 1151 1080 1152
3 1151 1152 1223
3 1152 1153 1225
3 1152 1225 1224
3 1153 1154 1226
3 1153 1226 1225
3 1154 1155 1227
3 1154 1227 1226
3 1155 1156 1228
3 1155 1228 1227
3 1156 1157 1229
3 1156 1229 1228
3 1157 1158 1230
3 1157 1230 1229
3 1158 1159 1231
3 1158 1231 1230
3 1159 1160 1232
3 1159 1232 1231
3 1160 1161 1233
3 1160 1233 1232
3 1161 1162 1234
3 1161 1234 1233
3 1162 1163 1235
3 1162 1235 1234
3 1163 1164 1236
3 1163 1236 1235
3 1164 1165 1237
3 1164 1237 1236
3 1165 1166 1238
3 1165 1238 1237
3 1166 1167 1239
3 1166 1239 1238
3 1167 1168 1240
3 1167 1240 1239
3 1168 1169 1241
3 1168 1241 1240
3 1169 1170 1242
3 1169 1242 1241
3 1170 1171 1243
3 1170 1243 1242
3 1171 1172 1244
3 1171 1244 1243
3 1172 1173 1245
3 1172 1245 1244
3 1173 1174 1246
3 1173 1246 1245
3 1174 1175 1247
3 1174 1247 1246
3 1175 1176 1248
3 1175 1248 1247
3 1176 1177 1249
3 1176 1249 1248
3 1177 1178 1250
3 1177 1250 1249
3 1178 1179 1251
3 1178 1251 1250
3 1179 1180 1252
3 1179 1252 1251
3 1180 1181 1253
3 1180 1253 1252
3 1181 1182 1254
3 1181 1254 1253
3 1182 1183 1255
3 1182 1255 1254
3 1183 1184 1256
3 1183 1256 1255
3 1184 1185 1257
3 1184 1257 1256
3 1185 1186 1258
3 1185 1258 1257
3 1186 1187 1259
3 1186 1259 1258
3 1187 1188 1260
3 1187 1260 1259
3 1188 1189 1261
3 1188 1261 1260
3 1189 1190 1262
3 1189 1262 1261
3 1190 1191 1263
3 1190 1263 1262
3 1191 1192 1264
3 1191 1264 1263
3 1192 1193 1265
3 1192 1265 1264
3 1193 1194 1266
3 1193 1266 1265
3 1194 1195 1267
3 1194 1267 1266
3 1195 1196 1268
3 1195 1268 1267
3 1196 1197 1269
3 1196 1269 1268
3 1197 1198 1270
3 1197 1270 1269
3 1198 1199 1271
3 1198 1271 1270
3 1199 1200 1272
3 1199 1272 1271
3 1200 1201 1273
3 1200 1273 1272
3 1201 1202 1274
3 1201 1274 1273
3 1202 1203 1275
3 1202 1275 1274
3 1203 1204 1276
3 1203 1276 1275
3 1204 1205 1277
3 1204 1277 1276
3 1205 1206 1278
3 1205 1278 1277
3 1206 1207 1279
3 1206 1279 1278
3 1207 1208 1280
3 1207 1280 1279
3 1208 1209 1281
3 1208 1281 1280
3 1209 1210 1282
3 1209 1282 1281
3 1210 1211 1283
3 1210 1283 1282
3 1211 1212 1284
3 1211 1284 1283
3 1212 1213 1285
3 1212 1285 1284
3 1213 1214 1286
3 1213 1286 1285
3 1214 1215 1287
3 1214 1287 1286
3 1215 1216 1288
3 1215 1288 1287
3 1216 1217 1289
3 1216 1289 1288
3 1217 1218 1290
3 1217 1290 1289
3 1218 1219 1291
3 1218 1291 1290
3 1219 1220 1292
3 1219 1292 1291
3 1220 1221 1293
3 1220 1293 1292
3 1221 1222 1294
3 1221 1294 1293
3 1222 1223 1295
3 1222 1295 1294
3 1223 1152 1224
3 1223 1224 1295
3 1224 1225 1297
3 1224 1297 1296
3 1225 1226 1298
3 1225 1298 1297
3 1226 1227 1299
3 1226 1299 1298
3 1227 1228 1300
3 1227 1300 1299
3 1228 1229 1301
3 1228 1301 1300
3 1229 1230 1302
3 1229 1302 1301
3 1230 1231 1303
3 1230 1303 1302
3 1231 1232 1304
3 1231 1304 1303
3 1232 1233 1305
3 1232 1305 1304
3 1233 1234 1306
3 1233 1306 1305
3 1234 1235 1307
3 1234 1307 1306
3 1235 1236 1308
3 1235 1308 1307
3 1236 1237 1309
3 1236 1309 1308
3 1237 1238 1310
3 1237 1310 1309
3 1238 1239 1311
3 1238 1311 1310
3 1239 1240 1312
3 1239 1312 1311
3 1240 1241 1313
3 1240 1313 1312
3 1241 1242 1314
3 1241 1314 1313
3 1242 1243 1315
3 1242 1315 1314
3 1243 1244 1316
3 1243 1316 1315
3 1244 1245 1317
3 1244 1317 1316
3 1245 1246 1318
3 1245 1318 1317
3 1246 1247 1319
3 1246 1319 1318
3 1247 1248 1320
3 1247 1320 1319
3 1248 1249 1321
3 1248 1321 1320
3 1249 1250 1322
3 1249 1322 1321
3 1250 1251 1323
3 1250 1323 1322
3 1251 1252 1324
3 1251 1324 1323
3 1252 1253 1325
3 1252 1325 1324
3 1253 1254 1326
3 1253 1326 1325
3 1254 1255 1327
3 1254 1327 1326
3 1255 1256 1328
3 1255 1328 1327
3 1256 1257 1329
3 1256 1329 1328
3 1257 1258 1330
3 1257 1330 1329
3 1258 1259 1331
3 1258 1331 1330
3 1259 1260 1332
3 1259 1332 1331
3 1260 1261 1333
3 1260 1333 1332
3 1261 1262 1334
3 1261 1334 1333
3 1262 1263 1335
3 1262 1335 1334
3 1263 1264 1336
3 1263 1336 1335
3 1264 1265 1337
3 1264 1337 1336
3 1265 1266 1338
3 1265 1338 1337
3 1266 1267 1339
3 1266 1339 1338
3 1267 1268 1340
3 1267 1340 1339
3 1268 1269 1341
3 1268 1341 1340
3 1269 1270 1342
3 1269 1342 1341
3 1270 1271 1343
3 1270 1343 1342
3 1271 1272 1344
3 1271 1344 1343
3 1272 1273 1345
3 1272 1345 1344
3 1273 1274 1346
3 1273 1346 1345
3 1274 1275 1347
3 1274 1347 1346
3 1275 1276 1348
3 1275 1348 1347
3 1276 1277 1349
3 1276 1349 1348
3 1277 1278 1350
3 1277 1350 1349
3 1278 1279 1351
3 1278 1351 1350
3 1279 1280 1352
3 1279 1352 1351
3 1280 1281 1353
3 1280 1353 1352
3 1281 1282 1354
3 1281 1354 1353
3 1282 1283 1355
3 1282 1355 1354
3 1283 1284 1356
3 1283 1356 1355
3 1284 1285 1357
3 1284 1357 1356
3 1285 1286 1358
3 1285 1358 1357
3 1286 1287 1359
3 1286 1359 1358
3 1287 1288 1360
3 1287 1360 1359
3 1288 1289 1361
3 1288 1361 1360
3 1289 1290 1362
3 1289 1362 1361
3 1290 1291 1363
3 1290 1363 1362
3 1291 1292 1364
3 1291 1364 1363
3 1292 1293 1365
3 1292 1365 1364
3 1293 1294 1366
3 1293 1366 1365
3 1294 1295 1367
3 1294 1367 1366
3 1295 1224 1296
3 1295 1296 1367
3 1296 1297 1369
3 1296 1369 1368
3 1297 1298 1370
3 1297 1370 1369
3 1298 1299 1371
3 1298 1371 1370
3 1299 1300 1372
3 1299 1372 1371
3 1300 1301 1373
3 1300 1373 1372
3 1301 1302 1374
3 1301 1374 1373
3 1302 1303 1375
3 1302 1375 1374
3 1303 1304 1376
3 1303 1376 1375
3 1304 1305 1377
3 1304 1377 1376
3 1305 1306 1378
3 1305 1378 1377
3 1306 1307 1379
3 1306 1379 1378
3 1307 1308 1380
3 1307 1380 1379
3 1308 1309 1381
3 1308 1381 1380
3 1309 1310 1382
3 1309 1382 1381
3 1310 1311 1383
3 1310 1383 1382
3 1311 1312 1384
3 1311 1384 1383
3 1312 1313 1385
3 1312 1385 1384
3 1313 1314 1386
3 1313 1386 1385
3 1314 1315 1387
3 1314 1387 1386
3 1315 1316 1388
3 1315 1388 1387
3 1316 1317 1389
3 1316 1389 1388
3 1317 1318 1390
3 1317 1390 1389
3 1318 1319 1391
3 1318 1391 1390
3 1319 1320 1392
3 1319 1392 1391
3 1320 1321 1393
3 1320 1393 1392
3 1321 1322 1394
3 1321 1394 1393
3 1322 1323 1395
3 1322 1395 1394
3 1323 1324 1396
3 1323 1396 1395
3 1324 1325 1397
3 1324 1397 1396
3 1325 1326 1398
3 1325 1398 1397
3 1326 1327 1399
3 1326 1399 1398
3 1327 1328 1400
3 1327 1400 1399
3 1328 1329 1401
3 1328 1401 1400
3 1329 1330 1402
3 1329 1402 1401
3 1330 1331 1403
3 1330 1403 1402
3 1331 1332 1404
3 1331 1404 1403
3 1332 1333 1405
3 1332 1405 1404
3 1333 1334 1406
3 1333 1406 1405
3 1334 1335 1407
3 1334 1407 1406
3 1335 1336 1408
3 1335 1408 1407
3 1336 1337 1409
3 1336 1409 1408
3 1337 1338 1410
3 1337 1410 1409
3 1338 1339 1411
3 1338 1411 1410
3 1339 1340 1412
3 1339 1412 1411
3 1340 1341 1413
3 1340 1413 1412
3 1341 1342 1414
3 1341 1414 1413
3 1342 1343 1415
3 1342 1415 1414
3 1343 1344 1416
3 1343 1416 1415
3 1344 1345 1417
3 1344 1417 1416
3 1345 1346 1418
3 1345 1418 1417
3 1346 1347 1419
3 1346 1419 1418
3 1347 1348 1420
3 1347 1420 1419
3 1348 1349 1421
3 1348 1421 1420
3 1349 1350 1422
3 1349 1422 1421
3 1350 1351 1423
3 1350 1423 1422
3 1351 1352 1424
3 1351 1424 1423
3 1352 1353 1425
3 1352 1425 1424
3 1353 1354 1426
3 1353 1426 1425
3 1354 1355 1427
3 1354 1427 1426
3 1355 1356 1428
3 1355 1428 1427
3 1356 1357 1429
3 1356 1429 1428
3 1357 1358 1430
3 1357 1430 1429
3 1358 1359 1431
3 1358 1431 1430
3 1359 1360 1432
3 1359 1432 1431
3 1360 1361 1433
3 1360 1433 1432
3 1361 1362 1434
3 1361 1434 1433
3 1362 1363 1435
3 1362 1435 1434
3 1363 1364 1436
3 1363 1436 1435
3 1364 1365 1437
3 1364 1437 1436
3 1365 1366 1438
3 1365 1438 1437
3 1366 1367 1439
3 1366 1439 1438
3 1367 1296 1368
3 1367 1368 1439
3 1368 1369 1441
3 1368 1441 1440
3 1369 1370 1442
3 1369 1442 1441
3 1370 1371 1443
3 1370 1443 1442
3 1371 1372 1444
3 1371 1444 1443
3 1372 1373 1445
3 1372 1445 1444
3 1373 1374 1446
3 1373 1446 1445
3 1374 1375 1447
3 1374 1447 1446
3 1375 1376 1448
3 1375 1448 1447
3 1376 1377 1449
3 1376 1449 1448
3 1377 1378 1450
3 1377 1450 1449
3 1378 1379 1451
3 1378 1451 1450
3 1379 1380 1452
3 1379 1452 1451
3 1380 1381 1453
3 1380 1453 1452
3 1381 1382 1454
3 1381 1454 1453
3 1382 1383 1455
3 1382 1455 1454
3 1383 1384 1456
3 1383 1456 1455
3 1384 1385 1457
3 1384 1457 1456
3 1385 1386 1458
3 1385 1458 1457
3 1386 1387 1459
3 1386 1459 1458
3 1387 1388 1460
3 1387 1460 1459
3 1388 1389 1461
3 1388 1461 1460
3 1389 1390 1462
3 1389 1462 1461
3 1390 1391 1463
3 1390 1463 1462
3 1391 1392 1464
3 1391 1464 1463
3 1392 1393 1465
3 1392 1465 1464
3 1393 1394 1466
3 1393 1466 1465
3 1394 1395 1467
3 1394 1467 1466
3 1395 1396 1468
3 1395 1468 1467
3 1396 1397 1469
3 1396 1469 1468
3 1397 1398 1470
3 1397 1470 1469
3 1398 1399 1471
3 1398 1471 1470
3 1399 1400 1472
3 1399 1472 1471
3 1400 1401 1473
3 1400 1473 1472
3 1401 1402 1474
3 1401 1474 1473
3 1402 1403 1475
3 1402 1475 1474
3 1403 1404 1476
3 1403 1476 1475
3 1404 1405 1477
3 1404 1477 1476
3 1405 1406 1478
3 1405 1478 1477
3 1406 1407 1479
3 1406 1479 1478
3 1407 1408 1480
3 1407 1480 1479
3 1408 1409 1481
3 1408 1481 1480
3 1409 1410 1482
3 1409 1482 1481
3 1410 1411 1483
3 1410 1483 1482
3 1411 1412 1484
3 1411 1484 1483
3 1412 1413 1485
3 1412 1485 1484
3 1413 1414 1486
3 1413 1486 1485
3 1414 1415 1487
3 1414 1487 1486
3 1415 1416 1488
3 1415 1488 1487
3 1416 1417 1489
3 1416 1489 1488
3 1417 1418 1490
3 1417 1490 1489
3 1418 1419 1491
3 1418 1491 1490
3 1419 1420 1492
3 1419 1492 1491
3 1420 1421 1493
3 1420 1493 1492
3 1421 1422 1494
3 1421 1494 1493
3 1422 1423 1495
3 1422 1495 1494
3 1423 1424 1496
3 1423 1496 1495
3 1424 1425 1497
3 1424 1497 1496
3 1425 1426 1498
3 1425 1498 1497
3 1426 1427 1499
3 1426 1499 1498
3 1427 1428 1500
3 1427 1500 1499
3 1428 1429 1501
3 1428 1501 1500
3 1429 1430 1502
3 1429 1502 1501
3 1430 1431 1503
3 1430 1503 1502
3 1431 1432 1504
3 1431 1504 1503
3 1432 1433 1505
3 1432 1505 1504
3 1433 1434 1506
3 1433 1506 1505
3 1434 1435 1507
3 1434 1507 1506
3 1435 1436 1508
3 1435 1508 1507
3 1436 1437 1509
3 1436 1509 1508
3 1437 1438 1510
3 1437 1510 1509
3 1438 1439 1511
3 1438 1511 1510
3 1439 1368 1440
3 1439 1440 1511
3 1440 1441 1513
3 1440 1513 1512
3 1441 1442 1514
3 1441 1514 1513
3 1442 1443 1515
3 1442 1515 1514
3 1443 1444 1516
3 1443 1516 1515
3 1444 1445 1517
3 1444 1517 1516
3 1445 1446 1518
3 1445 1518 1517
3 1446 1447 1519
3 1446 1519 1518
3 1447 1448 1520
3 1447 1520 1519
3 1448 1449 1521
3 1448 1521 1520
3 1449 1450 1522
3 1449 1522 1521
3 1450 1451 1523
3 1450 1523 1522
3 1451 1452 1524
3 1451 1524 1523
3 1452 1453 1525
3 1452 1525 1524
3 1453 1454 1526
3 1453 1526 1525
3 1454 1455 1527
3 1454 1527 1526
3 1455 1456 1528
3 1455 1528 1527
3 1456 1457 1529
3 1456 1529 1528
3 1457 1458 1530
3 1457 1530 1529
3 1458 1459 1531
3 1458 1531 1530
3 1459 1460 1532
3 1459 1532 1531
3 1460 1461 1533
3 1460 1533 1532
3 1461 1462 1534
3 1461 1534 1533
3 1462 1463 1535
3 1462 1535 1534
3 1463 1464 1536
3 1463 1536 1535
3 1464 1465 1537
3 1464 1537 1536
3 1465 1466 1538
3 1465 1538 1537
3 1466 1467 1539
3 1466 1539 1538
3 1467 1468 1540
3 1467 1540 1539
3 1468 1469 1541
3 1468 1541 1540
3 1469 1470 1542
3 1469 1542 1541
3 1470 1471 1543
3 1470 1543 1542
3 1471 1472 1544
3 1471 1544 1543
3 1472 1473 1545
3 1472 1545 1544
3 1473 1474 1546
3 1473 1546 1545
3 1474 1475 1547
3 1474 1547 1546
3 1475 1476 1548
3 1475 1548 1547
3 1476 1477 1549
3 1476 1549 1548
3 1477 1478 1550
3 1477 1550 1549
3 1478 1479 1551
3 1478 1551 1550
3 1479 1480 1552
3 1479 1552 1551
3 1480 1481 1553
3 1480 1553 1552
3 1481 1482 1554
3 1481 1554 1553
3 1482 1483 1555
3 1482 1555 1554
3 1483 1484 1556
3 1483 1556 1555
3 1484 1485 1557
3 1484 1557 1556
3 1485 1486 1558
3 1485 1558 1557
3 1486 1487 1559
3 1486 1559 1558
3 1487 1488 1560
3 1487 1560 1559
3 1488 1489 1561
3 1488 1561 1560
3 1489 1490 1562
3 1489 1562 1561
3 1490 1491 1563
3 1490 1563 1562
3 1491 1492 1564
3 1491 1564 1563
3 1492 1493 1565
3 1492 1565 1564
3 1493 1494 1566
3 1493 1566 1565
3 1494 1495 1567
3 1494 1567 1566
3 1495 1496 1568
3 1495 1568 1567
3 1496 1497 1569
3 1496 1569 1568
3 1497 1498 1570
3 1497 1570 1569
3 1498 1499 1571
3 1498 1571 1570
3 1499 1500 1572
3 1499 1572 1571
3 1500 1501 1573
3 1500 1573 1572
3 1501 1502 1574
3 1501 1574 1573
3 1502 1503 1575
3 1502 1575 1574
3 1503 1504 1576
3 1503 1576 1575
3 1504 1505 1577
3 1504 1577 1576
3 1505 1506 1578
3 1505 1578 1577
3 1506 1507 1579
3 1506 1579 1578
3 1507 1508 1580
3 1507 1580 1579
3 1508 1509 1581
3 1508 1581 1580
3 1509 1510 1582
3 1509 1582 1581
3 1510 1511 1583
3 1510 1583 1582
3 1511 1440 1512
3 1511 1512 1583
3 1512 1513 1585
3 1512 1585 1584
3 1513 1514 1586
3 1513 1586 1585
3 1514 1515 1587
3 1514 1587 1586
3 1515 1516 1588
3 1515 1588 1587
3 1516 1517 1589
3 1516 1589 1588
3 1517 1518 1590
3 1517 1590 1589
3 1518 1519 1591
3 1518 1591 1590
3 1519 1520 1592
3 1519 1592 1591
3 1520 1521 1593
3 1520 1593 1592
3 1521 1522 1594
3 1521 1594 1593
3 1522 1523 1595
3 1522 1595 1594
3 1523 1524 1596
3 1523 1596 1595
3 1524 1525 1597
3 1524 1597 1596
3 1525 1526 1598
3 1525 1598 1597
3 1526 1527 1599
3 1526 1599 1598
3 1527 1528 1600
3 1527 1600 1599
3 1528 1529 1601
3 1528 1601 1600
3 1529 1530 1602
3 1529 1602 1601
3 1530 1531 1603
3 1530 1603 1602
3 1531 1532 1604
3 1531 1604 1603
3 1532 1533 1605
3 1532 1605 1604
3 1533 1534 1606
3 1533 1606 1605
3 1534 1535 1607
3 1534 1607 1606
3 1535 1536 1608
3 1535 1608 1607
3 1536 1537 1609
3 1536 1609 1608
3 1537 1538 1610
3 1537 1610 1609
3 1538 1539 1611
3 1538 1611 1610
3 1539 1540 1612
3 1539 1612 1611
3 1540 1541 1613
3 1540 1613 1612
3 1541 1542 1614
3 1541 1614 1613
3 1542 1543 1615
3 1542 1615 1614
3 1543 1544 1616
3 1543 1616 1615
3 1544 1545 1617
3 1544 1617 1616
3 1545 1546 1618
3 1545 1618 1617
3 1546 1547 1619
3 1546 1619 1618
3 1547 1548 1620
3 1547 1620 1619
3 1548 1549 1621
3 1548 1621 1620
3 1549 1550 1622
3 1549 1622 1621
3 1550 1551 1623
3 1550 1623 1622
3 1551 1552 1624
3 1551 1624 1623
3 1552 1553 1625
3 1552 1625 1624
3 1553 1554 1626
3 1553 1626 1625
3 1554 1555 1627
3 1554 1627 1626
3 1555 1556 1628
3 1555 1628 1627
3 1556 1557 1629
3 1556 1629 1628
3 1557 1558 1630
3 1557 1630 1629
3 1558 1559 1631
3 1558 1631 1630
3 1559 1560 1632
3 1559 1632 1631
3 1560 1561 1633
3 1560 1633 1632
3 1561 1562 1634
3 1561 1634 1633
3 1562 1563 1635
3 1562 1635 1634
3 1563 1564 1636
3 1563 1636 1635
3 1564 1565 1637
3 1564 1637 1636
3 1565 1566 1638
3 1565 1638 1637
3 1566 1567 1639
3 1566 1639 1638
3 1567 1568 1640
3 1567 1640 1639
3 1568 1569 1641
3 1568 1641 1640
3 1569 1570 1642
3 1569 1642 1641
3 1570 1571 1643
3 1570 1643 1642
3 1571 1572 1644
3 1571 1644 1643
3 1572 1573 1645
3 1572 1645 1644
3 1573 1574 1646
3 1573 1646 1645
3 1574 1575 1647
3 1574 1647 1646
3 1575 1576 1648
3 1575 1648 1647
3 1576 1577 1649
3 1576 1649 1648
3 1577 1578 1650
3 1577 1650 1649
3 1578 1579 1651
3 1578 1651 1650
3 1579 1580 1652
3 1579 1652 1651
3 1580 1581 1653
3 1580 1653 1652
3 1581 1582 1654
3 1581 1654 1653
3 1582 1583 1655
3 1582 1655 1654
3 1583 1512 1584
3 1583 1584 1655
3 1584 1585 1657
3 1584 1657 1656
3 1585 1586 1658
3 1585 1658 1657
3 1586 1587 1659
3 1586 1659 1658
3 1587 1588 1660
3 1587 1660 1659
3 1588 1589 1661
3 1588 1661 1660
3 1589 1590 1662
3 1589 1662 1661
3 1590 1591 1663
3 1590 1663 1662
3 1591 1592 1664
3 1591 1664 1663
3 1592 1593 1665
3 1592 1665 1664
3 1593 1594 1666
3 1593 1666 1665
3 1594 1595 1667
3 1594 1667 1666
3 1595 1596 1668
3 1595 1668 1667
3 1596 1597 1669
3 1596 1669 1668
3 1597 1598 1670
3 1597 1670 1669
3 1598 1599 1671
3 1598 1671 1670
3 1599 1600 1672
3 1599 1672 1671
3 1600 1601 1673
3 1600 1673 1672
3 1601 1602 1674
3 1601 1674 1673
3 1602 1603 1675
3 1602 1675 1674
3 1603 1604 1676
3 1603 1676 1675
3 1604 1605 1677
3 1604 1677 1676
3 1605 1606 1678
3 1605 1678 1677
3 1606 1607 1679
3 1606 1679 1678
3 1607 1608 1680
3 1607 1680 1679
3 1608 1609 1681
3 1608 1681 1680
3 1609 1610 1682
3 1609 1682 1681
3 1610 1611 1683
3 1610 1683 1682
3 1611 1612 1684
3 1611 1684 1683
3 1612 1613 1685
3 1612 1685 1684
3 1613 1614 1686
3 1613 1686 1685
3 1614 1615 1687
3 1614 1687 1686
3 1615 1616 1688
3 1615 1688 1687
3 1616 1617 1689
3 1616 1689 1688
3 1617 1618 1690
3 1617 1690 1689
3 1618 1619 1691
3 1618 1691 1690
3 1619 1620 1692
3 1619 1692 1691
3 1620 1621 1693
3 1620 1693 1692
3 1621 1622 1694
3 1621 1694 1693
3 1622 1623 1695
3 1622 1695 1694
3 1623 1624 1696
3 1623 1696 1695
3 1624 1625 1697
3 1624 1697 1696
3 1625 1626 1698
3 1625 1698 1697
3 1626 1627 1699
3 1626 1699 1698
3 1627 1628 1700
3 1627 1700 1699
3 1628 1629 1701
3 1628 1701 1700
3 1629 1630 1702
3 1629 1702 1701
3 1630 1631 1703
3 1630 1703 1702
3 1631 1632 1704
3 1631 1704 1703
3 1632 1633 1705
3 1632 1705 1704
3 1633 1634 1706
3 1633 1706 1705
3 1634 1635 1707
3 1634 1707 1706
3 1635 1636 1708
3 1635 1708 1707
3 1636 1637 1709
3 1636 1709 1708
3 1637 1638 1710
3 1637 1710 1709
3 1638 1639 1711
3 1638 1711 1710
3 1639 1640 1712
3 1639 1712 1711
3 1640 1641 1713
3 1640 1713 1712
3 1641 1642 1714
3 1641 1714 1713
3 1642 1643 1715
3 1642 1715 1714
3 1643 1644 1716
3 1643 1716 1715
3 1644 1645 1717
3 1644 1717 1716
3 1645 1646 1718
3 1645 1718 1717
3 1646 1647 1719
3 1646 1719 1718
3 1647 1648 1720
3 1647 1720 1719
3 1648 1649 1721
3 1648 1721 1720
3 1649 1650 1722
3 1649 1722 1721
3 1650 1651 1723
3 1650 1723 1722
3 1651 1652 1724
3 1651 1724 1723
3 1652 1653 1725
3 1652 1725 1724
3 1653 1654 1726
3 1653 1726 1725
3 1654 1655 1727
3 1654 1727 1726
3 1655 1584 1656
3 1655 1656 1727
3 1656 1657 1729
3 1656 1729 1728
3 1657 1658 1730
3 1657 1730 1729
3 1658 1659 1731
3 1658 1731 1730
3 1659 1660 1732
3 1659 1732 1731
3 1660 1661 1733
3 1660 1733 1732
3 1661 1662 1734
3 1661 1734 1733
3 1662 1663 1735
3 1662 1735 1734
3 1663 1664 1736
3 1663 1736 1735
3 1664 1665 1737
3 1664 1737 1736
3 1665 1666 1738
3 1665 1738 1737
3 1666 1667 1739
3 1666 1739 1738
3 1667 1668 1740
3 1667 1740 1739
3 1668 1669 1741
3 1668 1741 1740
3 1669 1670 1742
3 1669 1742 1741
3 1670 1671 1743
3 1670 1743 1742
3 1671 1672 1744
3 1671 1744 1743
3 1672 1673 1745
3 1672 1745 1744
3 1673 1674 1746
3 1673 1746 1745
3 1674 1675 1747
3 1674 1747 1746
3 1675 1676 1748
3 1675 1748 1747
3 1676 1677 1749
3 1676 1749 1748
3 1677 1678 1750
3 1677 1750 1749
3 1678 1679 1751
3 1678 1751 1750
3 1679 1680 1752
3 1679 1752 1751
3 1680 1681 1753
3 1680 1753 1752
3 1681 1682 1754
3 1681 1754 1753
3 1682 1683 1755
3 1682 1755 1754
3 1683 1684 1756
3 1683 1756 1755
3 1684 1685 1757
3 1684 1757 1756
3 1685 1686 1758
3 1685 1758 1757
3 1686 1687 1759
3 1686 1759 1758
3 1687 1688 1760
3 1687 1760 1759
3 1688 1689 1761
3 1688 1761 1760
3 1689 1690 1762
3 1689 1762 1761
3 1690 1691 1763
3 1690 1763 1762
3 1691 1692 1764
3 1691 1764 1763
3 1692 1693 1765
3 1692 1765 1764
3 1693 1694 1766
3 1693 1766 1765
3 1694 1695 1767
3 1694 1767 1766
3 1695 1696 1768
3 1695 1768 1767
3 1696 1697 1769
3 1696 1769 1768
3 1697 1698 1770
3 1697 1770 1769
3 1698 1699 1771
3 1698 1771 1770
3 1699 1700 1772
3 1699 1772 1771
3 1700 1701 1773
3 1700 1773 1772
3 1701 1702 1774
3 1701 1774 1773
3 1702 1703 1775
3 1702 1775 1774
3 1703 1704 1776
3 1703 1776 1775
3 1704 1705 1777
3 1704 1777 1776
3 1705 1706 1778
3 1705 1778 1777
3 1706 1707 1779
3 1706 1779 1778
3 1707 1708 1780
3 1707 1780 1779
3 1708 1709 1781
3 1708 1781 1780
3 1709 1710 1782
3 1709 1782 1781
3 1710 1711 1783
3 1710 1783 1782
3 1711 1712 1784
3 1711 1784 1783
3 1712 1713 1785
3 1712 1785 1784
3 1713 1714 1786
3 1713 1786 1785
3 1714 1715 1787
3 1714 1787 1786
3 1715 1716 1788
3 1715 1788 1787
3 1716 1717 1789
3 1716 1789 1788
3 1717 1718 1790
3 1717 1790 1789
3 1718 1719 1791
3 1718 1791 1790
3 1719 1720 1792
3 1719 1792 1791
3 1720 1721 1793
3 1720 1793 1792
3 1721 1722 1794
3 1721 1794 1793
3 1722 1723 1795
3 1722 1795 1794
3 1723 1724 1796
3 1723 1796 1795
3 1724 1725 1797
3 1724 1797 1796
3 1725 1726 1798
3 1725 1798 1797
3 1726 1727 1799
3 1726 1799 1798
3 1727 1656 1728
3 1727 1728 1799
3 1728 1729 1801
3 1728 1801 1800
3 1729 1730 1802
3 1729 1802 1801
3 1730 1731 1803
3 1730 1803 1802
3 1731 1732 1804
3 1731 1804 1803
3 1732 1733 1805
3 1732 1805 1804
3 1733 1734 1806
3 1733 1806 1805
3 1734 1735 1807
3 1734 1807 1806
3 1735 1736 1808
3 1735 1808 1807
3 1736 1737 1809
3 1736 1809 1808
3 1737 1738 1810
3 1737 1810 1809
3 1738 1739 1811
3 1738 1811 1810
3 1739 1740 1812
3 1739 1812 1811
3 1740 1741 1813
3 1740 1813 1812
3 1741 1742 1814
3 1741 1814 1813
3 1742 1743 1815
3 1742 1815 1814
3 1743 1744 1816
3 1743 1816 1815
3 1744 1745 1817
3 1744 1817 1816
3 1745 1746 1818
3 1745 1818 1817
3 1746 1747 1819
3 1746 1819 1818
3 1747 1748 1820
3 1747 1820 1819
3 1748 1749 1821
3 1748 1821 1820
3 1749 1750 1822
3 1749 1822 1821
3 1750 1751 1823
3 1750 1823 1822
3 1751 1752 1824
3 1751 1824 1823
3 1752 1753 1825
3 1752 1825 1824
3 1753 1754 1826
3 1753 1826 1825
3 1754 1755 1827
3 1754 1827 1826
3 1755 1756 1828
3 1755 1828 1827
3 1756 1757 1829
3 1756 1829 1828
3 1757 1758 1830
3 1757 1830 1829
3 1758 1759 1831
3 1758 1831 1830
3 1759 1760 1832
3 1759 1832 1831
3 1760 1761 1833
3 1760 1833 1832
3 1761 1762 1834
3 1761 1834 1833
3 1762 1763 1835
3 1762 1835 1834
3 1763 1764 1836
3 1763 1836 1835
3 1764 1765 1837
3 1764 1837 1836
3 1765 1766 1838
3 1765 1838 1837
3 1766 1767 1839
3 1766 1839 1838
3 1767 1768 1840
3 1767 1840 1839
3 1768 1769 1841
3 1768 1841 1840
3 1769 1770 1842
3 1769 1842 1841
3 1770 1771 1843
3 1770 1843 1842
3 1771 1772 1844
3 1771 1844 1843
3 1772 1773 1845
3 1772 1845 1844
3 1773 1774 1846
3 1773 1846 1845
3 1774 1775 1847
3 1774 1847 1846
3 1775 1776 1848
3 1775 1848 1847
3 1776 1777 1849
3 1776 1849 1848
3 1777 1778 1850
3 1777 1850 1849
3 1778 1779 1851
3 1778 1851 1850
3 1779 1780 1852
3 1779 1852 1851
3 1780 1781 1853
3 1780 1853 1852
3 1781 1782 1854
3 1781 1854 1853
3 1782 1783 1855
3 1782 1855 1854
3 1783 1784 1856
3 1783 1856 1855
3 1784 1785 1857
3 1784 1857 1856
3 1785 1786 1858
3 1785 1858 1857
3 1786 1787 1859
3 1786 1859 1858
3 1787 1788 1860
3 1787 1860 1859
3 1788 1789 1861
3 1788 1861 1860
3 1789 1790 1862
3 1789 1862 1861
3 1790 1791 1863
3 1790 1863 1862
3 1791 1792 1864
3 1791 1864 1863
3 1792 1793 1865
3 1792 1865 1864
3 1793 1794 1866
3 1793 1866 1865
3 1794 1795 1867
3 1794 1867 1866
3 1795 1796 1868
3 1795 1868 1867
3 1796 1797 1869
3 1796 1869 1868
3 1797 1798 1870
3 1797 1870 1869
3 1798 1799 1871
3 1798 1871 1870
3 1799 1728 1800
3 1799 1800 1871
3 1800 1801 1873
3 1800 1873 1872
3 1801 1802 1874
3 1801 1874 1873
3 1802 1803 1875
3 1802 1875 1874
3 1803 1804 1876
3 1803 1876 1875
3 1804 1805 1877
3 1804 1877 1876
3 1805 1806 1878
3 1805 1878 1877
3 1806 1807 1879
3 1806 1879 1878
3 1807 1808 1880
3 1807 1880 1879
3 1808 1809 1881
3 1808 1881 1880
3 1809 1810 1882
3 1809 1882 1881
3 1810 1811 1883
3 1810 1883 1882
3 1811 1812 1884
3 1811 1884 1883
3 1812 1813 1885
3 1812 1885 1884
3 1813 1814 1886
3 1813 1886 1885
3 1814 1815 1887
3 1814 1887 1886
3 1815 1816 1888
3 1815 1888 1887
3 1816 1817 1889
3 1816 1889 1888
3 1817 1818 1890
3 1817 1890 1889
3 1818 1819 1891
3 1818 1891 1890
3 1819 1820 1892
3 1819 1892 1891
3 1820 1821 1893
3 1820 1893 1892
3 1821 1822 1894
3 1821 1894 1893
3 1822 1823 1895
3 1822 1895 1894
3 1823 1824 1896
3 1823 1896 1895
3 1824 1825 1897
3 1824 1897 1896
3 1825 1826 1898
3 1825 1898 1897
3 1826 1827 1899
3 1826 1899 1898
3 1827 1828 1900
3 1827 1900 1899
3 1828 1829 1901
3 1828 1901 1900
3 1829 1830 1902
3 1829 1902 1901
3 1830 1831 1903
3 1830 1903 1902
3 1831 1832 1904
3 1831 1904 1903
3 1832 1833 1905
3 1832 1905 1904
3 1833 1834 1906
3 1833 1906 1905
3 1834 1835 1907
3 1834 1907 1906
3 1835 1836 1908
3 1835 1908 1907
3 1836 1837 1909
3 1836 1909 1908
3 1837 1838 1910
3 1837 1910 1909
3 1838 1839 1911
3 1838 1911 1910
3 1839 1840 1912
3 1839 1912 1911
3 1840 1841 1913
3 1840 1913 1912
3 1841 1842 1914
3 1841 1914 1913
3 1842 1843 1915
3 1842 1915 1914
3 1843 1844 1916
3 1843 1916 1915
3 1844 1845 1917
3 1844 1917 1916
3 1845 1846 1918
3 1845 1918 1917
3 1846 1847 1919
3 1846 1919 1918
3 1847 1848 1920
3 1847 1920 1919
3 1848 1849 1921
3 1848 1921 1920
3 1849 1850 1922
3 1849 1922 1921
3 1850 1851 1923
3 1850 1923 1922
3 1851 1852 1924
3 1851 1924 1923
3 1852 1853 1925
3 1852 1925 1924
3 1853 1854 1926
3 1853 1926 1925
3 1854 1855 1927
3 1854 1927 1926
3 1855 1856 1928
3 1855 1928 1927
3 1856 1857 1929
3 1856 1929 1928
3 1857 1858 1930
3 1857 1930 1929
3 1858 1859 1931
3 1858 1931 1930
3 1859 1860 1932
3 1859 1932 1931
3 1860 1861 1933
3 1860 1933 1932
3 1861 1862 1934
3 1861 1934 1933
3 1862 1863 1935
3 1862 1935 1934
3 1863 1864 1936
3 1863 1936 1935
3 1864 1865 1937
3 1864 1937 1936
3 1865 1866 1938
3 1865 1938 1937
3 1866 1867 1939
3 1866 1939 1938
3 1867 1868 1940
3 1867 1940 1939
3 1868 1869 1941
3 1868 1941 1940
3 1869 1870 1942
3 1869 1942 1941
3 1870 1871 1943
3 1870 1943 1942
3 1871 1800 1872
3 1871 1872 1943
3 1872 1873 1945
3 1872 1945 1944
3 1873 1874 1946
3 1873 1946 1945
3 1874 1875 1947
3 1874 1947 1946
3 1875 1876 1948
3 1875 1948 1947
3 1876 1877 1949
3 1876 1949 1948
3 1877 1878 1950
3 1877 1950 1949
3 1878 1879 1951
3 1878 1951 1950
3 1879 1880 1952
3 1879 1952 1951
3 1880 1881 1953
3 1880 1953 1952
3 1881 1882 1954
3 1881 1954 1953
3 1882 1883 1955
3 1882 1955 1954
3 1883 1884 1956
3 1883 1956 1955
3 1884 1885 1957
3 1884 1957 1956
3 1885 1886 1958
3 1885 1958 1957
3 1886 1887 1959
3 1886 1959 1958
3 1887 1888 1960
3 1887 1960 1959
3 1888 1889 1961
3 1888 1961 1960
3 1889 1890 1962
3 1889 1962 1961
3 1890 1891 1963
3 1890 1963 1962
3 1891 1892 1964
3 1891 1964 1963
3 1892 1893 1965
3 1892 1965 1964
3 1893 1894 1966
3 1893 1966 1965
3 1894 1895 1967
3 1894 1967 1966
3 1895 1896 1968
3 1895 1968 1967
3 1896 1897 1969
3 1896 1969 1968
3 1897 1898 1970
3 1897 1970 1969
3 1898 1899 1971
3 1898 1971 1970
3 1899 1900 1972
3 1899 1972 1971
3 1900 1901 1973
3 1900 1973 1972
3 1901 1902 1974
3 1901 1974 1973
3 1902 1903 1975
3 1902 1975 1974
3 1903 1904 1976
3 1903 1976 1975
3 1904 1905 1977
3 1904 1977 1976
3 1905 1906 1978
3 1905 1978 1977
3 1906 1907 1979
3 1906 1979 1978
3 1907 1908 1980
3 1907 1980 1979
3 1908 1909 1981
3 1908 1981 1980
3 1909 1910 1982
3 1909 1982 1981
3 1910 1911 1983
3 1910 1983 1982
3 1911 1912 1984
3 1911 1984 1983
3 1912 1913 1985
3 1912 1985 1984
3 1913 1914 1986
3 1913 1986 1985
3 1914 1915 1987
3 1914 1987 1986
3 1915 1916 1988
3 1915 1988 1987
3 1916 1917 1989
3 1916 1989 1988
3 1917 1918 1990
3 1917 1990 1989
3 1918 1919 1991
3 1918 1991 1990
3 1919 1920 1992
3 1919 1992 1991
3 1920 1921 1993
3 1920 1993 1992
3 1921 1922 1994
3 1921 1994 1993
3 1922 1923 1995
3 1922 1995 1994
3 1923 1924 1996
3 1923 1996 1995
3 1924 1925 1997
3 1924 1997 1996
3 1925 1926 1998
3 1925 1998 1997
3 1926 1927 1999
3 1926 1999 1998
3 1927 1928 2000
3 1927 2000 1999
3 1928 1929 2001
3 1928 2001 2000
3 1929 1930 2002
3 1929 2002 2001
3 1930 1931 2003
3 1930 2003 2002
3 1931 1932 2004
3 1931 2004 2003
3 1932 1933 2005
3 1932 2005 2004
3 1933 1934 2006
3 1933 2006 2005
3 1934 1935 2007
3 1934 2007 2006
3 1935 1936 2008
3 1935 2008 2007
3 1936 1937 2009
3 1936 2009 2008
3 1937 1938 2010
3 1937 2010 2009
3 1938 1939 2011
3 1938 2011 2010
3 1939 1940 2012
3 1939 2012 2011
3 1940 1941 2013
3 1940 2013 2012
3 1941 1942 2014
3 1941 2014 2013
3 1942 1943 2015
3 1942 2015 2014
3 1943 1872 1944
3 1943 1944 2015
3 1944 1945 2017
3 1944 2017 2016
3 1945 1946 2018
3 1945 2018 2017
3 1946 1947 2019
3 1946 2019 2018
3 1947 1948 2020
3 1947 2020 2019
3 1948 1949 2021
3 1948 2021 2020
3 1949 1950 2022
3 1949 2022 2021
3 1950 1951 2023
3 1950 2023 2022
3 1951 1952 2024
3 1951 2024 2023
3 1952 1953 2025
3 1952 2025 2024
3 1953 1954 2026
3 1953 2026 2025
3 1954 1955 2027
3 1954 2027 2026
3 1955 1956 2028
3 1955 2028 2027
3 1956 1957 2029
3 1956 2029 2028
3 1957 1958 2030
3 1957 2030 2029
3 1958 1959 2031
3 1958 2031 2030
3 1959 1960 2032
3 1959 2032 2031
3 1960 1961 2033
3 1960 2033 2032
3 1961 1962 2034
3 1961 2034 2033
3 1962 1963 2035
3 1962 2035 2034
3 1963 1964 2036
3 1963 2036 2035
3 1964 1965 2037
3 1964 2037 2036
3 1965 1966 2038
3 1965 2038 2037
3 1966 1967 2039
3 1966 2039 2038
3 1967 1968 2040
3 1967 2040 2039
3 1968 1969 2041
3 1968 2041 2040
3 1969 1970 2042
3 1969 2042 2041
3 1970 1971 2043
3 1970 2043 2042
3 1971 1972 2044
3 1971 2044 2043
3 1972 1973 2045
3 1972 2045 2044
3 1973 1974 2046
3 1973 2046 2045
3 1974 1975 2047
3 1974 2047 2046
3 1975 1976 2048
3 1975 2048 2047
3 1976 1977 2049
3 1976 2049 2048
3 1977 1978 2050
3 1977 2050 2049
3 1978 1979 2051
3 1978 2051 2050
3 1979 1980 2052
3 1979 2052 2051
3 1980 1981 2053
3 1980 2053 2052
3 1981 1982 2054
3 1981 2054 2053
3 1982 1983 2055
3 1982 2055 2054
3 1983 1984 2056
3 1983 2056 2055
3 1984 1985 2057
3 1984 2057 2056
3 1985 1986 2058
3 1985 2058 2057
3 1986 1987 2059
3 1986 2059 2058
3 1987 1988 2060
3 1987 2060 2059
3 1988 1989 2061
3 1988 2061 2060
3 1989 1990 2062
3 1989 2062 2061
3 1990 1991 2063
3 1990 2063 2062
3 1991 1992 2064
3 1991 2064 2063
3 1992 1993 2065
3 1992 2065 2064
3 1993 1994 2066
3 1993 2066 2065
3 1994 1995 2067
3 1994 2067 2066
3 1995 1996 2068
3 1995 2068 2067
3 1996 1997 2069
3 1996 2069 2068
3 1997 1998 2070
3 1997 2070 2069
3 1998 1999 2071
3 1998 2071 2070
3 1999 2000 2072
3 1999 2072 2071
3 2000 2001 2073
3 2000 2073 2072
3 2001 2002 2074
3 2001 2074 2073
3 2002 2003 2075
3 2002 2075 2074
3 2003 2004 2076
3 2003 2076 2075
3 2004 2005 2077
3 2004 2077 2076
3 2005 2006 2078
3 2005 2078 2077
3 2006 2007 2079
3 2006 2079 2078
3 2007 2008 2080
3 2007 2080 2079
3 2008 2009 2081
3 2008 2081 2080
3 2009 2010 2082
3 2009 2082 2081
3 2010 2011 2083
3 2010 2083 2082
3 2011 2012 2084
3 2011 2084 2083
3 2012 2013 2085
3 2012 2085 2084
3 2013 2014 2086
3 2013 2086 2085
3 2014 2015 2087
3 2014 2087 2086
3 2015 1944 2016
3 2015 2016 2087
3 2016 2017 2089
3 2016 2089 2088
3 2017 2018 2090
3 2017 2090 2089
3 2018 2019 2091
3 2018 2091 2090
3 2019 2020 2092
3 2019 2092 2091
3 2020 2021 2093
3 2020 2093 2092
3 2021 2022 2094
3 2021 2094 2093
3 2022 2023 2095
3 2022 2095 2094
3 2023 2024 2096
3 2023 2096 2095
3 2024 2025 2097
3 2024 2097 2096
3 2025 2026 2098
3 2025 2098 2097
3 2026 2027 2099
3 2026 2099 2098
3 2027 2028 2100
3 2027 2100 2099
3 2028 2029 2101
3 2028 2101 2100
3 2029 2030 2102
3 2029 2102 2101
3 2030 2031 2103
3 2030 2103 2102
3 2031 2032 2104
3 2031 2104 2103
3 2032 2033 2105
3 2032 2105 2104
3 2033 2034 2106
3 2033 2106 2105
3 2034 2035 2107
3 2034 2107 2106
3 2035 2036 2108
3 2035 2108 2107
3 2036 2037 2109
3 2036 2109 2108
3 2037 2038 2110
3 2037 2110 2109
3 2038 2039 2111
3 2038 2111 2110
3 2039 2040 2112
3 2039 2112 2111
3 2040 2041 2113
3 2040 2113 2112
3 2041 2042 2114
3 2041 2114 2113
3 2042 2043 2115
3 2042 2115 2114
3 2043 2044 2116
3 2043 2116 2115
3 2044 2045 2117
3 2044 2117 2116
3 2045 2046 2118
3 2045 2118 2117
3 2046 2047 2119
3 2046 2119 2118
3 2047 2048 2120
3 2047 2120 2119
3 2048 2049 2121
3 2048 2121 2120
3 2049 2050 2122
3 2049 2122 2121
3 2050 2051 2123
3 2050 2123 2122
3 2051 2052 2124
3 2051 2124 2123
3 2052 2053 2125
3 2052 2125 2124
3 2053 2054 2126
3 2053 2126 2125
3 2054 2055 2127
3 2054 2127 2126
3 2055 2056 2128
3 2055 2128 2127
3 2056 2057 2129
3 2056 2129 2128
3 2057 2058 2130
3 2057 2130 2129
3 2058 2059 2131
3 2058 2131 2130
3 2059 2060 2132
3 2059 2132 2131
3 2060 2061 2133
3 2060 2133 2132
3 2061 2062 2134
3 2061 2134 2133
3 2062 2063 2135
3 2062 2135 2134
3 2063 2064 2136
3 2063 2136 2135
3 2064 2065 2137
3 2064 2137 2136
3 2065 2066 2138
3 2065 2138 2137
3 2066 2067 2139
3 2066 2139 2138
3 2067 2068 2140
3 2067 2140 2139
3 2068 2069 2141
3 2068 2141 2140
3 2069 2070 2142
3 2069 2142 2141
3 2070 2071 2143
3 2070 2143 2142
3 2071 2072 2144
3 2071 2144 2143
3 2072 2073 2145
3 2072 2145 2144
3 2073 2074 2146
3 2073 2146 2145
3 2074 2075 2147
3 2074 2147 2146
3 2075 2076 2148
3 2075 2148 2147
3 2076 2077 2149
3 2076 2149 2148
3 2077 2078 2150
3 2077 2150 2149
3 2078 2079 2151
3 2078 2151 2150
3 2079 2080 2152
3 2079 2152 2151
3 2080 2081 2153
3 2080 2153 2152
3 2081 2082 2154
3 2081 2154 2153
3 2082 2083 2155
3 2082 2155 2154
3 2083 2084 2156
3 2083 2156 2155
3 2084 2085 2157
3 2084 2157 2156
3 2085 2086 2158
3 2085 2158 2157
3 2086 2087 2159
3 2086 2159 2158
3 2087 2016 2088
3 2087 2088 2159
3 2088 2089 2161
3 2088 2161 2160
3 2089 2090 2162
3 2089 2162 2161
3 2090 2091 2163
3 2090 2163 2162
3 2091 2092 2164
3 2091 2164 2163
3 2092 2093 2165
3 2092 2165 2164
3 2093 2094 2166
3 2093 2166 2165
3 2094 2095 2167
3 2094 2167 2166
3 2095 2096 2168
3 2095 2168 2167
3 2096 2097 2169
3 2096 2169 2168
3 2097 2098 2170
3 2097 2170 2169
3 2098 2099 2171
3 2098 2171 2170
3 2099 2100 2172
3 2099 2172 2171
3 2100 2101 2173
3 2100 2173 2172
3 2101 2102 2174
3 2101 2174 2173
3 2102 2103 2175
3 2102 2175 2174
3 2103 2104 2176
3 2103 2176 2175
3 2104 2105 2177
3 2104 2177 2176
3 2105 2106 2178
3 2105 2178 2177
3 2106 2107 2179
3 2106 2179 2178
3 2107 2108 2180
3 2107 2180 2179
3 2108 2109 2181
3 2108 2181 2180
3 2109 2110 2182
3 2109 2182 2181
3 2110 2111 2183
3 2110 2183 2182
3 2111 2112 2184
3 2111 2184 2183
3 2112 2113 2185
3 2112 2185 2184
3 2113 2114 2186
3 2113 2186 2185
3 2114 2115 2187
3 2114 2187 2186
3 2115 2116 2188
3 2115 2188 2187
3 2116 2117 2189
3 2116 2189 2188
3 2117 2118 2190
3 2117 2190 2189
3 2118 2119 2191
3 2118 2191 2190
3 2119 2120 2192
3 2119 2192 2191
3 2120 2121 2193
3 2120 2193 2192
3 2121 2122 2194
3 2121 2194 2193
3 2122 2123 2195
3 2122 2195 2194
3 2123 2124 2196
3 2123 2196 2195
3 2124 2125 2197
3 2124 2197 2196
3 2125 2126 2198
3 2125 2198 2197
3 2126 2127 2199
3 2126 2199 2198
3 2127 2128 2200
3 2127 2200 2199
3 2128 2129 2201
3 2128 2201 2200
3 2129 2130 2202
3 2129 2202 2201
3 2130 2131 2203
3 2130 2203 2202
3 2131 2132 2204
3 2131 2204 2203
3 2132 2133 2205
3 2132 2205 2204
3 2133 2134 2206
3 2133 2206 2205
3 2134 2135 2207
3 2134 2207 2206
3 2135 2136 2208
3 2135 2208 2207
3 2136 2137 2209
3 2136 2209 2208
3 2137 2138 2210
3 2137 2210 2209
3 2138 2139 2211
3 2138 2211 2210
3 2139 2140 2212
3 2139 2212 2211
3 2140 2141 2213
3 2140 2213 2212
3 2141 2142 2214
3 2141 2214 2213
3 2142 2143 2215
3 2142 2215 2214
3 2143 2144 2216
3 2143 2216 2215
3 2144 2145 2217
3 2144 2217 2216
3 2145 2146 2218
3 2145 2218 2217
3 2146 2147 2219
3 2146 2219 2218
3 2147 2148 2220
3 2147 2220 2219
3 2148 2149 2221
3 2148 2221 2220
3 2149 2150 2222
3 2149 2222 2221
3 2150 2151 2223
3 2150 2223 2222
3 2151 2152 2224
3 2151 2224 2223
3 2152 2153 2225
3 2152 2225 2224
3 2153 2154 2226
3 2153 2226 2225
3 2154 2155 2227
3 2154 2227 2226
3 2155 2156 2228
3 2155 2228 2227
3 2156 2157 2229
3 2156 2229 2228
3 2157 2158 2230
3 2157 2230 2229
3 2158 2159 2231
3 2158 2231 2230
3 2159 2088 2160
3 2159 2160 2231
3 2160 2161 2233
3 2160 2233 2232
3 2161 2162 2234
3 2161 2234 2233
3 2162 2163 2235
3 2162 2235 2234
3 2163 2164 2236
3 2163 2236 2235
3 2164 2165 2237
3 2164 2237 2236
3 2165 2166 2238
3 2165 2238 2237
3 2166 2167 2239
3 2166 2239 2238
3 2167 2168 2240
3 2167 2240 2239
3 2168 2169 2241
3 2168 2241 2240
3 2169 2170 2242
3 2169 2242 2241
3 2170 2171 2243
3 2170 2243 2242
3 2171 2172 2244
3 2171 2244 2243
3 2172 2173 2245
3 2172 2245 2244
3 2173 2174 2246
3 2173 2246 2245
3 2174 2175 2247
3 2174 2247 2246
3 2175 2176 2248
3 2175 2248 2247
3 2176 2177 2249
3 2176 2249 2248
3 2177 2178 2250
3 2177 2250 2249
3 2178 2179 2251
3 2178 2251 2250
3 2179 2180 2252
3 2179 2252 2251
3 2180 2181 2253
3 2180 2253 2252
3 2181 2182 2254
3 2181 2254 2253
3 2182 2183 2255
3 2182 2255 2254
3 2183 2184 2256
3 2183 2256 2255
3 2184 2185 2257
3 2184 2257 2256
3 2185 2186 2258
3 2185 2258 2257
3 2186 2187 2259
3 2186 2259 2258
3 2187 2188 2260
3 2187 2260 2259
3 2188 2189 2261
3 2188 2261 2260
3 2189 2190 2262
3 2189 2262 2261
3 2190 2191 2263
3 2190 2263 2262
3 2191 2192 2264
3 2191 2264 2263
3 2192 2193 2265
3 2192 2265 2264
3 2193 2194 2266
3 2193 2266 2265
3 2194 2195 2267
3 2194 2267 2266
3 2195 2196 2268
3 2195 2268 2267
3 2196 2197 2269
3 2196 2269 2268
3 2197 2198 2270
3 2197 2270 2269
3 2198 2199 2271
3 2198 2271 2270
3 2199 2200 2272
3 2199 2272 2271
3 2200 2201 2273
3 2200 2273 2272
3 2201 2202 2274
3 2201 2274 2273
3 2202 2203 2275
3 2202 2275 2274
3 2203 2204 2276
3 2203 2276 2275
3 2204 2205 2277
3 2204 2277 2276
3 2205 2206 2278
3 2205 2278 2277
3 2206 2207 2279
3 2206 2279 2278
3 2207 2208 2280
3 2207 2280 2279
3 2208 2209 2281
3 2208 2281 2280
3 2209 2210 2282
3 2209 2282 2281
3 2210 2211 2283
3 2210 2283 2282
3 2211 2212 2284
3 2211 2284 2283
3 2212 2213 2285
3 2212 2285 2284
3 2213 2214 2286
3 2213 2286 2285
3 2214 2215 2287
3 2214 2287 2286
3 2215 2216 2288
3 2215 2288 2287
3 2216 2217 2289
3 2216 2289 2288
3 2217 2218 2290
3 2217 2290 2289
3 2218 2219 2291
3 2218 2291 2290
3 2219 2220 2292
3 2219 2292 2291
3 2220 2221 2293
3 2220 2293 2292
3 2221 2222 2294
3 2221 2294 2293
3 2222 2223 2295
3 2222 2295 2294
3 2223 2224 2296
3 2223 2296 2295
3 2224 2225 2297
3 2224 2297 2296
3 2225 2226 2298
3 2225 2298 2297
3 2226 2227 2299
3 2226 2299 2298
3 2227 2228 2300
3 2227 2300 2299
3 2228 2229 2301
3 2228 2301 2300
3 2229 2230 2302
3 2229 2302 2301
3 2230 2231 2303
3 2230 2303 2302
3 2231 2160 2232
3 2231 2232 2303
3 2232 2233 2305
3 2232 2305 2304
3 2233 2234 2306
3 2233 2306 2305
3 2234 2235 2307
3 2234 2307 2306
3 2235 2236 2308
3 2235 2308 2307
3 2236 2237 2309
3 2236 2309 2308
3 2237 2238 2310
3 2237 2310 2309
3 2238 2239 2311
3 2238 2311 2310
3 2239 2240 2312
3 2239 2312 2311
3 2240 2241 2313
3 2240 2313 2312
3 2241 2242 2314
3 2241 2314 2313
3 2242 2243 2315
3 2242 2315 2314
3 2243 2244 2316
3 2243 2316 2315
3 2244 2245 2317
3 2244 2317 2316
3 2245 2246 2318
3 2245 2318 2317
3 2246 2247 2319
3 2246 2319 2318
3 2247 2248 2320
3 2247 2320 2319
3 2248 2249 2321
3 2248 2321 2320
3 2249 2250 2322
3 2249 2322 2321
3 2250 2251 2323
3 2250 2323 2322
3 2251 2252 2324
3 2251 2324 2323
3 2252 2253 2325
3 2252 2325 2324
3 2253 2254 2326
3 2253 2326 2325
3 2254 2255 2327
3 2254 2327 2326
3 2255 2256 2328
3 2255 2328 2327
3 2256 2257 2329
3 2256 2329 2328
3 2257 2258 2330
3 2257 2330 2329
3 2258 2259 2331
3 2258 2331 2330
3 2259 2260 2332
3 2259 2332 2331
3 2260 2261 2333
3 2260 2333 2332
3 2261 2262 2334
3 2261 2334 2333
3 2262 2263 2335
3 2262 2335 2334
3 2263 2264 2336
3 2263 2336 2335
3 2264 2265 2337
3 2264 2337 2336
3 2265 2266 2338
3 2265 2338 2337
3 2266 2267 2339
3 2266 2339 2338
3 2267 2268 2340
3 2267 2340 2339
3 2268 2269 2341
3 2268 2341 2340
3 2269 2270 2342
3 2269 2342 2341
3 2270 2271 2343
3 2270 2343 2342
3 2271 2272 2344
3 2271 2344 2343
3 2272 2273 2345
3 2272 2345 2344
3 2273 2274 2346
3 2273 2346 2345
3 2274 2275 2347
3 2274 2347 2346
3 2275 2276 2348
3 2275 2348 2347
3 2276 2277 2349
3 2276 2349 2348
3 2277 2278 2350
3 2277 2350 2349
3 2278 2279 2351
3 2278 2351 2350
3 2279 2280 2352
3 2279 2352 2351
3 2280 2281 2353
3 2280 2353 2352
3 2281 2282 2354
3 2281 2354 2353
3 2282 2283 2355
3 2282 2355 2354
3 2283 2284 2356
3 2283 2356 2355
3 2284 2285 2357
3 2284 2357 2356
3 2285 2286 2358
3 2285 2358 2357
3 2286 2287 2359
3 2286 2359 2358
3 2287 2288 2360
3 2287 2360 2359
3 2288 2289 2361
3 2288 2361 2360
3 2289 2290 2362
3 2289 2362 2361
3 2290 2291 2363
3 2290 2363 2362
3 2291 2292 2364
3 2291 2364 2363
3 2292 2293 2365
3 2292 2365 2364
3 2293 2294 2366
3 2293 2366 2365
3 2294 2295 2367
3 2294 2367 2366
3 2295 2296 2368
3 2295 2368 2367
3 2296 2297 2369
3 2296 2369 2368
3 2297 2298 2370
3 2297 2370 2369
3 2298 2299 2371
3 2298 2371 2370
3 2299 2300 2372
3 2299 2372 2371
3 2300 2301 2373
3 2300 2373 2372
3 2301 2302 2374
3 2301 2374 2373
3 2302 2303 2375
3 2302 2375 2374
3 2303 2232 2304
3 2303 2304 2375
3 2304 2305 2377
3 2304 2377 2376
3 2305 2306 2378
3 2305 2378 2377
3 2306 2307 2379
3 2306 2379 2378
3 2307 2308 2380
3 2307 2380 2379
3 2308 2309 2381
3 2308 2381 2380
3 2309 2310 2382
3 2309 2382 2381
3 2310 2311 2383
3 2310 2383 2382
3 2311 2312 2384
3 2311 2384 2383
3 2312 2313 2385
3 2312 2385 2384
3 2313 2314 2386
3 2313 2386 2385
3 2314 2315 2387
3 2314 2387 2386
3 2315 2316 2388
3 2315 2388 2387
3 2316 2317 2389
3 2316 2389 2388
3 2317 2318 2390
3 2317 2390 2389
3 2318 2319 2391
3 2318 2391 2390
3 2319 2320 2392
3 2319 2392 2391
3 2320 2321 2393
3 2320 2393 2392
3 2321 2322 2394
3 2321 2394 2393
3 2322 2323 2395
3 2322 2395 2394
3 2323 2324 2396
3 2323 2396 2395
3 2324 2325 2397
3 2324 2397 2396
3 2325 2326 2398
3 2325 2398 2397
3 2326 2327 2399
3 2326 2399 2398
3 2327 2328 2400
3 2327 2400 2399
3 2328 2329 2401
3 2328 2401 2400
3 2329 2330 2402
3 2329 2402 2401
3 2330 2331 2403
3 2330 2403 2402
3 2331 2332 2404
3 2331 2404 2403
3 2332 2333 2405
3 2332 2405 2404
3 2333 2334 2406
3 2333 2406 2405
3 2334 2335 2407
3 2334 2407 2406
3 2335 2336 2408
3 2335 2408 2407
3 2336 2337 2409
3 2336 2409 2408
3 2337 2338 2410
3 2337 2410 2409
3 2338 2339 2411
3 2338 2411 2410
3 2339 2340 2412
3 2339 2412 2411
3 2340 2341 2413
3 2340 2413 2412
3 2341 2342 2414
3 2341 2414 2413
3 2342 2343 2415
3 2342 2415 2414
3 2343 2344 2416
3 2343 2416 2415
3 2344 2345 2417
3 2344 2417 2416
3 2345 2346 2418
3 2345 2418 2417
3 2346 2347 2419
3 2346 2419 2418
3 2347 2348 2420
3 2347 2420 2419
3 2348 2349 2421
3 2348 2421 2420
3 2349 2350 2422
3 2349 2422 2421
3 2350 2351 2423
3 2350 2423 2422
3 2351 2352 2424
3 2351 2424 2423
3 2352 2353 2425
3 2352 2425 2424
3 2353 2354 2426
3 2353 2426 2425
3 2354 2355 2427
3 2354 2427 2426
3 2355 2356 2428
3 2355 2428 2427
3 2356 2357 2429
3 2356 2429 2428
3 2357 2358 2430
3 2357 2430 2429
3 2358 2359 2431
3 2358 2431 2430
3 2359 2360 2432
3 2359 2432 2431
3 2360 2361 2433
3 2360 2433 2432
3 2361 2362 2434
3 2361 2434 2433
3 2362 2363 2435
3 2362 2435 2434
3 2363 2364 2436
3 2363 2436 2435
3 2364 2365 2437
3 2364 2437 2436
3 2365 2366 2438
3 2365 2438 2437
3 2366 2367 2439
3 2366 2439 2438
3 2367 2368 2440
3 2367 2440 2439
3 2368 2369 2441
3 2368 2441 2440
3 2369 2370 2442
3 2369 2442 2441
3 2370 2371 2443
3 2370 2443 2442
3 2371 2372 2444
3 2371 2444 2443
3 2372 2373 2445
3 2372 2445 2444
3 2373 2374 2446
3 2373 2446 2445
3 2374 2375 2447
3 2374 2447 2446
3 2375 2304 2376
3 2375 2376 2447
3 2376 2377 2449
3 2376 2449 2448
3 2377 2378 2450
3 2377 2450 2449
3 2378 2379 2451
3 2378 2451 2450
3 2379 2380 2452
3 2379 2452 2451
3 2380 2381 2453
3 2380 2453 2452
3 2381 2382 2454
3 2381 2454 2453
3 2382 2383 2455
3 2382 2455 2454
3 2383 2384 2456
3 2383 2456 2455
3 2384 2385 2457
3 2384 2457 2456
3 2385 2386 2458
3 2385 2458 2457
3 2386 2387 2459
3 2386 2459 2458
3 2387 2388 2460
3 2387 2460 2459
3 2388 2389 2461
3 2388 2461 2460
3 2389 2390 2462
3 2389 2462 2461
3 2390 2391 2463
3 2390 2463 2462
3 2391 2392 2464
3 2391 2464 2463
3 2392 2393 2465
3 2392 2465 2464
3 2393 2394 2466
3 2393 2466 2465
3 2394 2395 2467
3 2394 2467 2466
3 2395 2396 2468
3 2395 2468 2467
3 2396 2397 2469
3 2396 2469 2468
3 2397 2398 2470
3 2397 2470 2469
3 2398 2399 2471
3 2398 2471 2470
3 2399 2400 2472
3 2399 2472 2471
3 2400 2401 2473
3 2400 2473 2472
3 2401 2402 2474
3 2401 2474 2473
3 2402 2403 2475
3 2402 2475 2474
3 2403 2404 2476
3 2403 2476 2475
3 2404 2405 2477
3 2404 2477 2476
3 2405 2406 2478
3 2405 2478 2477
3 2406 2407 2479
3 2406 2479 2478
3 2407 2408 2480
3 2407 2480 2479
3 2408 2409 2481
3 2408 2481 2480
3 2409 2410 2482
3 2409 2482 2481
3 2410 2411 2483
3 2410 2483 2482
3 2411 2412 2484
3 2411 2484 2483
3 2412 2413 2485
3 2412 2485 2484
3 2413 2414 2486
3 2413 2486 2485
3 2414 2415 2487
3 2414 2487 2486
3 2415 2416 2488
3 2415 2488 2487
3 2416 2417 2489
3 2416 2489 2488
3 2417 2418 2490
3 2417 2490 2489
3 2418 2419 2491
3 2418 2491 2490
3 2419 2420 2492
3 2419 2492 2491
3 2420 2421 2493
3 2420 2493 2492
3 2421 2422 2494
3 2421 2494 2493
3 2422 2423 2495
3 2422 2495 2494
3 2423 2424 2496
3 2423 2496 2495
3 2424 2425 2497
3 2424 2497 2496
3 2425 2426 2498
3 2425 2498 2497
3 2426 2427 2499
3 2426 2499 2498
3 2427 2428 2500
3 2427 2500 2499
3 2428 2429 2501
3 2428 2501 2500
3 2429 2430 2502
3 2429 2502 2501
3 2430 2431 2503
3 2430 2503 2502
3 2431 2432 2504
3 2431 2504 2503
3 2432 2433 2505
3 2432 2505 2504
3 2433 2434 2506
3 2433 2506 2505
3 2434 2435 2507
3 2434 2507 2506
3 2435 2436 2508
3 2435 2508 2507
3 2436 2437 2509
3 2436 2509 2508
3 2437 2438 2510
3 2437 2510 2509
3 2438 2439 2511
3 2438 2511 2510
3 2439 2440 2512
3 2439 2512 2511
3 2440 2441 2513
3 2440 2513 2512
3 2441 2442 2514
3 2441 2514 2513
3 2442 2443 2515
3 2442 2515 2514
3 2443 2444 2516
3 2443 2516 2515
3 2444 2445 2517
3 2444 2517 2516
3 2445 2446 2518
3 2445 2518 2517
3 2446 2447 2519
3 2446 2519 2518
3 2447 2376 2448
3 2447 2448 2519
3 2448 2449 2521
3 2448 2521 2520
3 2449 2450 2522
3 2449 2522 2521
3 2450 2451 2523
3 2450 2523 2522
3 2451 2452 2524
3 2451 2524 2523
3 2452 2453 2525
3 2452 2525 2524
3 2453 2454 2526
3 2453 2526 2525
3 2454 2455 2527
3 2454 2527 2526
3 2455 2456 2528
3 2455 2528 2527
3 2456 2457 2529
3 2456 2529 2528
3 2457 2458 2530
3 2457 2530 2529
3 2458 2459 2531
3 2458 2531 2530
3 2459 2460 2532
3 2459 2532 2531
3 2460 2461 2533
3 2460 2533 2532
3 2461 2462 2534
3 2461 2534 2533
3 2462 2463 2535
3 2462 2535 2534
3 2463 2464 2536
3 2463 2536 2535
3 2464 2465 2537
3 2464 2537 2536
3 2465 2466 2538
3 2465 2538 2537
3 2466 2467 2539
3 2466 2539 2538
3 2467 2468 2540
3 2467 2540 2539
3 2468 2469 2541
3 2468 2541 2540
3 2469 2470 2542
3 2469 2542 2541
3 2470 2471 2543
3 2470 2543 2542
3 2471 2472 2544
3 2471 2544 2543
3 2472 2473 2545
3 2472 2545 2544
3 2473 2474 2546
3 2473 2546 2545
3 2474 2475 2547
3 2474 2547 2546
3 2475 2476 2548
3 2475 2548 2547
3 2476 2477 2549
3 2476 2549 2548
3 2477 2478 2550
3 2477 2550 2549
3 2478 2479 2551
3 2478 2551 2550
3 2479 2480 2552
3 2479 2552 2551
3 2480 2481 2553
3 2480 2553 2552
3 2481 2482 2554
3 2481 2554 2553
3 2482 2483 2555
3 2482 2555 2554
3 2483 2484 2556
3 2483 2556 2555
3 2484 2485 2557
3 2484 2557 2556
3 2485 2486 2558
3 2485 2558 2557
3 2486 2487 2559
3 2486 2559 2558
3 2487 2488 2560
3 2487 2560 2559
3 2488 2489 2561
3 2488 2561 2560
3 2489 2490 2562
3 2489 2562 2561
3 2490 2491 2563
3 2490 2563 2562
3 2491 2492 2564
3 2491 2564 2563
3 2492 2493 2565
3 2492 2565 2564
3 2493 2494 2566
3 2493 2566 2565
3 2494 2495 2567
3 2494 2567 2566
3 2495 2496 2568
3 2495 2568 2567
3 2496 2497 2569
3 2496 2569 2568
3 2497 2498 2570
3 2497 2570 2569
3 2498 2499 2571
3 2498 2571 2570
3 2499 2500 2572
3 2499 2572 2571
3 2500 2501 2573
3 2500 2573 2572
3 2501 2502 2574
3 2501 2574 2573
3 2502 2503 2575
3 2502 2575 2574
3 2503 2504 2576
3 2503 2576 2575
3 2504 2505 2577
3 2504 2577 2576
3 2505 2506 2578
3 2505 2578 2577
3 2506 2507 2579
3 2506 2579 2578
3 2507 2508 2580
3 2507 2580 2579
3 2508 2509 2581
3 2508 2581 2580
3 2509 2510 2582
3 2509 2582 2581
3 2510 2511 2583
3 2510 2583 2582
3 2511 2512 2584
3 2511 2584 2583
3 2512 2513 2585
3 2512 2585 2584
3 2513 2514 2586
3 2513 2586 2585
3 2514 2515 2587
3 2514 2587 2586
3 2515 2516 2588
3 2515 2588 2587
3 2516 2517 2589
3 2516 2589 2588
3 2517 2518 2590
3 2517 2590 2589
3 2518 2519 2591
3 2518 2591 2590
3 2519 2448 2520
3 2519 2520 2591
3 2520 2521 2593
3 2520 2593 2592
3 2521 2522 2594
3 2521 2594 2593
3 2522 2523 2595
3 2522 2595 2594
3 2523 2524 2596
3 2523 2596 2595
3 2524 2525 2597
3 2524 2597 2596
3 2525 2526 2598
3 2525 2598 2597
3 2526 2527 2599
3 2526 2599 2598
3 2527 2528 2600
3 2527 2600 2599
3 2528 2529 2601
3 2528 2601 2600
3 2529 2530 2602
3 2529 2602 2601
3 2530 2531 2603
3 2530 2603 2602
3 2531 2532 2604
3 2531 2604 2603
3 2532 2533 2605
3 2532 2605 2604
3 2533 2534 2606
3 2533 2606 2605
3 2534 2535 2607
3 2534 2607 2606
3 2535 2536 2608
3 2535 2608 2607
3 2536 2537 2609
3 2536 2609 2608
3 2537 2538 2610
3 2537 2610 2609
3 2538 2539 2611
3 2538 2611 2610
3 2539 2540 2612
3 2539 2612 2611
3 2540 2541 2613
3 2540 2613 2612
3 2541 2542 2614
3 2541 2614 2613
3 2542 2543 2615
3 2542 2615 2614
3 2543 2544 2616
3 2543 2616 2615
3 2544 2545 2617
3 2544 2617 2616
3 2545 2546 2618
3 2545 2618 2617
3 2546 2547 2619
3 2546 2619 2618
3 2547 2548 2620
3 2547 2620 2619
3 2548 2549 2621
3 2548 2621 2620
3 2549 2550 2622
3 2549 2622 2621
3 2550 2551 2623
3 2550 2623 2622
3 2551 2552 2624
3 2551 2624 2623
3 2552 2553 2625
3 2552 2625 2624
3 2553 2554 2626
3 2553 2626 2625
3 2554 2555 2627
3 2554 2627 2626
3 2555 2556 2628
3 2555 2628 2627
3 2556 2557 2629
3 2556 2629 2628
3 2557 2558 2630
3 2557 2630 2629
3 2558 2559 2631
3 2558 2631 2630
3 2559 2560 2632
3 2559 2632 2631
3 2560 2561 2633
3 2560 2633 2632
3 2561 2562 2634
3 2561 2634 2633
3 2562 2563 2635
3 2562 2635 2634
3 2563 2564 2636
3 2563 2636 2635
3 2564 2565 2637
3 2564 2637 2636
3 2565 2566 2638
3 2565 2638 2637
3 2566 2567 2639
3 2566 2639 2638
3 2567 2568 2640
3 2567 2640 2639
3 2568 2569 2641
3 2568 2641 2640
3 2569 2570 2642
3 2569 2642 2641
3 2570 2571 2643
3 2570 2643 2642
3 2571 2572 2644
3 2571 2644 2643
3 2572 2573 2645
3 2572 2645 2644
3 2573 2574 2646
3 2573 2646 2645
3 2574 2575 2647
3 2574 2647 2646
3 2575 2576 2648
3 2575 2648 2647
3 2576 2577 2649
3 2576 2649 2648
3 2577 2578 2650
3 2577 2650 2649
3 2578 2579 2651
3 2578 2651 2650
3 2579 2580 2652
3 2579 2652 2651
3 2580 2581 2653
3 2580 2653 2652
3 2581 2582 2654
3 2581 2654 2653
3 2582 2583 2655
3 2582 2655 2654
3 2583 2584 2656
3 2583 2656 2655
3 2584 2585 2657
3 2584 2657 2656
3 2585 2586 2658
3 2585 2658 2657
3 2586 2587 2659
3 2586 2659 2658
3 2587 2588 2660
3 2587 2660 2659
3 2588 2589 2661
3 2588 2661 2660
3 2589 2590 2662
3 2589 2662 2661
3 2590 2591 2663
3 2590 2663 2662
3 2591 2520 2592
3 2591 2592 2663
3 2592 2593 2665
3 2592 2665 2664
3 2593 2594 2666
3 2593 2666 2665
3 2594 2595 2667
3 2594 2667 2666
3 2595 2596 2668
3 2595 2668 2667
3 2596 2597 2669
3 2596 2669 2668
3 2597 2598 2670
3 2597 2670 2669
3 2598 2599 2671
3 2598 2671 2670
3 2599 2600 2672
3 2599 2672 2671
3 2600 2601 2673
3 2600 2673 2672
3 2601 2602 2674
3 2601 2674 2673
3 2602 2603 2675
3 2602 2675 2674
3 2603 2604 2676
3 2603 2676 2675
3 2604 2605 2677
3 2604 2677 2676
3 2605 2606 2678
3 2605 2678 2677
3 2606 2607 2679
3 2606 2679 2678
3 2607 2608 2680
3 2607 2680 2679
3 2608 2609 2681
3 2608 2681 2680
3 2609 2610 2682
3 2609 2682 2681
3 2610 2611 2683
3 2610 2683 2682
3 2611 2612 2684
3 2611 2684 2683
3 2612 2613 2685
3 2612 2685 2684
3 2613 2614 2686
3 2613 2686 2685
3 2614 2615 2687
3 2614 2687 2686
3 2615 2616 2688
3 2615 2688 2687
3 2616 2617 2689
3 2616 2689 2688
3 2617 2618 2690
3 2617 2690 2689
3 2618 2619 2691
3 2618 2691 2690
3 2619 2620 2692
3 2619 2692 2691
3 2620 2621 2693
3 2620 2693 2692
3 2621 2622 2694
3 2621 2694 2693
3 2622 2623 2695
3 2622 2695 2694
3 2623 2624 2696
3 2623 2696 2695
3 2624 2625 2697
3 2624 2697 2696
3 2625 2626 2698
3 2625 2698 2697
3 2626 2627 2699
3 2626 2699 2698
3 2627 2628 2700
3 2627 2700 2699
3 2628 2629 2701
3 2628 2701 2700
3 2629 2630 2702
3 2629 2702 2701
3 2630 2631 2703
3 2630 2703 2702
3 2631 2632 2704
3 2631 2704 2703
3 2632 2633 2705
3 2632 2705 2704
3 2633 2634 2706
3 2633 2706 2705
3 2634 2635 2707
3 2634 2707 2706
3 2635 2636 2708
3 2635 2708 2707
3 2636 2637 2709
3 2636 2709 2708
3 2637 2638 2710
3 2637 2710 2709
3 2638 2639 2711
3 2638 2711 2710
3 2639 2640 2712
3 2639 2712 2711
3 2640 2641 2713
3 2640 2713 2712
3 2641 2642 2714
3 2641 2714 2713
3 2642 2643 2715
3 2642 2715 2714
3 2643 2644 2716
3 2643 2716 2715
3 2644 2645 2717
3 2644 2717 2716
3 2645 2646 2718
3 2645 2718 2717
3 2646 2647 2719
3 2646 2719 2718
3 2647 2648 2720
3 2647 2720 2719
3 2648 2649 2721
3 2648 2721 2720
3 2649 2650 2722
3 2649 2722 2721
3 2650 2651 2723
3 2650 2723 2722
3 2651 2652 2724
3 2651 2724 2723
3 2652 2653 2725
3 2652 2725 2724
3 2653 2654 2726
3 2653 2726 2725
3 2654 2655 2727
3 2654 2727 2726
3 2655 2656 2728
3 2655 2728 2727
3 2656 2657 2729
3 2656 2729 2728
3 2657 2658 2730
3 2657 2730 2729
3 2658 2659 2731
3 2658 2731 2730
3 2659 2660 2732
3 2659 2732 2731
3 2660 2661 2733
3 2660 2733 2732
3 2661 2662 2734
3 2661 2734 2733
3 2662 2663 2735
3 2662 2735 2734
3 2663 2592 2664
3 2663 2664 2735
3 2664 2665 2737
3 2664 2737 2736
3 2665 2666 2738
3 2665 2738 2737
3 2666 2667 2739
3 2666 2739 2738
3 2667 2668 2740
3 2667 2740 2739
3 2668 2669 2741
3 2668 2741 2740
3 2669 2670 2742
3 2669 2742 2741
3 2670 2671 2743
3 2670 2743 2742
3 2671 2672 2744
3 2671 2744 2743
3 2672 2673 2745
3 2672 2745 2744
3 2673 2674 2746
3 2673 2746 2745
3 2674 2675 2747
3 2674 2747 2746
3 2675 2676 2748
3 2675 2748 2747
3 2676 2677 2749
3 2676 2749 2748
3 2677 2678 2750
3 2677 2750 2749
3 2678 2679 2751
3 2678 2751 2750
3 2679 2680 2752
3 2679 2752 2751
3 2680 2681 2753
3 2680 2753 2752
3 2681 2682 2754
3 2681 2754 2753
3 2682 2683 2755
3 2682 2755 2754
3 2683 2684 2756
3 2683 2756 2755
3 2684 2685 2757
3 2684 2757 2756
3 2685 2686 2758
3 2685 2758 2757
3 2686 2687 2759
3 2686 2759 2758
3 2687 2688 2760
3 2687 2760 2759
3 2688 2689 2761
3 2688 2761 2760
3 2689 2690 2762
3 2689 2762 2761
3 2690 2691 2763
3 2690 2763 2762
3 2691 2692 2764
3 2691 2764 2763
3 2692 2693 2765
3 2692 2765 2764
3 2693 2694 2766
3 2693 2766 2765
3 2694 2695 2767
3 2694 2767 2766
3 2695 2696 2768
3 2695 2768 2767
3 2696 2697 2769
3 2696 2769 2768
3 2697 2698 2770
3 2697 2770 2769
3 2698 2699 2771
3 2698 2771 2770
3 2699 2700 2772
3 2699 2772 2771
3 2700 2701 2773
3 2700 2773 2772
3 2701 2702 2774
3 2701 2774 2773
3 2702 2703 2775
3 2702 2775 2774
3 2703 2704 2776
3 2703 2776 2775
3 2704 2705 2777
3 2704 2777 2776
3 2705 2706 2778
3 2705 2778 2777
3 2706 2707 2779
3 2706 2779 2778
3 2707 2708 2780
3 2707 2780 2779
3 2708 2709 2781
3 2708 2781 2780
3 2709 2710 2782
3 2709 2782 2781
3 2710 2711 2783
3 2710 2783 2782
3 2711 2712 2784
3 2711 2784 2783
3 2712 2713 2785
3 2712 2785 2784
3 2713 2714 2786
3 2713 2786 2785
3 2714 2715 2787
3 2714 2787 2786
3 2715 2716 2788
3 2715 2788 2787
3 2716 2717 2789
3 2716 2789 2788
3 2717 2718 2790
3 2717 2790 2789
3 2718 2719 2791
3 2718 2791 2790
3 2719 2720 2792
3 2719 2792 2791
3 2720 2721 2793
3 2720 2793 2792
3 2721 2722 2794
3 2721 2794 2793
3 2722 2723 2795
3 2722 2795 2794
3 2723 2724 2796
3 2723 2796 2795
3 2724 2725 2797
3 2724 2797 2796
3 2725 2726 2798
3 2725 2798 2797
3 2726 2727 2799
3 2726 2799 2798
3 2727 2728 2800
3 2727 2800 2799
3 2728 2729 2801
3 2728 2801 2800
3 2729 2730 2802
3 2729 2802 2801
3 2730 2731 2803
3 2730 2803 2802
3 2731 2732 2804
3 2731 2804 2803
3 2732 2733 2805
3 2732 2805 2804
3 2733 2734 2806
3 2733 2806 2805
3 2734 2735 2807
3 2734 2807 2806
3 2735 2664 2736
3 2735 2736 2807
3 2736 2737 2809
3 2736 2809 2808
3 2737 2738 2810
3 2737 2810 2809
3 2738 2739 2811
3 2738 2811 2810
3 2739 2740 2812
3 2739 2812 2811
3 2740 2741 2813
3 2740 2813 2812
3 2741 2742 2814
3 2741 2814 2813
3 2742 2743 2815
3 2742 2815 2814
3 2743 2744 2816
3 2743 2816 2815
3 2744 2745 2817
3 2744 2817 2816
3 2745 2746 2818
3 2745 2818 2817
3 2746 2747 2819
3 2746 2819 2818
3 2747 2748 2820
3 2747 2820 2819
3 2748 2749 2821
3 2748 2821 2820
3 2749 2750 2822
3 2749 2822 2821
3 2750 2751 2823
3 2750 2823 2822
3 2751 2752 2824
3 2751 2824 2823
3 2752 2753 2825
3 2752 2825 2824
3 2753 2754 2826
3 2753 2826 2825
3 2754 2755 2827
3 2754 2827 2826
3 2755 2756 2828
3 2755 2828 2827
3 2756 2757 2829
3 2756 2829 2828
3 2757 2758 2830
3 2757 2830 2829
3 2758 2759 2831
3 2758 2831 2830
3 2759 2760 2832
3 2759 2832 2831
3 2760 2761 2833
3 2760 2833 2832
3 2761 2762 2834
3 2761 2834 2833
3 2762 2763 2835
3 2762 2835 2834
3 2763 2764 2836
3 2763 2836 2835
3 2764 2765 2837
3 2764 2837 2836
3 2765 2766 2838
3 2765 2838 2837
3 2766 2767 2839
3 2766 2839 2838
3 2767 2768 2840
3 2767 2840 2839
3 2768 2769 2841
3 2768 2841 2840
3 2769 2770 2842
3 2769 2842 2841
3 2770 2771 2843
3 2770 2843 2842
3 2771 2772 2844
3 2771 2844 2843
3 2772 2773 2845
3 2772 2845 2844
3 2773 2774 2846
3 2773 2846 2845
3 2774 2775 2847
3 2774 2847 2846
3 2775 2776 2848
3 2775 2848 2847
3 2776 2777 2849
3 2776 2849 2848
3 2777 2778 2850
3 2777 2850 2849
3 2778 2779 2851
3 2778 2851 2850
3 2779 2780 2852
3 2779 2852 2851
3 2780 2781 2853
3 2780 2853 2852
3 2781 2782 2854
3 2781 2854 2853
3 2782 2783 2855
3 2782 2855 2854
3 2783 2784 2856
3 2783 2856 2855
3 2784 2785 2857
3 2784 2857 2856
3 2785 2786 2858
3 2785 2858 2857
3 2786 2787 2859
3 2786 2859 2858
3 2787 2788 2860
3 2787 2860 2859
3 2788 2789 2861
3 2788 2861 2860
3 2789 2790 2862
3 2789 2862 2861
3 2790 2791 2863
3 2790 2863 2862
3 2791 2792 2864
3 2791 2864 2863
3 2792 2793 2865
3 2792 2865 2864
3 2793 2794 2866
3 2793 2866 2865
3 2794 2795 2867
3 2794 2867 2866
3 2795 2796 2868
3 2795 2868 2867
3 2796 2797 2869
3 2796 2869 2868
3 2797 2798 2870
3 2797 2870 2869
3 2798 2799 2871
3 2798 2871 2870
3 2799 2800 2872
3 2799 2872 2871
3 2800 2801 2873
3 2800 2873 2872
3 2801 2802 2874
3 2801 2874 2873
3 2802 2803 2875
3 2802 2875 2874
3 2803 2804 2876
3 2803 2876 2875
3 2804 2805 2877
3 2804 2877 2876
3 2805 2806 2878
3 2805 2878 2877
3 2806 2807 2879
3 2806 2879 2878
3 2807 2736 2808
3 2807 2808 2879
3 2808 2809 2881
3 2808 2881 2880
3 2809 2810 2882
3 2809 2882 2881
3 2810 2811 2883
3 2810 2883 2882
3 2811 2812 2884
3 2811 2884 2883
3 2812 2813 2885
3 2812 2885 2884
3 2813 2814 2886
3 2813 2886 2885
3 2814 2815 2887
3 2814 2887 2886
3 2815 2816 2888
3 2815 2888 2887
3 2816 2817 2889
3 2816 2889 2888
3 2817 2818 2890
3 2817 2890 2889
3 2818 2819 2891
3 2818 2891 2890
3 2819 2820 2892
3 2819 2892 2891
3 2820 2821 2893
3 2820 2893 2892
3 2821 2822 2894
3 2821 2894 2893
3 2822 2823 2895
3 2822 2895 2894
3 2823 2824 2896
3 2823 2896 2895
3 2824 2825 2897
3 2824 2897 2896
3 2825 2826 2898
3 2825 2898 2897
3 2826 2827 2899
3 2826 2899 2898
3 2827 2828 2900
3 2827 2900 2899
3 2828 2829 2901
3 2828 2901 2900
3 2829 2830 2902
3 2829 2902 2901
3 2830 2831 2903
3 2830 2903 2902
3 2831 2832 2904
3 2831 2904 2903
3 2832 2833 2905
3 2832 2905 2904
3 2833 2834 2906
3 2833 2906 2905
3 2834 2835 2907
3 2834 2907 2906
3 2835 2836 2908
3 2835 2908 2907
3 2836 2837 2909
3 2836 2909 2908
3 2837 2838 2910
3 2837 2910 2909
3 2838 2839 2911
3 2838 2911 2910
3 2839 2840 2912
3 2839 2912 2911
3 2840 2841 2913
3 2840 2913 2912
3 2841 2842 2914
3 2841 2914 2913
3 2842 2843 2915
3 2842 2915 2914
3 2843 2844 2916
3 2843 2916 2915
3 2844 2845 2917
3 2844 2917 2916
3 2845 2846 2918
3 2845 2918 2917
3 2846 2847 2919
3 2846 2919 2918
3 2847 2848 2920
3 2847 2920 2919
3 2848 2849 2921
3 2848 2921 2920
3 2849 2850 2922
3 2849 2922 2921
3 2850 2851 2923
3 2850 2923 2922
3 2851 2852 2924
3 2851 2924 2923
3 2852 2853 2925
3 2852 2925 2924
3 2853 2854 2926
3 2853 2926 2925
3 2854 2855 2927
3 2854 2927 2926
3 2855 2856 2928
3 2855 2928 2927
3 2856 2857 2929
3 2856 2929 2928
3 2857 2858 2930
3 2857 2930 2929
3 2858 2859 2931
3 2858 2931 2930
3 2859 2860 2932
3 2859 2932 2931
3 2860 2861 2933
3 2860 2933 2932
3 2861 2862 2934
3 2861 2934 2933
3 2862 2863 2935
3 2862 2935 2934
3 2863 2864 2936
3 2863 2936 2935
3 2864 2865 2937
3 2864 2937 2936
3 2865 2866 2938
3 2865 2938 2937
3 2866 2867 2939
3 2866 2939 2938
3 2867 2868 2940
3 2867 2940 2939
3 2868 2869 2941
3 2868 2941 2940
3 2869 2870 2942
3 2869 2942 2941
3 2870 2871 2943
3 2870 2943 2942
3 2871 2872 2944
3 2871 2944 2943
3 2872 2873 2945
3 2872 2945 2944
3 2873 2874 2946
3 2873 2946 2945
3 2874 2875 2947
3 2874 2947 2946
3 2875 2876 2948
3 2875 2948 2947
3 2876 2877 2949
3 2876 2949 2948
3 2877 2878 2950
3 2877 2950 2949
3 2878 2879 2951
3 2878 2951 2950
3 2879 2808 2880
3 2879 2880 2951
3 2880 2881 2953
3 2880 2953 2952
3 2881 2882 2954
3 2881 2954 2953
3 2882 2883 2955
3 2882 2955 2954
3 2883 2884 2956
3 2883 2956 2955
3 2884 2885 2957
3 2884 2957 2956
3 2885 2886 2958
3 2885 2958 2957
3 2886 2887 2959
3 2886 2959 2958
3 2887 2888 2960
3 2887 2960 2959
3 2888 2889 2961
3 2888 2961 2960
3 2889 2890 2962
3 2889 2962 2961
3 2890 2891 2963
3 2890 2963 2962
3 2891 2892 2964
3 2891 2964 2963
3 2892 2893 2965
3 2892 2965 2964
3 2893 2894 2966
3 2893 2966 2965
3 2894 2895 2967
3 2894 2967 2966
3 2895 2896 2968
3 2895 2968 2967
3 2896 2897 2969
3 2896 2969 2968
3 2897 2898 2970
3 2897 2970 2969
3 2898 2899 2971
3 2898 2971 2970
3 2899 2900 2972
3 2899 2972 2971
3 2900 2901 2973
3 2900 2973 2972
3 2901 2902 2974
3 2901 2974 2973
3 2902 2903 2975
3 2902 2975 2974
3 2903 2904 2976
3 2903 2976 2975
3 2904 2905 2977
3 2904 2977 2976
3 2905 2906 2978
3 2905 2978 2977
3 2906 2907 2979
3 2906 2979 2978
3 2907 2908 2980
3 2907 2980 2979
3 2908 2909 2981
3 2908 2981 2980
3 2909 2910 2982
3 2909 2982 2981
3 2910 2911 2983
3 2910 2983 2982
3 2911 2912 2984
3 2911 2984 2983
3 2912 2913 2985
3 2912 2985 2984
3 2913 2914 2986
3 2913 2986 2985
3 2914 2915 2987
3 2914 2987 2986
3 2915 2916 2988
3 2915 2988 2987
3 2916 2917 2989
3 2916 2989 2988
3 2917 2918 2990
3 2917 2990 2989
3 2918 2919 2991
3 2918 2991 2990
3 2919 2920 2992
3 2919 2992 2991
3 2920 2921 2993
3 2920 2993 2992
3 2921 2922 2994
3 2921 2994 2993
3 2922 2923 2995
3 2922 2995 2994
3 2923 2924 2996
3 2923 2996 2995
3 2924 2925 2997
3 2924 2997 2996
3 2925 2926 2998
3 2925 2998 2997
3 2926 2927 2999
3 2926 2999 2998
3 2927 2928 3000
3 2927 3000 2999
3 2928 2929 3001
3 2928 3001 3000
3 2929 2930 3002
3 2929 3002 3001
3 2930 2931 3003
3 2930 3003 3002
3 2931 2932 3004
3 2931 3004 3003
3 2932 2933 3005
3 2932 3005 3004
3 2933 2934 3006
3 2933 3006 3005
3 2934 2935 3007
3 2934 3007 3006
3 2935 2936 3008
3 2935 3008 3007
3 2936 2937 3009
3 2936 3009 3008
3 2937 2938 3010
3 2937 3010 3009
3 2938 2939 3011
3 2938 3011 3010
3 2939 2940 3012
3 2939 3012 3011
3 2940 2941 3013
3 2940 3013 3012
3 2941 2942 3014
3 2941 3014 3013
3 2942 2943 3015
3 2942 3015 3014
3 2943 2944 3016
3 2943 3016 3015
3 2944 2945 3017
3 2944 3017 3016
3 2945 2946 3018
3 2945 3018 3017
3 2946 2947 3019
3 2946 3019 3018
3 2947 2948 3020
3 2947 3020 3019
3 2948 2949 3021
3 2948 3021 3020
3 2949 2950 3022
3 2949 3022 3021
3 2950 2951 3023
3 2950 3023 3022
3 2951 2880 2952
3 2951 2952 3023
3 2952 2953 3025
3 2952 3025 3024
3 2953 2954 3026
3 2953 3026 3025
3 2954 2955 3027
3 2954 3027 3026
3 2955 2956 3028
3 2955 3028 3027
3 2956 2957 3029
3 2956 3029 3028
3 2957 2958 3030
3 2957 3030 3029
3 2958 2959 3031
3 2958 3031 3030
3 2959 2960 3032
3 2959 3032 3031
3 2960 2961 3033
3 2960 3033 3032
3 2961 2962 3034
3 2961 3034 3033
3 2962 2963 3035
3 2962 3035 3034
3 2963 2964 3036
3 2963 3036 3035
3 2964 2965 3037
3 2964 3037 3036
3 2965 2966 3038
3 2965 3038 3037
3 2966 2967 3039
3 2966 3039 3038
3 2967 2968 3040
3 2967 3040 3039
3 2968 2969 3041
3 2968 3041 3040
3 2969 2970 3042
3 2969 3042 3041
3 2970 2971 3043
3 2970 3043 3042
3 2971 2972 3044
3 2971 3044 3043
3 2972 2973 3045
3 2972 3045 3044
3 2973 2974 3046
3 2973 3046 3045
3 2974 2975 3047
3 2974 3047 3046
3 2975 2976 3048
3 2975 3048 3047
3 2976 2977 3049
3 2976 3049 3048
3 2977 2978 3050
3 2977 3050 3049
3 2978 2979 3051
3 2978 3051 3050
3 2979 2980 3052
3 2979 3052 3051
3 2980 2981 3053
3 2980 3053 3052
3 2981 2982 3054
3 2981 3054 3053
3 2982 2983 3055
3 2982 3055 3054
3 2983 2984 3056
3 2983 3056 3055
3 2984 2985 3057
3 2984 3057 3056
3 2985 2986 3058
3 2985 3058 3057
3 2986 2987 3059
3 2986 3059 3058
3 2987 2988 3060
3 2987 3060 3059
3 2988 2989 3061
3 2988 3061 3060
3 2989 2990 3062
3 2989 3062 3061
3 2990 2991 3063
3 2990 3063 3062
3 2991 2992 3064
3 2991 3064 3063
3 2992 2993 3065
3 2992 3065 3064
3 2993 2994 3066
3 2993 3066 3065
3 2994 2995 3067
3 2994 3067 3066
3 2995 2996 3068
3 2995 3068 3067
3 2996 2997 3069
3 2996 3069 3068
3 2997 2998 3070
3 2997 3070 3069
3 2998 2999 3071
3 2998 3071 3070
3 2999 3000 3072
3 2999 3072 3071
3 3000 3001 3073
3 3000 3073 3072
3 3001 3002 3074
3 3001 3074 3073
3 3002 3003 3075
3 3002 3075 3074
3 3003 3004 3076
3 3003 3076 3075
3 3004 3005 3077
3 3004 3077 3076
3 3005 3006 3078
3 3005 3078 3077
3 3006 3007 3079
3 3006 3079 3078
3 3007 3008 3080
3 3007 3080 3079
3 3008 3009 3081
3 3008 3081 3080
3 3009 3010 3082
3 3009 3082 3081
3 3010 3011 3083
3 3010 3083 3082
3 3011 3012 3084
3 3011 3084 3083
3 3012 3013 3085
3 3012 3085 3084
3 3013 3014 3086
3 3013 3086 3085
3 3014 3015 3087
3 3014 3087 3086
3 3015 3016 3088
3 3015 3088 3087
3 3016 3017 3089
3 3016 3089 3088
3 3017 3018 3090
3 3017 3090 3089
3 3018 3019 3091
3 3018 3091 3090
3 3019 3020 3092
3 3019 3092 3091
3 3020 3021 3093
3 3020 3093 3092
3 3021 3022 3094
3 3021 3094 3093
3 3022 3023 3095
3 3022 3095 3094
3 3023 2952 3024
3 3023 3024 3095
3 3024 3025 3097
3 3024 3097 3096
3 3025 3026 3098
3 3025 3098 3097
3 3026 3027 3099
3 3026 3099 3098
3 3027 3028 3100
3 3027 3100 3099
3 3028 3029 3101
3 3028 3101 3100
3 3029 3030 3102
3 3029 3102 3101
3 3030 3031 3103
3 3030 3103 3102
3 3031 3032 3104
3 3031 3104 3103
3 3032 3033 3105
3 3032 3105 3104
3 3033 3034 3106
3 3033 3106 3105
3 3034 3035 3107
3 3034 3107 3106
3 3035 3036 3108
3 3035 3108 3107
3 3036 3037 3109
3 3036 3109 3108
3 3037 3038 3110
3 3037 3110 3109
3 3038 3039 3111
3 3038 3111 3110
3 3039 3040 3112
3 3039 3112 3111
3 3040 3041 3113
3 3040 3113 3112
3 3041 3042 3114
3 3041 3114 3113
3 3042 3043 3115
3 3042 3115 3114
3 3043 3044 3116
3 3043 3116 3115
3 3044 3045 3117
3 3044 3117 3116
3 3045 3046 3118
3 3045 3118 3117
3 3046 3047 3119
3 3046 3119 3118
3 3047 3048 3120
3 3047 3120 3119
3 3048 3049 3121
3 3048 3121 3120
3 3049 3050 3122
3 3049 3122 3121
3 3050 3051 3123
3 3050 3123 3122
3 3051 3052 3124
3 3051 3124 3123
3 3052 3053 3125
3 3052 3125 3124
3 3053 3054 3126
3 3053 3126 3125
3 3054 3055 3127
3 3054 3127 3126
3 3055 3056 3128
3 3055 3128 3127
3 3056 3057 3129
3 3056 3129 3128
3 3057 3058 3130
3 3057 3130 3129
3 3058 3059 3131
3 3058 3131 3130
3 3059 3060 3132
3 3059 3132 3131
3 3060 3061 3133
3 3060 3133 3132
3 3061 3062 3134
3 3061 3134 3133
3 3062 3063 3135
3 3062 3135 3134
3 3063 3064 3136
3 3063 3136 3135
3 3064 3065 3137
3 3064 3137 3136
3 3065 3066 3138
3 3065 3138 3137
3 3066 3067 3139
3 3066 3139 3138
3 3067 3068 3140
3 3067 3140 3139
3 3068 3069 3141
3 3068 3141 3140
3 3069 3070 3142
3 3069 3142 3141
3 3070 3071 3143
3 3070 3143 3142
3 3071 3072 3144
3 3071 3144 3143
3 3072 3073 3145
3 3072 3145 3144
3 3073 3074 3146
3 3073 3146 3145
3 3074 3075 3147
3 3074 3147 3146
3 3075 3076 3148
3 3075 3148 3147
3 3076 3077 3149
3 3076 3149 3148
3 3077 3078 3150
3 3077 3150 3149
3 3078 3079 3151
3 3078 3151 3150
3 3079 3080 3152
3 3079 3152 3151
3 3080 3081 3153
3 3080 3153 3152
3 3081 3082 3154
3 3081 3154 3153
3 3082 3083 3155
3 3082 3155 3154
3 3083 3084 3156
3 3083 3156 3155
3 3084 3085 3157
3 3084 3157 3156
3 3085 3086 3158
3 3085 3158 3157
3 3086 3087 3159
3 3086 3159 3158
3 3087 3088 3160
3 3087 3160 3159
3 3088 3089 3161
3 3088 3161 3160
3 3089 3090 3162
3 3089 3162 3161
3 3090 3091 3163
3 3090 3163 3162
3 3091 3092 3164
3 3091 3164 3163
3 3092 3093 3165
3 3092 3165 3164
3 3093 3094 3166
3 3093 3166 3165
3 3094 3095 3167
3 3094 3167 3166
3 3095 3024 3096
3 3095 3096 3167
3 3096 3097 3169
3 3096 3169 3168
3 3097 3098 3170
3 3097 3170 3169
3 3098 3099 3171
3 3098 3171 3170
3 3099 3100 3172
3 3099 3172 3171
3 3100 3101 3173
3 3100 3173 3172
3 3101 3102 3174
3 3101 3174 3173
3 3102 3103 3175
3 3102 3175 3174
3 3103 3104 3176
3 3103 3176 3175
3 3104 3105 3177
3 3104 3177 3176
3 3105 3106 3178
3 3105 3178 3177
3 3106 3107 3179
3 3106 3179 3178
3 3107 3108 3180
3 3107 3180 3179
3 3108 3109 3181
3 3108 3181 3180
3 3109 3110 3182
3 3109 3182 3181
3 3110 3111 3183
3 3110 3183 3182
3 3111 3112 3184
3 3111 3184 3183
3 3112 3113 3185
3 3112 3185 3184
3 3113 3114 3186
3 3113 3186 3185
3 3114 3115 3187
3 3114 3187 3186
3 3115 3116 3188
3 3115 3188 3187
3 3116 3117 3189
3 3116 3189 3188
3 3117 3118 3190
3 3117 3190 3189
3 3118 3119 3191
3 3118 3191 3190
3 3119 3120 3192
3 3119 3192 3191
3 3120 3121 3193
3 3120 3193 3192
3 3121 3122 3194
3 3121 3194 3193
3 3122 3123 3195
3 3122 3195 3194
3 3123 3124 3196
3 3123 3196 3195
3 3124 3125 3197
3 3124 3197 3196
3 3125 3126 3198
3 3125 3198 3197
3 3126 3127 3199
3 3126 3199 3198
3 3127 3128 3200
3 3127 3200 3199
3 3128 3129 3201
3 3128 3201 3200
3 3129 3130 3202
3 3129 3202 3201
3 3130 3131 3203
3 3130 3203 3202
3 3131 3132 3204
3 3131 3204 3203
3 3132 3133 3205
3 3132 3205 3204
3 3133 3134 3206
3 3133 3206 3205
3 3134 3135 3207
3 3134 3207 3206
3 3135 3136 3208
3 3135 3208 3207
3 3136 3137 3209
3 3136 3209 3208
3 3137 3138 3210
3 3137 3210 3209
3 3138 3139 3211
3 3138 3211 3210
3 3139 3140 3212
3 3139 3212 3211
3 3140 3141 3213
3 3140 3213 3212
3 3141 3142 3214
3 3141 3214 3213
3 3142 3143 3215
3 3142 3215 3214
3 3143 3144 3216
3 3143 3216 3215
3 3144 3145 3217
3 3144 3217 3216
3 3145 3146 3218
3 3145 3218 3217
3 3146 3147 3219
3 3146 3219 3218
3 3147 3148 3220
3 3147 3220 3219
3 3148 3149 3221
3 3148 3221 3220
3 3149 3150 3222
3 3149 3222 3221
3 3150 3151 3223
3 3150 3223 3222
3 3151 3152 3224
3 3151 3224 3223
3 3152 3153 3225
3 3152 3225 3224
3 3153 3154 3226
3 3153 3226 3225
3 3154 3155 3227
3 3154 3227 3226
3 3155 3156 3228
3 3155 3228 3227
3 3156 3157 3229
3 3156 3229 3228
3 3157 3158 3230
3 3157 3230 3229
3 3158 3159 3231
3 3158 3231 3230
3 3159 3160 3232
3 3159 3232 3231
3 3160 3161 3233
3 3160 3233 3232
3 3161 3162 3234
3 3161 3234 3233
3 3162 3163 3235
3 3162 3235 3234
3 3163 3164 3236
3 3163 3236 3235
3 3164 3165 3237
3 3164 3237 3236
3 3165 3166 3238
3 3165 3238 3237
3 3166 3167 3239
3 3166 3239 3238
3 3167 3096 3168
3 3167 3168 3239
3 3168 3169 3241
3 3168 3241 3240
3 3169 3170 3242
3 3169 3242 3241
3 3170 3171 3243
3 3170 3243 3242
3 3171 3172 3244
3 3171 3244 3243
3 3172 3173 3245
3 3172 3245 3244
3 3173 3174 3246
3 3173 3246 3245
3 3174 3175 3247
3 3174 3247 3246
3 3175 3176 3248
3 3175 3248 3247
3 3176 3177 3249
3 3176 3249 3248
3 3177 3178 3250
3 3177 3250 3249
3 3178 3179 3251
3 3178 3251 3250
3 3179 3180 3252
3 3179 3252 3251
3 3180 3181 3253
3 3180 3253 3252
3 3181 3182 3254
3 3181 3254 3253
3 3182 3183 3255
3 3182 3255 3254
3 3183 3184 3256
3 3183 3256 3255
3 3184 3185 3257
3 3184 3257 3256
3 3185 3186 3258
3 3185 3258 3257
3 3186 3187 3259
3 3186 3259 3258
3 3187 3188 3260
3 3187 3260 3259
3 3188 3189 3261
3 3188 3261 3260
3 3189 3190 3262
3 3189 3262 3261
3 3190 3191 3263
3 3190 3263 3262
3 3191 3192 3264
3 3191 3264 3263
3 3192 3193 3265
3 3192 3265 3264
3 3193 3194 3266
3 3193 3266 3265
3 3194 3195 3267
3 3194 3267 3266
3 3195 3196 3268
3 3195 3268 3267
3 3196 3197 3269
3 3196 3269 3268
3 3197 3198 3270
3 3197 3270 3269
3 3198 3199 3271
3 3198 3271 3270
3 3199 3200 3272
3 3199 3272 3271
3 3200 3201 3273
3 3200 3273 3272
3 3201 3202 3274
3 3201 3274 3273
3 3202 3203 3275
3 3202 3275 3274
3 3203 3204 3276
3 3203 3276 3275
3 3204 3205 3277
3 3204 3277 3276
3 3205 3206 3278
3 3205 3278 3277
3 3206 3207 3279
3 3206 3279 3278
3 3207 3208 3280
3 3207 3280 3279
3 3208 3209 3281
3 3208 3281 3280
3 3209 3210 3282
3 3209 3282 3281
3 3210 3211 3283
3 3210 3283 3282
3 3211 3212 3284
3 3211 3284 3283
3 3212 3213 3285
3 3212 3285 3284
3 3213 3214 3286
3 3213 3286 3285
3 3214 3215 3287
3 3214 3287 3286
3 3215 3216 3288
3 3215 3288 3287
3 3216 3217 3289
3 3216 3289 3288
3 3217 3218 3290
3 3217 3290 3289
3 3218 3219 3291
3 3218 3291 3290
3 3219 3220 3292
3 3219 3292 3291
3 3220 3221 3293
3 3220 3293 3292
3 3221 3222 3294
3 3221 3294 3293
3 3222 3223 3295
3 3222 3295 3294
3 3223 3224 3296
3 3223 3296 3295
3 3224 3225 3297
3 3224 3297 3296
3 3225 3226 3298
3 3225 3298 3297
3 3226 3227 3299
3 3226 3299 3298
3 3227 3228 3300
3 3227 3300 3299
3 3228 3229 3301
3 3228 3301 3300
3 3229 3230 3302
3 3229 3302 3301
3 3230 3231 3303
3 3230 3303 3302
3 3231 3232 3304
3 3231 3304 3303
3 3232 3233 3305
3 3232 3305 3304
3 3233 3234 3306
3 3233 3306 3305
3 3234 3235 3307
3 3234 3307 3306
3 3235 3236 3308
3 3235 3308 3307
3 3236 3237 3309
3 3236 3309 3308
3 3237 3238 3310
3 3237 3310 3309
3 3238 3239 3311
3 3238 3311 3310
3 3239 3168 3240
3 3239 3240 3311
3 3240 3241 3313
3 3240 3313 3312
3 3241 3242 3314
3 3241 3314 3313
3 3242 3243 3315
3 3242 3315 3314
3 3243 3244 3316
3 3243 3316 3315
3 3244 3245 3317
3 3244 3317 3316
3 3245 3246 3318
3 3245 3318 3317
3 3246 3247 3319
3 3246 3319 3318
3 3247 3248 3320
3 3247 3320 3319
3 3248 3249 3321
3 3248 3321 3320
3 3249 3250 3322
3 3249 3322 3321
3 3250 3251 3323
3 3250 3323 3322
3 3251 3252 3324
3 3251 3324 3323
3 3252 3253 3325
3 3252 3325 3324
3 3253 3254 3326
3 3253 3326 3325
3 3254 3255 3327
3 3254 3327 3326
3 3255 3256 3328
3 3255 3328 3327
3 3256 3257 3329
3 3256 3329 3328
3 3257 3258 3330
3 3257 3330 3329
3 3258 3259 3331
3 3258 3331 3330
3 3259 3260 3332
3 3259 3332 3331
3 3260 3261 3333
3 3260 3333 3332
3 3261 3262 3334
3 3261 3334 3333
3 3262 3263 3335
3 3262 3335 3334
3 3263 3264 3336
3 3263 3336 3335
3 3264 3265 3337
3 3264 3337 3336
3 3265 3266 3338
3 3265 3338 3337
3 3266 3267 3339
3 3266 3339 3338
3 3267 3268 3340
3 3267 3340 3339
3 3268 3269 3341
3 3268 3341 3340
3 3269 3270 3342
3 3269 3342 3341
3 3270 3271 3343
3 3270 3343 3342
3 3271 3272 3344
3 3271 3344 3343
3 3272 3273 3345
3 3272 3345 3344
3 3273 3274 3346
3 3273 3346 3345
3 3274 3275 3347
3 3274 3347 3346
3 3275 3276 3348
3 3275 3348 3347
3 3276 3277 3349
3 3276 3349 3348
3 3277 3278 3350
3 3277 3350 3349
3 3278 3279 3351
3 3278 3351 3350
3 3279 3280 3352
3 3279 3352 3351
3 3280 3281 3353
3 3280 3353 3352
3 3281 3282 3354
3 3281 3354 3353
3 3282 3283 3355
3 3282 3355 3354
3 3283 3284 3356
3 3283 3356 3355
3 3284 3285 3357
3 3284 3357 3356
3 3285 3286 3358
3 3285 3358 3357
3 3286 3287 3359
3 3286 3359 3358
3 3287 3288 3360
3 3287 3360 3359
3 3288 3289 3361
3 3288 3361 3360
3 3289 3290 3362
3 3289 3362 3361
3 3290 3291 3363
3 3290 3363 3362
3 3291 3292 3364
3 3291 3364 3363
3 3292 3293 3365
3 3292 3365 3364
3 3293 3294 3366
3 3293 3366 3365
3 3294 3295 3367
3 3294 3367 3366
3 3295 3296 3368
3 3295 3368 3367
3 3296 3297 3369
3 3296 3369 3368
3 3297 3298 3370
3 3297 3370 3369
3 3298 3299 3371
3 3298 3371 3370
3 3299 3300 3372
3 3299 3372 3371
3 3300 3301 3373
3 3300 3373 3372
3 3301 3302 3374
3 3301 3374 3373
3 3302 3303 3375
3 3302 3375 3374
3 3303 3304 3376
3 3303 3376 3375
3 3304 3305 3377
3 3304 3377 3376
3 3305 3306 3378
3 3305 3378 3377
3 3306 3307 3379
3 3306 3379 3378
3 3307 3308 3380
3 3307 3380 3379
3 3308 3309 3381
3 3308 3381 3380
3 3309 3310 3382
3 3309 3382 3381
3 3310 3311 3383
3 3310 3383 3382
3 3311 3240 3312
3 3311 3312 3383
3 3312 3313 3385
3 3312 3385 3384
3 3313 3314 3386
3 3313 3386 3385
3 3314 3315 3387
3 3314 3387 3386
3 3315 3316 3388
3 3315 3388 3387
3 3316 3317 3389
3 3316 3389 3388
3 3317 3318 3390
3 3317 3390 3389
3 3318 3319 3391
3 3318 3391 3390
3 3319 3320 3392
3 3319 3392 3391
3 3320 3321 3393
3 3320 3393 3392
3 3321 3322 3394
3 3321 3394 3393
3 3322 3323 3395
3 3322 3395 3394
3 3323 3324 3396
3 3323 3396 3395
3 3324 3325 3397
3 3324 3397 3396
3 3325 3326 3398
3 3325 3398 3397
3 3326 3327 3399
3 3326 3399 3398
3 3327 3328 3400
3 3327 3400 3399
3 3328 3329 3401
3 3328 3401 3400
3 3329 3330 3402
3 3329 3402 3401
3 3330 3331 3403
3 3330 3403 3402
3 3331 3332 3404
3 3331 3404 3403
3 3332 3333 3405
3 3332 3405 3404
3 3333 3334 3406
3 3333 3406 3405
3 3334 3335 3407
3 3334 3407 3406
3 3335 3336 3408
3 3335 3408 3407
3 3336 3337 3409
3 3336 3409 3408
3 3337 3338 3410
3 3337 3410 3409
3 3338 3339 3411
3 3338 3411 3410
3 3339 3340 3412
3 3339 3412 3411
3 3340 3341 3413
3 3340 3413 3412
3 3341 3342 3414
3 3341 3414 3413
3 3342 3343 3415
3 3342 3415 3414
3 3343 3344 3416
3 3343 3416 3415
3 3344 3345 3417
3 3344 3417 3416
3 3345 3346 3418
3 3345 3418 3417
3 3346 3347 3419
3 3346 3419 3418
3 3347 3348 3420
3 3347 3420 3419
3 3348 3349 3421
3 3348 3421 3420
3 3349 3350 3422
3 3349 3422 3421
3 3350 3351 3423
3 3350 3423 3422
3 3351 3352 3424
3 3351 3424 3423
3 3352 3353 3425
3 3352 3425 3424
3 3353 3354 3426
3 3353 3426 3425
3 3354 3355 3427
3 3354 3427 3426
3 3355 3356 3428
3 3355 3428 3427
3 3356 3357 3429
3 3356 3429 3428
3 3357 3358 3430
3 3357 3430 3429
3 3358 3359 3431
3 3358 3431 3430
3 3359 3360 3432
3 3359 3432 3431
3 3360 3361 3433
3 3360 3433 3432
3 3361 3362 3434
3 3361 3434 3433
3 3362 3363 3435
3 3362 3435 3434
3 3363 3364 3436
3 3363 3436 3435
3 3364 3365 3437
3 3364 3437 3436
3 3365 3366 3438
3 3365 3438 3437
3 3366 3367 3439
3 3366 3439 3438
3 3367 3368 3440
3 3367 3440 3439
3 3368 3369 3441
3 3368 3441 3440
3 3369 3370 3442
3 3369 3442 3441
3 3370 3371 3443
3 3370 3443 3442
3 3371 3372 3444
3 3371 3444 3443
3 3372 3373 3445
3 3372 3445 3444
3 3373 3374 3446
3 3373 3446 3445
3 3374 3375 3447
3 3374 3447 3446
3 3375 3376 3448
3 3375 3448 3447
3 3376 3377 3449
3 3376 3449 3448
3 3377 3378 3450
3 3377 3450 3449
3 3378 3379 3451
3 3378 3451 3450
3 3379 3380 3452
3 3379 3452 3451
3 3380 3381 3453
3 3380 3453 3452
3 3381 3382 3454
3 3381 3454 3453
3 3382 3383 3455
3 3382 3455 3454
3 3383 3312 3384
3 3383 3384 3455
3 3384 3385 3457
3 3384 3457 3456
3 3385 3386 3458
3 3385 3458 3457
3 3386 3387 3459
3 3386 3459 3458
3 3387 3388 3460
3 3387 3460 3459
3 3388 3389 3461
3 3388 3461 3460
3 3389 3390 3462
3 3389 3462 3461
3 3390 3391 3463
3 3390 3463 3462
3 3391 3392 3464
3 3391 3464 3463
3 3392 3393 3465
3 3392 3465 3464
3 3393 3394 3466
3 3393 3466 3465
3 3394 3395 3467
3 3394 3467 3466
3 3395 3396 3468
3 3395 3468 3467
3 3396 3397 3469
3 3396 3469 3468
3 3397 3398 3470
3 3397 3470 3469
3 3398 3399 3471
3 3398 3471 3470
3 3399 3400 3472
3 3399 3472 3471
3 3400 3401 3473
3 3400 3473 3472
3 3401 3402 3474
3 3401 3474 3473
3 3402 3403 3475
3 3402 3475 3474
3 3403 3404 3476
3 3403 3476 3475
3 3404 3405 3477
3 3404 3477 3476
3 3405 3406 3478
3 3405 3478 3477
3 3406 3407 3479
3 3406 3479 3478
3 3407 3408 3480
3 3407 3480 3479
3 3408 3409 3481
3 3408 3481 3480
3 3409 3410 3482
3 3409 3482 3481
3 3410 3411 3483
3 3410 3483 3482
3 3411 3412 3484
3 3411 3484 3483
3 3412 3413 3485
3 3412 3485 3484
3 3413 3414 3486
3 3413 3486 3485
3 3414 3415 3487
3 3414 3487 3486
3 3415 3416 3488
3 3415 3488 3487
3 3416 3417 3489
3 3416 3489 3488
3 3417 3418 3490
3 3417 3490 3489
3 3418 3419 3491
3 3418 3491 3490
3 3419 3420 3492
3 3419 3492 3491
3 3420 3421 3493
3 3420 3493 3492
3 3421 3422 3494
3 3421 3494 3493
3 3422 3423 3495
3 3422 3495 3494
3 3423 3424 3496
3 3423 3496 3495
3 3424 3425 3497
3 3424 3497 3496
3 3425 3426 3498
3 3425 3498 3497
3 3426 3427 3499
3 3426 3499 3498
3 3427 3428 3500
3 3427 3500 3499
3 3428 3429 3501
3 3428 3501 3500
3 3429 3430 3502
3 3429 3502 3501
3 3430 3431 3503
3 3430 3503 3502
3 3431 3432 3504
3 3431 3504 3503
3 3432 3433 3505
3 3432 3505 3504
3 3433 3434 3506
3 3433 3506 3505
3 3434 3435 3507
3 3434 3507 3506
3 3435 3436 3508
3 3435 3508 3507
3 3436 3437 3509
3 3436 3509 3508
3 3437 3438 3510
3 3437 3510 3509
3 3438 3439 3511
3 3438 3511 3510
3 3439 3440 3512
3 3439 3512 3511
3 3440 3441 3513
3 3440 3513 3512
3 3441 3442 3514
3 3441 3514 3513
3 3442 3443 3515
3 3442 3515 3514
3 3443 3444 3516
3 3443 3516 3515
3 3444 3445 3517
3 3444 3517 3516
3 3445 3446 3518
3 3445 3518 3517
3 3446 3447 3519
3 3446 3519 3518
3 3447 3448 3520
3 3447 3520 3519
3 3448 3449 3521
3 3448 3521 3520
3 3449 3450 3522
3 3449 3522 3521
3 3450 3451 3523
3 3450 3523 3522
3 3451 3452 3524
3 3451 3524 3523
3 3452 3453 3525
3 3452 3525 3524
3 3453 3454 3526
3 3453 3526 3525
3 3454 3455 3527
3 3454 3527 3526
3 3455 3384 3456
3 3455 3456 3527
3 3456 3457 3529
3 3456 3529 3528
3 3457 3458 3530
3 3457 3530 3529
3 3458 3459 3531
3 3458 3531 3530
3 3459 3460 3532
3 3459 3532 3531
3 3460 3461 3533
3 3460 3533 3532
3 3461 3462 3534
3 3461 3534 3533
3 3462 3463 3535
3 3462 3535 3534
3 3463 3464 3536
3 3463 3536 3535
3 3464 3465 3537
3 3464 3537 3536
3 3465 3466 3538
3 3465 3538 3537
3 3466 3467 3539
3 3466 3539 3538
3 3467 3468 3540
3 3467 3540 3539
3 3468 3469 3541
3 3468 3541 3540
3 3469 3470 3542
3 3469 3542 3541
3 3470 3471 3543
3 3470 3543 3542
3 3471 3472 3544
3 3471 3544 3543
3 3472 3473 3545
3 3472 3545 3544
3 3473 3474 3546
3 3473 3546 3545
3 3474 3475 3547
3 3474 3547 3546
3 3475 3476 3548
3 3475 3548 3547
3 3476 3477 3549
3 3476 3549 3548
3 3477 3478 3550
3 3477 3550 3549
3 3478 3479 3551
3 3478 3551 3550
3 3479 3480 3552
3 3479 3552 3551
3 3480 3481 3553
3 3480 3553 3552
3 3481 3482 3554
3 3481 3554 3553
3 3482 3483 3555
3 3482 3555 3554
3 3483 3484 3556
3 3483 3556 3555
3 3484 3485 3557
3 3484 3557 3556
3 3485 3486 3558
3 3485 3558 3557
3 3486 3487 3559
3 3486 3559 3558
3 3487 3488 3560
3 3487 3560 3559
3 3488 3489 3561
3 3488 3561 3560
3 3489 3490 3562
3 3489 3562 3561
3 3490 3491 3563
3 3490 3563 3562
3 3491 3492 3564
3 3491 3564 3563
3 3492 3493 3565
3 3492 3565 3564
3 3493 3494 3566
3 3493 3566 3565
3 3494 3495 3567
3 3494 3567 3566
3 3495 3496 3568
3 3495 3568 3567
3 3496 3497 3569
3 3496 3569 3568
3 3497 3498 3570
3 3497 3570 3569
3 3498 3499 3571
3 3498 3571 3570
3 3499 3500 3572
3 3499 3572 3571
3 3500 3501 3573
3 3500 3573 3572
3 3501 3502 3574
3 3501 3574 3573
3 3502 3503 3575
3 3502 3575 3574
3 3503 3504 3576
3 3503 3576 3575
3 3504 3505 3577
3 3504 3577 3576
3 3505 3506 3578
3 3505 3578 3577
3 3506 3507 3579
3 3506 3579 3578
3 3507 3508 3580
3 3507 3580 3579
3 3508 3509 3581
3 3508 3581 3580
3 3509 3510 3582
3 3509 3582 3581
3 3510 3511 3583
3 3510 3583 3582
3 3511 3512 3584
3 3511 3584 3583
3 3512 3513 3585
3 3512 3585 3584
3 3513 3514 3586
3 3513 3586 3585
3 3514 3515 3587
3 3514 3587 3586
3 3515 3516 3588
3 3515 3588 3587
3 3516 3517 3589
3 3516 3589 3588
3 3517 3518 3590
3 3517 3590 3589
3 3518 3519 3591
3 3518 3591 3590
3 3519 3520 3592
3 3519 3592 3591
3 3520 3521 3593
3 3520 3593 3592
3 3521 3522 3594
3 3521 3594 3593
3 3522 3523 3595
3 3522 3595 3594
3 3523 3524 3596
3 3523 3596 3595
3 3524 3525 3597
3 3524 3597 3596
3 3525 3526 3598
3 3525 3598 3597
3 3526 3527 3599
3 3526 3599 3598
3 3527 3456 3528
3 3527 3528 3599
3 3528 3529 3601
3 3528 3601 3600
3 3529 3530 3602
3 3529 3602 3601
3 3530 3531 3603
3 3530 3603 3602
3 3531 3532 3604
3 3531 3604 3603
3 3532 3533 3605
3 3532 3605 3604
3 3533 3534 3606
3 3533 3606 3605
3 3534 3535 3607
3 3534 3607 3606
3 3535 3536 3608
3 3535 3608 3607
3 3536 3537 3609
3 3536 3609 3608
3 3537 3538 3610
3 3537 3610 3609
3 3538 3539 3611
3 3538 3611 3610
3 3539 3540 3612
3 3539 3612 3611
3 3540 3541 3613
3 3540 3613 3612
3 3541 3542 3614
3 3541 3614 3613
3 3542 3543 3615
3 3542 3615 3614
3 3543 3544 3616
3 3543 3616 3615
3 3544 3545 3617
3 3544 3617 3616
3 3545 3546 3618
3 3545 3618 3617
3 3546 3547 3619
3 3546 3619 3618
3 3547 3548 3620
3 3547 3620 3619
3 3548 3549 3621
3 3548 3621 3620
3 3549 3550 3622
3 3549 3622 3621
3 3550 3551 3623
3 3550 3623 3622
3 3551 3552 3624
3 3551 3624 3623
3 3552 3553 3625
3 3552 3625 3624
3 3553 3554 3626
3 3553 3626 3625
3 3554 3555 3627
3 3554 3627 3626
3 3555 3556 3628
3 3555 3628 3627
3 3556 3557 3629
3 3556 3629 3628
3 3557 3558 3630
3 3557 3630 3629
3 3558 3559 3631
3 3558 3631 3630
3 3559 3560 3632
3 3559 3632 3631
3 3560 3561 3633
3 3560 3633 3632
3 3561 3562 3634
3 3561 3634 3633
3 3562 3563 3635
3 3562 3635 3634
3 3563 3564 3636
3 3563 3636 3635
3 3564 3565 3637
3 3564 3637 3636
3 3565 3566 3638
3 3565 3638 3637
3 3566 3567 3639
3 3566 3639 3638
3 3567 3568 3640
3 3567 3640 3639
3 3568 3569 3641
3 3568 3641 3640
3 3569 3570 3642
3 3569 3642 3641
3 3570 3571 3643
3 3570 3643 3642
3 3571 3572 3644
3 3571 3644 3643
3 3572 3573 3645
3 3572 3645 3644
3 3573 3574 3646
3 3573 3646 3645
3 3574 3575 3647
3 3574 3647 3646
3 3575 3576 3648
3 3575 3648 3647
3 3576 3577 3649
3 3576 3649 3648
3 3577 3578 3650
3 3577 3650 3649
3 3578 3579 3651
3 3578 3651 3650
3 3579 3580 3652
3 3579 3652 3651
3 3580 3581 3653
3 3580 3653 3652
3 3581 3582 3654
3 3581 3654 3653
3 3582 3583 3655
3 3582 3655 3654
3 3583 3584 3656
3 3583 3656 3655
3 3584 3585 3657
3 3584 3657 3656
3 3585 3586 3658
3 3585 3658 3657
3 3586 3587 3659
3 3586 3659 3658
3 3587 3588 3660
3 3587 3660 3659
3 3588 3589 3661
3 3588 3661 3660
3 3589 3590 3662
3 3589 3662 3661
3 3590 3591 3663
3 3590 3663 3662
3 3591 3592 3664
3 3591 3664 3663
3 3592 3593 3665
3 3592 3665 3664
3 3593 3594 3666
3 3593 3666 3665
3 3594 3595 3667
3 3594 3667 3666
3 3595 3596 3668
3 3595 3668 3667
3 3596 3597 3669
3 3596 3669 3668
3 3597 3598 3670
3 3597 3670 3669
3 3598 3599 3671
3 3598 3671 3670
3 3599 3528 3600
3 3599 3600 3671
3 3600 3601 3673
3 3600 3673 3672
3 3601 3602 3674
3 3601 3674 3673
3 3602 3603 3675
3 3602 3675 3674
3 3603 3604 3676
3 3603 3676 3675
3 3604 3605 3677
3 3604 3677 3676
3 3605 3606 3678
3 3605 3678 3677
3 3606 3607 3679
3 3606 3679 3678
3 3607 3608 3680
3 3607 3680 3679
3 3608 3609 3681
3 3608 3681 3680
3 3609 3610 3682
3 3609 3682 3681
3 3610 3611 3683
3 3610 3683 3682
3 3611 3612 3684
3 3611 3684 3683
3 3612 3613 3685
3 3612 3685 3684
3 3613 3614 3686
3 3613 3686 3685
3 3614 3615 3687
3 3614 3687 3686
3 3615 3616 3688
3 3615 3688 3687
3 3616 3617 3689
3 3616 3689 3688
3 3617 3618 3690
3 3617 3690 3689
3 3618 3619 3691
3 3618 3691 3690
3 3619 3620 3692
3 3619 3692 3691
3 3620 3621 3693
3 3620 3693 3692
3 3621 3622 3694
3 3621 3694 3693
3 3622 3623 3695
3 3622 3695 3694
3 3623 3624 3696
3 3623 3696 3695
3 3624 3625 3697
3 3624 3697 3696
3 3625 3626 3698
3 3625 3698 3697
3 3626 3627 3699
3 3626 3699 3698
3 3627 3628 3700
3 3627 3700 3699
3 3628 3629 3701
3 3628 3701 3700
3 3629 3630 3702
3 3629 3702 3701
3 3630 3631 3703
3 3630 3703 3702
3 3631 3632 3704
3 3631 3704 3703
3 3632 3633 3705
3 3632 3705 3704
3 3633 3634 3706
3 3633 3706 3705
3 3634 3635 3707
3 3634 3707 3706
3 3635 3636 3708
3 3635 3708 3707
3 3636 3637 3709
3 3636 3709 3708
3 3637 3638 3710
3 3637 3710 3709
3 3638 3639 3711
3 3638 3711 3710
3 3639 3640 3712
3 3639 3712 3711
3 3640 3641 3713
3 3640 3713 3712
3 3641 3642 3714
3 3641 3714 3713
3 3642 3643 3715
3 3642 3715 3714
3 3643 3644 3716
3 3643 3716 3715
3 3644 3645 3717
3 3644 3717 3716
3 3645 3646 3718
3 3645 3718 3717
3 3646 3647 3719
3 3646 3719 3718
3 3647 3648 3720
3 3647 3720 3719
3 3648 3649 3721
3 3648 3721 3720
3 3649 3650 3722
3 3649 3722 3721
3 3650 3651 3723
3 3650 3723 3722
3 3651 3652 3724
3 3651 3724 3723
3 3652 3653 3725
3 3652 3725 3724
3 3653 3654 3726
3 3653 3726 3725
3 3654 3655 3727
3 3654 3727 3726
3 3655 3656 3728
3 3655 3728 3727
3 3656 3657 3729
3 3656 3729 3728
3 3657 3658 3730
3 3657 3730 3729
3 3658 3659 3731
3 3658 3731 3730
3 3659 3660 3732
3 3659 3732 3731
3 3660 3661 3733
3 3660 3733 3732
3 3661 3662 3734
3 3661 3734 3733
3 3662 3663 3735
3 3662 3735 3734
3 3663 3664 3736
3 3663 3736 3735
3 3664 3665 3737
3 3664 3737 3736
3 3665 3666 3738
3 3665 3738 3737
3 3666 3667 3739
3 3666 3739 3738
3 3667 3668 3740
3 3667 3740 3739
3 3668 3669 3741
3 3668 3741 3740
3 3669 3670 3742
3 3669 3742 3741
3 3670 3671 3743
3 3670 3743 3742
3 3671 3600 3672
3 3671 3672 3743
3 3672 3673 3745
3 3672 3745 3744
3 3673 3674 3746
3 3673 3746 3745
3 3674 3675 3747
3 3674 3747 3746
3 3675 3676 3748
3 3675 3748 3747
3 3676 3677 3749
3 3676 3749 3748
3 3677 3678 3750
3 3677 3750 3749
3 3678 3679 3751
3 3678 3751 3750
3 3679 3680 3752
3 3679 3752 3751
3 3680 3681 3753
3 3680 3753 3752
3 3681 3682 3754
3 3681 3754 3753
3 3682 3683 3755
3 3682 3755 3754
3 3683 3684 3756
3 3683 3756 3755
3 3684 3685 3757
3 3684 3757 3756
3 3685 3686 3758
3 3685 3758 3757
3 3686 3687 3759
3 3686 3759 3758
3 3687 3688 3760
3 3687 3760 3759
3 3688 3689 3761
3 3688 3761 3760
3 3689 3690 3762
3 3689 3762 3761
3 3690 3691 3763
3 3690 3763 3762
3 3691 3692 3764
3 3691 3764 3763
3 3692 3693 3765
3 3692 3765 3764
3 3693 3694 3766
3 3693 3766 3765
3 3694 3695 3767
3 3694 3767 3766
3 3695 3696 3768
3 3695 3768 3767
3 3696 3697 3769
3 3696 3769 3768
3 3697 3698 3770
3 3697 3770 3769
3 3698 3699 3771
3 3698 3771 3770
3 3699 3700 3772
3 3699 3772 3771
3 3700 3701 3773
3 3700 3773 3772
3 3701 3702 3774
3 3701 3774 3773
3 3702 3703 3775
3 3702 3775 3774
3 3703 3704 3776
3 3703 3776 3775
3 3704 3705 3777
3 3704 3777 3776
3 3705 3706 3778
3 3705 3778 3777
3 3706 3707 3779
3 3706 3779 3778
3 3707 3708 3780
3 3707 3780 3779
3 3708 3709 3781
3 3708 3781 3780
3 3709 3710 3782
3 3709 3782 3781
3 3710 3711 3783
3 3710 3783 3782
3 3711 3712 3784
3 3711 3784 3783
3 3712 3713 3785
3 3712 3785 3784
3 3713 3714 3786
3 3713 3786 3785
3 3714 3715 3787
3 3714 3787 3786
3 3715 3716 3788
3 3715 3788 3787
3 3716 3717 3789
3 3716 3789 3788
3 3717 3718 3790
3 3717 3790 3789
3 3718 3719 3791
3 3718 3791 3790
3 3719 3720 3792
3 3719 3792 3791
3 3720 3721 3793
3 3720 3793 3792
3 3721 3722 3794
3 3721 3794 3793
3 3722 3723 3795
3 3722 3795 3794
3 3723 3724 3796
3 3723 3796 3795
3 3724 3725 3797
3 3724 3797 3796
3 3725 3726 3798
3 3725 3798 3797
3 3726 3727 3799
3 3726 3799 3798
3 3727 3728 3800
3 3727 3800 3799
3 3728 3729 3801
3 3728 3801 3800
3 3729 3730 3802
3 3729 3802 3801
3 3730 3731 3803
3 3730 3803 3802
3 3731 3732 3804
3 3731 3804 3803
3 3732 3733 3805
3 3732 3805 3804
3 3733 3734 3806
3 3733 3806 3805
3 3734 3735 3807
3 3734 3807 3806
3 3735 3736 3808
3 3735 3808 3807
3 3736 3737 3809
3 3736 3809 3808
3 3737 3738 3810
3 3737 3810 3809
3 3738 3739 3811
3 3738 3811 3810
3 3739 3740 3812
3 3739 3812 3811
3 3740 3741 3813
3 3740 3813 3812
3 3741 3742 3814
3 3741 3814 3813
3 3742 3743 3815
3 3742 3815 3814
3 3743 3672 3744
3 3743 3744 3815
3 3744 3745 3817
3 3744 3817 3816
3 3745 3746 3818
3 3745 3818 3817
3 3746 3747 3819
3 3746 3819 3818
3 3747 3748 3820
3 3747 3820 3819
3 3748 3749 3821
3 3748 3821 3820
3 3749 3750 3822
3 3749 3822 3821
3 3750 3751 3823
3 3750 3823 3822
3 3751 3752 3824
3 3751 3824 3823
3 3752 3753 3825
3 3752 3825 3824
3 3753 3754 3826
3 3753 3826 3825
3 3754 3755 3827
3 3754 3827 3826
3 3755 3756 3828
3 3755 3828 3827
3 3756 3757 3829
3 3756 3829 3828
3 3757 3758 3830
3 3757 3830 3829
3 3758 3759 3831
3 3758 3831 3830
3 3759 3760 3832
3 3759 3832 3831
3 3760 3761 3833
3 3760 3833 3832
3 3761 3762 3834
3 3761 3834 3833
3 3762 3763 3835
3 3762 3835 3834
3 3763 3764 3836
3 3763 3836 3835
3 3764 3765 3837
3 3764 3837 3836
3 3765 3766 3838
3 3765 3838 3837
3 3766 3767 3839
3 3766 3839 3838
3 3767 3768 3840
3 3767 3840 3839
3 3768 3769 3841
3 3768 3841 3840
3 3769 3770 3842
3 3769 3842 3841
3 3770 3771 3843
3 3770 3843 3842
3 3771 3772 3844
3 3771 3844 3843
3 3772 3773 3845
3 3772 3845 3844
3 3773 3774 3846
3 3773 3846 3845
3 3774 3775 3847
3 3774 3847 3846
3 3775 3776 3848
3 3775 3848 3847
3 3776 3777 3849
3 3776 3849 3848
3 3777 3778 3850
3 3777 3850 3849
3 3778 3779 3851
3 3778 3851 3850
3 3779 3780 3852
3 3779 3852 3851
3 3780 3781 3853
3 3780 3853 3852
3 3781 3782 3854
3 3781 3854 3853
3 3782 3783 3855
3 3782 3855 3854
3 3783 3784 3856
3 3783 3856 3855
3 3784 3785 3857
3 3784 3857 3856
3 3785 3786 3858
3 3785 3858 3857
3 3786 3787 3859
3 3786 3859 3858
3 3787 3788 3860
3 3787 3860 3859
3 3788 3789 3861
3 3788 3861 3860
3 3789 3790 3862
3 3789 3862 3861
3 3790 3791 3863
3 3790 3863 3862
3 3791 3792 3864
3 3791 3864 3863
3 3792 3793 3865
3 3792 3865 3864
3 3793 3794 3866
3 3793 3866 3865
3 3794 3795 3867
3 3794 3867 3866
3 3795 3796 3868
3 3795 3868 3867
3 3796 3797 3869
3 3796 3869 3868
3 3797 3798 3870
3 3797 3870 3869
3 3798 3799 3871
3 3798 3871 3870
3 3799 3800 3872
3 3799 3872 3871
3 3800 3801 3873
3 3800 3873 3872
3 3801 3802 3874
3 3801 3874 3873
3 3802 3803 3875
3 3802 3875 3874
3 3803 3804 3876
3 3803 3876 3875
3 3804 3805 3877
3 3804 3877 3876
3 3805 3806 3878
3 3805 3878 3877
3 3806 3807 3879
3 3806 3879 3878
3 3807 3808 3880
3 3807 3880 3879
3 3808 3809 3881
3 3808 3881 3880
3 3809 3810 3882
3 3809 3882 3881
3 3810 3811 3883
3 3810 3883 3882
3 3811 3812 3884
3 3811 3884 3883
3 3812 3813 3885
3 3812 3885 3884
3 3813 3814 3886
3 3813 3886 3885
3 3814 3815 3887
3 3814 3887 3886
3 3815 3744 3816
3 3815 3816 3887
3 3816 3817 3889
3 3816 3889 3888
3 3817 3818 3890
3 3817 3890 3889
3 3818 3819 3891
3 3818 3891 3890
3 3819 3820 3892
3 3819 3892 3891
3 3820 3821 3893
3 3820 3893 3892
3 3821 3822 3894
3 3821 3894 3893
3 3822 3823 3895
3 3822 3895 3894
3 3823 3824 3896
3 3823 3896 3895
3 3824 3825 3897
3 3824 3897 3896
3 3825 3826 3898
3 3825 3898 3897
3 3826 3827 3899
3 3826 3899 3898
3 3827 3828 3900
3 3827 3900 3899
3 3828 3829 3901
3 3828 3901 3900
3 3829 3830 3902
3 3829 3902 3901
3 3830 3831 3903
3 3830 3903 3902
3 3831 3832 3904
3 3831 3904 3903
3 3832 3833 3905
3 3832 3905 3904
3 3833 3834 3906
3 3833 3906 3905
3 3834 3835 3907
3 3834 3907 3906
3 3835 3836 3908
3 3835 3908 3907
3 3836 3837 3909
3 3836 3909 3908
3 3837 3838 3910
3 3837 3910 3909
3 3838 3839 3911
3 3838 3911 3910
3 3839 3840 3912
3 3839 3912 3911
3 3840 3841 3913
3 3840 3913 3912
3 3841 3842 3914
3 3841 3914 3913
3 3842 3843 3915
3 3842 3915 3914
3 3843 3844 3916
3 3843 3916 3915
3 3844 3845 3917
3 3844 3917 3916
3 3845 3846 3918
3 3845 3918 3917
3 3846 3847 3919
3 3846 3919 3918
3 3847 3848 3920
3 3847 3920 3919
3 3848 3849 3921
3 3848 3921 3920
3 3849 3850 3922
3 3849 3922 3921
3 3850 3851 3923
3 3850 3923 3922
3 3851 3852 3924
3 3851 3924 3923
3 3852 3853 3925
3 3852 3925 3924
3 3853 3854 3926
3 3853 3926 3925
3 3854 3855 3927
3 3854 3927 3926
3 3855 3856 3928
3 3855 3928 3927
3 3856 3857 3929
3 3856 3929 3928
3 3857 3858 3930
3 3857 3930 3929
3 3858 3859 3931
3 3858 3931 3930
3 3859 3860 3932
3 3859 3932 3931
3 3860 3861 3933
3 3860 3933 3932
3 3861 3862 3934
3 3861 3934 3933
3 3862 3863 3935
3 3862 3935 3934
3 3863 3864 3936
3 3863 3936 3935
3 3864 3865 3937
3 3864 3937 3936
3 3865 3866 3938
3 3865 3938 3937
3 3866 3867 3939
3 3866 3939 3938
3 3867 3868 3940
3 3867 3940 3939
3 3868 3869 3941
3 3868 3941 3940
3 3869 3870 3942
3 3869 3942 3941
3 3870 3871 3943
3 3870 3943 3942
3 3871 3872 3944
3 3871 3944 3943
3 3872 3873 3945
3 3872 3945 3944
3 3873 3874 3946
3 3873 3946 3945
3 3874 3875 3947
3 3874 3947 3946
3 3875 3876 3948
3 3875 3948 3947
3 3876 3877 3949
3 3876 3949 3948
3 3877 3878 3950
3 3877 3950 3949
3 3878 3879 3951
3 3878 3951 3950
3 3879 3880 3952
3 3879 3952 3951
3 3880 3881 3953
3 3880 3953 3952
3 3881 3882 3954
3 3881 3954 3953
3 3882 3883 3955
3 3882 3955 3954
3 3883 3884 3956
3 3883 3956 3955
3 3884 3885 3957
3 3884 3957 3956
3 3885 3886 3958
3 3885 3958 3957
3 3886 3887 3959
3 3886 3959 3958
3 3887 3816 3888
3 3887 3888 3959
3 3888 3889 3961
3 3888 3961 3960
3 3889 3890 3962
3 3889 3962 3961
3 3890 3891 3963
3 3890 3963 3962
3 3891 3892 3964
3 3891 3964 3963
3 3892 3893 3965
3 3892 3965 3964
3 3893 3894 3966
3 3893 3966 3965
3 3894 3895 3967
3 3894 3967 3966
3 3895 3896 3968
3 3895 3968 3967
3 3896 3897 3969
3 3896 3969 3968
3 3897 3898 3970
3 3897 3970 3969
3 3898 3899 3971
3 3898 3971 3970
3 3899 3900 3972
3 3899 3972 3971
3 3900 3901 3973
3 3900 3973 3972
3 3901 3902 3974
3 3901 3974 3973
3 3902 3903 3975
3 3902 3975 3974
3 3903 3904 3976
3 3903 3976 3975
3 3904 3905 3977
3 3904 3977 3976
3 3905 3906 3978
3 3905 3978 3977
3 3906 3907 3979
3 3906 3979 3978
3 3907 3908 3980
3 3907 3980 3979
3 3908 3909 3981
3 3908 3981 3980
3 3909 3910 3982
3 3909 3982 3981
3 3910 3911 3983
3 3910 3983 3982
3 3911 3912 3984
3 3911 3984 3983
3 3912 3913 3985
3 3912 3985 3984
3 3913 3914 3986
3 3913 3986 3985
3 3914 3915 3987
3 3914 3987 3986
3 3915 3916 3988
3 3915 3988 3987
3 3916 3917 3989
3 3916 3989 3988
3 3917 3918 3990
3 3917 3990 3989
3 3918 3919 3991
3 3918 3991 3990
3 3919 3920 3992
3 3919 3992 3991
3 3920 3921 3993
3 3920 3993 3992
3 3921 3922 3994
3 3921 3994 3993
3 3922 3923 3995
3 3922 3995 3994
3 3923 3924 3996
3 3923 3996 3995
3 3924 3925 3997
3 3924 3997 3996
3 3925 3926 3998
3 3925 3998 3997
3 3926 3927 3999
3 3926 3999 3998
3 3927 3928 4000
3 3927 4000 3999
3 3928 3929 4001
3 3928 4001 4000
3 3929 3930 4002
3 3929 4002 4001
3 3930 3931 4003
3 3930 4003 4002
3 3931 3932 4004
3 3931 4004 4003
3 3932 3933 4005
3 3932 4005 4004
3 3933 3934 4006
3 3933 4006 4005
3 3934 3935 4007
3 3934 4007 4006
3 3935 3936 4008
3 3935 4008 4007
3 3936 3937 4009
3 3936 4009 4008
3 3937 3938 4010
3 3937 4010 4009
3 3938 3939 4011
3 3938 4011 4010
3 3939 3940 4012
3 3939 4012 4011
3 3940 3941 4013
3 3940 4013 4012
3 3941 3942 4014
3 3941 4014 4013
3 3942 3943 4015
3 3942 4015 4014
3 3943 3944 4016
3 3943 4016 4015
3 3944 3945 4017
3 3944 4017 4016
3 3945 3946 4018
3 3945 4018 4017
3 3946 3947 4019
3 3946 4019 4018
3 3947 3948 4020
3 3947 4020 4019
3 3948 3949 4021
3 3948 4021 4020
3 3949 3950 4022
3 3949 4022 4021
3 3950 3951 4023
3 3950 4023 4022
3 3951 3952 4024
3 3951 4024 4023
3 3952 3953 4025
3 3952 4025 4024
3 3953 3954 4026
3 3953 4026 4025
3 3954 3955 4027
3 3954 4027 4026
3 3955 3956 4028
3 3955 4028 4027
3 3956 3957 4029
3 3956 4029 4028
3 3957 3958 4030
3 3957 4030 4029
3 3958 3959 4031
3 3958 4031 4030
3 3959 3888 3960
3 3959 3960 4031
3 3960 3961 4033
3 3960 4033 4032
3 3961 3962 4034
3 3961 4034 4033
3 3962 3963 4035
3 3962 4035 4034
3 3963 3964 4036
3 3963 4036 4035
3 3964 3965 4037
3 3964 4037 4036
3 3965 3966 4038
3 3965 4038 4037
3 3966 3967 4039
3 3966 4039 4038
3 3967 3968 4040
3 3967 4040 4039
3 3968 3969 4041
3 3968 4041 4040
3 3969 3970 4042
3 3969 4042 4041
3 3970 3971 4043
3 3970 4043 4042
3 3971 3972 4044
3 3971 4044 4043
3 3972 3973 4045
3 3972 4045 4044
3 3973 3974 4046
3 3973 4046 4045
3 3974 3975 4047
3 3974 4047 4046
3 3975 3976 4048
3 3975 4048 4047
3 3976 3977 4049
3 3976 4049 4048
3 3977 3978 4050
3 3977 4050 4049
3 3978 3979 4051
3 3978 4051 4050
3 3979 3980 4052
3 3979 4052 4051
3 3980 3981 4053
3 3980 4053 4052
3 3981 3982 4054
3 3981 4054 4053
3 3982 3983 4055
3 3982 4055 4054
3 3983 3984 4056
3 3983 4056 4055
3 3984 3985 4057
3 3984 4057 4056
3 3985 3986 4058
3 3985 4058 4057
3 3986 3987 4059
3 3986 4059 4058
3 3987 3988 4060
3 3987 4060 4059
3 3988 3989 4061
3 3988 4061 4060
3 3989 3990 4062
3 3989 4062 4061
3 3990 3991 4063
3 3990 4063 4062
3 3991 3992 4064
3 3991 4064 4063
3 3992 3993 4065
3 3992 4065 4064
3 3993 3994 4066
3 3993 4066 4065
3 3994 3995 4067
3 3994 4067 4066
3 3995 3996 4068
3 3995 4068 4067
3 3996 3997 4069
3 3996 4069 4068
3 3997 3998 4070
3 3997 4070 4069
3 3998 3999 4071
3 3998 4071 4070
3 3999 4000 4072
3 3999 4072 4071
3 4000 4001 4073
3 4000 4073 4072
3 4001 4002 4074
3 4001 4074 4073
3 4002 4003 4075
3 4002 4075 4074
3 4003 4004 4076
3 4003 4076 4075
3 4004 4005 4077
3 4004 4077 4076
3 4005 4006 4078
3 4005 4078 4077
3 4006 4007 4079
3 4006 4079 4078
3 4007 4008 4080
3 4007 4080 4079
3 4008 4009 4081
3 4008 4081 4080
3 4009 4010 4082
3 4009 4082 4081
3 4010 4011 4083
3 4010 4083 4082
3 4011 4012 4084
3 4011 4084 4083
3 4012 4013 4085
3 4012 4085 4084
3 4013 4014 4086
3 4013 4086 4085
3 4014 4015 4087
3 4014 4087 4086
3 4015 4016 4088
3 4015 4088 4087
3 4016 4017 4089
3 4016 4089 4088
3 4017 4018 4090
3 4017 4090 4089
3 4018 4019 4091
3 4018 4091 4090
3 4019 4020 4092
3 4019 4092 4091
3 4020 4021 4093
3 4020 4093 4092
3 4021 4022 4094
3 4021 4094 4093
3 4022 4023 4095
3 4022 4095 4094
3 4023 4024 4096
3 4023 4096 4095
3 4024 4025 4097
3 4024 4097 4096
3 4025 4026 4098
3 4025 4098 4097
3 4026 4027 4099
3 4026 4099 4098
3 4027 4028 4100
3 4027 4100 4099
3 4028 4029 4101
3 4028 4101 4100
3 4029 4030 4102
3 4029 4102 4101
3 4030 4031 4103
3 4030 4103 4102
3 4031 3960 4032
3 4031 4032 4103
3 4032 4033 4105
3 4032 4105 4104
3 4033 4034 4106
3 4033 4106 4105
3 4034 4035 4107
3 4034 4107 4106
3 4035 4036 4108
3 4035 4108 4107
3 4036 4037 4109
3 4036 4109 4108
3 4037 4038 4110
3 4037 4110 4109
3 4038 4039 4111
3 4038 4111 4110
3 4039 4040 4112
3 4039 4112 4111
3 4040 4041 4113
3 4040 4113 4112
3 4041 4042 4114
3 4041 4114 4113
3 4042 4043 4115
3 4042 4115 4114
3 4043 4044 4116
3 4043 4116 4115
3 4044 4045 4117
3 4044 4117 4116
3 4045 4046 4118
3 4045 4118 4117
3 4046 4047 4119
3 4046 4119 4118
3 4047 4048 4120
3 4047 4120 4119
3 4048 4049 4121
3 4048 4121 4120
3 4049 4050 4122
3 4049 4122 4121
3 4050 4051 4123
3 4050 4123 4122
3 4051 4052 4124
3 4051 4124 4123
3 4052 4053 4125
3 4052 4125 4124
3 4053 4054 4126
3 4053 4126 4125
3 4054 4055 4127
3 4054 4127 4126
3 4055 4056 4128
3 4055 4128 4127
3 4056 4057 4129
3 4056 4129 4128
3 4057 4058 4130
3 4057 4130 4129
3 4058 4059 4131
3 4058 4131 4130
3 4059 4060 4132
3 4059 4132 4131
3 4060 4061 4133
3 4060 4133 4132
3 4061 4062 4134
3 4061 4134 4133
3 4062 4063 4135
3 4062 4135 4134
3 4063 4064 4136
3 4063 4136 4135
3 4064 4065 4137
3 4064 4137 4136
3 4065 4066 4138
3 4065 4138 4137
3 4066 4067 4139
3 4066 4139 4138
3 4067 4068 4140
3 4067 4140 4139
3 4068 4069 4141
3 4068 4141 4140
3 4069 4070 4142
3 4069 4142 4141
3 4070 4071 4143
3 4070 4143 4142
3 4071 4072 4144
3 4071 4144 4143
3 4072 4073 4145
3 4072 4145 4144
3 4073 4074 4146
3 4073 4146 4145
3 4074 4075 4147
3 4074 4147 4146
3 4075 4076 4148
3 4075 4148 4147
3 4076 4077 4149
3 4076 4149 4148
3 4077 4078 4150
3 4077 4150 4149
3 4078 4079 4151
3 4078 4151 4150
3 4079 4080 4152
3 4079 4152 4151
3 4080 4081 4153
3 4080 4153 4152
3 4081 4082 4154
3 4081 4154 4153
3 4082 4083 4155
3 4082 4155 4154
3 4083 4084 4156
3 4083 4156 4155
3 4084 4085 4157
3 4084 4157 4156
3 4085 4086 4158
3 4085 4158 4157
3 4086 4087 4159
3 4086 4159 4158
3 4087 4088 4160
3 4087 4160 4159
3 4088 4089 4161
3 4088 4161 4160
3 4089 4090 4162
3 4089 4162 4161
3 4090 4091 4163
3 4090 4163 4162
3 4091 4092 4164
3 4091 4164 4163
3 4092 4093 4165
3 4092 4165 4164
3 4093 4094 4166
3 4093 4166 4165
3 4094 4095 4167
3 4094 4167 4166
3 4095 4096 4168
3 4095 4168 4167
3 4096 4097 4169
3 4096 4169 4168
3 4097 4098 4170
3 4097 4170 4169
3 4098 4099 4171
3 4098 4171 4170
3 4099 4100 4172
3 4099 4172 4171
3 4100 4101 4173
3 4100 4173 4172
3 4101 4102 4174
3 4101 4174 4173
3 4102 4103 4175
3 4102 4175 4174
3 4103 4032 4104
3 4103 4104 4175
3 4104 4105 4177
3 4104 4177 4176
3 4105 4106 4178
3 4105 4178 4177
3 4106 4107 4179
3 4106 4179 4178
3 4107 4108 4180
3 4107 4180 4179
3 4108 4109 4181
3 4108 4181 4180
3 4109 4110 4182
3 4109 4182 4181
3 4110 4111 4183
3 4110 4183 4182
3 4111 4112 4184
3 4111 4184 4183
3 4112 4113 4185
3 4112 4185 4184
3 4113 4114 4186
3 4113 4186 4185
3 4114 4115 4187
3 4114 4187 4186
3 4115 4116 4188
3 4115 4188 4187
3 4116 4117 4189
3 4116 4189 4188
3 4117 4118 4190
3 4117 4190 4189
3 4118 4119 4191
3 4118 4191 4190
3 4119 4120 4192
3 4119 4192 4191
3 4120 4121 4193
3 4120 4193 4192
3 4121 4122 4194
3 4121 4194 4193
3 4122 4123 4195
3 4122 4195 4194
3 4123 4124 4196
3 4123 4196 4195
3 4124 4125 4197
3 4124 4197 4196
3 4125 4126 4198
3 4125 4198 4197
3 4126 4127 4199
3 4126 4199 4198
3 4127 4128 4200
3 4127 4200 4199
3 4128 4129 4201
3 4128 4201 4200
3 4129 4130 4202
3 4129 4202 4201
3 4130 4131 4203
3 4130 4203 4202
3 4131 4132 4204
3 4131 4204 4203
3 4132 4133 4205
3 4132 4205 4204
3 4133 4134 4206
3 4133 4206 4205
3 4134 4135 4207
3 4134 4207 4206
3 4135 4136 4208
3 4135 4208 4207
3 4136 4137 4209
3 4136 4209 4208
3 4137 4138 4210
3 4137 4210 4209
3 4138 4139 4211
3 4138 4211 4210
3 4139 4140 4212
3 4139 4212 4211
3 4140 4141 4213
3 4140 4213 4212
3 4141 4142 4214
3 4141 4214 4213
3 4142 4143 4215
3 4142 4215 4214
3 4143 4144 4216
3 4143 4216 4215
3 4144 4145 4217
3 4144 4217 4216
3 4145 4146 4218
3 4145 4218 4217
3 4146 4147 4219
3 4146 4219 4218
3 4147 4148 4220
3 4147 4220 4219
3 4148 4149 4221
3 4148 4221 4220
3 4149 4150 4222
3 4149 4222 4221
3 4150 4151 4223
3 4150 4223 4222
3 4151 4152 4224
3 4151 4224 4223
3 4152 4153 4225
3 4152 4225 4224
3 4153 4154 4226
3 4153 4226 4225
3 4154 4155 4227
3 4154 4227 4226
3 4155 4156 4228
3 4155 4228 4227
3 4156 4157 4229
3 4156 4229 4228
3 4157 4158 4230
3 4157 4230 4229
3 4158 4159 4231
3 4158 4231 4230
3 4159 4160 4232
3 4159 4232 4231
3 4160 4161 4233
3 4160 4233 4232
3 4161 4162 4234
3 4161 4234 4233
3 4162 4163 4235
3 4162 4235 4234
3 4163 4164 4236
3 4163 4236 4235
3 4164 4165 4237
3 4164 4237 4236
3 4165 4166 4238
3 4165 4238 4237
3 4166 4167 4239
3 4166 4239 4238
3 4167 4168 4240
3 4167 4240 4239
3 4168 4169 4241
3 4168 4241 4240
3 4169 4170 4242
3 4169 4242 4241
3 4170 4171 4243
3 4170 4243 4242
3 4171 4172 4244
3 4171 4244 4243
3 4172 4173 4245
3 4172 4245 4244
3 4173 4174 4246
3 4173 4246 4245
3 4174 4175 4247
3 4174 4247 4246
3 4175 4104 4176
3 4175 4176 4247
3 4176 4177 4249
3 4176 4249 4248
3 4177 4178 4250
3 4177 4250 4249
3 4178 4179 4251
3 4178 4251 4250
3 4179 4180 4252
3 4179 4252 4251
3 4180 4181 4253
3 4180 4253 4252
3 4181 4182 4254
3 4181 4254 4253
3 4182 4183 4255
3 4182 4255 4254
3 4183 4184 4256
3 4183 4256 4255
3 4184 4185 4257
3 4184 4257 4256
3 4185 4186 4258
3 4185 4258 4257
3 4186 4187 4259
3 4186 4259 4258
3 4187 4188 4260
3 4187 4260 4259
3 4188 4189 4261
3 4188 4261 4260
3 4189 4190 4262
3 4189 4262 4261
3 4190 4191 4263
3 4190 4263 4262
3 4191 4192 4264
3 4191 4264 4263
3 4192 4193 4265
3 4192 4265 4264
3 4193 4194 4266
3 4193 4266 4265
3 4194 4195 4267
3 4194 4267 4266
3 4195 4196 4268
3 4195 4268 4267
3 4196 4197 4269
3 4196 4269 4268
3 4197 4198 4270
3 4197 4270 4269
3 4198 4199 4271
3 4198 4271 4270
3 4199 4200 4272
3 4199 4272 4271
3 4200 4201 4273
3 4200 4273 4272
3 4201 4202 4274
3 4201 4274 4273
3 4202 4203 4275
3 4202 4275 4274
3 4203 4204 4276
3 4203 4276 4275
3 4204 4205 4277
3 4204 4277 4276
3 4205 4206 4278
3 4205 4278 4277
3 4206 4207 4279
3 4206 4279 4278
3 4207 4208 4280
3 4207 4280 4279
3 4208 4209 4281
3 4208 4281 4280
3 4209 4210 4282
3 4209 4282 4281
3 4210 4211 4283
3 4210 4283 4282
3 4211 4212 4284
3 4211 4284 4283
3 4212 4213 4285
3 4212 4285 4284
3 4213 4214 4286
3 4213 4286 4285
3 4214 4215 4287
3 4214 4287 4286
3 4215 4216 4288
3 4215 4288 4287
3 4216 4217 4289
3 4216 4289 4288
3 4217 4218 4290
3 4217 4290 4289
3 4218 4219 4291
3 4218 4291 4290
3 4219 4220 4292
3 4219 4292 4291
3 4220 4221 4293
3 4220 4293 4292
3 4221 4222 4294
3 4221 4294 4293
3 4222 4223 4295
3 4222 4295 4294
3 4223 4224 4296
3 4223 4296 4295
3 4224 4225 4297
3 4224 4297 4296
3 4225 4226 4298
3 4225 4298 4297
3 4226 4227 4299
3 4226 4299 4298
3 4227 4228 4300
3 4227 4300 4299
3 4228 4229 4301
3 4228 4301 4300
3 4229 4230 4302
3 4229 4302 4301
3 4230 4231 4303
3 4230 4303 4302
3 4231 4232 4304
3 4231 4304 4303
3 4232 4233 4305
3 4232 4305 4304
3 4233 4234 4306
3 4233 4306 4305
3 4234 4235 4307
3 4234 4307 4306
3 4235 4236 4308
3 4235 4308 4307
3 4236 4237 4309
3 4236 4309 4308
3 4237 4238 4310
3 4237 4310 4309
3 4238 4239 4311
3 4238 4311 4310
3 4239 4240 4312
3 4239 4312 4311
3 4240 4241 4313
3 4240 4313 4312
3 4241 4242 4314
3 4241 4314 4313
3 4242 4243 4315
3 4242 4315 4314
3 4243 4244 4316
3 4243 4316 4315
3 4244 4245 4317
3 4244 4317 4316
3 4245 4246 4318
3 4245 4318 4317
3 4246 4247 4319
3 4246 4319 4318
3 4247 4176 4248
3 4247 4248 4319
3 4248 4249 4321
3 4248 4321 4320
3 4249 4250 4322
3 4249 4322 4321
3 4250 4251 4323
3 4250 4323 4322
3 4251 4252 4324
3 4251 4324 4323
3 4252 4253 4325
3 4252 4325 4324
3 4253 4254 4326
3 4253 4326 4325
3 4254 4255 4327
3 4254 4327 4326
3 4255 4256 4328
3 4255 4328 4327
3 4256 4257 4329
3 4256 4329 4328
3 4257 4258 4330
3 4257 4330 4329
3 4258 4259 4331
3 4258 4331 4330
3 4259 4260 4332
3 4259 4332 4331
3 4260 4261 4333
3 4260 4333 4332
3 4261 4262 4334
3 4261 4334 4333
3 4262 4263 4335
3 4262 4335 4334
3 4263 4264 4336
3 4263 4336 4335
3 4264 4265 4337
3 4264 4337 4336
3 4265 4266 4338
3 4265 4338 4337
3 4266 4267 4339
3 4266 4339 4338
3 4267 4268 4340
3 4267 4340 4339
3 4268 4269 4341
3 4268 4341 4340
3 4269 4270 4342
3 4269 4342 4341
3 4270 4271 4343
3 4270 4343 4342
3 4271 4272 4344
3 4271 4344 4343
3 4272 4273 4345
3 4272 4345 4344
3 4273 4274 4346
3 4273 4346 4345
3 4274 4275 4347
3 4274 4347 4346
3 4275 4276 4348
3 4275 4348 4347
3 4276 4277 4349
3 4276 4349 4348
3 4277 4278 4350
3 4277 4350 4349
3 4278 4279 4351
3 4278 4351 4350
3 4279 4280 4352
3 4279 4352 4351
3 4280 4281 4353
3 4280 4353 4352
3 4281 4282 4354
3 4281 4354 4353
3 4282 4283 4355
3 4282 4355 4354
3 4283 4284 4356
3 4283 4356 4355
3 4284 4285 4357
3 4284 4357 4356
3 4285 4286 4358
3 4285 4358 4357
3 4286 4287 4359
3 4286 4359 4358
3 4287 4288 4360
3 4287 4360 4359
3 4288 4289 4361
3 4288 4361 4360
3 4289 4290 4362
3 4289 4362 4361
3 4290 4291 4363
3 4290 4363 4362
3 4291 4292 4364
3 4291 4364 4363
3 4292 4293 4365
3 4292 4365 4364
3 4293 4294 4366
3 4293 4366 4365
3 4294 4295 4367
3 4294 4367 4366
3 4295 4296 4368
3 4295 4368 4367
3 4296 4297 4369
3 4296 4369 4368
3 4297 4298 4370
3 4297 4370 4369
3 4298 4299 4371
3 4298 4371 4370
3 4299 4300 4372
3 4299 4372 4371
3 4300 4301 4373
3 4300 4373 4372
3 4301 4302 4374
3 4301 4374 4373
3 4302 4303 4375
3 4302 4375 4374
3 4303 4304 4376
3 4303 4376 4375
3 4304 4305 4377
3 4304 4377 4376
3 4305 4306 4378
3 4305 4378 4377
3 4306 4307 4379
3 4306 4379 4378
3 4307 4308 4380
3 4307 4380 4379
3 4308 4309 4381
3 4308 4381 4380
3 4309 4310 4382
3 4309 4382 4381
3 4310 4311 4383
3 4310 4383 4382
3 4311 4312 4384
3 4311 4384 4383
3 4312 4313 4385
3 4312 4385 4384
3 4313 4314 4386
3 4313 4386 4385
3 4314 4315 4387
3 4314 4387 4386
3 4315 4316 4388
3 4315 4388 4387
3 4316 4317 4389
3 4316 4389 4388
3 4317 4318 4390
3 4317 4390 4389
3 4318 4319 4391
3 4318 4391 4390
3 4319 4248 4320
3 4319 4320 4391
3 4320 4321 4393
3 4320 4393 4392
3 4321 4322 4394
3 4321 4394 4393
3 4322 4323 4395
3 4322 4395 4394
3 4323 4324 4396
3 4323 4396 4395
3 4324 4325 4397
3 4324 4397 4396
3 4325 4326 4398
3 4325 4398 4397
3 4326 4327 4399
3 4326 4399 4398
3 4327 4328 4400
3 4327 4400 4399
3 4328 4329 4401
3 4328 4401 4400
3 4329 4330 4402
3 4329 4402 4401
3 4330 4331 4403
3 4330 4403 4402
3 4331 4332 4404
3 4331 4404 4403
3 4332 4333 4405
3 4332 4405 4404
3 4333 4334 4406
3 4333 4406 4405
3 4334 4335 4407
3 4334 4407 4406
3 4335 4336 4408
3 4335 4408 4407
3 4336 4337 4409
3 4336 4409 4408
3 4337 4338 4410
3 4337 4410 4409
3 4338 4339 4411
3 4338 4411 4410
3 4339 4340 4412
3 4339 4412 4411
3 4340 4341 4413
3 4340 4413 4412
3 4341 4342 4414
3 4341 4414 4413
3 4342 4343 4415
3 4342 4415 4414
3 4343 4344 4416
3 4343 4416 4415
3 4344 4345 4417
3 4344 4417 4416
3 4345 4346 4418
3 4345 4418 4417
3 4346 4347 4419
3 4346 4419 4418
3 4347 4348 4420
3 4347 4420 4419
3 4348 4349 4421
3 4348 4421 4420
3 4349 4350 4422
3 4349 4422 4421
3 4350 4351 4423
3 4350 4423 4422
3 4351 4352 4424
3 4351 4424 4423
3 4352 4353 4425
3 4352 4425 4424
3 4353 4354 4426
3 4353 4426 4425
3 4354 4355 4427
3 4354 4427 4426
3 4355 4356 4428
3 4355 4428 4427
3 4356 4357 4429
3 4356 4429 4428
3 4357 4358 4430
3 4357 4430 4429
3 4358 4359 4431
3 4358 4431 4430
3 4359 4360 4432
3 4359 4432 4431
3 4360 4361 4433
3 4360 4433 4432
3 4361 4362 4434
3 4361 4434 4433
3 4362 4363 4435
3 4362 4435 4434
3 4363 4364 4436
3 4363 4436 4435
3 4364 4365 4437
3 4364 4437 4436
3 4365 4366 4438
3 4365 4438 4437
3 4366 4367 4439
3 4366 4439 4438
3 4367 4368 4440
3 4367 4440 4439
3 4368 4369 4441
3 4368 4441 4440
3 4369 4370 4442
3 4369 4442 4441
3 4370 4371 4443
3 4370 4443 4442
3 4371 4372 4444
3 4371 4444 4443
3 4372 4373 4445
3 4372 4445 4444
3 4373 4374 4446
3 4373 4446 4445
3 4374 4375 4447
3 4374 4447 4446
3 4375 4376 4448
3 4375 4448 4447
3 4376 4377 4449
3 4376 4449 4448
3 4377 4378 4450
3 4377 4450 4449
3 4378 4379 4451
3 4378 4451 4450
3 4379 4380 4452
3 4379 4452 4451
3 4380 4381 4453
3 4380 4453 4452
3 4381 4382 4454
3 4381 4454 4453
3 4382 4383 4455
3 4382 4455 4454
3 4383 4384 4456
3 4383 4456 4455
3 4384 4385 4457
3 4384 4457 4456
3 4385 4386 4458
3 4385 4458 4457
3 4386 4387 4459
3 4386 4459 4458
3 4387 4388 4460
3 4387 4460 4459
3 4388 4389 4461
3 4388 4461 4460
3 4389 4390 4462
3 4389 4462 4461
3 4390 4391 4463
3 4390 4463 4462
3 4391 4320 4392
3 4391 4392 4463
3 4392 4393 4465
3 4392 4465 4464
3 4393 4394 4466
3 4393 4466 4465
3 4394 4395 4467
3 4394 4467 4466
3 4395 4396 4468
3 4395 4468 4467
3 4396 4397 4469
3 4396 4469 4468
3 4397 4398 4470
3 4397 4470 4469
3 4398 4399 4471
3 4398 4471 4470
3 4399 4400 4472
3 4399 4472 4471
3 4400 4401 4473
3 4400 4473 4472
3 4401 4402 4474
3 4401 4474 4473
3 4402 4403 4475
3 4402 4475 4474
3 4403 4404 4476
3 4403 4476 4475
3 4404 4405 4477
3 4404 4477 4476
3 4405 4406 4478
3 4405 4478 4477
3 4406 4407 4479
3 4406 4479 4478
3 4407 4408 4480
3 4407 4480 4479
3 4408 4409 4481
3 4408 4481 4480
3 4409 4410 4482
3 4409 4482 4481
3 4410 4411 4483
3 4410 4483 4482
3 4411 4412 4484
3 4411 4484 4483
3 4412 4413 4485
3 4412 4485 4484
3 4413 4414 4486
3 4413 4486 4485
3 4414 4415 4487
3 4414 4487 4486
3 4415 4416 4488
3 4415 4488 4487
3 4416 4417 4489
3 4416 4489 4488
3 4417 4418 4490
3 4417 4490 4489
3 4418 4419 4491
3 4418 4491 4490
3 4419 4420 4492
3 4419 4492 4491
3 4420 4421 4493
3 4420 4493 4492
3 4421 4422 4494
3 4421 4494 4493
3 4422 4423 4495
3 4422 4495 4494
3 4423 4424 4496
3 4423 4496 4495
3 4424 4425 4497
3 4424 4497 4496
3 4425 4426 4498
3 4425 4498 4497
3 4426 4427 4499
3 4426 4499 4498
3 4427 4428 4500
3 4427 4500 4499
3 4428 4429 4501
3 4428 4501 4500
3 4429 4430 4502
3 4429 4502 4501
3 4430 4431 4503
3 4430 4503 4502
3 4431 4432 4504
3 4431 4504 4503
3 4432 4433 4505
3 4432 4505 4504
3 4433 4434 4506
3 4433 4506 4505
3 4434 4435 4507
3 4434 4507 4506
3 4435 4436 4508
3 4435 4508 4507
3 4436 4437 4509
3 4436 4509 4508
3 4437 4438 4510
3 4437 4510 4509
3 4438 4439 4511
3 4438 4511 4510
3 4439 4440 4512
3 4439 4512 4511
3 4440 4441 4513
3 4440 4513 4512
3 4441 4442 4514
3 4441 4514 4513
3 4442 4443 4515
3 4442 4515 4514
3 4443 4444 4516
3 4443 4516 4515
3 4444 4445 4517
3 4444 4517 4516
3 4445 4446 4518
3 4445 4518 4517
3 4446 4447 4519
3 4446 4519 4518
3 4447 4448 4520
3 4447 4520 4519
3 4448 4449 4521
3 4448 4521 4520
3 4449 4450 4522
3 4449 4522 4521
3 4450 4451 4523
3 4450 4523 4522
3 4451 4452 4524
3 4451 4524 4523
3 4452 4453 4525
3 4452 4525 4524
3 4453 4454 4526
3 4453 4526 4525
3 4454 4455 4527
3 4454 4527 4526
3 4455 4456 4528
3 4455 4528 4527
3 4456 4457 4529
3 4456 4529 4528
3 4457 4458 4530
3 4457 4530 4529
3 4458 4459 4531
3 4458 4531 4530
3 4459 4460 4532
3 4459 4532 4531
3 4460 4461 4533
3 4460 4533 4532
3 4461 4462 4534
3 4461 4534 4533
3 4462 4463 4535
3 4462 4535 4534
3 4463 4392 4464
3 4463 4464 4535
3 4464 4465 4537
3 4464 4537 4536
3 4465 4466 4538
3 4465 4538 4537
3 4466 4467 4539
3 4466 4539 4538
3 4467 4468 4540
3 4467 4540 4539
3 4468 4469 4541
3 4468 4541 4540
3 4469 4470 4542
3 4469 4542 4541
3 4470 4471 4543
3 4470 4543 4542
3 4471 4472 4544
3 4471 4544 4543
3 4472 4473 4545
3 4472 4545 4544
3 4473 4474 4546
3 4473 4546 4545
3 4474 4475 4547
3 4474 4547 4546
3 4475 4476 4548
3 4475 4548 4547
3 4476 4477 4549
3 4476 4549 4548
3 4477 4478 4550
3 4477 4550 4549
3 4478 4479 4551
3 4478 4551 4550
3 4479 4480 4552
3 4479 4552 4551
3 4480 4481 4553
3 4480 4553 4552
3 4481 4482 4554
3 4481 4554 4553
3 4482 4483 4555
3 4482 4555 4554
3 4483 4484 4556
3 4483 4556 4555
3 4484 4485 4557
3 4484 4557 4556
3 4485 4486 4558
3 4485 4558 4557
3 4486 4487 4559
3 4486 4559 4558
3 4487 4488 4560
3 4487 4560 4559
3 4488 4489 4561
3 4488 4561 4560
3 4489 4490 4562
3 4489 4562 4561
3 4490 4491 4563
3 4490 4563 4562
3 4491 4492 4564
3 4491 4564 4563
3 4492 4493 4565
3 4492 4565 4564
3 4493 4494 4566
3 4493 4566 4565
3 4494 4495 4567
3 4494 4567 4566
3 4495 4496 4568
3 4495 4568 4567
3 4496 4497 4569
3 4496 4569 4568
3 4497 4498 4570
3 4497 4570 4569
3 4498 4499 4571
3 4498 4571 4570
3 4499 4500 4572
3 4499 4572 4571
3 4500 4501 4573
3 4500 4573 4572
3 4501 4502 4574
3 4501 4574 4573
3 4502 4503 4575
3 4502 4575 4574
3 4503 4504 4576
3 4503 4576 4575
3 4504 4505 4577
3 4504 4577 4576
3 4505 4506 4578
3 4505 4578 4577
3 4506 4507 4579
3 4506 4579 4578
3 4507 4508 4580
3 4507 4580 4579
3 4508 4509 4581
3 4508 4581 4580
3 4509 4510 4582
3 4509 4582 4581
3 4510 4511 4583
3 4510 4583 4582
3 4511 4512 4584
3 4511 4584 4583
3 4512 4513 4585
3 4512 4585 4584
3 4513 4514 4586
3 4513 4586 4585
3 4514 4515 4587
3 4514 4587 4586
3 4515 4516 4588
3 4515 4588 4587
3 4516 4517 4589
3 4516 4589 4588
3 4517 4518 4590
3 4517 4590 4589
3 4518 4519 4591
3 4518 4591 4590
3 4519 4520 4592
3 4519 4592 4591
3 4520 4521 4593
3 4520 4593 4592
3 4521 4522 4594
3 4521 4594 4593
3 4522 4523 4595
3 4522 4595 4594
3 4523 4524 4596
3 4523 4596 4595
3 4524 4525 4597
3 4524 4597 4596
3 4525 4526 4598
3 4525 4598 4597
3 4526 4527 4599
3 4526 4599 4598
3 4527 4528 4600
3 4527 4600 4599
3 4528 4529 4601
3 4528 4601 4600
3 4529 4530 4602
3 4529 4602 4601
3 4530 4531 4603
3 4530 4603 4602
3 4531 4532 4604
3 4531 4604 4603
3 4532 4533 4605
3 4532 4605 4604
3 4533 4534 4606
3 4533 4606 4605
3 4534 4535 4607
3 4534 4607 4606
3 4535 4464 4536
3 4535 4536 4607
3 4536 4537 4609
3 4536 4609 4608
3 4537 4538 4610
3 4537 4610 4609
3 4538 4539 4611
3 4538 4611 4610
3 4539 4540 4612
3 4539 4612 4611
3 4540 4541 4613
3 4540 4613 4612
3 4541 4542 4614
3 4541 4614 4613
3 4542 4543 4615
3 4542 4615 4614
3 4543 4544 4616
3 4543 4616 4615
3 4544 4545 4617
3 4544 4617 4616
3 4545 4546 4618
3 4545 4618 4617
3 4546 4547 4619
3 4546 4619 4618
3 4547 4548 4620
3 4547 4620 4619
3 4548 4549 4621
3 4548 4621 4620
3 4549 4550 4622
3 4549 4622 4621
3 4550 4551 4623
3 4550 4623 4622
3 4551 4552 4624
3 4551 4624 4623
3 4552 4553 4625
3 4552 4625 4624
3 4553 4554 4626
3 4553 4626 4625
3 4554 4555 4627
3 4554 4627 4626
3 4555 4556 4628
3 4555 4628 4627
3 4556 4557 4629
3 4556 4629 4628
3 4557 4558 4630
3 4557 4630 4629
3 4558 4559 4631
3 4558 4631 4630
3 4559 4560 4632
3 4559 4632 4631
3 4560 4561 4633
3 4560 4633 4632
3 4561 4562 4634
3 4561 4634 4633
3 4562 4563 4635
3 4562 4635 4634
3 4563 4564 4636
3 4563 4636 4635
3 4564 4565 4637
3 4564 4637 4636
3 4565 4566 4638
3 4565 4638 4637
3 4566 4567 4639
3 4566 4639 4638
3 4567 4568 4640
3 4567 4640 4639
3 4568 4569 4641
3 4568 4641 4640
3 4569 4570 4642
3 4569 4642 4641
3 4570 4571 4643
3 4570 4643 4642
3 4571 4572 4644
3 4571 4644 4643
3 4572 4573 4645
3 4572 4645 4644
3 4573 4574 4646
3 4573 4646 4645
3 4574 4575 4647
3 4574 4647 4646
3 4575 4576 4648
3 4575 4648 4647
3 4576 4577 4649
3 4576 4649 4648
3 4577 4578 4650
3 4577 4650 4649
3 4578 4579 4651
3 4578 4651 4650
3 4579 4580 4652
3 4579 4652 4651
3 4580 4581 4653
3 4580 4653 4652
3 4581 4582 4654
3 4581 4654 4653
3 4582 4583 4655
3 4582 4655 4654
3 4583 4584 4656
3 4583 4656 4655
3 4584 4585 4657
3 4584 4657 4656
3 4585 4586 4658
3 4585 4658 4657
3 4586 4587 4659
3 4586 4659 4658
3 4587 4588 4660
3 4587 4660 4659
3 4588 4589 4661
3 4588 4661 4660
3 4589 4590 4662
3 4589 4662 4661
3 4590 4591 4663
3 4590 4663 4662
3 4591 4592 4664
3 4591 4664 4663
3 4592 4593 4665
3 4592 4665 4664
3 4593 4594 4666
3 4593 4666 4665
3 4594 4595 4667
3 4594 4667 4666
3 4595 4596 4668
3 4595 4668 4667
3 4596 4597 4669
3 4596 4669 4668
3 4597 4598 4670
3 4597 4670 4669
3 4598 4599 4671
3 4598 4671 4670
3 4599 4600 4672
3 4599 4672 4671
3 4600 4601 4673
3 4600 4673 4672
3 4601 4602 4674
3 4601 4674 4673
3 4602 4603 4675
3 4602 4675 4674
3 4603 4604 4676
3 4603 4676 4675
3 4604 4605 4677
3 4604 4677 4676
3 4605 4606 4678
3 4605 4678 4677
3 4606 4607 4679
3 4606 4679 4678
3 4607 4536 4608
3 4607 4608 4679
3 4608 4609 4681
3 4608 4681 4680
3 4609 4610 4682
3 4609 4682 4681
3 4610 4611 4683
3 4610 4683 4682
3 4611 4612 4684
3 4611 4684 4683
3 4612 4613 4685
3 4612 4685 4684
3 4613 4614 4686
3 4613 4686 4685
3 4614 4615 4687
3 4614 4687 4686
3 4615 4616 4688
3 4615 4688 4687
3 4616 4617 4689
3 4616 4689 4688
3 4617 4618 4690
3 4617 4690 4689
3 4618 4619 4691
3 4618 4691 4690
3 4619 4620 4692
3 4619 4692 4691
3 4620 4621 4693
3 4620 4693 4692
3 4621 4622 4694
3 4621 4694 4693
3 4622 4623 4695
3 4622 4695 4694
3 4623 4624 4696
3 4623 4696 4695
3 4624 4625 4697
3 4624 4697 4696
3 4625 4626 4698
3 4625 4698 4697
3 4626 4627 4699
3 4626 4699 4698
3 4627 4628 4700
3 4627 4700 4699
3 4628 4629 4701
3 4628 4701 4700
3 4629 4630 4702
3 4629 4702 4701
3 4630 4631 4703
3 4630 4703 4702
3 4631 4632 4704
3 4631 4704 4703
3 4632 4633 4705
3 4632 4705 4704
3 4633 4634 4706
3 4633 4706 4705
3 4634 4635 4707
3 4634 4707 4706
3 4635 4636 4708
3 4635 4708 4707
3 4636 4637 4709
3 4636 4709 4708
3 4637 4638 4710
3 4637 4710 4709
3 4638 4639 4711
3 4638 4711 4710
3 4639 4640 4712
3 4639 4712 4711
3 4640 4641 4713
3 4640 4713 4712
3 4641 4642 4714
3 4641 4714 4713
3 4642 4643 4715
3 4642 4715 4714
3 4643 4644 4716
3 4643 4716 4715
3 4644 4645 4717
3 4644 4717 4716
3 4645 4646 4718
3 4645 4718 4717
3 4646 4647 4719
3 4646 4719 4718
3 4647 4648 4720
3 4647 4720 4719
3 4648 4649 4721
3 4648 4721 4720
3 4649 4650 4722
3 4649 4722 4721
3 4650 4651 4723
3 4650 4723 4722
3 4651 4652 4724
3 4651 4724 4723
3 4652 4653 4725
3 4652 4725 4724
3 4653 4654 4726
3 4653 4726 4725
3 4654 4655 4727
3 4654 4727 4726
3 4655 4656 4728
3 4655 4728 4727
3 4656 4657 4729
3 4656 4729 4728
3 4657 4658 4730
3 4657 4730 4729
3 4658 4659 4731
3 4658 4731 4730
3 4659 4660 4732
3 4659 4732 4731
3 4660 4661 4733
3 4660 4733 4732
3 4661 4662 4734
3 4661 4734 4733
3 4662 4663 4735
3 4662 4735 4734
3 4663 4664 4736
3 4663 4736 4735
3 4664 4665 4737
3 4664 4737 4736
3 4665 4666 4738
3 4665 4738 4737
3 4666 4667 4739
3 4666 4739 4738
3 4667 4668 4740
3 4667 4740 4739
3 4668 4669 4741
3 4668 4741 4740
3 4669 4670 4742
3 4669 4742 4741
3 4670 4671 4743
3 4670 4743 4742
3 4671 4672 4744
3 4671 4744 4743
3 4672 4673 4745
3 4672 4745 4744
3 4673 4674 4746
3 4673 4746 4745
3 4674 4675 4747
3 4674 4747 4746
3 4675 4676 4748
3 4675 4748 4747
3 4676 4677 4749
3 4676 4749 4748
3 4677 4678 4750
3 4677 4750 4749
3 4678 4679 4751
3 4678 4751 4750
3 4679 4608 4680
3 4679 4680 4751
3 4680 4681 4753
3 4680 4753 4752
3 4681 4682 4754
3 4681 4754 4753
3 4682 4683 4755
3 4682 4755 4754
3 4683 4684 4756
3 4683 4756 4755
3 4684 4685 4757
3 4684 4757 4756
3 4685 4686 4758
3 4685 4758 4757
3 4686 4687 4759
3 4686 4759 4758
3 4687 4688 4760
3 4687 4760 4759
3 4688 4689 4761
3 4688 4761 4760
3 4689 4690 4762
3 4689 4762 4761
3 4690 4691 4763
3 4690 4763 4762
3 4691 4692 4764
3 4691 4764 4763
3 4692 4693 4765
3 4692 4765 4764
3 4693 4694 4766
3 4693 4766 4765
3 4694 4695 4767
3 4694 4767 4766
3 4695 4696 4768
3 4695 4768 4767
3 4696 4697 4769
3 4696 4769 4768
3 4697 4698 4770
3 4697 4770 4769
3 4698 4699 4771
3 4698 4771 4770
3 4699 4700 4772
3 4699 4772 4771
3 4700 4701 4773
3 4700 4773 4772
3 4701 4702 4774
3 4701 4774 4773
3 4702 4703 4775
3 4702 4775 4774
3 4703 4704 4776
3 4703 4776 4775
3 4704 4705 4777
3 4704 4777 4776
3 4705 4706 4778
3 4705 4778 4777
3 4706 4707 4779
3 4706 4779 4778
3 4707 4708 4780
3 4707 4780 4779
3 4708 4709 4781
3 4708 4781 4780
3 4709 4710 4782
3 4709 4782 4781
3 4710 4711 4783
3 4710 4783 4782
3 4711 4712 4784
3 4711 4784 4783
3 4712 4713 4785
3 4712 4785 4784
3 4713 4714 4786
3 4713 4786 4785
3 4714 4715 4787
3 4714 4787 4786
3 4715 4716 4788
3 4715 4788 4787
3 4716 4717 4789
3 4716 4789 4788
3 4717 4718 4790
3 4717 4790 4789
3 4718 4719 4791
3 4718 4791 4790
3 4719 4720 4792
3 4719 4792 4791
3 4720 4721 4793
3 4720 4793 4792
3 4721 4722 4794
3 4721 4794 4793
3 4722 4723 4795
3 4722 4795 4794
3 4723 4724 4796
3 4723 4796 4795
3 4724 4725 4797
3 4724 4797 4796
3 4725 4726 4798
3 4725 4798 4797
3 4726 4727 4799
3 4726 4799 4798
3 4727 4728 4800
3 4727 4800 4799
3 4728 4729 4801
3 4728 4801 4800
3 4729 4730 4802
3 4729 4802 4801
3 4730 4731 4803
3 4730 4803 4802
3 4731 4732 4804
3 4731 4804 4803
3 4732 4733 4805
3 4732 4805 4804
3 4733 4734 4806
3 4733 4806 4805
3 4734 4735 4807
3 4734 4807 4806
3 4735 4736 4808
3 4735 4808 4807
3 4736 4737 4809
3 4736 4809 4808
3 4737 4738 4810
3 4737 4810 4809
3 4738 4739 4811
3 4738 4811 4810
3 4739 4740 4812
3 4739 4812 4811
3 4740 4741 4813
3 4740 4813 4812
3 4741 4742 4814
3 4741 4814 4813
3 4742 4743 4815
3 4742 4815 4814
3 4743 4744 4816
3 4743 4816 4815
3 4744 4745 4817
3 4744 4817 4816
3 4745 4746 4818
3 4745 4818 4817
3 4746 4747 4819
3 4746 4819 4818
3 4747 4748 4820
3 4747 4820 4819
3 4748 4749 4821
3 4748 4821 4820
3 4749 4750 4822
3 4749 4822 4821
3 4750 4751 4823
3 4750 4823 4822
3 4751 4680 4752
3 4751 4752 4823
3 4752 4753 4825
3 4752 4825 4824
3 4753 4754 4826
3 4753 4826 4825
3 4754 4755 4827
3 4754 4827 4826
3 4755 4756 4828
3 4755 4828 4827
3 4756 4757 4829
3 4756 4829 4828
3 4757 4758 4830
3 4757 4830 4829
3 4758 4759 4831
3 4758 4831 4830
3 4759 4760 4832
3 4759 4832 4831
3 4760 4761 4833
3 4760 4833 4832
3 4761 4762 4834
3 4761 4834 4833
3 4762 4763 4835
3 4762 4835 4834
3 4763 4764 4836
3 4763 4836 4835
3 4764 4765 4837
3 4764 4837 4836
3 4765 4766 4838
3 4765 4838 4837
3 4766 4767 4839
3 4766 4839 4838
3 4767 4768 4840
3 4767 4840 4839
3 4768 4769 4841
3 4768 4841 4840
3 4769 4770 4842
3 4769 4842 4841
3 4770 4771 4843
3 4770 4843 4842
3 4771 4772 4844
3 4771 4844 4843
3 4772 4773 4845
3 4772 4845 4844
3 4773 4774 4846
3 4773 4846 4845
3 4774 4775 4847
3 4774 4847 4846
3 4775 4776 4848
3 4775 4848 4847
3 4776 4777 4849
3 4776 4849 4848
3 4777 4778 4850
3 4777 4850 4849
3 4778 4779 4851
3 4778 4851 4850
3 4779 4780 4852
3 4779 4852 4851
3 4780 4781 4853
3 4780 4853 4852
3 4781 4782 4854
3 4781 4854 4853
3 4782 4783 4855
3 4782 4855 4854
3 4783 4784 4856
3 4783 4856 4855
3 4784 4785 4857
3 4784 4857 4856
3 4785 4786 4858
3 4785 4858 4857
3 4786 4787 4859
3 4786 4859 4858
3 4787 4788 4860
3 4787 4860 4859
3 4788 4789 4861
3 4788 4861 4860
3 4789 4790 4862
3 4789 4862 4861
3 4790 4791 4863
3 4790 4863 4862
3 4791 4792 4864
3 4791 4864 4863
3 4792 4793 4865
3 4792 4865 4864
3 4793 4794 4866
3 4793 4866 4865
3 4794 4795 4867
3 4794 4867 4866
3 4795 4796 4868
3 4795 4868 4867
3 4796 4797 4869
3 4796 4869 4868
3 4797 4798 4870
3 4797 4870 4869
3 4798 4799 4871
3 4798 4871 4870
3 4799 4800 4872
3 4799 4872 4871
3 4800 4801 4873
3 4800 4873 4872
3 4801 4802 4874
3 4801 4874 4873
3 4802 4803 4875
3 4802 4875 4874
3 4803 4804 4876
3 4803 4876 4875
3 4804 4805 4877
3 4804 4877 4876
3 4805 4806 4878
3 4805 4878 4877
3 4806 4807 4879
3 4806 4879 4878
3 4807 4808 4880
3 4807 4880 4879
3 4808 4809 4881
3 4808 4881 4880
3 4809 4810 4882
3 4809 4882 4881
3 4810 4811 4883
3 4810 4883 4882
3 4811 4812 4884
3 4811 4884 4883
3 4812 4813 4885
3 4812 4885 4884
3 4813 4814 4886
3 4813 4886 4885
3 4814 4815 4887
3 4814 4887 4886
3 4815 4816 4888
3 4815 4888 4887
3 4816 4817 4889
3 4816 4889 4888
3 4817 4818 4890
3 4817 4890 4889
3 4818 4819 4891
3 4818 4891 4890
3 4819 4820 4892
3 4819 4892 4891
3 4820 4821 4893
3 4820 4893 4892
3 4821 4822 4894
3 4821 4894 4893
3 4822 4823 4895
3 4822 4895 4894
3 4823 4752 4824
3 4823 4824 4895
3 4824 4825 4897
3 4824 4897 4896
3 4825 4826 4898
3 4825 4898 4897
3 4826 4827 4899
3 4826 4899 4898
3 4827 4828 4900
3 4827 4900 4899
3 4828 4829 4901
3 4828 4901 4900
3 4829 4830 4902
3 4829 4902 4901
3 4830 4831 4903
3 4830 4903 4902
3 4831 4832 4904
3 4831 4904 4903
3 4832 4833 4905
3 4832 4905 4904
3 4833 4834 4906
3 4833 4906 4905
3 4834 4835 4907
3 4834 4907 4906
3 4835 4836 4908
3 4835 4908 4907
3 4836 4837 4909
3 4836 4909 4908
3 4837 4838 4910
3 4837 4910 4909
3 4838 4839 4911
3 4838 4911 4910
3 4839 4840 4912
3 4839 4912 4911
3 4840 4841 4913
3 4840 4913 4912
3 4841 4842 4914
3 4841 4914 4913
3 4842 4843 4915
3 4842 4915 4914
3 4843 4844 4916
3 4843 4916 4915
3 4844 4845 4917
3 4844 4917 4916
3 4845 4846 4918
3 4845 4918 4917
3 4846 4847 4919
3 4846 4919 4918
3 4847 4848 4920
3 4847 4920 4919
3 4848 4849 4921
3 4848 4921 4920
3 4849 4850 4922
3 4849 4922 4921
3 4850 4851 4923
3 4850 4923 4922
3 4851 4852 4924
3 4851 4924 4923
3 4852 4853 4925
3 4852 4925 4924
3 4853 4854 4926
3 4853 4926 4925
3 4854 4855 4927
3 4854 4927 4926
3 4855 4856 4928
3 4855 4928 4927
3 4856 4857 4929
3 4856 4929 4928
3 4857 4858 4930
3 4857 4930 4929
3 4858 4859 4931
3 4858 4931 4930
3 4859 4860 4932
3 4859 4932 4931
3 4860 4861 4933
3 4860 4933 4932
3 4861 4862 4934
3 4861 4934 4933
3 4862 4863 4935
3 4862 4935 4934
3 4863 4864 4936
3 4863 4936 4935
3 4864 4865 4937
3 4864 4937 4936
3 4865 4866 4938
3 4865 4938 4937
3 4866 4867 4939
3 4866 4939 4938
3 4867 4868 4940
3 4867 4940 4939
3 4868 4869 4941
3 4868 4941 4940
3 4869 4870 4942
3 4869 4942 4941
3 4870 4871 4943
3 4870 4943 4942
3 4871 4872 4944
3 4871 4944 4943
3 4872 4873 4945
3 4872 4945 4944
3 4873 4874 4946
3 4873 4946 4945
3 4874 4875 4947
3 4874 4947 4946
3 4875 4876 4948
3 4875 4948 4947
3 4876 4877 4949
3 4876 4949 4948
3 4877 4878 4950
3 4877 4950 4949
3 4878 4879 4951
3 4878 4951 4950
3 4879 4880 4952
3 4879 4952 4951
3 4880 4881 4953
3 4880 4953 4952
3 4881 4882 4954
3 4881 4954 4953
3 4882 4883 4955
3 4882 4955 4954
3 4883 4884 4956
3 4883 4956 4955
3 4884 4885 4957
3 4884 4957 4956
3 4885 4886 4958
3 4885 4958 4957
3 4886 4887 4959
3 4886 4959 4958
3 4887 4888 4960
3 4887 4960 4959
3 4888 4889 4961
3 4888 4961 4960
3 4889 4890 4962
3 4889 4962 4961
3 4890 4891 4963
3 4890 4963 4962
3 4891 4892 4964
3 4891 4964 4963
3 4892 4893 4965
3 4892 4965 4964
3 4893 4894 4966
3 4893 4966 4965
3 4894 4895 4967
3 4894 4967 4966
3 4895 4824 4896
3 4895 4896 4967
3 4896 4897 4969
3 4896 4969 4968
3 4897 4898 4970
3 4897 4970 4969
3 4898 4899 4971
3 4898 4971 4970
3 4899 4900 4972
3 4899 4972 4971
3 4900 4901 4973
3 4900 4973 4972
3 4901 4902 4974
3 4901 4974 4973
3 4902 4903 4975
3 4902 4975 4974
3 4903 4904 4976
3 4903 4976 4975
3 4904 4905 4977
3 4904 4977 4976
3 4905 4906 4978
3 4905 4978 4977
3 4906 4907 4979
3 4906 4979 4978
3 4907 4908 4980
3 4907 4980 4979
3 4908 4909 4981
3 4908 4981 4980
3 4909 4910 4982
3 4909 4982 4981
3 4910 4911 4983
3 4910 4983 4982
3 4911 4912 4984
3 4911 4984 4983
3 4912 4913 4985
3 4912 4985 4984
3 4913 4914 4986
3 4913 4986 4985
3 4914 4915 4987
3 4914 4987 4986
3 4915 4916 4988
3 4915 4988 4987
3 4916 4917 4989
3 4916 4989 4988
3 4917 4918 4990
3 4917 4990 4989
3 4918 4919 4991
3 4918 4991 4990
3 4919 4920 4992
3 4919 4992 4991
3 4920 4921 4993
3 4920 4993 4992
3 4921 4922 4994
3 4921 4994 4993
3 4922 4923 4995
3 4922 4995 4994
3 4923 4924 4996
3 4923 4996 4995
3 4924 4925 4997
3 4924 4997 4996
3 4925 4926 4998
3 4925 4998 4997
3 4926 4927 4999
3 4926 4999 4998
3 4927 4928 5000
3 4927 5000 4999
3 4928 4929 5001
3 4928 5001 5000
3 4929 4930 5002
3 4929 5002 5001
3 4930 4931 5003
3 4930 5003 5002
3 4931 4932 5004
3 4931 5004 5003
3 4932 4933 5005
3 4932 5005 5004
3 4933 4934 5006
3 4933 5006 5005
3 4934 4935 5007
3 4934 5007 5006
3 4935 4936 5008
3 4935 5008 5007
3 4936 4937 5009
3 4936 5009 5008
3 4937 4938 5010
3 4937 5010 5009
3 4938 4939 5011
3 4938 5011 5010
3 4939 4940 5012
3 4939 5012 5011
3 4940 4941 5013
3 4940 5013 5012
3 4941 4942 5014
3 4941 5014 5013
3 4942 4943 5015
3 4942 5015 5014
3 4943 4944 5016
3 4943 5016 5015
3 4944 4945 5017
3 4944 5017 5016
3 4945 4946 5018
3 4945 5018 5017
3 4946 4947 5019
3 4946 5019 5018
3 4947 4948 5020
3 4947 5020 5019
3 4948 4949 5021
3 4948 5021 5020
3 4949 4950 5022
3 4949 5022 5021
3 4950 4951 5023
3 4950 5023 5022
3 4951 4952 5024
3 4951 5024 5023
3 4952 4953 5025
3 4952 5025 5024
3 4953 4954 5026
3 4953 5026 5025
3 4954 4955 5027
3 4954 5027 5026
3 4955 4956 5028
3 4955 5028 5027
3 4956 4957 5029
3 4956 5029 5028
3 4957 4958 5030
3 4957 5030 5029
3 4958 4959 5031
3 4958 5031 5030
3 4959 4960 5032
3 4959 5032 5031
3 4960 4961 5033
3 4960 5033 5032
3 4961 4962 5034
3 4961 5034 5033
3 4962 4963 5035
3 4962 5035 5034
3 4963 4964 5036
3 4963 5036 5035
3 4964 4965 5037
3 4964 5037 5036
3 4965 4966 5038
3 4965 5038 5037
3 4966 4967 5039
3 4966 5039 5038
3 4967 4896 4968
3 4967 4968 5039
3 4968 4969 5041
3 4968 5041 5040
3 4969 4970 5042
3 4969 5042 5041
3 4970 4971 5043
3 4970 5043 5042
3 4971 4972 5044
3 4971 5044 5043
3 4972 4973 5045
3 4972 5045 5044
3 4973 4974 5046
3 4973 5046 5045
3 4974 4975 5047
3 4974 5047 5046
3 4975 4976 5048
3 4975 5048 5047
3 4976 4977 5049
3 4976 5049 5048
3 4977 4978 5050
3 4977 5050 5049
3 4978 4979 5051
3 4978 5051 5050
3 4979 4980 5052
3 4979 5052 5051
3 4980 4981 5053
3 4980 5053 5052
3 4981 4982 5054
3 4981 5054 5053
3 4982 4983 5055
3 4982 5055 5054
3 4983 4984 5056
3 4983 5056 5055
3 4984 4985 5057
3 4984 5057 5056
3 4985 4986 5058
3 4985 5058 5057
3 4986 4987 5059
3 4986 5059 5058
3 4987 4988 5060
3 4987 5060 5059
3 4988 4989 5061
3 4988 5061 5060
3 4989 4990 5062
3 4989 5062 5061
3 4990 4991 5063
3 4990 5063 5062
3 4991 4992 5064
3 4991 5064 5063
3 4992 4993 5065
3 4992 5065 5064
3 4993 4994 5066
3 4993 5066 5065
3 4994 4995 5067
3 4994 5067 5066
3 4995 4996 5068
3 4995 5068 5067
3 4996 4997 5069
3 4996 5069 5068
3 4997 4998 5070
3 4997 5070 5069
3 4998 4999 5071
3 4998 5071 5070
3 4999 5000 5072
3 4999 5072 5071
3 5000 5001 5073
3 5000 5073 5072
3 5001 5002 5074
3 5001 5074 5073
3 5002 5003 5075
3 5002 5075 5074
3 5003 5004 5076
3 5003 5076 5075
3 5004 5005 5077
3 5004 5077 5076
3 5005 5006 5078
3 5005 5078 5077
3 5006 5007 5079
3 5006 5079 5078
3 5007 5008 5080
3 5007 5080 5079
3 5008 5009 5081
3 5008 5081 5080
3 5009 5010 5082
3 5009 5082 5081
3 5010 5011 5083
3 5010 5083 5082
3 5011 5012 5084
3 5011 5084 5083
3 5012 5013 5085
3 5012 5085 5084
3 5013 5014 5086
3 5013 5086 5085
3 5014 5015 5087
3 5014 5087 5086
3 5015 5016 5088
3 5015 5088 5087
3 5016 5017 5089
3 5016 5089 5088
3 5017 5018 5090
3 5017 5090 5089
3 5018 5019 5091
3 5018 5091 5090
3 5019 5020 5092
3 5019 5092 5091
3 5020 5021 5093
3 5020 5093 5092
3 5021 5022 5094
3 5021 5094 5093
3 5022 5023 5095
3 5022 5095 5094
3 5023 5024 5096
3 5023 5096 5095
3 5024 5025 5097
3 5024 5097 5096
3 5025 5026 5098
3 5025 5098 5097
3 5026 5027 5099
3 5026 5099 5098
3 5027 5028 5100
3 5027 5100 5099
3 5028 5029 5101
3 5028 5101 5100
3 5029 5030 5102
3 5029 5102 5101
3 5030 5031 5103
3 5030 5103 5102
3 5031 5032 5104
3 5031 5104 5103
3 5032 5033 5105
3 5032 5105 5104
3 5033 5034 5106
3 5033 5106 5105
3 5034 5035 5107
3 5034 5107 5106
3 5035 5036 5108
3 5035 5108 5107
3 5036 5037 5109
3 5036 5109 5108
3 5037 5038 5110
3 5037 5110 5109
3 5038 5039 5111
3 5038 5111 5110
3 5039 4968 5040
3 5039 5040 5111
3 5040 5041 5113
3 5040 5113 5112
3 5041 5042 5114
3 5041 5114 5113
3 5042 5043 5115
3 5042 5115 5114
3 5043 5044 5116
3 5043 5116 5115
3 5044 5045 5117
3 5044 5117 5116
3 5045 5046 5118
3 5045 5118 5117
3 5046 5047 5119
3 5046 5119 5118
3 5047 5048 5120
3 5047 5120 5119
3 5048 5049 5121
3 5048 5121 5120
3 5049 5050 5122
3 5049 5122 5121
3 5050 5051 5123
3 5050 5123 5122
3 5051 5052 5124
3 5051 5124 5123
3 5052 5053 5125
3 5052 5125 5124
3 5053 5054 5126
3 5053 5126 5125
3 5054 5055 5127
3 5054 5127 5126
3 5055 5056 5128
3 5055 5128 5127
3 5056 5057 5129
3 5056 5129 5128
3 5057 5058 5130
3 5057 5130 5129
3 5058 5059 5131
3 5058 5131 5130
3 5059 5060 5132
3 5059 5132 5131
3 5060 5061 5133
3 5060 5133 5132
3 5061 5062 5134
3 5061 5134 5133
3 5062 5063 5135
3 5062 5135 5134
3 5063 5064 5136
3 5063 5136 5135
3 5064 5065 5137
3 5064 5137 5136
3 5065 5066 5138
3 5065 5138 5137
3 5066 5067 5139
3 5066 5139 5138
3 5067 5068 5140
3 5067 5140 5139
3 5068 5069 5141
3 5068 5141 5140
3 5069 5070 5142
3 5069 5142 5141
3 5070 5071 5143
3 5070 5143 5142
3 5071 5072 5144
3 5071 5144 5143
3 5072 5073 5145
3 5072 5145 5144
3 5073 5074 5146
3 5073 5146 5145
3 5074 5075 5147
3 5074 5147 5146
3 5075 5076 5148
3 5075 5148 5147
3 5076 5077 5149
3 5076 5149 5148
3 5077 5078 5150
3 5077 5150 5149
3 5078 5079 5151
3 5078 5151 5150
3 5079 5080 5152
3 5079 5152 5151
3 5080 5081 5153
3 5080 5153 5152
3 5081 5082 5154
3 5081 5154 5153
3 5082 5083 5155
3 5082 5155 5154
3 5083 5084 5156
3 5083 5156 5155
3 5084 5085 5157
3 5084 5157 5156
3 5085 5086 5158
3 5085 5158 5157
3 5086 5087 5159
3 5086 5159 5158
3 5087 5088 5160
3 5087 5160 5159
3 5088 5089 5161
3 5088 5161 5160
3 5089 5090 5162
3 5089 5162 5161
3 5090 5091 5163
3 5090 5163 5162
3 5091 5092 5164
3 5091 5164 5163
3 5092 5093 5165
3 5092 5165 5164
3 5093 5094 5166
3 5093 5166 5165
3 5094 5095 5167
3 5094 5167 5166
3 5095 5096 5168
3 5095 5168 5167
3 5096 5097 5169
3 5096 5169 5168
3 5097 5098 5170
3 5097 5170 5169
3 5098 5099 5171
3 5098 5171 5170
3 5099 5100 5172
3 5099 5172 5171
3 5100 5101 5173
3 5100 5173 5172
3 5101 5102 5174
3 5101 5174 5173
3 5102 5103 5175
3 5102 5175 5174
3 5103 5104 5176
3 5103 5176 5175
3 5104 5105 5177
3 5104 5177 5176
3 5105 5106 5178
3 5105 5178 5177
3 5106 5107 5179
3 5106 5179 5178
3 5107 5108 5180
3 5107 5180 5179
3 5108 5109 5181
3 5108 5181 5180
3 5109 5110 5182
3 5109 5182 5181
3 5110 5111 5183
3 5110 5183 5182
3 5111 5040 5112
3 5111 5112 5183
3 5112 5113 5185
3 5112 5185 5184
3 5113 5114 5186
3 5113 5186 5185
3 5114 5115 5187
3 5114 5187 5186
3 5115 5116 5188
3 5115 5188 5187
3 5116 5117 5189
3 5116 5189 5188
3 5117 5118 5190
3 5117 5190 5189
3 5118 5119 5191
3 5118 5191 5190
3 5119 5120 5192
3 5119 5192 5191
3 5120 5121 5193
3 5120 5193 5192
3 5121 5122 5194
3 5121 5194 5193
3 5122 5123 5195
3 5122 5195 5194
3 5123 5124 5196
3 5123 5196 5195
3 5124 5125 5197
3 5124 5197 5196
3 5125 5126 5198
3 5125 5198 5197
3 5126 5127 5199
3 5126 5199 5198
3 5127 5128 5200
3 5127 5200 5199
3 5128 5129 5201
3 5128 5201 5200
3 5129 5130 5202
3 5129 5202 5201
3 5130 5131 5203
3 5130 5203 5202
3 5131 5132 5204
3 5131 5204 5203
3 5132 5133 5205
3 5132 5205 5204
3 5133 5134 5206
3 5133 5206 5205
3 5134 5135 5207
3 5134 5207 5206
3 5135 5136 5208
3 5135 5208 5207
3 5136 5137 5209
3 5136 5209 5208
3 5137 5138 5210
3 5137 5210 5209
3 5138 5139 5211
3 5138 5211 5210
3 5139 5140 5212
3 5139 5212 5211
3 5140 5141 5213
3 5140 5213 5212
3 5141 5142 5214
3 5141 5214 5213
3 5142 5143 5215
3 5142 5215 5214
3 5143 5144 5216
3 5143 5216 5215
3 5144 5145 5217
3 5144 5217 5216
3 5145 5146 5218
3 5145 5218 5217
3 5146 5147 5219
3 5146 5219 5218
3 5147 5148 5220
3 5147 5220 5219
3 5148 5149 5221
3 5148 5221 5220
3 5149 5150 5222
3 5149 5222 5221
3 5150 5151 5223
3 5150 5223 5222
3 5151 5152 5224
3 5151 5224 5223
3 5152 5153 5225
3 5152 5225 5224
3 5153 5154 5226
3 5153 5226 5225
3 5154 5155 5227
3 5154 5227 5226
3 5155 5156 5228
3 5155 5228 5227
3 5156 5157 5229
3 5156 5229 5228
3 5157 5158 5230
3 5157 5230 5229
3 5158 5159 5231
3 5158 5231 5230
3 5159 5160 5232
3 5159 5232 5231
3 5160 5161 5233
3 5160 5233 5232
3 5161 5162 5234
3 5161 5234 5233
3 5162 5163 5235
3 5162 5235 5234
3 5163 5164 5236
3 5163 5236 5235
3 5164 5165 5237
3 5164 5237 5236
3 5165 5166 5238
3 5165 5238 5237
3 5166 5167 5239
3 5166 5239 5238
3 5167 5168 5240
3 5167 5240 5239
3 5168 5169 5241
3 5168 5241 5240
3 5169 5170 5242
3 5169 5242 5241
3 5170 5171 5243
3 5170 5243 5242
3 5171 5172 5244
3 5171 5244 5243
3 5172 5173 5245
3 5172 5245 5244
3 5173 5174 5246
3 5173 5246 5245
3 5174 5175 5247
3 5174 5247 5246
3 5175 5176 5248
3 5175 5248 5247
3 5176 5177 5249
3 5176 5249 5248
3 5177 5178 5250
3 5177 5250 5249
3 5178 5179 5251
3 5178 5251 5250
3 5179 5180 5252
3 5179 5252 5251
3 5180 5181 5253
3 5180 5253 5252
3 5181 5182 5254
3 5181 5254 5253
3 5182 5183 5255
3 5182 5255 5254
3 5183 5112 5184
3 5183 5184 5255
3 5184 5185 5257
3 5184 5257 5256
3 5185 5186 5258
3 5185 5258 5257
3 5186 5187 5259
3 5186 5259 5258
3 5187 5188 5260
3 5187 5260 5259
3 5188 5189 5261
3 5188 5261 5260
3 5189 5190 5262
3 5189 5262 5261
3 5190 5191 5263
3 5190 5263 5262
3 5191 5192 5264
3 5191 5264 5263
3 5192 5193 5265
3 5192 5265 5264
3 5193 5194 5266
3 5193 5266 5265
3 5194 5195 5267
3 5194 5267 5266
3 5195 5196 5268
3 5195 5268 5267
3 5196 5197 5269
3 5196 5269 5268
3 5197 5198 5270
3 5197 5270 5269
3 5198 5199 5271
3 5198 5271 5270
3 5199 5200 5272
3 5199 5272 5271
3 5200 5201 5273
3 5200 5273 5272
3 5201 5202 5274
3 5201 5274 5273
3 5202 5203 5275
3 5202 5275 5274
3 5203 5204 5276
3 5203 5276 5275
3 5204 5205 5277
3 5204 5277 5276
3 5205 5206 5278
3 5205 5278 5277
3 5206 5207 5279
3 5206 5279 5278
3 5207 5208 5280
3 5207 5280 5279
3 5208 5209 5281
3 5208 5281 5280
3 5209 5210 5282
3 5209 5282 5281
3 5210 5211 5283
3 5210 5283 5282
3 5211 5212 5284
3 5211 5284 5283
3 5212 5213 5285
3 5212 5285 5284
3 5213 5214 5286
3 5213 5286 5285
3 5214 5215 5287
3 5214 5287 5286
3 5215 5216 5288
3 5215 5288 5287
3 5216 5217 5289
3 5216 5289 5288
3 5217 5218 5290
3 5217 5290 5289
3 5218 5219 5291
3 5218 5291 5290
3 5219 5220 5292
3 5219 5292 5291
3 5220 5221 5293
3 5220 5293 5292
3 5221 5222 5294
3 5221 5294 5293
3 5222 5223 5295
3 5222 5295 5294
3 5223 5224 5296
3 5223 5296 5295
3 5224 5225 5297
3 5224 5297 5296
3 5225 5226 5298
3 5225 5298 5297
3 5226 5227 5299
3 5226 5299 5298
3 5227 5228 5300
3 5227 5300 5299
3 5228 5229 5301
3 5228 5301 5300
3 5229 5230 5302
3 5229 5302 5301
3 5230 5231 5303
3 5230 5303 5302
3 5231 5232 5304
3 5231 5304 5303
3 5232 5233 5305
3 5232 5305 5304
3 5233 5234 5306
3 5233 5306 5305
3 5234 5235 5307
3 5234 5307 5306
3 5235 5236 5308
3 5235 5308 5307
3 5236 5237 5309
3 5236 5309 5308
3 5237 5238 5310
3 5237 5310 5309
3 5238 5239 5311
3 5238 5311 5310
3 5239 5240 5312
3 5239 5312 5311
3 5240 5241 5313
3 5240 5313 5312
3 5241 5242 5314
3 5241 5314 5313
3 5242 5243 5315
3 5242 5315 5314
3 5243 5244 5316
3 5243 5316 5315
3 5244 5245 5317
3 5244 5317 5316
3 5245 5246 5318
3 5245 5318 5317
3 5246 5247 5319
3 5246 5319 5318
3 5247 5248 5320
3 5247 5320 5319
3 5248 5249 5321
3 5248 5321 5320
3 5249 5250 5322
3 5249 5322 5321
3 5250 5251 5323
3 5250 5323 5322
3 5251 5252 5324
3 5251 5324 5323
3 5252 5253 5325
3 5252 5325 5324
3 5253 5254 5326
3 5253 5326 5325
3 5254 5255 5327
3 5254 5327 5326
3 5255 5184 5256
3 5255 5256 5327
3 5256 5257 5329
3 5256 5329 5328
3 5257 5258 5330
3 5257 5330 5329
3 5258 5259 5331
3 5258 5331 5330
3 5259 5260 5332
3 5259 5332 5331
3 5260 5261 5333
3 5260 5333 5332
3 5261 5262 5334
3 5261 5334 5333
3 5262 5263 5335
3 5262 5335 5334
3 5263 5264 5336
3 5263 5336 5335
3 5264 5265 5337
3 5264 5337 5336
3 5265 5266 5338
3 5265 5338 5337
3 5266 5267 5339
3 5266 5339 5338
3 5267 5268 5340
3 5267 5340 5339
3 5268 5269 5341
3 5268 5341 5340
3 5269 5270 5342
3 5269 5342 5341
3 5270 5271 5343
3 5270 5343 5342
3 5271 5272 5344
3 5271 5344 5343
3 5272 5273 5345
3 5272 5345 5344
3 5273 5274 5346
3 5273 5346 5345
3 5274 5275 5347
3 5274 5347 5346
3 5275 5276 5348
3 5275 5348 5347
3 5276 5277 5349
3 5276 5349 5348
3 5277 5278 5350
3 5277 5350 5349
3 5278 5279 5351
3 5278 5351 5350
3 5279 5280 5352
3 5279 5352 5351
3 5280 5281 5353
3 5280 5353 5352
3 5281 5282 5354
3 5281 5354 5353
3 5282 5283 5355
3 5282 5355 5354
3 5283 5284 5356
3 5283 5356 5355
3 5284 5285 5357
3 5284 5357 5356
3 5285 5286 5358
3 5285 5358 5357
3 5286 5287 5359
3 5286 5359 5358
3 5287 5288 5360
3 5287 5360 5359
3 5288 5289 5361
3 5288 5361 5360
3 5289 5290 5362
3 5289 5362 5361
3 5290 5291 5363
3 5290 5363 5362
3 5291 5292 5364
3 5291 5364 5363
3 5292 5293 5365
3 5292 5365 5364
3 5293 5294 5366
3 5293 5366 5365
3 5294 5295 5367
3 5294 5367 5366
3 5295 5296 5368
3 5295 5368 5367
3 5296 5297 5369
3 5296 5369 5368
3 5297 5298 5370
3 5297 5370 5369
3 5298 5299 5371
3 5298 5371 5370
3 5299 5300 5372
3 5299 5372 5371
3 5300 5301 5373
3 5300 5373 5372
3 5301 5302 5374
3 5301 5374 5373
3 5302 5303 5375
3 5302 5375 5374
3 5303 5304 5376
3 5303 5376 5375
3 5304 5305 5377
3 5304 5377 5376
3 5305 5306 5378
3 5305 5378 5377
3 5306 5307 5379
3 5306 5379 5378
3 5307 5308 5380
3 5307 5380 5379
3 5308 5309 5381
3 5308 5381 5380
3 5309 5310 5382
3 5309 5382 5381
3 5310 5311 5383
3 5310 5383 5382
3 5311 5312 5384
3 5311 5384 5383
3 5312 5313 5385
3 5312 5385 5384
3 5313 5314 5386
3 5313 5386 5385
3 5314 5315 5387
3 5314 5387 5386
3 5315 5316 5388
3 5315 5388 5387
3 5316 5317 5389
3 5316 5389 5388
3 5317 5318 5390
3 5317 5390 5389
3 5318 5319 5391
3 5318 5391 5390
3 5319 5320 5392
3 5319 5392 5391
3 5320 5321 5393
3 5320 5393 5392
3 5321 5322 5394
3 5321 5394 5393
3 5322 5323 5395
3 5322 5395 5394
3 5323 5324 5396
3 5323 5396 5395
3 5324 5325 5397
3 5324 5397 5396
3 5325 5326 5398
3 5325 5398 5397
3 5326 5327 5399
3 5326 5399 5398
3 5327 5256 5328
3 5327 5328 5399
3 5328 5329 5401
3 5328 5401 5400
3 5329 5330 5402
3 5329 5402 5401
3 5330 5331 5403
3 5330 5403 5402
3 5331 5332 5404
3 5331 5404 5403
3 5332 5333 5405
3 5332 5405 5404
3 5333 5334 5406
3 5333 5406 5405
3 5334 5335 5407
3 5334 5407 5406
3 5335 5336 5408
3 5335 5408 5407
3 5336 5337 5409
3 5336 5409 5408
3 5337 5338 5410
3 5337 5410 5409
3 5338 5339 5411
3 5338 5411 5410
3 5339 5340 5412
3 5339 5412 5411
3 5340 5341 5413
3 5340 5413 5412
3 5341 5342 5414
3 5341 5414 5413
3 5342 5343 5415
3 5342 5415 5414
3 5343 5344 5416
3 5343 5416 5415
3 5344 5345 5417
3 5344 5417 5416
3 5345 5346 5418
3 5345 5418 5417
3 5346 5347 5419
3 5346 5419 5418
3 5347 5348 5420
3 5347 5420 5419
3 5348 5349 5421
3 5348 5421 5420
3 5349 5350 5422
3 5349 5422 5421
3 5350 5351 5423
3 5350 5423 5422
3 5351 5352 5424
3 5351 5424 5423
3 5352 5353 5425
3 5352 5425 5424
3 5353 5354 5426
3 5353 5426 5425
3 5354 5355 5427
3 5354 5427 5426
3 5355 5356 5428
3 5355 5428 5427
3 5356 5357 5429
3 5356 5429 5428
3 5357 5358 5430
3 5357 5430 5429
3 5358 5359 5431
3 5358 5431 5430
3 5359 5360 5432
3 5359 5432 5431
3 5360 5361 5433
3 5360 5433 5432
3 5361 5362 5434
3 5361 5434 5433
3 5362 5363 5435
3 5362 5435 5434
3 5363 5364 5436
3 5363 5436 5435
3 5364 5365 5437
3 5364 5437 5436
3 5365 5366 5438
3 5365 5438 5437
3 5366 5367 5439
3 5366 5439 5438
3 5367 5368 5440
3 5367 5440 5439
3 5368 5369 5441
3 5368 5441 5440
3 5369 5370 5442
3 5369 5442 5441
3 5370 5371 5443
3 5370 5443 5442
3 5371 5372 5444
3 5371 5444 5443
3 5372 5373 5445
3 5372 5445 5444
3 5373 5374 5446
3 5373 5446 5445
3 5374 5375 5447
3 5374 5447 5446
3 5375 5376 5448
3 5375 5448 5447
3 5376 5377 5449
3 5376 5449 5448
3 5377 5378 5450
3 5377 5450 5449
3 5378 5379 5451
3 5378 5451 5450
3 5379 5380 5452
3 5379 5452 5451
3 5380 5381 5453
3 5380 5453 5452
3 5381 5382 5454
3 5381 5454 5453
3 5382 5383 5455
3 5382 5455 5454
3 5383 5384 5456
3 5383 5456 5455
3 5384 5385 5457
3 5384 5457 5456
3 5385 5386 5458
3 5385 5458 5457
3 5386 5387 5459
3 5386 5459 5458
3 5387 5388 5460
3 5387 5460 5459
3 5388 5389 5461
3 5388 5461 5460
3 5389 5390 5462
3 5389 5462 5461
3 5390 5391 5463
3 5390 5463 5462
3 5391 5392 5464
3 5391 5464 5463
3 5392 5393 5465
3 5392 5465 5464
3 5393 5394 5466
3 5393 5466 5465
3 5394 5395 5467
3 5394 5467 5466
3 5395 5396 5468
3 5395 5468 5467
3 5396 5397 5469
3 5396 5469 5468
3 5397 5398 5470
3 5397 5470 5469
3 5398 5399 5471
3 5398 5471 5470
3 5399 5328 5400
3 5399 5400 5471
3 5400 5401 5473
3 5400 5473 5472
3 5401 5402 5474
3 5401 5474 5473
3 5402 5403 5475
3 5402 5475 5474
3 5403 5404 5476
3 5403 5476 5475
3 5404 5405 5477
3 5404 5477 5476
3 5405 5406 5478
3 5405 5478 5477
3 5406 5407 5479
3 5406 5479 5478
3 5407 5408 5480
3 5407 5480 5479
3 5408 5409 5481
3 5408 5481 5480
3 5409 5410 5482
3 5409 5482 5481
3 5410 5411 5483
3 5410 5483 5482
3 5411 5412 5484
3 5411 5484 5483
3 5412 5413 5485
3 5412 5485 5484
3 5413 5414 5486
3 5413 5486 5485
3 5414 5415 5487
3 5414 5487 5486
3 5415 5416 5488
3 5415 5488 5487
3 5416 5417 5489
3 5416 5489 5488
3 5417 5418 5490
3 5417 5490 5489
3 5418 5419 5491
3 5418 5491 5490
3 5419 5420 5492
3 5419 5492 5491
3 5420 5421 5493
3 5420 5493 5492
3 5421 5422 5494
3 5421 5494 5493
3 5422 5423 5495
3 5422 5495 5494
3 5423 5424 5496
3 5423 5496 5495
3 5424 5425 5497
3 5424 5497 5496
3 5425 5426 5498
3 5425 5498 5497
3 5426 5427 5499
3 5426 5499 5498
3 5427 5428 5500
3 5427 5500 5499
3 5428 5429 5501
3 5428 5501 5500
3 5429 5430 5502
3 5429 5502 5501
3 5430 5431 5503
3 5430 5503 5502
3 5431 5432 5504
3 5431 5504 5503
3 5432 5433 5505
3 5432 5505 5504
3 5433 5434 5506
3 5433 5506 5505
3 5434 5435 5507
3 5434 5507 5506
3 5435 5436 5508
3 5435 5508 5507
3 5436 5437 5509
3 5436 5509 5508
3 5437 5438 5510
3 5437 5510 5509
3 5438 5439 5511
3 5438 5511 5510
3 5439 5440 5512
3 5439 5512 5511
3 5440 5441 5513
3 5440 5513 5512
3 5441 5442 5514
3 5441 5514 5513
3 5442 5443 5515
3 5442 5515 5514
3 5443 5444 5516
3 5443 5516 5515
3 5444 5445 5517
3 5444 5517 5516
3 5445 5446 5518
3 5445 5518 5517
3 5446 5447 5519
3 5446 5519 5518
3 5447 5448 5520
3 5447 5520 5519
3 5448 5449 5521
3 5448 5521 5520
3 5449 5450 5522
3 5449 5522 5521
3 5450 5451 5523
3 5450 5523 5522
3 5451 5452 5524
3 5451 5524 5523
3 5452 5453 5525
3 5452 5525 5524
3 5453 5454 5526
3 5453 5526 5525
3 5454 5455 5527
3 5454 5527 5526
3 5455 5456 5528
3 5455 5528 5527
3 5456 5457 5529
3 5456 5529 5528
3 5457 5458 5530
3 5457 5530 5529
3 5458 5459 5531
3 5458 5531 5530
3 5459 5460 5532
3 5459 5532 5531
3 5460 5461 5533
3 5460 5533 5532
3 5461 5462 5534
3 5461 5534 5533
3 5462 5463 5535
3 5462 5535 5534
3 5463 5464 5536
3 5463 5536 5535
3 5464 5465 5537
3 5464 5537 5536
3 5465 5466 5538
3 5465 5538 5537
3 5466 5467 5539
3 5466 5539 5538
3 5467 5468 5540
3 5467 5540 5539
3 5468 5469 5541
3 5468 5541 5540
3 5469 5470 5542
3 5469 5542 5541
3 5470 5471 5543
3 5470 5543 5542
3 5471 5400 5472
3 5471 5472 5543
3 5472 5473 5545
3 5472 5545 5544
3 5473 5474 5546
3 5473 5546 5545
3 5474 5475 5547
3 5474 5547 5546
3 5475 5476 5548
3 5475 5548 5547
3 5476 5477 5549
3 5476 5549 5548
3 5477 5478 5550
3 5477 5550 5549
3 5478 5479 5551
3 5478 5551 5550
3 5479 5480 5552
3 5479 5552 5551
3 5480 5481 5553
3 5480 5553 5552
3 5481 5482 5554
3 5481 5554 5553
3 5482 5483 5555
3 5482 5555 5554
3 5483 5484 5556
3 5483 5556 5555
3 5484 5485 5557
3 5484 5557 5556
3 5485 5486 5558
3 5485 5558 5557
3 5486 5487 5559
3 5486 5559 5558
3 5487 5488 5560
3 5487 5560 5559
3 5488 5489 5561
3 5488 5561 5560
3 5489 5490 5562
3 5489 5562 5561
3 5490 5491 5563
3 5490 5563 5562
3 5491 5492 5564
3 5491 5564 5563
3 5492 5493 5565
3 5492 5565 5564
3 5493 5494 5566
3 5493 5566 5565
3 5494 5495 5567
3 5494 5567 5566
3 5495 5496 5568
3 5495 5568 5567
3 5496 5497 5569
3 5496 5569 5568
3 5497 5498 5570
3 5497 5570 5569
3 5498 5499 5571
3 5498 5571 5570
3 5499 5500 5572
3 5499 5572 5571
3 5500 5501 5573
3 5500 5573 5572
3 5501 5502 5574
3 5501 5574 5573
3 5502 5503 5575
3 5502 5575 5574
3 5503 5504 5576
3 5503 5576 5575
3 5504 5505 5577
3 5504 5577 5576
3 5505 5506 5578
3 5505 5578 5577
3 5506 5507 5579
3 5506 5579 5578
3 5507 5508 5580
3 5507 5580 5579
3 5508 5509 5581
3 5508 5581 5580
3 5509 5510 5582
3 5509 5582 5581
3 5510 5511 5583
3 5510 5583 5582
3 5511 5512 5584
3 5511 5584 5583
3 5512 5513 5585
3 5512 5585 5584
3 5513 5514 5586
3 5513 5586 5585
3 5514 5515 5587
3 5514 5587 5586
3 5515 5516 5588
3 5515 5588 5587
3 5516 5517 5589
3 5516 5589 5588
3 5517 5518 5590
3 5517 5590 5589
3 5518 5519 5591
3 5518 5591 5590
3 5519 5520 5592
3 5519 5592 5591
3 5520 5521 5593
3 5520 5593 5592
3 5521 5522 5594
3 5521 5594 5593
3 5522 5523 5595
3 5522 5595 5594
3 5523 5524 5596
3 5523 5596 5595
3 5524 5525 5597
3 5524 5597 5596
3 5525 5526 5598
3 5525 5598 5597
3 5526 5527 5599
3 5526 5599 5598
3 5527 5528 5600
3 5527 5600 5599
3 5528 5529 5601
3 5528 5601 5600
3 5529 5530 5602
3 5529 5602 5601
3 5530 5531 5603
3 5530 5603 5602
3 5531 5532 5604
3 5531 5604 5603
3 5532 5533 5605
3 5532 5605 5604
3 5533 5534 5606
3 5533 5606 5605
3 5534 5535 5607
3 5534 5607 5606
3 5535 5536 5608
3 5535 5608 5607
3 5536 5537 5609
3 5536 5609 5608
3 5537 5538 5610
3 5537 5610 5609
3 5538 5539 5611
3 5538 5611 5610
3 5539 5540 5612
3 5539 5612 5611
3 5540 5541 5613
3 5540 5613 5612
3 5541 5542 5614
3 5541 5614 5613
3 5542 5543 5615
3 5542 5615 5614
3 5543 5472 5544
3 5543 5544 5615
3 5544 5545 5617
3 5544 5617 5616
3 5545 5546 5618
3 5545 5618 5617
3 5546 5547 5619
3 5546 5619 5618
3 5547 5548 5620
3 5547 5620 5619
3 5548 5549 5621
3 5548 5621 5620
3 5549 5550 5622
3 5549 5622 5621
3 5550 5551 5623
3 5550 5623 5622
3 5551 5552 5624
3 5551 5624 5623
3 5552 5553 5625
3 5552 5625 5624
3 5553 5554 5626
3 5553 5626 5625
3 5554 5555 5627
3 5554 5627 5626
3 5555 5556 5628
3 5555 5628 5627
3 5556 5557 5629
3 5556 5629 5628
3 5557 5558 5630
3 5557 5630 5629
3 5558 5559 5631
3 5558 5631 5630
3 5559 5560 5632
3 5559 5632 5631
3 5560 5561 5633
3 5560 5633 5632
3 5561 5562 5634
3 5561 5634 5633
3 5562 5563 5635
3 5562 5635 5634
3 5563 5564 5636
3 5563 5636 5635
3 5564 5565 5637
3 5564 5637 5636
3 5565 5566 5638
3 5565 5638 5637
3 5566 5567 5639
3 5566 5639 5638
3 5567 5568 5640
3 5567 5640 5639
3 5568 5569 5641
3 5568 5641 5640
3 5569 5570 5642
3 5569 5642 5641
3 5570 5571 5643
3 5570 5643 5642
3 5571 5572 5644
3 5571 5644 5643
3 5572 5573 5645
3 5572 5645 5644
3 5573 5574 5646
3 5573 5646 5645
3 5574 5575 5647
3 5574 5647 5646
3 5575 5576 5648
3 5575 5648 5647
3 5576 5577 5649
3 5576 5649 5648
3 5577 5578 5650
3 5577 5650 5649
3 5578 5579 5651
3 5578 5651 5650
3 5579 5580 5652
3 5579 5652 5651
3 5580 5581 5653
3 5580 5653 5652
3 5581 5582 5654
3 5581 5654 5653
3 5582 5583 5655
3 5582 5655 5654
3 5583 5584 5656
3 5583 5656 5655
3 5584 5585 5657
3 5584 5657 5656
3 5585 5586 5658
3 5585 5658 5657
3 5586 5587 5659
3 5586 5659 5658
3 5587 5588 5660
3 5587 5660 5659
3 5588 5589 5661
3 5588 5661 5660
3 5589 5590 5662
3 5589 5662 5661
3 5590 5591 5663
3 5590 5663 5662
3 5591 5592 5664
3 5591 5664 5663
3 5592 5593 5665
3 5592 5665 5664
3 5593 5594 5666
3 5593 5666 5665
3 5594 5595 5667
3 5594 5667 5666
3 5595 5596 5668
3 5595 5668 5667
3 5596 5597 5669
3 5596 5669 5668
3 5597 5598 5670
3 5597 5670 5669
3 5598 5599 5671
3 5598 5671 5670
3 5599 5600 5672
3 5599 5672 5671
3 5600 5601 5673
3 5600 5673 5672
3 5601 5602 5674
3 5601 5674 5673
3 5602 5603 5675
3 5602 5675 5674
3 5603 5604 5676
3 5603 5676 5675
3 5604 5605 5677
3 5604 5677 5676
3 5605 5606 5678
3 5605 5678 5677
3 5606 5607 5679
3 5606 5679 5678
3 5607 5608 5680
3 5607 5680 5679
3 5608 5609 5681
3 5608 5681 5680
3 5609 5610 5682
3 5609 5682 5681
3 5610 5611 5683
3 5610 5683 5682
3 5611 5612 5684
3 5611 5684 5683
3 5612 5613 5685
3 5612 5685 5684
3 5613 5614 5686
3 5613 5686 5685
3 5614 5615 5687
3 5614 5687 5686
3 5615 5544 5616
3 5615 5616 5687
3 5616 5617 5689
3 5616 5689 5688
3 5617 5618 5690
3 5617 5690 5689
3 5618 5619 5691
3 5618 5691 5690
3 5619 5620 5692
3 5619 5692 5691
3 5620 5621 5693
3 5620 5693 5692
3 5621 5622 5694
3 5621 5694 5693
3 5622 5623 5695
3 5622 5695 5694
3 5623 5624 5696
3 5623 5696 5695
3 5624 5625 5697
3 5624 5697 5696
3 5625 5626 5698
3 5625 5698 5697
3 5626 5627 5699
3 5626 5699 5698
3 5627 5628 5700
3 5627 5700 5699
3 5628 5629 5701
3 5628 5701 5700
3 5629 5630 5702
3 5629 5702 5701
3 5630 5631 5703
3 5630 5703 5702
3 5631 5632 5704
3 5631 5704 5703
3 5632 5633 5705
3 5632 5705 5704
3 5633 5634 5706
3 5633 5706 5705
3 5634 5635 5707
3 5634 5707 5706
3 5635 5636 5708
3 5635 5708 5707
3 5636 5637 5709
3 5636 5709 5708
3 5637 5638 5710
3 5637 5710 5709
3 5638 5639 5711
3 5638 5711 5710
3 5639 5640 5712
3 5639 5712 5711
3 5640 5641 5713
3 5640 5713 5712
3 5641 5642 5714
3 5641 5714 5713
3 5642 5643 5715
3 5642 5715 5714
3 5643 5644 5716
3 5643 5716 5715
3 5644 5645 5717
3 5644 5717 5716
3 5645 5646 5718
3 5645 5718 5717
3 5646 5647 5719
3 5646 5719 5718
3 5647 5648 5720
3 5647 5720 5719
3 5648 5649 5721
3 5648 5721 5720
3 5649 5650 5722
3 5649 5722 5721
3 5650 5651 5723
3 5650 5723 5722
3 5651 5652 5724
3 5651 5724 5723
3 5652 5653 5725
3 5652 5725 5724
3 5653 5654 5726
3 5653 5726 5725
3 5654 5655 5727
3 5654 5727 5726
3 5655 5656 5728
3 5655 5728 5727
3 5656 5657 5729
3 5656 5729 5728
3 5657 5658 5730
3 5657 5730 5729
3 5658 5659 5731
3 5658 5731 5730
3 5659 5660 5732
3 5659 5732 5731
3 5660 5661 5733
3 5660 5733 5732
3 5661 5662 5734
3 5661 5734 5733
3 5662 5663 5735
3 5662 5735 5734
3 5663 5664 5736
3 5663 5736 5735
3 5664 5665 5737
3 5664 5737 5736
3 5665 5666 5738
3 5665 5738 5737
3 5666 5667 5739
3 5666 5739 5738
3 5667 5668 5740
3 5667 5740 5739
3 5668 5669 5741
3 5668 5741 5740
3 5669 5670 5742
3 5669 5742 5741
3 5670 5671 5743
3 5670 5743 5742
3 5671 5672 5744
3 5671 5744 5743
3 5672 5673 5745
3 5672 5745 5744
3 5673 5674 5746
3 5673 5746 5745
3 5674 5675 5747
3 5674 5747 5746
3 5675 5676 5748
3 5675 5748 5747
3 5676 5677 5749
3 5676 5749 5748
3 5677 5678 5750
3 5677 5750 5749
3 5678 5679 5751
3 5678 5751 5750
3 5679 5680 5752
3 5679 5752 5751
3 5680 5681 5753
3 5680 5753 5752
3 5681 5682 5754
3 5681 5754 5753
3 5682 5683 5755
3 5682 5755 5754
3 5683 5684 5756
3 5683 5756 5755
3 5684 5685 5757
3 5684 5757 5756
3 5685 5686 5758
3 5685 5758 5757
3 5686 5687 5759
3 5686 5759 5758
3 5687 5616 5688
3 5687 5688 5759
3 5688 5689 5761
3 5688 5761 5760
3 5689 5690 5762
3 5689 5762 5761
3 5690 5691 5763
3 5690 5763 5762
3 5691 5692 5764
3 5691 5764 5763
3 5692 5693 5765
3 5692 5765 5764
3 5693 5694 5766
3 5693 5766 5765
3 5694 5695 5767
3 5694 5767 5766
3 5695 5696 5768
3 5695 5768 5767
3 5696 5697 5769
3 5696 5769 5768
3 5697 5698 5770
3 5697 5770 5769
3 5698 5699 5771
3 5698 5771 5770
3 5699 5700 5772
3 5699 5772 5771
3 5700 5701 5773
3 5700 5773 5772
3 5701 5702 5774
3 5701 5774 5773
3 5702 5703 5775
3 5702 5775 5774
3 5703 5704 5776
3 5703 5776 5775
3 5704 5705 5777
3 5704 5777 5776
3 5705 5706 5778
3 5705 5778 5777
3 5706 5707 5779
3 5706 5779 5778
3 5707 5708 5780
3 5707 5780 5779
3 5708 5709 5781
3 5708 5781 5780
3 5709 5710 5782
3 5709 5782 5781
3 5710 5711 5783
3 5710 5783 5782
3 5711 5712 5784
3 5711 5784 5783
3 5712 5713 5785
3 5712 5785 5784
3 5713 5714 5786
3 5713 5786 5785
3 5714 5715 5787
3 5714 5787 5786
3 5715 5716 5788
3 5715 5788 5787
3 5716 5717 5789
3 5716 5789 5788
3 5717 5718 5790
3 5717 5790 5789
3 5718 5719 5791
3 5718 5791 5790
3 5719 5720 5792
3 5719 5792 5791
3 5720 5721 5793
3 5720 5793 5792
3 5721 5722 5794
3 5721 5794 5793
3 5722 5723 5795
3 5722 5795 5794
3 5723 5724 5796
3 5723 5796 5795
3 5724 5725 5797
3 5724 5797 5796
3 5725 5726 5798
3 5725 5798 5797
3 5726 5727 5799
3 5726 5799 5798
3 5727 5728 5800
3 5727 5800 5799
3 5728 5729 5801
3 5728 5801 5800
3 5729 5730 5802
3 5729 5802 5801
3 5730 5731 5803
3 5730 5803 5802
3 5731 5732 5804
3 5731 5804 5803
3 5732 5733 5805
3 5732 5805 5804
3 5733 5734 5806
3 5733 5806 5805
3 5734 5735 5807
3 5734 5807 5806
3 5735 5736 5808
3 5735 5808 5807
3 5736 5737 5809
3 5736 5809 5808
3 5737 5738 5810
3 5737 5810 5809
3 5738 5739 5811
3 5738 5811 5810
3 5739 5740 5812
3 5739 5812 5811
3 5740 5741 5813
3 5740 5813 5812
3 5741 5742 5814
3 5741 5814 5813
3 5742 5743 5815
3 5742 5815 5814
3 5743 5744 5816
3 5743 5816 5815
3 5744 5745 5817
3 5744 5817 5816
3 5745 5746 5818
3 5745 5818 5817
3 5746 5747 5819
3 5746 5819 5818
3 5747 5748 5820
3 5747 5820 5819
3 5748 5749 5821
3 5748 5821 5820
3 5749 5750 5822
3 5749 5822 5821
3 5750 5751 5823
3 5750 5823 5822
3 5751 5752 5824
3 5751 5824 5823
3 5752 5753 5825
3 5752 5825 5824
3 5753 5754 5826
3 5753 5826 5825
3 5754 5755 5827
3 5754 5827 5826
3 5755 5756 5828
3 5755 5828 5827
3 5756 5757 5829
3 5756 5829 5828
3 5757 5758 5830
3 5757 5830 5829
3 5758 5759 5831
3 5758 5831 5830
3 5759 5688 5760
3 5759 5760 5831
3 5760 5761 5833
3 5760 5833 5832
3 5761 5762 5834
3 5761 5834 5833
3 5762 5763 5835
3 5762 5835 5834
3 5763 5764 5836
3 5763 5836 5835
3 5764 5765 5837
3 5764 5837 5836
3 5765 5766 5838
3 5765 5838 5837
3 5766 5767 5839
3 5766 5839 5838
3 5767 5768 5840
3 5767 5840 5839
3 5768 5769 5841
3 5768 5841 5840
3 5769 5770 5842
3 5769 5842 5841
3 5770 5771 5843
3 5770 5843 5842
3 5771 5772 5844
3 5771 5844 5843
3 5772 5773 5845
3 5772 5845 5844
3 5773 5774 5846
3 5773 5846 5845
3 5774 5775 5847
3 5774 5847 5846
3 5775 5776 5848
3 5775 5848 5847
3 5776 5777 5849
3 5776 5849 5848
3 5777 5778 5850
3 5777 5850 5849
3 5778 5779 5851
3 5778 5851 5850
3 5779 5780 5852
3 5779 5852 5851
3 5780 5781 5853
3 5780 5853 5852
3 5781 5782 5854
3 5781 5854 5853
3 5782 5783 5855
3 5782 5855 5854
3 5783 5784 5856
3 5783 5856 5855
3 5784 5785 5857
3 5784 5857 5856
3 5785 5786 5858
3 5785 5858 5857
3 5786 5787 5859
3 5786 5859 5858
3 5787 5788 5860
3 5787 5860 5859
3 5788 5789 5861
3 5788 5861 5860
3 5789 5790 5862
3 5789 5862 5861
3 5790 5791 5863
3 5790 5863 5862
3 5791 5792 5864
3 5791 5864 5863
3 5792 5793 5865
3 5792 5865 5864
3 5793 5794 5866
3 5793 5866 5865
3 5794 5795 5867
3 5794 5867 5866
3 5795 5796 5868
3 5795 5868 5867
3 5796 5797 5869
3 5796 5869 5868
3 5797 5798 5870
3 5797 5870 5869
3 5798 5799 5871
3 5798 5871 5870
3 5799 5800 5872
3 5799 5872 5871
3 5800 5801 5873
3 5800 5873 5872
3 5801 5802 5874
3 5801 5874 5873
3 5802 5803 5875
3 5802 5875 5874
3 5803 5804 5876
3 5803 5876 5875
3 5804 5805 5877
3 5804 5877 5876
3 5805 5806 5878
3 5805 5878 5877
3 5806 5807 5879
3 5806 5879 5878
3 5807 5808 5880
3 5807 5880 5879
3 5808 5809 5881
3 5808 5881 5880
3 5809 5810 5882
3 5809 5882 5881
3 5810 5811 5883
3 5810 5883 5882
3 5811 5812 5884
3 5811 5884 5883
3 5812 5813 5885
3 5812 5885 5884
3 5813 5814 5886
3 5813 5886 5885
3 5814 5815 5887
3 5814 5887 5886
3 5815 5816 5888
3 5815 5888 5887
3 5816 5817 5889
3 5816 5889 5888
3 5817 5818 5890
3 5817 5890 5889
3 5818 5819 5891
3 5818 5891 5890
3 5819 5820 5892
3 5819 5892 5891
3 5820 5821 5893
3 5820 5893 5892
3 5821 5822 5894
3 5821 5894 5893
3 5822 5823 5895
3 5822 5895 5894
3 5823 5824 5896
3 5823 5896 5895
3 5824 5825 5897
3 5824 5897 5896
3 5825 5826 5898
3 5825 5898 5897
3 5826 5827 5899
3 5826 5899 5898
3 5827 5828 5900
3 5827 5900 5899
3 5828 5829 5901
3 5828 5901 5900
3 5829 5830 5902
3 5829 5902 5901
3 5830 5831 5903
3 5830 5903 5902
3 5831 5760 5832
3 5831 5832 5903
3 5832 5833 5905
3 5832 5905 5904
3 5833 5834 5906
3 5833 5906 5905
3 5834 5835 5907
3 5834 5907 5906
3 5835 5836 5908
3 5835 5908 5907
3 5836 5837 5909
3 5836 5909 5908
3 5837 5838 5910
3 5837 5910 5909
3 5838 5839 5911
3 5838 5911 5910
3 5839 5840 5912
3 5839 5912 5911
3 5840 5841 5913
3 5840 5913 5912
3 5841 5842 5914
3 5841 5914 5913
3 5842 5843 5915
3 5842 5915 5914
3 5843 5844 5916
3 5843 5916 5915
3 5844 5845 5917
3 5844 5917 5916
3 5845 5846 5918
3 5845 5918 5917
3 5846 5847 5919
3 5846 5919 5918
3 5847 5848 5920
3 5847 5920 5919
3 5848 5849 5921
3 5848 5921 5920
3 5849 5850 5922
3 5849 5922 5921
3 5850 5851 5923
3 5850 5923 5922
3 5851 5852 5924
3 5851 5924 5923
3 5852 5853 5925
3 5852 5925 5924
3 5853 5854 5926
3 5853 5926 5925
3 5854 5855 5927
3 5854 5927 5926
3 5855 5856 5928
3 5855 5928 5927
3 5856 5857 5929
3 5856 5929 5928
3 5857 5858 5930
3 5857 5930 5929
3 5858 5859 5931
3 5858 5931 5930
3 5859 5860 5932
3 5859 5932 5931
3 5860 5861 5933
3 5860 5933 5932
3 5861 5862 5934
3 5861 5934 5933
3 5862 5863 5935
3 5862 5935 5934
3 5863 5864 5936
3 5863 5936 5935
3 5864 5865 5937
3 5864 5937 5936
3 5865 5866 5938
3 5865 5938 5937
3 5866 5867 5939
3 5866 5939 5938
3 5867 5868 5940
3 5867 5940 5939
3 5868 5869 5941
3 5868 5941 5940
3 5869 5870 5942
3 5869 5942 5941
3 5870 5871 5943
3 5870 5943 5942
3 5871 5872 5944
3 5871 5944 5943
3 5872 5873 5945
3 5872 5945 5944
3 5873 5874 5946
3 5873 5946 5945
3 5874 5875 5947
3 5874 5947 5946
3 5875 5876 5948
3 5875 5948 5947
3 5876 5877 5949
3 5876 5949 5948
3 5877 5878 5950
3 5877 5950 5949
3 5878 5879 5951
3 5878 5951 5950
3 5879 5880 5952
3 5879 5952 5951
3 5880 5881 5953
3 5880 5953 5952
3 5881 5882 5954
3 5881 5954 5953
3 5882 5883 5955
3 5882 5955 5954
3 5883 5884 5956
3 5883 5956 5955
3 5884 5885 5957
3 5884 5957 5956
3 5885 5886 5958
3 5885 5958 5957
3 5886 5887 5959
3 5886 5959 5958
3 5887 5888 5960
3 5887 5960 5959
3 5888 5889 5961
3 5888 5961 5960
3 5889 5890 5962
3 5889 5962 5961
3 5890 5891 5963
3 5890 5963 5962
3 5891 5892 5964
3 5891 5964 5963
3 5892 5893 5965
3 5892 5965 5964
3 5893 5894 5966
3 5893 5966 5965
3 5894 5895 5967
3 5894 5967 5966
3 5895 5896 5968
3 5895 5968 5967
3 5896 5897 5969
3 5896 5969 5968
3 5897 5898 5970
3 5897 5970 5969
3 5898 5899 5971
3 5898 5971 5970
3 5899 5900 5972
3 5899 5972 5971
3 5900 5901 5973
3 5900 5973 5972
3 5901 5902 5974
3 5901 5974 5973
3 5902 5903 5975
3 5902 5975 5974
3 5903 5832 5904
3 5903 5904 5975
3 5904 5905 5977
3 5904 5977 5976
3 5905 5906 5978
3 5905 5978 5977
3 5906 5907 5979
3 5906 5979 5978
3 5907 5908 5980
3 5907 5980 5979
3 5908 5909 5981
3 5908 5981 5980
3 5909 5910 5982
3 5909 5982 5981
3 5910 5911 5983
3 5910 5983 5982
3 5911 5912 5984
3 5911 5984 5983
3 5912 5913 5985
3 5912 5985 5984
3 5913 5914 5986
3 5913 5986 5985
3 5914 5915 5987
3 5914 5987 5986
3 5915 5916 5988
3 5915 5988 5987
3 5916 5917 5989
3 5916 5989 5988
3 5917 5918 5990
3 5917 5990 5989
3 5918 5919 5991
3 5918 5991 5990
3 5919 5920 5992
3 5919 5992 5991
3 5920 5921 5993
3 5920 5993 5992
3 5921 5922 5994
3 5921 5994 5993
3 5922 5923 5995
3 5922 5995 5994
3 5923 5924 5996
3 5923 5996 5995
3 5924 5925 5997
3 5924 5997 5996
3 5925 5926 5998
3 5925 5998 5997
3 5926 5927 5999
3 5926 5999 5998
3 5927 5928 6000
3 5927 6000 5999
3 5928 5929 6001
3 5928 6001 6000
3 5929 5930 6002
3 5929 6002 6001
3 5930 5931 6003
3 5930 6003 6002
3 5931 5932 6004
3 5931 6004 6003
3 5932 5933 6005
3 5932 6005 6004
3 5933 5934 6006
3 5933 6006 6005
3 5934 5935 6007
3 5934 6007 6006
3 5935 5936 6008
3 5935 6008 6007
3 5936 5937 6009
3 5936 6009 6008
3 5937 5938 6010
3 5937 6010 6009
3 5938 5939 6011
3 5938 6011 6010
3 5939 5940 6012
3 5939 6012 6011
3 5940 5941 6013
3 5940 6013 6012
3 5941 5942 6014
3 5941 6014 6013
3 5942 5943 6015
3 5942 6015 6014
3 5943 5944 6016
3 5943 6016 6015
3 5944 5945 6017
3 5944 6017 6016
3 5945 5946 6018
3 5945 6018 6017
3 5946 5947 6019
3 5946 6019 6018
3 5947 5948 6020
3 5947 6020 6019
3 5948 5949 6021
3 5948 6021 6020
3 5949 5950 6022
3 5949 6022 6021
3 5950 5951 6023
3 5950 6023 6022
3 5951 5952 6024
3 5951 6024 6023
3 5952 5953 6025
3 5952 6025 6024
3 5953 5954 6026
3 5953 6026 6025
3 5954 5955 6027
3 5954 6027 6026
3 5955 5956 6028
3 5955 6028 6027
3 5956 5957 6029
3 5956 6029 6028
3 5957 5958 6030
3 5957 6030 6029
3 5958 5959 6031
3 5958 6031 6030
3 5959 5960 6032
3 5959 6032 6031
3 5960 5961 6033
3 5960 6033 6032
3 5961 5962 6034
3 5961 6034 6033
3 5962 5963 6035
3 5962 6035 6034
3 5963 5964 6036
3 5963 6036 6035
3 5964 5965 6037
3 5964 6037 6036
3 5965 5966 6038
3 5965 6038 6037
3 5966 5967 6039
3 5966 6039 6038
3 5967 5968 6040
3 5967 6040 6039
3 5968 5969 6041
3 5968 6041 6040
3 5969 5970 6042
3 5969 6042 6041
3 5970 5971 6043
3 5970 6043 6042
3 5971 5972 6044
3 5971 6044 6043
3 5972 5973 6045
3 5972 6045 6044
3 5973 5974 6046
3 5973 6046 6045
3 5974 5975 6047
3 5974 6047 6046
3 5975 5904 5976
3 5975 5976 6047
3 5976 5977 6049
3 5976 6049 6048
3 5977 5978 6050
3 5977 6050 6049
3 5978 5979 6051
3 5978 6051 6050
3 5979 5980 6052
3 5979 6052 6051
3 5980 5981 6053
3 5980 6053 6052
3 5981 5982 6054
3 5981 6054 6053
3 5982 5983 6055
3 5982 6055 6054
3 5983 5984 6056
3 5983 6056 6055
3 5984 5985 6057
3 5984 6057 6056
3 5985 5986 6058
3 5985 6058 6057
3 5986 5987 6059
3 5986 6059 6058
3 5987 5988 6060
3 5987 6060 6059
3 5988 5989 6061
3 5988 6061 6060
3 5989 5990 6062
3 5989 6062 6061
3 5990 5991 6063
3 5990 6063 6062
3 5991 5992 6064
3 5991 6064 6063
3 5992 5993 6065
3 5992 6065 6064
3 5993 5994 6066
3 5993 6066 6065
3 5994 5995 6067
3 5994 6067 6066
3 5995 5996 6068
3 5995 6068 6067
3 5996 5997 6069
3 5996 6069 6068
3 5997 5998 6070
3 5997 6070 6069
3 5998 5999 6071
3 5998 6071 6070
3 5999 6000 6072
3 5999 6072 6071
3 6000 6001 6073
3 6000 6073 6072
3 6001 6002 6074
3 6001 6074 6073
3 6002 6003 6075
3 6002 6075 6074
3 6003 6004 6076
3 6003 6076 6075
3 6004 6005 6077
3 6004 6077 6076
3 6005 6006 6078
3 6005 6078 6077
3 6006 6007 6079
3 6006 6079 6078
3 6007 6008 6080
3 6007 6080 6079
3 6008 6009 6081
3 6008 6081 6080
3 6009 6010 6082
3 6009 6082 6081
3 6010 6011 6083
3 6010 6083 6082
3 6011 6012 6084
3 6011 6084 6083
3 6012 6013 6085
3 6012 6085 6084
3 6013 6014 6086
3 6013 6086 6085
3 6014 6015 6087
3 6014 6087 6086
3 6015 6016 6088
3 6015 6088 6087
3 6016 6017 6089
3 6016 6089 6088
3 6017 6018 6090
3 6017 6090 6089
3 6018 6019 6091
3 6018 6091 6090
3 6019 6020 6092
3 6019 6092 6091
3 6020 6021 6093
3 6020 6093 6092
3 6021 6022 6094
3 6021 6094 6093
3 6022 6023 6095
3 6022 6095 6094
3 6023 6024 6096
3 6023 6096 6095
3 6024 6025 6097
3 6024 6097 6096
3 6025 6026 6098
3 6025 6098 6097
3 6026 6027 6099
3 6026 6099 6098
3 6027 6028 6100
3 6027 6100 6099
3 6028 6029 6101
3 6028 6101 6100
3 6029 6030 6102
3 6029 6102 6101
3 6030 6031 6103
3 6030 6103 6102
3 6031 6032 6104
3 6031 6104 6103
3 6032 6033 6105
3 6032 6105 6104
3 6033 6034 6106
3 6033 6106 6105
3 6034 6035 6107
3 6034 6107 6106
3 6035 6036 6108
3 6035 6108 6107
3 6036 6037 6109
3 6036 6109 6108
3 6037 6038 6110
3 6037 6110 6109
3 6038 6039 6111
3 6038 6111 6110
3 6039 6040 6112
3 6039 6112 6111
3 6040 6041 6113
3 6040 6113 6112
3 6041 6042 6114
3 6041 6114 6113
3 6042 6043 6115
3 6042 6115 6114
3 6043 6044 6116
3 6043 6116 6115
3 6044 6045 6117
3 6044 6117 6116
3 6045 6046 6118
3 6045 6118 6117
3 6046 6047 6119
3 6046 6119 6118
3 6047 5976 6048
3 6047 6048 6119
3 6048 6049 6121
3 6048 6121 6120
3 6049 6050 6122
3 6049 6122 6121
3 6050 6051 6123
3 6050 6123 6122
3 6051 6052 6124
3 6051 6124 6123
3 6052 6053 6125
3 6052 6125 6124
3 6053 6054 6126
3 6053 6126 6125
3 6054 6055 6127
3 6054 6127 6126
3 6055 6056 6128
3 6055 6128 6127
3 6056 6057 6129
3 6056 6129 6128
3 6057 6058 6130
3 6057 6130 6129
3 6058 6059 6131
3 6058 6131 6130
3 6059 6060 6132
3 6059 6132 6131
3 6060 6061 6133
3 6060 6133 6132
3 6061 6062 6134
3 6061 6134 6133
3 6062 6063 6135
3 6062 6135 6134
3 6063 6064 6136
3 6063 6136 6135
3 6064 6065 6137
3 6064 6137 6136
3 6065 6066 6138
3 6065 6138 6137
3 6066 6067 6139
3 6066 6139 6138
3 6067 6068 6140
3 6067 6140 6139
3 6068 6069 6141
3 6068 6141 6140
3 6069 6070 6142
3 6069 6142 6141
3 6070 6071 6143
3 6070 6143 6142
3 6071 6072 6144
3 6071 6144 6143
3 6072 6073 6145
3 6072 6145 6144
3 6073 6074 6146
3 6073 6146 6145
3 6074 6075 6147
3 6074 6147 6146
3 6075 6076 6148
3 6075 6148 6147
3 6076 6077 6149
3 6076 6149 6148
3 6077 6078 6150
3 6077 6150 6149
3 6078 6079 6151
3 6078 6151 6150
3 6079 6080 6152
3 6079 6152 6151
3 6080 6081 6153
3 6080 6153 6152
3 6081 6082 6154
3 6081 6154 6153
3 6082 6083 6155
3 6082 6155 6154
3 6083 6084 6156
3 6083 6156 6155
3 6084 6085 6157
3 6084 6157 6156
3 6085 6086 6158
3 6085 6158 6157
3 6086 6087 6159
3 6086 6159 6158
3 6087 6088 6160
3 6087 6160 6159
3 6088 6089 6161
3 6088 6161 6160
3 6089 6090 6162
3 6089 6162 6161
3 6090 6091 6163
3 6090 6163 6162
3 6091 6092 6164
3 6091 6164 6163
3 6092 6093 6165
3 6092 6165 6164
3 6093 6094 6166
3 6093 6166 6165
3 6094 6095 6167
3 6094 6167 6166
3 6095 6096 6168
3 6095 6168 6167
3 6096 6097 6169
3 6096 6169 6168
3 6097 6098 6170
3 6097 6170 6169
3 6098 6099 6171
3 6098 6171 6170
3 6099 6100 6172
3 6099 6172 6171
3 6100 6101 6173
3 6100 6173 6172
3 6101 6102 6174
3 6101 6174 6173
3 6102 6103 6175
3 6102 6175 6174
3 6103 6104 6176
3 6103 6176 6175
3 6104 6105 6177
3 6104 6177 6176
3 6105 6106 6178
3 6105 6178 6177
3 6106 6107 6179
3 6106 6179 6178
3 6107 6108 6180
3 6107 6180 6179
3 6108 6109 6181
3 6108 6181 6180
3 6109 6110 6182
3 6109 6182 6181
3 6110 6111 6183
3 6110 6183 6182
3 6111 6112 6184
3 6111 6184 6183
3 6112 6113 6185
3 6112 6185 6184
3 6113 6114 6186
3 6113 6186 6185
3 6114 6115 6187
3 6114 6187 6186
3 6115 6116 6188
3 6115 6188 6187
3 6116 6117 6189
3 6116 6189 6188
3 6117 6118 6190
3 6117 6190 6189
3 6118 6119 6191
3 6118 6191 6190
3 6119 6048 6120
3 6119 6120 6191
3 6120 6121 6193
3 6120 6193 6192
3 6121 6122 6194
3 6121 6194 6193
3 6122 6123 6195
3 6122 6195 6194
3 6123 6124 6196
3 6123 6196 6195
3 6124 6125 6197
3 6124 6197 6196
3 6125 6126 6198
3 6125 6198 6197
3 6126 6127 6199
3 6126 6199 6198
3 6127 6128 6200
3 6127 6200 6199
3 6128 6129 6201
3 6128 6201 6200
3 6129 6130 6202
3 6129 6202 6201
3 6130 6131 6203
3 6130 6203 6202
3 6131 6132 6204
3 6131 6204 6203
3 6132 6133 6205
3 6132 6205 6204
3 6133 6134 6206
3 6133 6206 6205
3 6134 6135 6207
3 6134 6207 6206
3 6135 6136 6208
3 6135 6208 6207
3 6136 6137 6209
3 6136 6209 6208
3 6137 6138 6210
3 6137 6210 6209
3 6138 6139 6211
3 6138 6211 6210
3 6139 6140 6212
3 6139 6212 6211
3 6140 6141 6213
3 6140 6213 6212
3 6141 6142 6214
3 6141 6214 6213
3 6142 6143 6215
3 6142 6215 6214
3 6143 6144 6216
3 6143 6216 6215
3 6144 6145 6217
3 6144 6217 6216
3 6145 6146 6218
3 6145 6218 6217
3 6146 6147 6219
3 6146 6219 6218
3 6147 6148 6220
3 6147 6220 6219
3 6148 6149 6221
3 6148 6221 6220
3 6149 6150 6222
3 6149 6222 6221
3 6150 6151 6223
3 6150 6223 6222
3 6151 6152 6224
3 6151 6224 6223
3 6152 6153 6225
3 6152 6225 6224
3 6153 6154 6226
3 6153 6226 6225
3 6154 6155 6227
3 6154 6227 6226
3 6155 6156 6228
3 6155 6228 6227
3 6156 6157 6229
3 6156 6229 6228
3 6157 6158 6230
3 6157 6230 6229
3 6158 6159 6231
3 6158 6231 6230
3 6159 6160 6232
3 6159 6232 6231
3 6160 6161 6233
3 6160 6233 6232
3 6161 6162 6234
3 6161 6234 6233
3 6162 6163 6235
3 6162 6235 6234
3 6163 6164 6236
3 6163 6236 6235
3 6164 6165 6237
3 6164 6237 6236
3 6165 6166 6238
3 6165 6238 6237
3 6166 6167 6239
3 6166 6239 6238
3 6167 6168 6240
3 6167 6240 6239
3 6168 6169 6241
3 6168 6241 6240
3 6169 6170 6242
3 6169 6242 6241
3 6170 6171 6243
3 6170 6243 6242
3 6171 6172 6244
3 6171 6244 6243
3 6172 6173 6245
3 6172 6245 6244
3 6173 6174 6246
3 6173 6246 6245
3 6174 6175 6247
3 6174 6247 6246
3 6175 6176 6248
3 6175 6248 6247
3 6176 6177 6249
3 6176 6249 6248
3 6177 6178 6250
3 6177 6250 6249
3 6178 6179 6251
3 6178 6251 6250
3 6179 6180 6252
3 6179 6252 6251
3 6180 6181 6253
3 6180 6253 6252
3 6181 6182 6254
3 6181 6254 6253
3 6182 6183 6255
3 6182 6255 6254
3 6183 6184 6256
3 6183 6256 6255
3 6184 6185 6257
3 6184 6257 6256
3 6185 6186 6258
3 6185 6258 6257
3 6186 6187 6259
3 6186 6259 6258
3 6187 6188 6260
3 6187 6260 6259
3 6188 6189 6261
3 6188 6261 6260
3 6189 6190 6262
3 6189 6262 6261
3 6190 6191 6263
3 6190 6263 6262
3 6191 6120 6192
3 6191 6192 6263
3 6192 6193 6265
3 6192 6265 6264
3 6193 6194 6266
3 6193 6266 6265
3 6194 6195 6267
3 6194 6267 6266
3 6195 6196 6268
3 6195 6268 6267
3 6196 6197 6269
3 6196 6269 6268
3 6197 6198 6270
3 6197 6270 6269
3 6198 6199 6271
3 6198 6271 6270
3 6199 6200 6272
3 6199 6272 6271
3 6200 6201 6273
3 6200 6273 6272
3 6201 6202 6274
3 6201 6274 6273
3 6202 6203 6275
3 6202 6275 6274
3 6203 6204 6276
3 6203 6276 6275
3 6204 6205 6277
3 6204 6277 6276
3 6205 6206 6278
3 6205 6278 6277
3 6206 6207 6279
3 6206 6279 6278
3 6207 6208 6280
3 6207 6280 6279
3 6208 6209 6281
3 6208 6281 6280
3 6209 6210 6282
3 6209 6282 6281
3 6210 6211 6283
3 6210 6283 6282
3 6211 6212 6284
3 6211 6284 6283
3 6212 6213 6285
3 6212 6285 6284
3 6213 6214 6286
3 6213 6286 6285
3 6214 6215 6287
3 6214 6287 6286
3 6215 6216 6288
3 6215 6288 6287
3 6216 6217 6289
3 6216 6289 6288
3 6217 6218 6290
3 6217 6290 6289
3 6218 6219 6291
3 6218 6291 6290
3 6219 6220 6292
3 6219 6292 6291
3 6220 6221 6293
3 6220 6293 6292
3 6221 6222 6294
3 6221 6294 6293
3 6222 6223 6295
3 6222 6295 6294
3 6223 6224 6296
3 6223 6296 6295
3 6224 6225 6297
3 6224 6297 6296
3 6225 6226 6298
3 6225 6298 6297
3 6226 6227 6299
3 6226 6299 6298
3 6227 6228 6300
3 6227 6300 6299
3 6228 6229 6301
3 6228 6301 6300
3 6229 6230 6302
3 6229 6302 6301
3 6230 6231 6303
3 6230 6303 6302
3 6231 6232 6304
3 6231 6304 6303
3 6232 6233 6305
3 6232 6305 6304
3 6233 6234 6306
3 6233 6306 6305
3 6234 6235 6307
3 6234 6307 6306
3 6235 6236 6308
3 6235 6308 6307
3 6236 6237 6309
3 6236 6309 6308
3 6237 6238 6310
3 6237 6310 6309
3 6238 6239 6311
3 6238 6311 6310
3 6239 6240 6312
3 6239 6312 6311
3 6240 6241 6313
3 6240 6313 6312
3 6241 6242 6314
3 6241 6314 6313
3 6242 6243 6315
3 6242 6315 6314
3 6243 6244 6316
3 6243 6316 6315
3 6244 6245 6317
3 6244 6317 6316
3 6245 6246 6318
3 6245 6318 6317
3 6246 6247 6319
3 6246 6319 6318
3 6247 6248 6320
3 6247 6320 6319
3 6248 6249 6321
3 6248 6321 6320
3 6249 6250 6322
3 6249 6322 6321
3 6250 6251 6323
3 6250 6323 6322
3 6251 6252 6324
3 6251 6324 6323
3 6252 6253 6325
3 6252 6325 6324
3 6253 6254 6326
3 6253 6326 6325
3 6254 6255 6327
3 6254 6327 6326
3 6255 6256 6328
3 6255 6328 6327
3 6256 6257 6329
3 6256 6329 6328
3 6257 6258 6330
3 6257 6330 6329
3 6258 6259 6331
3 6258 6331 6330
3 6259 6260 6332
3 6259 6332 6331
3 6260 6261 6333
3 6260 6333 6332
3 6261 6262 6334
3 6261 6334 6333
3 6262 6263 6335
3 6262 6335 6334
3 6263 6192 6264
3 6263 6264 6335
3 6264 6265 6337
3 6264 6337 6336
3 6265 6266 6338
3 6265 6338 6337
3 6266 6267 6339
3 6266 6339 6338
3 6267 6268 6340
3 6267 6340 6339
3 6268 6269 6341
3 6268 6341 6340
3 6269 6270 6342
3 6269 6342 6341
3 6270 6271 6343
3 6270 6343 6342
3 6271 6272 6344
3 6271 6344 6343
3 6272 6273 6345
3 6272 6345 6344
3 6273 6274 6346
3 6273 6346 6345
3 6274 6275 6347
3 6274 6347 6346
3 6275 6276 6348
3 6275 6348 6347
3 6276 6277 6349
3 6276 6349 6348
3 6277 6278 6350
3 6277 6350 6349
3 6278 6279 6351
3 6278 6351 6350
3 6279 6280 6352
3 6279 6352 6351
3 6280 6281 6353
3 6280 6353 6352
3 6281 6282 6354
3 6281 6354 6353
3 6282 6283 6355
3 6282 6355 6354
3 6283 6284 6356
3 6283 6356 6355
3 6284 6285 6357
3 6284 6357 6356
3 6285 6286 6358
3 6285 6358 6357
3 6286 6287 6359
3 6286 6359 6358
3 6287 6288 6360
3 6287 6360 6359
3 6288 6289 6361
3 6288 6361 6360
3 6289 6290 6362
3 6289 6362 6361
3 6290 6291 6363
3 6290 6363 6362
3 6291 6292 6364
3 6291 6364 6363
3 6292 6293 6365
3 6292 6365 6364
3 6293 6294 6366
3 6293 6366 6365
3 6294 6295 6367
3 6294 6367 6366
3 6295 6296 6368
3 6295 6368 6367
3 6296 6297 6369
3 6296 6369 6368
3 6297 6298 6370
3 6297 6370 6369
3 6298 6299 6371
3 6298 6371 6370
3 6299 6300 6372
3 6299 6372 6371
3 6300 6301 6373
3 6300 6373 6372
3 6301 6302 6374
3 6301 6374 6373
3 6302 6303 6375
3 6302 6375 6374
3 6303 6304 6376
3 6303 6376 6375
3 6304 6305 6377
3 6304 6377 6376
3 6305 6306 6378
3 6305 6378 6377
3 6306 6307 6379
3 6306 6379 6378
3 6307 6308 6380
3 6307 6380 6379
3 6308 6309 6381
3 6308 6381 6380
3 6309 6310 6382
3 6309 6382 6381
3 6310 6311 6383
3 6310 6383 6382
3 6311 6312 6384
3 6311 6384 6383
3 6312 6313 6385
3 6312 6385 6384
3 6313 6314 6386
3 6313 6386 6385
3 6314 6315 6387
3 6314 6387 6386
3 6315 6316 6388
3 6315 6388 6387
3 6316 6317 6389
3 6316 6389 6388
3 6317 6318 6390
3 6317 6390 6389
3 6318 6319 6391
3 6318 6391 6390
3 6319 6320 6392
3 6319 6392 6391
3 6320 6321 6393
3 6320 6393 6392
3 6321 6322 6394
3 6321 6394 6393
3 6322 6323 6395
3 6322 6395 6394
3 6323 6324 6396
3 6323 6396 6395
3 6324 6325 6397
3 6324 6397 6396
3 6325 6326 6398
3 6325 6398 6397
3 6326 6327 6399
3 6326 6399 6398
3 6327 6328 6400
3 6327 6400 6399
3 6328 6329 6401
3 6328 6401 6400
3 6329 6330 6402
3 6329 6402 6401
3 6330 6331 6403
3 6330 6403 6402
3 6331 6332 6404
3 6331 6404 6403
3 6332 6333 6405
3 6332 6405 6404
3 6333 6334 6406
3 6333 6406 6405
3 6334 6335 6407
3 6334 6407 6406
3 6335 6264 6336
3 6335 6336 6407
3 6336 6337 6409
3 6336 6409 6408
3 6337 6338 6410
3 6337 6410 6409
3 6338 6339 6411
3 6338 6411 6410
3 6339 6340 6412
3 6339 6412 6411
3 6340 6341 6413
3 6340 6413 6412
3 6341 6342 6414
3 6341 6414 6413
3 6342 6343 6415
3 6342 6415 6414
3 6343 6344 6416
3 6343 6416 6415
3 6344 6345 6417
3 6344 6417 6416
3 6345 6346 6418
3 6345 6418 6417
3 6346 6347 6419
3 6346 6419 6418
3 6347 6348 6420
3 6347 6420 6419
3 6348 6349 6421
3 6348 6421 6420
3 6349 6350 6422
3 6349 6422 6421
3 6350 6351 6423
3 6350 6423 6422
3 6351 6352 6424
3 6351 6424 6423
3 6352 6353 6425
3 6352 6425 6424
3 6353 6354 6426
3 6353 6426 6425
3 6354 6355 6427
3 6354 6427 6426
3 6355 6356 6428
3 6355 6428 6427
3 6356 6357 6429
3 6356 6429 6428
3 6357 6358 6430
3 6357 6430 6429
3 6358 6359 6431
3 6358 6431 6430
3 6359 6360 6432
3 6359 6432 6431
3 6360 6361 6433
3 6360 6433 6432
3 6361 6362 6434
3 6361 6434 6433
3 6362 6363 6435
3 6362 6435 6434
3 6363 6364 6436
3 6363 6436 6435
3 6364 6365 6437
3 6364 6437 6436
3 6365 6366 6438
3 6365 6438 6437
3 6366 6367 6439
3 6366 6439 6438
3 6367 6368 6440
3 6367 6440 6439
3 6368 6369 6441
3 6368 6441 6440
3 6369 6370 6442
3 6369 6442 6441
3 6370 6371 6443
3 6370 6443 6442
3 6371 6372 6444
3 6371 6444 6443
3 6372 6373 6445
3 6372 6445 6444
3 6373 6374 6446
3 6373 6446 6445
3 6374 6375 6447
3 6374 6447 6446
3 6375 6376 6448
3 6375 6448 6447
3 6376 6377 6449
3 6376 6449 6448
3 6377 6378 6450
3 6377 6450 6449
3 6378 6379 6451
3 6378 6451 6450
3 6379 6380 6452
3 6379 6452 6451
3 6380 6381 6453
3 6380 6453 6452
3 6381 6382 6454
3 6381 6454 6453
3 6382 6383 6455
3 6382 6455 6454
3 6383 6384 6456
3 6383 6456 6455
3 6384 6385 6457
3 6384 6457 6456
3 6385 6386 6458
3 6385 6458 6457
3 6386 6387 6459
3 6386 6459 6458
3 6387 6388 6460
3 6387 6460 6459
3 6388 6389 6461
3 6388 6461 6460
3 6389 6390 6462
3 6389 6462 6461
3 6390 6391 6463
3 6390 6463 6462
3 6391 6392 6464
3 6391 6464 6463
3 6392 6393 6465
3 6392 6465 6464
3 6393 6394 6466
3 6393 6466 6465
3 6394 6395 6467
3 6394 6467 6466
3 6395 6396 6468
3 6395 6468 6467
3 6396 6397 6469
3 6396 6469 6468
3 6397 6398 6470
3 6397 6470 6469
3 6398 6399 6471
3 6398 6471 6470
3 6399 6400 6472
3 6399 6472 6471
3 6400 6401 6473
3 6400 6473 6472
3 6401 6402 6474
3 6401 6474 6473
3 6402 6403 6475
3 6402 6475 6474
3 6403 6404 6476
3 6403 6476 6475
3 6404 6405 6477
3 6404 6477 6476
3 6405 6406 6478
3 6405 6478 6477
3 6406 6407 6479
3 6406 6479 6478
3 6407 6336 6408
3 6407 6408 6479
3 6408 6409 6481
3 6408 6481 6480
3 6409 6410 6482
3 6409 6482 6481
3 6410 6411 6483
3 6410 6483 6482
3 6411 6412 6484
3 6411 6484 6483
3 6412 6413 6485
3 6412 6485 6484
3 6413 6414 6486
3 6413 6486 6485
3 6414 6415 6487
3 6414 6487 6486
3 6415 6416 6488
3 6415 6488 6487
3 6416 6417 6489
3 6416 6489 6488
3 6417 6418 6490
3 6417 6490 6489
3 6418 6419 6491
3 6418 6491 6490
3 6419 6420 6492
3 6419 6492 6491
3 6420 6421 6493
3 6420 6493 6492
3 6421 6422 6494
3 6421 6494 6493
3 6422 6423 6495
3 6422 6495 6494
3 6423 6424 6496
3 6423 6496 6495
3 6424 6425 6497
3 6424 6497 6496
3 6425 6426 6498
3 6425 6498 6497
3 6426 6427 6499
3 6426 6499 6498
3 6427 6428 6500
3 6427 6500 6499
3 6428 6429 6501
3 6428 6501 6500
3 6429 6430 6502
3 6429 6502 6501
3 6430 6431 6503
3 6430 6503 6502
3 6431 6432 6504
3 6431 6504 6503
3 6432 6433 6505
3 6432 6505 6504
3 6433 6434 6506
3 6433 6506 6505
3 6434 6435 6507
3 6434 6507 6506
3 6435 6436 6508
3 6435 6508 6507
3 6436 6437 6509
3 6436 6509 6508
3 6437 6438 6510
3 6437 6510 6509
3 6438 6439 6511
3 6438 6511 6510
3 6439 6440 6512
3 6439 6512 6511
3 6440 6441 6513
3 6440 6513 6512
3 6441 6442 6514
3 6441 6514 6513
3 6442 6443 6515
3 6442 6515 6514
3 6443 6444 6516
3 6443 6516 6515
3 6444 6445 6517
3 6444 6517 6516
3 6445 6446 6518
3 6445 6518 6517
3 6446 6447 6519
3 6446 6519 6518
3 6447 6448 6520
3 6447 6520 6519
3 6448 6449 6521
3 6448 6521 6520
3 6449 6450 6522
3 6449 6522 6521
3 6450 6451 6523
3 6450 6523 6522
3 6451 6452 6524
3 6451 6524 6523
3 6452 6453 6525
3 6452 6525 6524
3 6453 6454 6526
3 6453 6526 6525
3 6454 6455 6527
3 6454 6527 6526
3 6455 6456 6528
3 6455 6528 6527
3 6456 6457 6529
3 6456 6529 6528
3 6457 6458 6530
3 6457 6530 6529
3 6458 6459 6531
3 6458 6531 6530
3 6459 6460 6532
3 6459 6532 6531
3 6460 6461 6533
3 6460 6533 6532
3 6461 6462 6534
3 6461 6534 6533
3 6462 6463 6535
3 6462 6535 6534
3 6463 6464 6536
3 6463 6536 6535
3 6464 6465 6537
3 6464 6537 6536
3 6465 6466 6538
3 6465 6538 6537
3 6466 6467 6539
3 6466 6539 6538
3 6467 6468 6540
3 6467 6540 6539
3 6468 6469 6541
3 6468 6541 6540
3 6469 6470 6542
3 6469 6542 6541
3 6470 6471 6543
3 6470 6543 6542
3 6471 6472 6544
3 6471 6544 6543
3 6472 6473 6545
3 6472 6545 6544
3 6473 6474 6546
3 6473 6546 6545
3 6474 6475 6547
3 6474 6547 6546
3 6475 6476 6548
3 6475 6548 6547
3 6476 6477 6549
3 6476 6549 6548
3 6477 6478 6550
3 6477 6550 6549
3 6478 6479 6551
3 6478 6551 6550
3 6479 6408 6480
3 6479 6480 6551
3 6480 6481 6553
3 6480 6553 6552
3 6481 6482 6554
3 6481 6554 6553
3 6482 6483 6555
3 6482 6555 6554
3 6483 6484 6556
3 6483 6556 6555
3 6484 6485 6557
3 6484 6557 6556
3 6485 6486 6558
3 6485 6558 6557
3 6486 6487 6559
3 6486 6559 6558
3 6487 6488 6560
3 6487 6560 6559
3 6488 6489 6561
3 6488 6561 6560
3 6489 6490 6562
3 6489 6562 6561
3 6490 6491 6563
3 6490 6563 6562
3 6491 6492 6564
3 6491 6564 6563
3 6492 6493 6565
3 6492 6565 6564
3 6493 6494 6566
3 6493 6566 6565
3 6494 6495 6567
3 6494 6567 6566
3 6495 6496 6568
3 6495 6568 6567
3 6496 6497 6569
3 6496 6569 6568
3 6497 6498 6570
3 6497 6570 6569
3 6498 6499 6571
3 6498 6571 6570
3 6499 6500 6572
3 6499 6572 6571
3 6500 6501 6573
3 6500 6573 6572
3 6501 6502 6574
3 6501 6574 6573
3 6502 6503 6575
3 6502 6575 6574
3 6503 6504 6576
3 6503 6576 6575
3 6504 6505 6577
3 6504 6577 6576
3 6505 6506 6578
3 6505 6578 6577
3 6506 6507 6579
3 6506 6579 6578
3 6507 6508 6580
3 6507 6580 6579
3 6508 6509 6581
3 6508 6581 6580
3 6509 6510 6582
3 6509 6582 6581
3 6510 6511 6583
3 6510 6583 6582
3 6511 6512 6584
3 6511 6584 6583
3 6512 6513 6585
3 6512 6585 6584
3 6513 6514 6586
3 6513 6586 6585
3 6514 6515 6587
3 6514 6587 6586
3 6515 6516 6588
3 6515 6588 6587
3 6516 6517 6589
3 6516 6589 6588
3 6517 6518 6590
3 6517 6590 6589
3 6518 6519 6591
3 6518 6591 6590
3 6519 6520 6592
3 6519 6592 6591
3 6520 6521 6593
3 6520 6593 6592
3 6521 6522 6594
3 6521 6594 6593
3 6522 6523 6595
3 6522 6595 6594
3 6523 6524 6596
3 6523 6596 6595
3 6524 6525 6597
3 6524 6597 6596
3 6525 6526 6598
3 6525 6598 6597
3 6526 6527 6599
3 6526 6599 6598
3 6527 6528 6600
3 6527 6600 6599
3 6528 6529 6601
3 6528 6601 6600
3 6529 6530 6602
3 6529 6602 6601
3 6530 6531 6603
3 6530 6603 6602
3 6531 6532 6604
3 6531 6604 6603
3 6532 6533 6605
3 6532 6605 6604
3 6533 6534 6606
3 6533 6606 6605
3 6534 6535 6607
3 6534 6607 6606
3 6535 6536 6608
3 6535 6608 6607
3 6536 6537 6609
3 6536 6609 6608
3 6537 6538 6610
3 6537 6610 6609
3 6538 6539 6611
3 6538 6611 6610
3 6539 6540 6612
3 6539 6612 6611
3 6540 6541 6613
3 6540 6613 6612
3 6541 6542 6614
3 6541 6614 6613
3 6542 6543 6615
3 6542 6615 6614
3 6543 6544 6616
3 6543 6616 6615
3 6544 6545 6617
3 6544 6617 6616
3 6545 6546 6618
3 6545 6618 6617
3 6546 6547 6619
3 6546 6619 6618
3 6547 6548 6620
3 6547 6620 6619
3 6548 6549 6621
3 6548 6621 6620
3 6549 6550 6622
3 6549 6622 6621
3 6550 6551 6623
3 6550 6623 6622
3 6551 6480 6552
3 6551 6552 6623
3 6552 6553 6625
3 6552 6625 6624
3 6553 6554 6626
3 6553 6626 6625
3 6554 6555 6627
3 6554 6627 6626
3 6555 6556 6628
3 6555 6628 6627
3 6556 6557 6629
3 6556 6629 6628
3 6557 6558 6630
3 6557 6630 6629
3 6558 6559 6631
3 6558 6631 6630
3 6559 6560 6632
3 6559 6632 6631
3 6560 6561 6633
3 6560 6633 6632
3 6561 6562 6634
3 6561 6634 6633
3 6562 6563 6635
3 6562 6635 6634
3 6563 6564 6636
3 6563 6636 6635
3 6564 6565 6637
3 6564 6637 6636
3 6565 6566 6638
3 6565 6638 6637
3 6566 6567 6639
3 6566 6639 6638
3 6567 6568 6640
3 6567 6640 6639
3 6568 6569 6641
3 6568 6641 6640
3 6569 6570 6642
3 6569 6642 6641
3 6570 6571 6643
3 6570 6643 6642
3 6571 6572 6644
3 6571 6644 6643
3 6572 6573 6645
3 6572 6645 6644
3 6573 6574 6646
3 6573 6646 6645
3 6574 6575 6647
3 6574 6647 6646
3 6575 6576 6648
3 6575 6648 6647
3 6576 6577 6649
3 6576 6649 6648
3 6577 6578 6650
3 6577 6650 6649
3 6578 6579 6651
3 6578 6651 6650
3 6579 6580 6652
3 6579 6652 6651
3 6580 6581 6653
3 6580 6653 6652
3 6581 6582 6654
3 6581 6654 6653
3 6582 6583 6655
3 6582 6655 6654
3 6583 6584 6656
3 6583 6656 6655
3 6584 6585 6657
3 6584 6657 6656
3 6585 6586 6658
3 6585 6658 6657
3 6586 6587 6659
3 6586 6659 6658
3 6587 6588 6660
3 6587 6660 6659
3 6588 6589 6661
3 6588 6661 6660
3 6589 6590 6662
3 6589 6662 6661
3 6590 6591 6663
3 6590 6663 6662
3 6591 6592 6664
3 6591 6664 6663
3 6592 6593 6665
3 6592 6665 6664
3 6593 6594 6666
3 6593 6666 6665
3 6594 6595 6667
3 6594 6667 6666
3 6595 6596 6668
3 6595 6668 6667
3 6596 6597 6669
3 6596 6669 6668
3 6597 6598 6670
3 6597 6670 6669
3 6598 6599 6671
3 6598 6671 6670
3 6599 6600 6672
3 6599 6672 6671
3 6600 6601 6673
3 6600 6673 6672
3 6601 6602 6674
3 6601 6674 6673
3 6602 6603 6675
3 6602 6675 6674
3 6603 6604 6676
3 6603 6676 6675
3 6604 6605 6677
3 6604 6677 6676
3 6605 6606 6678
3 6605 6678 6677
3 6606 6607 6679
3 6606 6679 6678
3 6607 6608 6680
3 6607 6680 6679
3 6608 6609 6681
3 6608 6681 6680
3 6609 6610 6682
3 6609 6682 6681
3 6610 6611 6683
3 6610 6683 6682
3 6611 6612 6684
3 6611 6684 6683
3 6612 6613 6685
3 6612 6685 6684
3 6613 6614 6686
3 6613 6686 6685
3 6614 6615 6687
3 6614 6687 6686
3 6615 6616 6688
3 6615 6688 6687
3 6616 6617 6689
3 6616 6689 6688
3 6617 6618 6690
3 6617 6690 6689
3 6618 6619 6691
3 6618 6691 6690
3 6619 6620 6692
3 6619 6692 6691
3 6620 6621 6693
3 6620 6693 6692
3 6621 6622 6694
3 6621 6694 6693
3 6622 6623 6695
3 6622 6695 6694
3 6623 6552 6624
3 6623 6624 6695
3 6624 6625 6697
3 6624 6697 6696
3 6625 6626 6698
3 6625 6698 6697
3 6626 6627 6699
3 6626 6699 6698
3 6627 6628 6700
3 6627 6700 6699
3 6628 6629 6701
3 6628 6701 6700
3 6629 6630 6702
3 6629 6702 6701
3 6630 6631 6703
3 6630 6703 6702
3 6631 6632 6704
3 6631 6704 6703
3 6632 6633 6705
3 6632 6705 6704
3 6633 6634 6706
3 6633 6706 6705
3 6634 6635 6707
3 6634 6707 6706
3 6635 6636 6708
3 6635 6708 6707
3 6636 6637 6709
3 6636 6709 6708
3 6637 6638 6710
3 6637 6710 6709
3 6638 6639 6711
3 6638 6711 6710
3 6639 6640 6712
3 6639 6712 6711
3 6640 6641 6713
3 6640 6713 6712
3 6641 6642 6714
3 6641 6714 6713
3 6642 6643 6715
3 6642 6715 6714
3 6643 6644 6716
3 6643 6716 6715
3 6644 6645 6717
3 6644 6717 6716
3 6645 6646 6718
3 6645 6718 6717
3 6646 6647 6719
3 6646 6719 6718
3 6647 6648 6720
3 6647 6720 6719
3 6648 6649 6721
3 6648 6721 6720
3 6649 6650 6722
3 6649 6722 6721
3 6650 6651 6723
3 6650 6723 6722
3 6651 6652 6724
3 6651 6724 6723
3 6652 6653 6725
3 6652 6725 6724
3 6653 6654 6726
3 6653 6726 6725
3 6654 6655 6727
3 6654 6727 6726
3 6655 6656 6728
3 6655 6728 6727
3 6656 6657 6729
3 6656 6729 6728
3 6657 6658 6730
3 6657 6730 6729
3 6658 6659 6731
3 6658 6731 6730
3 6659 6660 6732
3 6659 6732 6731
3 6660 6661 6733
3 6660 6733 6732
3 6661 6662 6734
3 6661 6734 6733
3 6662 6663 6735
3 6662 6735 6734
3 6663 6664 6736
3 6663 6736 6735
3 6664 6665 6737
3 6664 6737 6736
3 6665 6666 6738
3 6665 6738 6737
3 6666 6667 6739
3 6666 6739 6738
3 6667 6668 6740
3 6667 6740 6739
3 6668 6669 6741
3 6668 6741 6740
3 6669 6670 6742
3 6669 6742 6741
3 6670 6671 6743
3 6670 6743 6742
3 6671 6672 6744
3 6671 6744 6743
3 6672 6673 6745
3 6672 6745 6744
3 6673 6674 6746
3 6673 6746 6745
3 6674 6675 6747
3 6674 6747 6746
3 6675 6676 6748
3 6675 6748 6747
3 6676 6677 6749
3 6676 6749 6748
3 6677 6678 6750
3 6677 6750 6749
3 6678 6679 6751
3 6678 6751 6750
3 6679 6680 6752
3 6679 6752 6751
3 6680 6681 6753
3 6680 6753 6752
3 6681 6682 6754
3 6681 6754 6753
3 6682 6683 6755
3 6682 6755 6754
3 6683 6684 6756
3 6683 6756 6755
3 6684 6685 6757
3 6684 6757 6756
3 6685 6686 6758
3 6685 6758 6757
3 6686 6687 6759
3 6686 6759 6758
3 6687 6688 6760
3 6687 6760 6759
3 6688 6689 6761
3 6688 6761 6760
3 6689 6690 6762
3 6689 6762 6761
3 6690 6691 6763
3 6690 6763 6762
3 6691 6692 6764
3 6691 6764 6763
3 6692 6693 6765
3 6692 6765 6764
3 6693 6694 6766
3 6693 6766 6765
3 6694 6695 6767
3 6694 6767 6766
3 6695 6624 6696
3 6695 6696 6767
3 6696 6697 6769
3 6696 6769 6768
3 6697 6698 6770
3 6697 6770 6769
3 6698 6699 6771
3 6698 6771 6770
3 6699 6700 6772
3 6699 6772 6771
3 6700 6701 6773
3 6700 6773 6772
3 6701 6702 6774
3 6701 6774 6773
3 6702 6703 6775
3 6702 6775 6774
3 6703 6704 6776
3 6703 6776 6775
3 6704 6705 6777
3 6704 6777 6776
3 6705 6706 6778
3 6705 6778 6777
3 6706 6707 6779
3 6706 6779 6778
3 6707 6708 6780
3 6707 6780 6779
3 6708 6709 6781
3 6708 6781 6780
3 6709 6710 6782
3 6709 6782 6781
3 6710 6711 6783
3 6710 6783 6782
3 6711 6712 6784
3 6711 6784 6783
3 6712 6713 6785
3 6712 6785 6784
3 6713 6714 6786
3 6713 6786 6785
3 6714 6715 6787
3 6714 6787 6786
3 6715 6716 6788
3 6715 6788 6787
3 6716 6717 6789
3 6716 6789 6788
3 6717 6718 6790
3 6717 6790 6789
3 6718 6719 6791
3 6718 6791 6790
3 6719 6720 6792
3 6719 6792 6791
3 6720 6721 6793
3 6720 6793 6792
3 6721 6722 6794
3 6721 6794 6793
3 6722 6723 6795
3 6722 6795 6794
3 6723 6724 6796
3 6723 6796 6795
3 6724 6725 6797
3 6724 6797 6796
3 6725 6726 6798
3 6725 6798 6797
3 6726 6727 6799
3 6726 6799 6798
3 6727 6728 6800
3 6727 6800 6799
3 6728 6729 6801
3 6728 6801 6800
3 6729 6730 6802
3 6729 6802 6801
3 6730 6731 6803
3 6730 6803 6802
3 6731 6732 6804
3 6731 6804 6803
3 6732 6733 6805
3 6732 6805 6804
3 6733 6734 6806
3 6733 6806 6805
3 6734 6735 6807
3 6734 6807 6806
3 6735 6736 6808
3 6735 6808 6807
3 6736 6737 6809
3 6736 6809 6808
3 6737 6738 6810
3 6737 6810 6809
3 6738 6739 6811
3 6738 6811 6810
3 6739 6740 6812
3 6739 6812 6811
3 6740 6741 6813
3 6740 6813 6812
3 6741 6742 6814
3 6741 6814 6813
3 6742 6743 6815
3 6742 6815 6814
3 6743 6744 6816
3 6743 6816 6815
3 6744 6745 6817
3 6744 6817 6816
3 6745 6746 6818
3 6745 6818 6817
3 6746 6747 6819
3 6746 6819 6818
3 6747 6748 6820
3 6747 6820 6819
3 6748 6749 6821
3 6748 6821 6820
3 6749 6750 6822
3 6749 6822 6821
3 6750 6751 6823
3 6750 6823 6822
3 6751 6752 6824
3 6751 6824 6823
3 6752 6753 6825
3 6752 6825 6824
3 6753 6754 6826
3 6753 6826 6825
3 6754 6755 6827
3 6754 6827 6826
3 6755 6756 6828
3 6755 6828 6827
3 6756 6757 6829
3 6756 6829 6828
3 6757 6758 6830
3 6757 6830 6829
3 6758 6759 6831
3 6758 6831 6830
3 6759 6760 6832
3 6759 6832 6831
3 6760 6761 6833
3 6760 6833 6832
3 6761 6762 6834
3 6761 6834 6833
3 6762 6763 6835
3 6762 6835 6834
3 6763 6764 6836
3 6763 6836 6835
3 6764 6765 6837
3 6764 6837 6836
3 6765 6766 6838
3 6765 6838 6837
3 6766 6767 6839
3 6766 6839 6838
3 6767 6696 6768
3 6767 6768 6839
3 6840 1 0
3 6841 6768 6769
3 6840 2 1
3 6841 6769 6770
3 6840 3 2
3 6841 6770 6771
3 6840 4 3
3 6841 6771 6772
3 6840 5 4
3 6841 6772 6773
3 6840 6 5
3 6841 6773 6774
3 6840 7 6
3 6841 6774 6775
3 6840 8 7
3 6841 6775 6776
3 6840 9 8
3 6841 6776 6777
3 6840 10 9
3 6841 6777 6778
3 6840 11 10
3 6841 6778 6779
3 6840 12 11
3 6841 6779 6780
3 6840 13 12
3 6841 6780 6781
3 6840 14 13
3 6841 6781 6782
3 6840 15 14
3 6841 6782 6783
3 6840 16 15
3 6841 6783 6784
3 6840 17 16
3 6841 6784 6785
3 6840 18 17
3 6841 6785 6786
3 6840 19 18
3 6841 6786 6787
3 6840 20 19
3 6841 6787 6788
3 6840 21 20
3 6841 6788 6789
3 6840 22 21
3 6841 6789 6790
3 6840 23 22
3 6841 6790 6791
3 6840 24 23
3 6841 6791 6792
3 6840 25 24
3 6841 6792 6793
3 6840 26 25
3 6841 6793 6794
3 6840 27 26
3 6841 6794 6795
3 6840 28 27
3 6841 6795 6796
3 6840 29 28
3 6841 6796 6797
3 6840 30 29
3 6841 6797 6798
3 6840 31 30
3 6841 6798 6799
3 6840 32 31
3 6841 6799 6800
3 6840 33 32
3 6841 6800 6801
3 6840 34 33
3 6841 6801 6802
3 6840 35 34
3 6841 6802 6803
3 6840 36 35
3 6841 6803 6804
3 6840 37 36
3 6841 6804 6805
3 6840 38 37
3 6841 6805 6806
3 6840 39 38
3 6841 6806 6807
3 6840 40 39
3 6841 6807 6808
3 6840 41 40
3 6841 6808 6809
3 6840 42 41
3 6841 6809 6810
3 6840 43 42
3 6841 6810 6811
3 6840 44 43
3 6841 6811 6812
3 6840 45 44
3 6841 6812 6813
3 6840 46 45
3 6841 6813 6814
3 6840 47 46
3 6841 6814 6815
3 6840 48 47
3 6841 6815 6816
3 6840 49 48
3 6841 6816 6817
3 6840 50 49
3 6841 6817 6818
3 6840 51 50
3 6841 6818 6819
3 6840 52 51
3 6841 6819 6820
3 6840 53 52
3 6841 6820 6821
3 6840 54 53
3 6841 6821 6822
3 6840 55 54
3 6841 6822 6823
3 6840 56 55
3 6841 6823 6824
3 6840 57 56
3 6841 6824 6825
3 6840 58 57
3 6841 6825 6826
3 6840 59 58
3 6841 6826 6827
3 6840 60 59
3 6841 6827 6828
3 6840 61 60
3 6841 6828 6829
3 6840 62 61
3 6841 6829 6830
3 6840 63 62
3 6841 6830 6831
3 6840 64 63
3 6841 6831 6832
3 6840 65 64
3 6841 6832 6833
3 6840 66 65
3 6841 6833 6834
3 6840 67 66
3 6841 6834 6835
3 6840 68 67
3 6841 6835 6836
3 6840 69 68
3 6841 6836 6837
3 6840 70 69
3 6841 6837 6838
3 6840 71 70
3 6841 6838 6839
3 6840 0 71
3 6841 6839 6768
