z_mm,angle_deg,radius_mm,radial_deviation_from_baseline_mm
0.25,2.5,6.299975765887092,0.052114035761520405
0.25,7.5,6.426114522760833,0.17825279263526106
0.25,12.5,6.464652658890155,0.21679092876458306
0.25,17.5,6.485811636368421,0.23794990624284917
0.25,22.5,6.362009815461681,0.11414808533610898
0.25,27.5,6.329136456676384,0.08127472655081203
0.25,32.5,6.366931492674752,0.11906976254917989
0.25,37.5,6.367352267130933,0.11949053700536094
0.25,42.5,6.471328026040824,0.22346629591525247
0.25,47.5,6.439555001809291,0.19169327168371897
0.25,52.5,6.50223874728181,0.25437701715623806
0.25,57.5,6.571113631201997,0.323251901076425
0.25,62.5,6.623420335855224,0.37555860572965205
0.25,67.5,6.639978488487958,0.3921167583623859
0.25,72.5,6.666579151722326,0.41871742159675396
0.25,77.5,6.572449019440174,0.3245872893146018
0.25,82.5,,
0.25,87.5,,
0.25,92.5,,
0.25,97.5,,
0.25,102.5,,
0.25,107.5,,
0.25,112.5,,
0.25,117.5,,
0.25,122.5,,
0.25,127.5,,
0.25,132.5,,
0.25,137.5,,
0.25,142.5,5.592238897878348,-0.6556228322472242
0.25,147.5,5.5949837040443935,-0.6528780260811784
0.25,152.5,5.489709233231561,-0.7581524968940112
0.25,157.5,5.3953311796567025,-0.8525305504688694
0.25,162.5,5.532869046845336,-0.7149926832802356
0.25,167.5,5.430423812697191,-0.8174379174283812
0.25,172.5,,
0.25,177.5,,
0.25,182.5,,
0.25,187.5,,
0.25,192.5,,
0.25,197.5,5.3045441776934705,-0.9433175524321014
0.25,202.5,,
0.25,207.5,,
0.25,212.5,,
0.25,217.5,,
0.25,222.5,,
0.25,227.5,,
0.25,232.5,,
0.25,237.5,,
0.25,242.5,,
0.25,247.5,5.305238734726283,-0.9426229953992893
0.25,252.5,5.3488763791607905,-0.8989853509647814
0.25,257.5,5.368692287331858,-0.8791694427937138
0.25,262.5,5.420090672026643,-0.8277710580989286
0.25,267.5,5.520374897702512,-0.7274868324230601
0.25,272.5,5.654128558862897,-0.5937331712626746
0.25,277.5,5.800935454822907,-0.4469262753026646
0.25,282.5,5.923330472540433,-0.32453125758513846
0.25,287.5,6.039442475137549,-0.20841925498802283
0.25,292.5,6.117462220726246,-0.13039950939932599
0.25,297.5,6.114669571667394,-0.13319215845817745
0.25,302.5,6.098002222581995,-0.14985950754357713
0.25,307.5,6.1430325430665285,-0.10482918705904343
0.25,312.5,6.147773510201191,-0.10008821992438133
0.25,317.5,6.182939012653595,-0.06492271747197709
0.25,322.5,6.211674912976246,-0.03618681714932581
0.25,327.5,6.273571241976876,0.025709511851304434
0.25,332.5,6.257645192176654,0.009783462051082381
0.25,337.5,6.212597259424648,-0.0352644707009242
0.25,342.5,6.320673257086595,0.072811526961023
0.25,347.5,6.372514548594068,0.12465281846849585
0.25,352.5,6.370578955396778,0.12271722527120588
0.25,357.5,6.275261261189791,0.027399531064219218
0.5,2.5,6.472670586809274,0.2248088566837021
0.5,7.5,6.479093831183651,0.23123210105807868
0.5,12.5,6.663498101888674,0.4156363717631022
0.5,17.5,6.531587262095514,0.2837255319699423
0.5,22.5,6.511487746684535,0.26362601655896345
0.5,27.5,6.486622759853038,0.23876102972746605
0.5,32.5,6.5630884652272155,0.31522673510164356
0.5,37.5,6.542863535440778,0.2950018053152057
0.5,42.5,6.550373159395899,0.3025114292703268
0.5,47.5,6.555890983986451,0.3080292538608793
0.5,52.5,6.72813584994398,0.4802741198184082
0.5,57.5,6.730265016624536,0.4824032864989638
0.5,62.5,6.589121159656312,0.34125942953073984
0.5,67.5,6.674049852468428,0.4261881223428565
0.5,72.5,6.739352014399063,0.49149028427349073
0.5,77.5,6.645612636305145,0.3977509061795734
0.5,82.5,,
0.5,87.5,,
0.5,92.5,,
0.5,97.5,,
0.5,102.5,,
0.5,107.5,,
0.5,112.5,,
0.5,117.5,,
0.5,122.5,,
0.5,127.5,,
0.5,132.5,,
0.5,137.5,,
0.5,142.5,,
0.5,147.5,,
0.5,152.5,,
0.5,157.5,,
0.5,162.5,,
0.5,167.5,,
0.5,172.5,,
0.5,177.5,6.095032827410786,-0.152828902714786
0.5,182.5,6.08592387990347,-0.1619378502221016
0.5,187.5,6.1303224886211165,-0.11753924150445538
0.5,192.5,6.179184601724538,-0.0686771284010339
0.5,197.5,6.1382030259499185,-0.10965870417565338
0.5,202.5,6.085061122297063,-0.16280060782850914
0.5,207.5,6.2598718623199545,0.012010132194382628
0.5,212.5,6.2156911026281465,-0.032170627497425386
0.5,217.5,6.166928537616641,-0.0809331925089305
0.5,222.5,6.127417297966108,-0.12044443215946377
0.5,227.5,6.125951712999427,-0.12191001712614469
0.5,232.5,6.124566302602058,-0.12329542752351408
0.5,237.5,6.150666891530111,-0.09719483859546063
0.5,242.5,6.254146146549815,0.0062844164242434886
0.5,247.5,6.209135526794704,-0.03872620333086818
0.5,252.5,6.124770675466154,-0.12309105465941794
0.5,257.5,6.225523179183848,-0.022338550941723767
0.5,262.5,6.117457335442264,-0.13040439468330778
0.5,267.5,6.128980650319652,-0.11888107980592011
0.5,272.5,6.122165690142995,-0.12569603998257683
0.5,277.5,6.126497821677878,-0.12136390844769362
0.5,282.5,6.179689674311689,-0.06817205581388297
0.5,287.5,6.240682997572511,-0.007178732553060563
0.5,292.5,6.26834329320843,0.020481563082857868
0.5,297.5,6.285278487971111,0.03741675784553955
0.5,302.5,6.256989855953379,0.00912812582780731
0.5,307.5,6.286101875290386,0.03824014516481444
0.5,312.5,6.349465130624674,0.10160340049910221
0.5,317.5,6.298962916258654,0.051101186133082344
0.5,322.5,6.379614103377243,0.131752373251671
0.5,327.5,6.376670110636091,0.12880838051051935
0.5,332.5,6.383014970027009,0.13515323990143724
0.5,337.5,6.404010074448587,0.1561483443230154
0.5,342.5,6.473519073930068,0.22565734380449598
0.5,347.5,6.52362068207988,0.275758951954308
0.5,352.5,6.564678293821001,0.3168165636954292
0.5,357.5,6.5458980661215564,0.29803633599598456
0.75,2.5,6.622863534168222,0.3750018040426504
0.75,7.5,6.721151744720814,0.4732900145952419
0.75,12.5,6.7387236550059235,0.49086192488035163
0.75,17.5,6.65072625142814,0.40286452130256833
0.75,22.5,6.630439133630871,0.3825774035052989
0.75,27.5,6.560470048759754,0.31260831863418215
0.75,32.5,6.5827798073699535,0.3349180772443816
0.75,37.5,6.515547003159442,0.26768527303387035
0.75,42.5,6.570537337573773,0.32267560744820134
0.75,47.5,6.609529816730393,0.36166808660482097
0.75,52.5,6.705545935579341,0.4576842054537691
0.75,57.5,6.687131740632032,0.4392700105064602
0.75,62.5,6.635348038061485,0.3874863079359132
0.75,67.5,6.702971465552261,0.45510973542668953
0.75,72.5,6.712740151315327,0.46487842118975475
0.75,77.5,6.731913003511988,0.48405127338641574
0.75,82.5,6.749487735648314,0.5016260055227422
0.75,87.5,6.797643397588852,0.5497816674632805
0.75,92.5,,
0.75,97.5,,
0.75,102.5,,
0.75,107.5,,
0.75,112.5,,
0.75,117.5,,
0.75,122.5,,
0.75,127.5,,
0.75,132.5,,
0.75,137.5,,
0.75,142.5,6.448444343400576,0.20058261327500393
0.75,147.5,6.4306191026003985,0.1827573724748266
0.75,152.5,6.514129670996404,0.26626794087083194
0.75,157.5,6.436527000428631,0.18866527030305935
0.75,162.5,,
0.75,167.5,6.34394817296464,0.0960864428390682
0.75,172.5,6.339223257188474,0.09136152706290179
0.75,177.5,6.332779445893111,0.08491771576753937
0.75,182.5,6.374236497963187,0.12637476783761503
0.75,187.5,6.3806844966059115,0.13282276648033964
0.75,192.5,6.396375761840156,0.14851403171458433
0.75,197.5,6.328074056744583,0.08021232661901134
0.75,202.5,6.305637283939105,0.057775553813533165
0.75,207.5,6.4267513646108805,0.1788896344853086
0.75,212.5,6.430316315150041,0.18245458502446876
0.75,217.5,6.4032396628855155,0.1553779327599436
0.75,222.5,6.436925912086728,0.18906418196115649
0.75,227.5,6.382048319937942,0.1341865898123702
0.75,232.5,6.378353486210304,0.13049175608473185
0.75,237.5,6.390115829845786,0.14225409972021374
0.75,242.5,6.399400370715655,0.1515386405900827
0.75,247.5,6.422663293657942,0.17480156353237053
0.75,252.5,6.441596555343694,0.19373482521812235
0.75,257.5,6.419000063793557,0.1711383336679848
0.75,262.5,6.431182132284742,0.18332040215917011
0.75,267.5,6.3775230767817845,0.12966134665621265
0.75,272.5,6.356599610420897,0.10873788029532516
0.75,277.5,6.299958676314006,0.05209694618843397
0.75,282.5,6.338291685769124,0.09042995564355216
0.75,287.5,6.371697963512288,0.12383623338671601
0.75,292.5,6.390054477584695,0.1421927474591227
0.75,297.5,6.408343590346462,0.16048186022088995
0.75,302.5,6.339028294071475,0.09116656394590272
0.75,307.5,6.3876068928613225,0.13974516273575066
0.75,312.5,6.443432554811091,0.195570824685519
0.75,317.5,6.41286402988079,0.1650022997552183
0.75,322.5,6.5126512585786465,0.2647895284530746
0.75,327.5,6.51126157844498,0.2633998483194082
0.75,332.5,6.505461820548592,0.25760009042302023
0.75,337.5,6.5906009654927775,0.34273923536720563
0.75,342.5,6.63005365317554,0.38219192304996774
0.75,347.5,6.6432650219033365,0.39540329177776457
0.75,352.5,6.608133198885363,0.360271468759791
0.75,357.5,6.628106925889143,0.3802451957635711
1.0,2.5,6.597904285371378,0.35004255524580596
1.0,7.5,6.651202564352154,0.40334083422658207
1.0,12.5,6.672687924509731,0.4248261943841589
1.0,17.5,6.604486195044972,0.3566244649193999
1.0,22.5,6.54891429748751,0.3010525673619382
1.0,27.5,6.543718248115667,0.29585651799009494
1.0,32.5,6.523910423496906,0.276048693371334
1.0,37.5,6.558385721996896,0.3105239918713245
1.0,42.5,6.575537675807108,0.3276759456815359
1.0,47.5,6.576677712663206,0.328815982537634
1.0,52.5,6.622561366157561,0.3746996360319894
1.0,57.5,6.6234564185717275,0.3755946884461556
1.0,62.5,6.612604382769748,0.3647426526441757
1.0,67.5,6.616154983216889,0.3682932530913172
1.0,72.5,6.663575700728773,0.4157139706032007
1.0,77.5,6.7121070762056645,0.4642453460800926
1.0,82.5,6.685419369714642,0.4375576395890697
1.0,87.5,6.703070897823151,0.45520916769757935
1.0,92.5,6.6746880420018355,0.42682631187626363
1.0,97.5,6.712628596684476,0.46476686655890376
1.0,102.5,6.645750590653796,0.3978888605282238
1.0,107.5,6.711346779383925,0.4634850492583533
1.0,112.5,6.711822755749758,0.46396102562418573
1.0,117.5,6.597960261050657,0.35009853092508525
1.0,122.5,6.563510803493349,0.31564907336777726
1.0,127.5,6.533290983766442,0.2854292536408698
1.0,132.5,6.504900447586313,0.25703871746074114
1.0,137.5,6.466039534516158,0.21817780439058598
1.0,142.5,6.422732193338575,0.17487046321300337
1.0,147.5,6.507606832002698,0.25974510187712596
1.0,152.5,6.521859553634377,0.27399782350880475
1.0,157.5,6.4542026497128395,0.20634091958726763
1.0,162.5,6.419769742920648,0.17190801279507628
1.0,167.5,6.397177222908144,0.14931549278257172
1.0,172.5,6.360165734420706,0.11230400429513399
1.0,177.5,6.390541071007316,0.1426793408817444
1.0,182.5,6.4149273919000285,0.1670656617744566
1.0,187.5,6.468727890503917,0.22086616037834528
1.0,192.5,6.490990469555383,0.24312873942981117
1.0,197.5,6.446308137571202,0.1984464074456298
1.0,202.5,6.409361381162941,0.16149965103736896
1.0,207.5,6.4999094703428195,0.25204774021724763
1.0,212.5,6.474741718602792,0.22687998847722035
1.0,217.5,6.459931385858722,0.21206965573315006
1.0,222.5,6.528235989231949,0.28037425910637737
1.0,227.5,6.48116707447849,0.23330534435291828
1.0,232.5,6.478787392500697,0.23092566237512546
1.0,237.5,6.4816326749145965,0.2337709447890246
1.0,242.5,6.487994791272127,0.24013306114655553
1.0,247.5,6.496979883712502,0.24911815358693
1.0,252.5,6.487627483885705,0.23976575376013276
1.0,257.5,6.45257756394939,0.2047158338238182
1.0,262.5,6.467332487022696,0.21947075689712392
1.0,267.5,6.418930676819665,0.1710689466940929
1.0,272.5,6.350871114789835,0.10300938466426324
1.0,277.5,6.374383825618643,0.1265220954930708
1.0,282.5,6.384746115005429,0.1368843848798571
1.0,287.5,6.41249022962875,0.16462849950317793
1.0,292.5,6.443264912920295,0.19540318279472313
1.0,297.5,6.4914550755764076,0.24359334545083566
1.0,302.5,6.3803990081829145,0.1325372780573426
1.0,307.5,6.469306137491104,0.2214444073655324
1.0,312.5,6.458911811964935,0.21105008183936302
1.0,317.5,6.501255859655247,0.2533941295296751
1.0,322.5,6.530466835972172,0.28260510584660015
1.0,327.5,6.5398511106819,0.29198938055632784
1.0,332.5,6.5398134701964015,0.2919517400708296
1.0,337.5,6.529066733785082,0.28120500365950996
1.0,342.5,6.581307685398343,0.3334459552727713
1.0,347.5,6.595085073190116,0.3472233430645444
1.0,352.5,6.59518436919432,0.3473226390687483
1.0,357.5,6.601110669273875,0.3532489391483029
1.25,2.5,6.532997589678139,0.28513585955256726
1.25,7.5,6.5716279664395305,0.3237662363139586
1.25,12.5,6.5667234610244565,0.3188617308988846
1.25,17.5,6.5124291244338535,0.2645673943082816
1.25,22.5,6.432829346440441,0.1849676163148688
1.25,27.5,6.453305252472337,0.20544352234676477
1.25,32.5,6.464364360114187,0.21650262998861525
1.25,37.5,6.534180468056327,0.28631873793075524
1.25,42.5,6.5036765815692235,0.25581485144365157
1.25,47.5,6.564816341317681,0.3169546111921093
1.25,52.5,6.5483425044768735,0.3004807743513016
1.25,57.5,6.555065747273751,0.30720401714817935
1.25,62.5,6.528570864291158,0.28070913416558607
1.25,67.5,6.517924254908894,0.27006252478332193
1.25,72.5,6.596272750946981,0.34841102082140907
1.25,77.5,6.571395590136691,0.3235338600111195
1.25,82.5,6.582144878266982,0.33428314814141036
1.25,87.5,6.5797285113849195,0.33186678125934765
1.25,92.5,6.582597262269697,0.33473553214412544
1.25,97.5,6.569796007439524,0.32193427731395197
1.25,102.5,6.556679485744559,0.3088177556189873
1.25,107.5,6.561170696051957,0.31330896592638524
1.25,112.5,6.603477871359798,0.35561614123422647
1.25,117.5,6.548638552131905,0.30077682200633316
1.25,122.5,6.497789894513659,0.24992816438808685
1.25,127.5,6.500449468301522,0.2525877381759498
1.25,132.5,6.503059132648687,0.2551974025231152
1.25,137.5,6.465094723258336,0.21723299313276367
1.25,142.5,6.402463453554891,0.15460172342931955
1.25,147.5,6.388767585780165,0.14090585565459346
1.25,152.5,6.528641793472107,0.28078006334653516
1.25,157.5,6.427085497283851,0.17922376715827948
1.25,162.5,6.402083710180067,0.15422198005449506
1.25,167.5,6.361020605648566,0.11315887552299397
1.25,172.5,6.38206306722682,0.13420133710124826
1.25,177.5,6.4166374569751135,0.16877572684954156
1.25,182.5,6.450528879141251,0.20266714901567884
1.25,187.5,6.479829863991643,0.2319681338660713
1.25,192.5,6.421363255897843,0.17350152577227096
1.25,197.5,6.429888263132227,0.18202653300665528
1.25,202.5,6.453326520145453,0.20546479001988072
1.25,207.5,6.452411190140856,0.20454946001528374
1.25,212.5,6.444200059611355,0.19633832948578345
1.25,217.5,6.464429514349806,0.2165677842242344
1.25,222.5,6.512624542818076,0.2647628126925037
1.25,227.5,6.483747958749144,0.23588622862357234
1.25,232.5,6.463902766001686,0.21604103587611423
1.25,237.5,6.467531009395456,0.21966927926988422
1.25,242.5,6.507823780043243,0.2599620499176707
1.25,247.5,6.513159596323945,0.2652978661983729
1.25,252.5,6.5036669078988485,0.2558051777732766
1.25,257.5,6.469382242402714,0.22152051227714242
1.25,262.5,6.497600375983492,0.24973864585791983
1.25,267.5,6.431636823319737,0.18377509319416507
1.25,272.5,6.391566733739809,0.14370500361423755
1.25,277.5,6.405445817291778,0.15758408716620576
1.25,282.5,6.398714372772347,0.15085264264677534
1.25,287.5,6.437009433361705,0.1891477032361335
1.25,292.5,6.465728842973847,0.21786711284827476
1.25,297.5,6.456088165477963,0.20822643535239127
1.25,302.5,6.410666695915116,0.16280496578954384
1.25,307.5,6.4786489589529275,0.23078722882735558
1.25,312.5,6.467872611068762,0.22001088094318977
1.25,317.5,6.527872090572236,0.2800103604466644
1.25,322.5,6.499235376858929,0.2513736467333567
1.25,327.5,6.511016468728021,0.26315473860244953
1.25,332.5,6.506652807485841,0.25879107736026885
1.25,337.5,6.497732586126336,0.24987085600076409
1.25,342.5,6.501006063621295,0.2531443334957233
1.25,347.5,6.523690326278868,0.27582859615329625
1.25,352.5,6.52120379526745,0.2733420651418781
1.25,357.5,6.537691365474612,0.28982963534904016
1.5,2.5,6.4362307268692565,0.18836899674368457
1.5,7.5,6.472934362539001,0.22507263241342912
1.5,12.5,6.428881590123398,0.18101985999782588
1.5,17.5,6.425213094098706,0.1773513639731341
1.5,22.5,6.375530538591251,0.12766880846567918
1.5,27.5,6.351181812223549,0.10332008209797738
1.5,32.5,6.377531310455718,0.12966958033014642
1.5,37.5,6.457479343338789,0.2096176132132168
1.5,42.5,6.417378042487629,0.1695163123620569
1.5,47.5,6.404468364878543,0.1566066347529711
1.5,52.5,6.429764171184955,0.1819024410593828
1.5,57.5,6.459924892619479,0.2120631624939069
1.5,62.5,6.444455544387546,0.1965938142619743
1.5,67.5,6.4351790331211625,0.18731730299559057
1.5,72.5,6.446772031930782,0.19891030180520985
1.5,77.5,6.432774341152063,0.18491261102649137
1.5,82.5,6.45704276846405,0.20918103833847823
1.5,87.5,6.462603742541975,0.21474201241640323
1.5,92.5,6.462950886932692,0.21508915680712004
1.5,97.5,6.443238132776724,0.19537640265115197
1.5,102.5,6.453638901367633,0.20577717124206085
1.5,107.5,6.48109233037946,0.2332306002538882
1.5,112.5,6.511229246028705,0.26336751590313323
1.5,117.5,6.419264437605544,0.171402707479972
1.5,122.5,6.426695892400044,0.17883416227447224
1.5,127.5,6.459187828155404,0.21132609802983193
1.5,132.5,6.457276504170836,0.2094147740452641
1.5,137.5,6.353280574378735,0.10541884425316272
1.5,142.5,6.3304583388970626,0.08259660877149066
1.5,147.5,6.376742777056176,0.1288810469306041
1.5,152.5,6.433007296698282,0.18514556657270997
1.5,157.5,6.3848499857861505,0.1369882556605786
1.5,162.5,6.360877797310371,0.11301606718479906
1.5,167.5,6.30013761794088,0.05227588781530823
1.5,172.5,6.307599615140353,0.05973788501478072
1.5,177.5,6.395139792811874,0.1472780626863024
1.5,182.5,6.344301592279833,0.09643986215426104
1.5,187.5,6.4132616895122485,0.16539995938667662
1.5,192.5,6.388915369654118,0.141053639528546
1.5,197.5,6.340965620426456,0.09310389030088384
1.5,202.5,6.38387490847412,0.13601317834854854
1.5,207.5,6.39926776784956,0.15140603772398809
1.5,212.5,6.3518432854729445,0.10398155534737263
1.5,217.5,6.375678817016926,0.12781708689135396
1.5,222.5,6.438307347950435,0.1904456178248628
1.5,227.5,6.39974467218671,0.15188294206113806
1.5,232.5,6.409212250297464,0.1613505201718919
1.5,237.5,6.405247287596516,0.15738555747094374
1.5,242.5,6.4606826760346525,0.21282094590908063
1.5,247.5,6.449905383806958,0.2020436536813861
1.5,252.5,6.44171556737684,0.19385383725126815
1.5,257.5,6.460695972422956,0.2128342422973839
1.5,262.5,6.46299703394234,0.21513530381676826
1.5,267.5,6.433265309028741,0.18540357890316894
1.5,272.5,6.400983269767506,0.1531215396419343
1.5,277.5,6.405196679739527,0.1573349496139551
1.5,282.5,6.411990333312926,0.16412860318735412
1.5,287.5,6.431459792839841,0.18359806271426926
1.5,292.5,6.439944844219098,0.19208311409352596
1.5,297.5,6.396691922137174,0.1488301920116024
1.5,302.5,6.378623952213891,0.1307622220883191
1.5,307.5,6.417825905530728,0.1699641754051564
1.5,312.5,6.4315931646449025,0.1837314345193306
1.5,317.5,6.442324756762824,0.19446302663725223
1.5,322.5,6.435314964604606,0.18745323447903406
1.5,327.5,6.465461538508735,0.21759980838316295
1.5,332.5,6.40496279606137,0.1571010659357981
1.5,337.5,6.405919053004831,0.15805732287925878
1.5,342.5,6.445879910106517,0.19801817998094506
1.5,347.5,6.430296058611878,0.18243432848630636
1.5,352.5,6.433197660013578,0.18533592988800596
1.5,357.5,6.390102230226691,0.14224050010111888
1.75,2.5,6.348538312438915,0.10067658231334331
1.75,7.5,6.361391030884356,0.11352930075878387
1.75,12.5,6.355057167284386,0.10719543715881397
1.75,17.5,6.341264131008531,0.09340240088295904
1.75,22.5,6.317388698820419,0.06952696869484676
1.75,27.5,6.280382128179276,0.03252039805370455
1.75,32.5,6.2940113910023054,0.046149660876733556
1.75,37.5,6.3532436179286575,0.10538188780308566
1.75,42.5,6.330488773520284,0.08262704339471227
1.75,47.5,6.30612018121596,0.05825845109038852
1.75,52.5,6.346565471495631,0.0987037413700591
1.75,57.5,6.351327690216711,0.10346596009113895
1.75,62.5,6.356988975497893,0.10912724537232155
1.75,67.5,6.324607701227916,0.07674597110234416
1.75,72.5,6.3643405223345315,0.11647879220895963
1.75,77.5,6.33263924157354,0.0847775114479683
1.75,82.5,6.32609079340412,0.07822906327854806
1.75,87.5,6.360133018929045,0.11227128880347337
1.75,92.5,6.330896778559614,0.0830350484340423
1.75,97.5,6.316948638129153,0.0690869080035812
1.75,102.5,6.365589595079093,0.11772786495352072
1.75,107.5,6.414576973208246,0.16671524308267394
1.75,112.5,6.424415880727492,0.1765541506019197
1.75,117.5,6.338437051661566,0.09057532153599368
1.75,122.5,6.325335816723225,0.07747408659765309
1.75,127.5,6.310698617966121,0.06283688784054942
1.75,132.5,6.342053081513907,0.09419135138833479
1.75,137.5,6.277186759866204,0.029325029740632225
1.75,142.5,6.239446603502975,-0.008415126622597136
1.75,147.5,6.29842421425304,0.05056248412746811
1.75,152.5,6.337929300668599,0.09006757054302739
1.75,157.5,6.297380691658646,0.049518961533074446
1.75,162.5,6.271717001380217,0.023855271254644705
1.75,167.5,6.209915680395988,-0.03794604972958382
1.75,172.5,6.238776471671505,-0.009085258454066825
1.75,177.5,6.275307463443754,0.02744573331818234
1.75,182.5,6.254096098678341,0.006234368552768821
1.75,187.5,6.329956763857572,0.08209503373200011
1.75,192.5,6.321581222471115,0.07371949234554354
1.75,197.5,6.271836494856686,0.02397476473111393
1.75,202.5,6.305187312725956,0.05732558260038445
1.75,207.5,6.3299037800753055,0.08204204994973363
1.75,212.5,6.294200192022699,0.0463384618971272
1.75,217.5,6.3057200939730205,0.05785836384744858
1.75,222.5,6.352436677223426,0.10457494709785387
1.75,227.5,6.33555057260242,0.08768884247684827
1.75,232.5,6.334789000913206,0.08692727078763429
1.75,237.5,6.329839407352364,0.08197767722679217
1.75,242.5,6.354230031400121,0.1063683012745491
1.75,247.5,6.3916824716215155,0.1438207414959436
1.75,252.5,6.3181316003563035,0.07026987023073161
1.75,257.5,6.38415291996823,0.13629118984265798
1.75,262.5,6.362128321198529,0.11426659107295745
1.75,267.5,6.358407872937374,0.11054614281180175
1.75,272.5,6.323803793905567,0.07594206377999502
1.75,277.5,6.313229593270178,0.06536786314460574
1.75,282.5,6.33951952565044,0.09165779552486786
1.75,287.5,6.368432572731095,0.12057084260552298
1.75,292.5,6.39126395887294,0.14340222874736774
1.75,297.5,6.325252471767461,0.07739074164188953
1.75,302.5,6.3251879167897025,0.0773261866641306
1.75,307.5,6.336802738145907,0.08894100802033478
1.75,312.5,6.360598509926897,0.1127367798013248
1.75,317.5,6.357870624690111,0.11000889456453944
1.75,322.5,6.349677306178204,0.10181557605263247
1.75,327.5,6.372608012898512,0.1247462827729402
1.75,332.5,6.325293998748373,0.07743226862280128
1.75,337.5,6.302825542296674,0.0549638121711018
1.75,342.5,6.373659316244352,0.12579758611877967
1.75,347.5,6.357053053457406,0.10919132333183423
1.75,352.5,6.331466096774218,0.0836043666486459
1.75,357.5,6.291320485730592,0.04345875560502055
2.0,2.5,6.287149208913555,0.03928747878798333
2.0,7.5,6.280584761441437,0.03272303131586529
2.0,12.5,6.25147732071393,0.0036155905883576978
2.0,17.5,6.258807684516374,0.01094595439080237
2.0,22.5,6.251666543771814,0.003804813646242522
2.0,27.5,6.207506367129788,-0.04035536299578357
2.0,32.5,6.204425817558512,-0.04343591256705981
2.0,37.5,6.310492792054914,0.0626310619293422
2.0,42.5,6.289512674201179,0.041650944075606766
2.0,47.5,6.189068243612077,-0.05879348651349492
2.0,52.5,6.265170795315629,0.017309065190056927
2.0,57.5,6.2966789137073516,0.048817183581779666
2.0,62.5,6.2541224937386515,0.00626076361307959
2.0,67.5,6.24369713381336,-0.004164596312212332
2.0,72.5,6.276107260994385,0.028245530868812985
2.0,77.5,6.287244335046135,0.039382604920563224
2.0,82.5,6.20787622057413,-0.039985509551441645
2.0,87.5,6.270734892152504,0.022873162026932015
2.0,92.5,6.244365317907792,-0.003496412217780076
2.0,97.5,6.226213865830447,-0.021647864295124997
2.0,102.5,6.220077549054285,-0.02778418107128733
2.0,107.5,6.3356914275278715,0.08782969740229962
2.0,112.5,6.33401760796433,0.08615587783875789
2.0,117.5,6.237805780696711,-0.010055949428861233
2.0,122.5,6.2169797727976475,-0.030881957327924425
2.0,127.5,6.262198479285648,0.014336749160076323
2.0,132.5,6.2908514140216845,0.042989683896112574
2.0,137.5,6.205413050791186,-0.04244867933438545
2.0,142.5,6.184816443690384,-0.06304528643518825
2.0,147.5,6.222940889990344,-0.024920840135227884
2.0,152.5,6.265248597204286,0.01738686707871384
2.0,157.5,6.234258248303939,-0.013603481821633068
2.0,162.5,6.1832159234657995,-0.06464580665977238
2.0,167.5,6.143412875460378,-0.10444885466519427
2.0,172.5,6.183750466065019,-0.06411126406055256
2.0,177.5,6.19984235530295,-0.04801937482262186
2.0,182.5,6.16364899986123,-0.08421273026434228
2.0,187.5,6.208385233886297,-0.03947649623927507
2.0,192.5,6.264093310878518,0.016231580752946506
2.0,197.5,6.212460312505285,-0.035401417620287035
2.0,202.5,6.244036207883583,-0.0038255222419891766
2.0,207.5,6.274309508593033,0.02644777846746127
2.0,212.5,6.25110697773942,0.0032452476138482567
2.0,217.5,6.244624838066271,-0.0032368920593004447
2.0,222.5,6.292201168503751,0.044339438378179
2.0,227.5,6.287979216197126,0.040117486071554076
2.0,232.5,6.277383444911662,0.02952171478608978
2.0,237.5,6.283576706721575,0.03571497659600276
2.0,242.5,6.312013802143662,0.06415207201809014
2.0,247.5,6.2966814615286095,0.048819731403037636
2.0,252.5,6.2327001030987175,-0.015161627026854418
2.0,257.5,6.319893670695167,0.0720319405695955
2.0,262.5,6.3088690779395264,0.06100734781395456
2.0,267.5,6.246191717017877,-0.0016700131076952118
2.0,272.5,6.237814260919171,-0.010047469206400983
2.0,277.5,6.242905272367918,-0.004956457757653965
2.0,282.5,6.238296664290269,-0.00956506583530281
2.0,287.5,6.272492281075592,0.02463055095001998
2.0,292.5,6.354849912751151,0.10698818262557896
2.0,297.5,6.274045188822986,0.026183458697413897
2.0,302.5,6.238521724885922,-0.009340005239649507
2.0,307.5,6.249332185421431,0.0014704552958590966
2.0,312.5,6.275641629446693,0.02777989932112135
2.0,317.5,6.243198574720609,-0.004663155404962538
2.0,322.5,6.273634186500166,0.02577245637459402
2.0,327.5,6.284031097711597,0.03616936758602485
2.0,332.5,6.198009702823512,-0.04985202730205973
2.0,337.5,6.26981242742643,0.0219506973008583
2.0,342.5,6.283670901150983,0.035809171025411146
2.0,347.5,6.263621628773414,0.01575989864784244
2.0,352.5,6.227436900839019,-0.020424829286552537
2.0,357.5,6.218394497877079,-0.029467232248492792
2.25,2.5,6.228259153391418,-0.019602576734153665
2.25,7.5,6.256381708607647,0.00851997848207553
2.25,12.5,6.185721520931487,-0.062140209194084584
2.25,17.5,6.225701439672303,-0.02216029045326895
2.25,22.5,6.228565689197669,-0.019296040927902602
2.25,27.5,6.133452325037277,-0.11440940508829467
2.25,32.5,6.151739641549552,-0.09612208857601967
2.25,37.5,6.264984813420207,0.017123083294634966
2.25,42.5,6.2303546384055615,-0.017507091720010415
2.25,47.5,6.169946360040844,-0.07791537008472815
2.25,52.5,6.215773561548399,-0.03208816857717256
2.25,57.5,6.242556816649332,-0.005304913476240181
2.25,62.5,6.194165570088646,-0.053696160036925455
2.25,67.5,6.146326820287262,-0.1015349098383096
2.25,72.5,6.229953987376784,-0.017907742748787925
2.25,77.5,6.239929671288628,-0.00793205883694359
2.25,82.5,6.174016582771819,-0.0738451473537527
2.25,87.5,6.206496153696255,-0.0413655764293166
2.25,92.5,6.190480754329306,-0.05738097579626622
2.25,97.5,6.157564064310479,-0.09029766581509246
2.25,102.5,6.164283419584816,-0.08357831054075593
2.25,107.5,6.2743852626951675,0.02652353256959561
2.25,112.5,6.26175097126176,0.013889241136188168
2.25,117.5,6.167288557361341,-0.0805731727642307
2.25,122.5,6.137275196354908,-0.11058653377066374
2.25,127.5,6.185277181963755,-0.06258454816181658
2.25,132.5,6.215218204499259,-0.03264352562631245
2.25,137.5,6.12850623450154,-0.11935549562403214
2.25,142.5,6.124069494143227,-0.12379223598234468
2.25,147.5,6.140954141846114,-0.10690758827945768
2.25,152.5,6.195979406584415,-0.051882323541156516
2.25,157.5,6.172725588467885,-0.075136141657687
2.25,162.5,6.121713017331466,-0.1261487127941061
2.25,167.5,6.098144795452652,-0.14971693467292013
2.25,172.5,6.162812582260663,-0.08504914786490847
2.25,177.5,6.125631711191483,-0.12223001893408902
2.25,182.5,6.1077732971381185,-0.14008843298745344
2.25,187.5,6.203762597508789,-0.044099132616782555
2.25,192.5,6.218157128695172,-0.029704601430400324
2.25,197.5,6.172560525217621,-0.07530120490795067
2.25,202.5,6.190119375121225,-0.05774235500434699
2.25,207.5,6.218868335030638,-0.028993395094933483
2.25,212.5,6.207282196780158,-0.0405795333454142
2.25,217.5,6.159627855055089,-0.08823387507048253
2.25,222.5,6.228252791051471,-0.019608939074100995
2.25,227.5,6.240093784938447,-0.007767945187125314
2.25,232.5,6.235192799852291,-0.012668930273281198
2.25,237.5,6.249090113271054,0.0012283831454817928
2.25,242.5,6.2578262269695495,0.0099644968439776
2.25,247.5,6.230516682647007,-0.0173450474785648
2.25,252.5,6.167119623005494,-0.08074210712007801
2.25,257.5,6.2386071562467365,-0.009254573878835437
2.25,262.5,6.261390094888753,0.013528364763181422
2.25,267.5,6.185103301593515,-0.0627584285320566
2.25,272.5,6.168745619844332,-0.0791161102812401
2.25,277.5,6.171236206795948,-0.07662552332962402
2.25,282.5,6.160547920226007,-0.08731380989956516
2.25,287.5,6.160052827345872,-0.08780890277969977
2.25,292.5,6.30422897607021,0.05636724594463782
2.25,297.5,6.226632618718226,-0.021229111407345513
2.25,302.5,6.15356842735821,-0.09429330276736181
2.25,307.5,6.181301809796671,-0.0665599203289009
2.25,312.5,6.228774337924608,-0.019087392200964004
2.25,317.5,6.150960188055969,-0.09690154206960333
2.25,322.5,6.248672333373088,0.0008106032475163616
2.25,327.5,6.263013730730103,0.015152000604531146
2.25,332.5,6.181584995388234,-0.06627673473733786
2.25,337.5,6.174027675520165,-0.07383405460540704
2.25,342.5,6.148648952432538,-0.09921277769303405
2.25,347.5,6.209879603077502,-0.03798212704807025
2.25,352.5,6.139654415456888,-0.10820731466868416
2.25,357.5,6.1794239539901445,-0.06843777613542734
2.5,2.5,6.188492805338899,-0.059368924786673105
2.5,7.5,6.2380314609287515,-0.009830269196820396
2.5,12.5,6.159238871254352,-0.08862285887121946
2.5,17.5,6.153714702624766,-0.09414702750080561
2.5,22.5,6.21279734156223,-0.03506438856334171
2.5,27.5,6.144216608722777,-0.1036451214027947
2.5,32.5,6.212927142501204,-0.03493458762436763
2.5,37.5,6.229220970186686,-0.018640759938885587
2.5,42.5,6.133565903848502,-0.11429582627707013
2.5,47.5,6.166315185598896,-0.08154654452667565
2.5,52.5,6.189474031486591,-0.05838769863898108
2.5,57.5,6.209877375938218,-0.03798435418735391
2.5,62.5,6.180585121872679,-0.06727660825289306
2.5,67.5,6.14189924721242,-0.10596248291315202
2.5,72.5,6.195791354175522,-0.05207037595005026
2.5,77.5,6.2260458765899624,-0.021815853535609442
2.5,82.5,6.171683387832584,-0.07617834229298825
2.5,87.5,6.190209973381001,-0.0576517567445709
2.5,92.5,6.221675294072418,-0.026186436053153628
2.5,97.5,6.170619965433894,-0.07724176469167787
2.5,102.5,6.154200762179734,-0.093660967945838
2.5,107.5,6.209379573176103,-0.03848215694946866
2.5,112.5,6.1678194201290895,-0.08004230999648243
2.5,117.5,6.147906591408358,-0.09995513871721418
2.5,122.5,6.134438193627595,-0.11342353649797676
2.5,127.5,6.152198094499671,-0.0956636356259013
2.5,132.5,6.190890218575198,-0.0569715115503735
2.5,137.5,6.139684234318076,-0.10817749580749592
2.5,142.5,6.074747837286475,-0.17311389283909673
2.5,147.5,6.081399091721647,-0.1664626384039245
2.5,152.5,6.203367907339862,-0.0444938227857099
2.5,157.5,6.219432414792587,-0.02842931533298465
2.5,162.5,6.113152550734654,-0.1347091793909181
2.5,167.5,6.067315408784049,-0.18054632134152282
2.5,172.5,6.165330298826024,-0.08253143129954754
2.5,177.5,6.1397659165235305,-0.10809581360204135
2.5,182.5,6.121378965293049,-0.12648276483252285
2.5,187.5,6.225821618501063,-0.02204011162450925
2.5,192.5,6.240932302604632,-0.006929427520939946
2.5,197.5,6.208415194962452,-0.03944653516311991
2.5,202.5,6.147540999241714,-0.10032073088385829
2.5,207.5,6.1694918362171265,-0.0783698939084454
2.5,212.5,6.187462740535011,-0.06039898959056078
2.5,217.5,6.1679754215126135,-0.07988630861295842
2.5,222.5,6.185228358975088,-0.06263337115048362
2.5,227.5,6.1953624042660635,-0.05249932585950834
2.5,232.5,6.190969295220553,-0.05689243490501905
2.5,237.5,6.249903541342774,0.0020418112172020386
2.5,242.5,6.248027056322711,0.0001653261971394926
2.5,247.5,6.193381317532285,-0.05448041259328651
2.5,252.5,6.1138056372939165,-0.13405609283165543
2.5,257.5,6.235637918548356,-0.012223811577215749
2.5,262.5,6.218966305174385,-0.028895424951186577
2.5,267.5,6.14191749115821,-0.10594423896736149
2.5,272.5,6.118601760687193,-0.1292599694383787
2.5,277.5,6.119435127259234,-0.12842660286633745
2.5,282.5,6.106985532283197,-0.14087619784237493
2.5,287.5,6.132344846319833,-0.11551688380573921
2.5,292.5,6.235932649083462,-0.011929081042110212
2.5,297.5,6.22671544334735,-0.0211462867782215
2.5,302.5,6.1538885174886815,-0.0939732126368904
2.5,307.5,6.165623045158234,-0.08223868496733822
2.5,312.5,6.191793426340947,-0.056068303784624796
2.5,317.5,6.126287371034623,-0.12157435909094882
2.5,322.5,6.241561083463212,-0.0063006466623596324
2.5,327.5,6.259998179884713,0.012136449759140966
2.5,332.5,6.158613273766884,-0.08924845635868817
2.5,337.5,6.170126922955051,-0.07773480717052106
2.5,342.5,6.192003246077078,-0.05585848404849347
2.5,347.5,6.192055826181285,-0.05580590394428686
2.5,352.5,6.109598528388938,-0.13826320173663387
2.5,357.5,6.127177934653661,-0.1206837954719111
2.75,2.5,6.239587285131091,-0.00827444499448049
2.75,7.5,6.193213612406249,-0.05464811771932254
2.75,12.5,6.1428776160591845,-0.10498411406638741
2.75,17.5,6.147944839497972,-0.09991689062759956
2.75,22.5,6.202238046849722,-0.04562368327585009
2.75,27.5,6.193453240499648,-0.05440848962592426
2.75,32.5,6.225759245052256,-0.022102485073316025
2.75,37.5,6.246076039562363,-0.001785690563209208
2.75,42.5,6.123517956464245,-0.12434377366132665
2.75,47.5,6.120258087642855,-0.1276036424827165
2.75,52.5,6.184945930439638,-0.06291579968593375
2.75,57.5,6.27822760550964,0.030365875384068097
2.75,62.5,6.205035487649626,-0.0428262424759458
2.75,67.5,6.144971358994848,-0.10289037113072386
2.75,72.5,6.193099146674722,-0.05476258345084961
2.75,77.5,6.200986113696588,-0.0468756164289843
2.75,82.5,6.1499178640007806,-0.09794386612479133
2.75,87.5,6.155220065144599,-0.09264166498097293
2.75,92.5,6.232259707433828,-0.015602022691743933
2.75,97.5,6.184489415815957,-0.06337231430961499
2.75,102.5,6.181123815694674,-0.06673791443089794
2.75,107.5,6.204153499906896,-0.04370823021867576
2.75,112.5,6.165878113868406,-0.08198361625716633
2.75,117.5,6.118135636189734,-0.12972609393583756
2.75,122.5,6.175097169968279,-0.07276456015729327
2.75,127.5,6.178003573159654,-0.06985815696591757
2.75,132.5,6.20755101469447,-0.04031071543110176
2.75,137.5,6.127092622221178,-0.12076910790439399
2.75,142.5,6.076732166263134,-0.17112956386243816
2.75,147.5,6.060898576225168,-0.18696315390040397
2.75,152.5,6.201711047596163,-0.046150682529408904
2.75,157.5,6.23555024026699,-0.012311489858581659
2.75,162.5,6.09350876190573,-0.15435296821984146
2.75,167.5,6.062988088860771,-0.18487364126480088
2.75,172.5,6.185376187634334,-0.06248554249123828
2.75,177.5,6.139663709673447,-0.10819802045212512
2.75,182.5,6.160225456690572,-0.0876362734349998
2.75,187.5,6.196975732649195,-0.05088599747637712
2.75,192.5,6.2508876266608056,0.003025896535233663
2.75,197.5,6.216680064690865,-0.031181665434706574
2.75,202.5,6.1633371208471655,-0.08452460927840644
2.75,207.5,6.162156324830212,-0.08570540529535986
2.75,212.5,6.195807258212387,-0.05205447191318502
2.75,217.5,6.183381509825741,-0.06448022029983047
2.75,222.5,6.202742872093381,-0.04511885803219062
2.75,227.5,6.1868523987959225,-0.06100933132964936
2.75,232.5,6.173701100778797,-0.0741606293467747
2.75,237.5,6.2153240721080305,-0.03253765801754138
2.75,242.5,6.231941364381188,-0.015920365744383602
2.75,247.5,6.191249422635548,-0.056612307490023994
2.75,252.5,6.115307858458529,-0.13255387166704313
2.75,257.5,6.217055531437328,-0.030806198688243747
2.75,262.5,6.212858937493905,-0.0350027926316665
2.75,267.5,6.148356482034638,-0.0995052480909342
2.75,272.5,6.120281005991609,-0.1275807241339626
2.75,277.5,6.108716486045963,-0.13914524407960904
2.75,282.5,6.077309641638799,-0.17055208848677328
2.75,287.5,6.202286631153638,-0.045575098971934125
2.75,292.5,6.20017423659467,-0.04768749353090218
2.75,297.5,6.172322569730294,-0.07553916039527753
2.75,302.5,6.20470236120692,-0.04315936891865224
2.75,307.5,6.175400873858532,-0.07246085626703991
2.75,312.5,6.166690579724771,-0.08117115040080058
2.75,317.5,6.141699499901961,-0.10616223022361115
2.75,322.5,6.1066888114973565,-0.14117291862821535
2.75,327.5,6.240437072107772,-0.007424658017799679
2.75,332.5,6.102823039571113,-0.1450386905544585
2.75,337.5,6.1209330024175195,-0.1269287277080524
2.75,342.5,6.174178154170737,-0.07368357595483488
2.75,347.5,6.177378444554988,-0.07048328557058348
2.75,352.5,6.100265481766582,-0.14759624835899032
2.75,357.5,6.132723243298357,-0.11513848682721495
3.0,2.5,6.273756248177433,0.02589451805186105
3.0,7.5,6.165282507752094,-0.08257922237347781
3.0,12.5,6.144657476528149,-0.10320425359742291
3.0,17.5,6.182328799316851,-0.06553293080872091
3.0,22.5,6.20590077000821,-0.041960960117362056
3.0,27.5,6.205854559339109,-0.0420071707864631
3.0,32.5,6.221978250056211,-0.025883480069360587
3.0,37.5,6.249661913067873,0.0018001829423015536
3.0,42.5,6.123694836999052,-0.12416689312652007
3.0,47.5,6.108996536890273,-0.1388651932352989
3.0,52.5,6.202538837626995,-0.045322892498576905
3.0,57.5,6.301087218829908,0.053225488704335966
3.0,62.5,6.227564017943034,-0.020297712182538064
3.0,67.5,6.156865702699491,-0.0909960274260806
3.0,72.5,6.187622480482048,-0.060239249643523785
3.0,77.5,6.205545388525521,-0.04231634160005093
3.0,82.5,6.081340118599317,-0.1665216115262549
3.0,87.5,6.101377274348991,-0.14648445577658098
3.0,92.5,6.2166904276698896,-0.031171302455682337
3.0,97.5,6.212491038558344,-0.03537069156722783
3.0,102.5,6.193052928824813,-0.0548088013007586
3.0,107.5,6.201152243113872,-0.04670948701170019
3.0,112.5,6.189612650609359,-0.058249079516213165
3.0,117.5,6.13609793697754,-0.11176379314803153
3.0,122.5,6.156451993250027,-0.0914097368755451
3.0,127.5,6.168642923609011,-0.0792188065165611
3.0,132.5,6.210143885533169,-0.037717844592402905
3.0,137.5,6.185688150070465,-0.06217358005510665
3.0,142.5,6.103563399899519,-0.14429833022605276
3.0,147.5,6.070843767785239,-0.17701796234033296
3.0,152.5,6.227639601482395,-0.020222128643176518
3.0,157.5,6.19361050694565,-0.05425122317992148
3.0,162.5,6.065533659470157,-0.1823280706554149
3.0,167.5,6.08099821674147,-0.16686351338410166
3.0,172.5,6.175705642735988,-0.07215608738958412
3.0,177.5,6.127560091181915,-0.12030163894365664
3.0,182.5,6.12932108558795,-0.11854064453762181
3.0,187.5,6.166710834554337,-0.081150895571235
3.0,192.5,6.221147771630976,-0.02671395849459568
3.0,197.5,6.2061609168308225,-0.041700813294749395
3.0,202.5,6.198884714228593,-0.04897701589697867
3.0,207.5,6.119571691109996,-0.12829003901557545
3.0,212.5,6.212268034062811,-0.03559369606276075
3.0,217.5,6.189208721665469,-0.05865300846010246
3.0,222.5,6.192106622641978,-0.055755107483594024
3.0,227.5,6.1921295202386375,-0.05573220988693439
3.0,232.5,6.164302624991431,-0.08355910513414067
3.0,237.5,6.189573854298048,-0.05828787582752426
3.0,242.5,6.24345621026241,-0.004405519863161622
3.0,247.5,6.174489563189684,-0.07337216693588822
3.0,252.5,6.10904913346961,-0.13881259665596168
3.0,257.5,6.157768014706281,-0.09009371541929045
3.0,262.5,6.209444835558564,-0.03841689456700781
3.0,267.5,6.163600622380258,-0.0842611077453137
3.0,272.5,6.144146777080772,-0.10371495304479961
3.0,277.5,6.147176768323449,-0.10068496180212261
3.0,282.5,6.0529649595067525,-0.19489677061881938
3.0,287.5,6.1497842647563745,-0.09807746536919737
3.0,292.5,6.178739269508501,-0.06912246061707084
3.0,297.5,6.106441369741798,-0.1414203603837736
3.0,302.5,6.195978710171597,-0.051883019953974596
3.0,307.5,6.152513291937771,-0.09534843818780114
3.0,312.5,6.170015367032211,-0.0778463630933608
3.0,317.5,6.1217507924781955,-0.12611093764737635
3.0,322.5,6.151994748170954,-0.09586698195461807
3.0,327.5,6.226170549936106,-0.021691180189465697
3.0,332.5,6.098163226239946,-0.14969850388562556
3.0,337.5,6.065040602496902,-0.18282112762866998
3.0,342.5,6.162509230712956,-0.08535249941261558
3.0,347.5,6.181881464420906,-0.06598026570466597
3.0,352.5,6.061801213134139,-0.1860605169914331
3.0,357.5,6.077975377142775,-0.16988635298279675
3.25,2.5,6.254610293638168,0.006748563512595673
3.25,7.5,6.154826563506923,-0.09303516661864908
3.25,12.5,6.130049864562584,-0.11781186556298806
3.25,17.5,6.245432583989324,-0.002429146136248228
3.25,22.5,6.221423146408596,-0.026438583716975828
3.25,27.5,6.206069020199406,-0.041792709926165905
3.25,32.5,6.229217933033247,-0.018643797092324554
3.25,37.5,6.228234105352421,-0.019627624773151275
3.25,42.5,6.137197229813324,-0.1106645003122475
3.25,47.5,6.1263049428846,-0.12155678724097196
3.25,52.5,6.2323973776273105,-0.015464352498261391
3.25,57.5,6.281876336411403,0.034014606285831306
3.25,62.5,6.2334356266410555,-0.01442610348451634
3.25,67.5,6.182008789445243,-0.06585294068032876
3.25,72.5,6.182134739582548,-0.06572699054302422
3.25,77.5,6.17177211633918,-0.07608961378639201
3.25,82.5,6.104285450388745,-0.14357627973682696
3.25,87.5,6.091747448336633,-0.1561142817889385
3.25,92.5,6.183854968600462,-0.06400676152510965
3.25,97.5,6.183357596677295,-0.06450413344827677
3.25,102.5,6.1652047152884375,-0.08265701483713439
3.25,107.5,6.2129744191975185,-0.03488731092805342
3.25,112.5,6.228415894610736,-0.01944583551483614
3.25,117.5,6.145349640392598,-0.10251208973297388
3.25,122.5,6.194882576893686,-0.05297915323188551
3.25,127.5,6.139228297976057,-0.1086334321495146
3.25,132.5,6.18661187848895,-0.06124985163662178
3.25,137.5,6.201603357512033,-0.046258372613539045
3.25,142.5,6.104715036550966,-0.14314669357460552
3.25,147.5,6.116405801660148,-0.13145592846542353
3.25,152.5,6.229748355277341,-0.018113374848231167
3.25,157.5,6.150835918183012,-0.09702581194255977
3.25,162.5,6.077960621019206,-0.16990110910636602
3.25,167.5,6.0158876362733915,-0.23197409385218037
3.25,172.5,6.109123805277998,-0.13873792484757352
3.25,177.5,6.119279827271644,-0.12858190285392812
3.25,182.5,6.093191834143473,-0.15466989598209846
3.25,187.5,6.1664001677416636,-0.08146156238390834
3.25,192.5,6.196144392359305,-0.051717337766266525
3.25,197.5,6.206960067223423,-0.04090166290214903
3.25,202.5,6.202300180565058,-0.045561549560513726
3.25,207.5,6.129576509929895,-0.118285220195677
3.25,212.5,6.228774575018919,-0.01908715510665271
3.25,217.5,6.20362263749003,-0.04423909263554204
3.25,222.5,6.120564406017239,-0.1272973241083326
3.25,227.5,6.174670410868432,-0.07319131925714029
3.25,232.5,6.145498705204089,-0.10236302492148308
3.25,237.5,6.175132829977152,-0.07272890014841948
3.25,242.5,6.256642708140541,0.008780978014969243
3.25,247.5,6.2296897341738475,-0.018171995951724362
3.25,252.5,6.126496601702544,-0.12136512842302771
3.25,257.5,6.158361702535753,-0.08950002758981856
3.25,262.5,6.210385338632384,-0.03747639149318793
3.25,267.5,6.156534425694243,-0.09132730443132875
3.25,272.5,6.106494406593811,-0.14136732353176118
3.25,277.5,6.063737419288976,-0.1841243108365962
3.25,282.5,6.006711579080582,-0.24115015104499005
3.25,287.5,6.108911871468262,-0.1389498586573099
3.25,292.5,6.210610367477481,-0.03725136264809059
3.25,297.5,6.1573041216697915,-0.09055760845578043
3.25,302.5,6.180149696556958,-0.06771203356861388
3.25,307.5,6.114737285940381,-0.13312444418519132
3.25,312.5,6.147184577091498,-0.10067715303407354
3.25,317.5,6.1232555181187545,-0.12460621200681743
3.25,322.5,6.115904303654583,-0.13195742647098907
3.25,327.5,6.168517925859405,-0.07934380426616716
3.25,332.5,6.124957164849249,-0.12290456527632276
3.25,337.5,6.08682883410025,-0.161032896025322
3.25,342.5,6.135318036352538,-0.11254369377303419
3.25,347.5,6.168792513305002,-0.07906921682057
3.25,352.5,6.061852007249401,-0.1860097228761708
3.25,357.5,6.093854510601407,-0.15400721952416507
3.5,2.5,6.259466350555791,0.01160462043021937
3.5,7.5,6.197467248299579,-0.050394481825993154
3.5,12.5,6.159353167572247,-0.08850856255332484
3.5,17.5,6.207234843468854,-0.04062688665671832
3.5,22.5,6.227001979422576,-0.020859750702995505
3.5,27.5,6.23366346346966,-0.01419826665591195
3.5,32.5,6.2756243876842195,0.027762657558647597
3.5,37.5,6.249350991450703,0.0014892613251307196
3.5,42.5,6.212360623420974,-0.03550110670459805
3.5,47.5,6.148104280358747,-0.09975744976682499
3.5,52.5,6.2624664828691134,0.01460475274354156
3.5,57.5,6.273343734403936,0.025482004278363668
3.5,62.5,6.226588446794431,-0.021273283331140647
3.5,67.5,6.187467351056575,-0.06039437906899714
3.5,72.5,6.277292431173116,0.029430701047544083
3.5,77.5,6.185169766892648,-0.0626919632329237
3.5,82.5,6.122304544282425,-0.1255571858431468
3.5,87.5,6.163540214737445,-0.08432151538812693
3.5,92.5,6.171112389979534,-0.07674934014603796
3.5,97.5,6.164554490959261,-0.08330723916631122
3.5,102.5,6.085952448856488,-0.1619092812690841
3.5,107.5,6.245558178073367,-0.0023035520522052266
3.5,112.5,6.180402913267789,-0.06745881685778254
3.5,117.5,6.104877699310212,-0.14298403081536026
3.5,122.5,6.193607715564124,-0.054254014561448294
3.5,127.5,6.179985573633154,-0.06787615649241818
3.5,132.5,6.1949602153857,-0.05290151473987148
3.5,137.5,6.12141282422839,-0.12644890589718205
3.5,142.5,6.129598713871025,-0.11826301625454683
3.5,147.5,6.170446372048973,-0.07741535807659883
3.5,152.5,6.2048970556995675,-0.04296467442600438
3.5,157.5,6.211286219998754,-0.036575510126818145
3.5,162.5,6.109894630273803,-0.13796709985176925
3.5,167.5,6.133303321764437,-0.11455840836113484
3.5,172.5,6.103908162122021,-0.14395356800355064
3.5,177.5,6.145155622137182,-0.1027061079883902
3.5,182.5,6.132771398244131,-0.11509033188144091
3.5,187.5,6.211014223396354,-0.03684750672921755
3.5,192.5,6.2208729513471805,-0.026988778778391342
3.5,197.5,6.166248459414937,-0.08161327071063518
3.5,202.5,6.241388259411336,-0.006473470714236207
3.5,207.5,6.17812821879875,-0.06973351132682204
3.5,212.5,6.23683021234065,-0.011031517784921618
3.5,217.5,6.2171972396432125,-0.03066449048235942
3.5,222.5,6.192896517196232,-0.05496521292934009
3.5,227.5,6.198628228308715,-0.049233501816856595
3.5,232.5,6.143231885365191,-0.10462984476038084
3.5,237.5,6.1633980016831496,-0.08446372844242234
3.5,242.5,6.251904968072336,0.004043237946763867
3.5,247.5,6.252469668997719,0.004607938872147166
3.5,252.5,6.130362452126899,-0.11749927799867255
3.5,257.5,6.173659025269834,-0.07420270485573788
3.5,262.5,6.204480361105048,-0.043381369020523586
3.5,267.5,6.1394693209671525,-0.10839240915841941
3.5,272.5,6.085438197326199,-0.16242353279937305
3.5,277.5,5.9969905289306,-0.25087120119497186
3.5,282.5,6.0041207640549406,-0.24374096607063134
3.5,287.5,6.141605880275312,-0.10625584985025949
3.5,292.5,6.20539414462371,-0.04246758550186147
3.5,297.5,6.189060602918089,-0.05880112720748265
3.5,302.5,6.190748346860274,-0.05711338326529791
3.5,307.5,6.091428693390631,-0.15643303673494113
3.5,312.5,6.129903672426217,-0.1179580576993553
3.5,317.5,6.138898152051853,-0.10896357807371881
3.5,322.5,6.175720264810931,-0.07214146531464127
3.5,327.5,6.12965426052385,-0.1182074696017219
3.5,332.5,6.1447610804418655,-0.10310064968370636
3.5,337.5,6.075131978591282,-0.17272975153429027
3.5,342.5,6.165677026646269,-0.08218470347930307
3.5,347.5,6.174362988193846,-0.07349874193172568
3.5,352.5,6.111766834633258,-0.13609489549231402
3.5,357.5,6.157181928852557,-0.09067980127301478
3.75,2.5,6.26968049831076,0.02181876818518802
3.75,7.5,6.2216026060046765,-0.026259124120895372
3.75,12.5,6.220835981436317,-0.02702574868925467
3.75,17.5,6.22729208667316,-0.0205696434524123
3.75,22.5,6.228862577625713,-0.01899915249985895
3.75,27.5,6.260549934299374,0.01268820417380212
3.75,32.5,6.315000543348948,0.06713881322337567
3.75,37.5,6.28368958676161,0.035827856636037936
3.75,42.5,6.201011334834023,-0.046850395291548885
3.75,47.5,6.146747540866839,-0.10111418925873306
3.75,52.5,6.281372569963869,0.03351083983829728
3.75,57.5,6.260118020496283,0.012256290370711298
3.75,62.5,6.222393842321182,-0.02546788780438991
3.75,67.5,6.174356253828932,-0.07350547629664028
3.75,72.5,6.283685021129912,0.03582329100434034
3.75,77.5,6.269771714547039,0.021909984421466966
3.75,82.5,6.194801629569217,-0.053060100556354683
3.75,87.5,6.198170061820376,-0.049691668305196224
3.75,92.5,6.196379275039023,-0.05148245508654892
3.75,97.5,6.132799130630937,-0.11506259949463526
3.75,102.5,6.09996975435521,-0.14789197577036184
3.75,107.5,6.246703456321598,-0.0011582738039734863
3.75,112.5,6.2033796950606925,-0.044482035064879355
3.75,117.5,6.158624060627074,-0.0892376694984982
3.75,122.5,6.142821606266152,-0.1050401238594203
3.75,127.5,6.2441744385457945,-0.0036872915797774297
3.75,132.5,6.225467485962981,-0.022394244162590837
3.75,137.5,6.113745845155352,-0.1341158849702202
3.75,142.5,6.140286126460599,-0.10757560366497287
3.75,147.5,6.154702817398302,-0.09315891272726962
3.75,152.5,6.205189586601296,-0.04267214352427562
3.75,157.5,6.205763103048426,-0.042098627077145956
3.75,162.5,6.1519031929770716,-0.09595853714850033
3.75,167.5,6.172405506493057,-0.07545622363251514
3.75,172.5,6.165971878713926,-0.08188985141164551
3.75,177.5,6.184531148176006,-0.06333058194956553
3.75,182.5,6.15169819456165,-0.09616353556392188
3.75,187.5,6.264476760624779,0.016615030499207428
3.75,192.5,6.247961434056993,9.970393142122447e-05
3.75,197.5,6.193173418560987,-0.05468831156458531
3.75,202.5,6.239455919651516,-0.008405810474055642
3.75,207.5,6.211871177080193,-0.03599055304537924
3.75,212.5,6.234750303219721,-0.013111426905850543
3.75,217.5,6.212646885115994,-0.03521484500957772
3.75,222.5,6.215336723676032,-0.03252500644954015
3.75,227.5,6.215952191512979,-0.03190953861259249
3.75,232.5,6.1600788001284545,-0.08778292999711734
3.75,237.5,6.178736461735808,-0.0691252683897643
3.75,242.5,6.254821442387955,0.006959712262383455
3.75,247.5,6.220589745915563,-0.027271984210009315
3.75,252.5,6.173301997947548,-0.07455973217802381
3.75,257.5,6.2344202642522255,-0.013441465873346381
3.75,262.5,6.251447315014218,0.0035855848886461317
3.75,267.5,6.1661483455553086,-0.08171338457026334
3.75,272.5,6.130233713134706,-0.11762801699086545
3.75,277.5,6.034344410732196,-0.21351731939337615
3.75,282.5,6.061527771973188,-0.18633395815238352
3.75,287.5,6.146632554878977,-0.10122917524659503
3.75,292.5,6.247125206406586,-0.0007365237189862484
3.75,297.5,6.200053164605697,-0.047808565519875224
3.75,302.5,6.183074918739133,-0.06478681138643871
3.75,307.5,6.124945971018657,-0.12291575910691499
3.75,312.5,6.149114668794274,-0.09874706133129774
3.75,317.5,6.131911739839401,-0.11594999028617092
3.75,322.5,6.2298573160973865,-0.018004414028185423
3.75,327.5,6.119123399300528,-0.12873833082504405
3.75,332.5,6.1429879959961315,-0.10487373412944034
3.75,337.5,6.095340433069366,-0.15252129705620554
3.75,342.5,6.229013278325347,-0.018848451800224986
3.75,347.5,6.170832200520187,-0.0770295296053849
3.75,352.5,6.147300128131535,-0.10056160199403674
3.75,357.5,6.191853400518657,-0.056008329606914486
4.0,2.5,6.266570325452078,0.018708595326506483
4.0,7.5,6.252024545432933,0.0041628153073611784
4.0,12.5,6.2475583088927955,-0.00030342123277637967
4.0,17.5,6.24212480205604,-0.005736928069532077
4.0,22.5,6.237386416359335,-0.01047531376623656
4.0,27.5,6.230153960472444,-0.017707769653127592
4.0,32.5,6.294308634547492,0.04644690442192001
4.0,37.5,6.3032785699024085,0.055416839776836646
4.0,42.5,6.200538339163868,-0.04732339096170346
4.0,47.5,6.200662146522702,-0.04719958360287002
4.0,52.5,6.301549408340211,0.053687678214639156
4.0,57.5,6.21194969124617,-0.03591203887940164
4.0,62.5,6.247602538784746,-0.00025919134082563744
4.0,67.5,6.228200616398545,-0.019661113727027058
4.0,72.5,6.2577469181055125,0.009885187979940646
4.0,77.5,6.310869531094242,0.06300780096866987
4.0,82.5,6.233080794982468,-0.014780935143104301
4.0,87.5,6.216592188891489,-0.03126954123408332
4.0,92.5,6.255466209093578,0.007604478968006312
4.0,97.5,6.218036705077531,-0.029825025048040743
4.0,102.5,6.167779166959061,-0.08008256316651075
4.0,107.5,6.244208837268461,-0.003652892857110679
4.0,112.5,6.221303879838729,-0.0265578502868431
4.0,117.5,6.168257337373502,-0.07960439275206976
4.0,122.5,6.106249057085023,-0.14161267304054892
4.0,127.5,6.262131613130666,0.014269883005094464
4.0,132.5,6.273275206152923,0.025413476027351223
4.0,137.5,6.134567699630804,-0.11329403049476827
4.0,142.5,6.119777209734256,-0.12808452039131613
4.0,147.5,6.183126403183632,-0.06473532694193995
4.0,152.5,6.212139800188755,-0.035721929936817
4.0,157.5,6.207253757487967,-0.04060797263760474
4.0,162.5,6.229659364378071,-0.018202365747501226
4.0,167.5,6.174060056682835,-0.07380167344273669
4.0,172.5,6.171161647506066,-0.07670008261950567
4.0,177.5,6.186350516062595,-0.06151121406297655
4.0,182.5,6.196019507555025,-0.0518422225705466
4.0,187.5,6.228721430356112,-0.01914029976946008
4.0,192.5,6.198748253331779,-0.049113476793793076
4.0,197.5,6.212015168803353,-0.035846561322219195
4.0,202.5,6.2303464687933925,-0.0175152613321794
4.0,207.5,6.217806904778485,-0.030054825347086478
4.0,212.5,6.23562283158608,-0.012238898539491672
4.0,217.5,6.202844401522481,-0.045017328603091045
4.0,222.5,6.228655349004034,-0.019206381121537497
4.0,227.5,6.2010464008197665,-0.04681532930580534
4.0,232.5,6.179534103626743,-0.06832762649882884
4.0,237.5,6.220053734778455,-0.027807995347116865
4.0,242.5,6.282973475933638,0.03511174580806653
4.0,247.5,6.254848152665319,0.006986422539746684
4.0,252.5,6.2293529439885145,-0.01850878613705742
4.0,257.5,6.2856951336868105,0.037833403561238654
4.0,262.5,6.295990734232999,0.04812900410742671
4.0,267.5,6.204049843855213,-0.043811886270359146
4.0,272.5,6.1749071823261215,-0.07295454779945043
4.0,277.5,6.092625527143629,-0.15523620298194274
4.0,282.5,6.100425215067565,-0.1474365150580068
4.0,287.5,6.138658661509453,-0.10920306861611895
4.0,292.5,6.225461417253975,-0.022400312871597272
4.0,297.5,6.199679331893763,-0.04818239823180903
4.0,302.5,6.173725958577864,-0.07413577154770756
4.0,307.5,6.146343330394143,-0.10151839973142884
4.0,312.5,6.177520811357802,-0.07034091876777016
4.0,317.5,6.159807893952257,-0.08805383617331497
4.0,322.5,6.2215078884035355,-0.026353841722036364
4.0,327.5,6.172642018718735,-0.07521971140683714
4.0,332.5,6.129550634299484,-0.11831109582608779
4.0,337.5,6.157348892436039,-0.09051283768953322
4.0,342.5,6.305607264818542,0.0577455346929705
4.0,347.5,6.156291629997908,-0.09157010012766431
4.0,352.5,6.147685080597238,-0.1001766495283336
4.0,357.5,6.225099497516821,-0.0227622326087511
4.25,2.5,6.254652341425634,0.006790611300061755
4.25,7.5,6.265106907477939,0.017245177352367413
4.25,12.5,6.246524615491446,-0.001337114634125669
4.25,17.5,6.264674505133569,0.01681277500799716
4.25,22.5,6.240359412114882,-0.007502318010689457
4.25,27.5,6.2246600193270645,-0.023201710798507413
4.25,32.5,6.277206776912592,0.02934504678701977
4.25,37.5,6.307763403033586,0.05990167290801374
4.25,42.5,6.263809406890109,0.015947676764537455
4.25,47.5,6.207651662547165,-0.04021006757840695
4.25,52.5,6.310048595300023,0.06218686517445082
4.25,57.5,6.235961915978681,-0.011899814146890897
4.25,62.5,6.268330434015713,0.020468703890140993
4.25,67.5,6.232306254994922,-0.015555475130649477
4.25,72.5,6.306625777369588,0.05876404724401585
4.25,77.5,6.3291099097143935,0.08124817958882158
4.25,82.5,6.251355591524288,0.0034938613987165468
4.25,87.5,6.231177815236487,-0.01668391488908494
4.25,92.5,6.293321860569136,0.045460130443563784
4.25,97.5,6.232023019887142,-0.01583871023843031
4.25,102.5,6.1918725247228705,-0.05598920540270136
4.25,107.5,6.277094793222927,0.029233063097355405
4.25,112.5,6.218265147689861,-0.02959658243571095
4.25,117.5,6.224953942551161,-0.02290778757441103
4.25,122.5,6.163146505777058,-0.08471522434851408
4.25,127.5,6.264847312791833,0.016985582666261045
4.25,132.5,6.279560069396848,0.03169833927127641
4.25,137.5,6.179479541014067,-0.06838218911150484
4.25,142.5,6.183260963384347,-0.06460076674122472
4.25,147.5,6.218252369703073,-0.02960936042249873
4.25,152.5,6.259981333546503,0.012119603420931213
4.25,157.5,6.235609019067033,-0.012252711058539312
4.25,162.5,6.166186427901683,-0.08167530222388919
4.25,167.5,6.141883447105892,-0.10597828301968004
4.25,172.5,6.186069846208625,-0.06179188391694712
4.25,177.5,6.1983678348866,-0.04949389523897185
4.25,182.5,6.202819045149491,-0.04504268497608077
4.25,187.5,6.212396480714142,-0.03546524941142959
4.25,192.5,6.213670144971146,-0.03419158515442611
4.25,197.5,6.196952148745237,-0.050909581380334856
4.25,202.5,6.219013758341792,-0.028847971783779514
4.25,207.5,6.225336995671233,-0.02252473445433889
4.25,212.5,6.246018337579834,-0.0018433925457381761
4.25,217.5,6.2382134299838095,-0.009648300141762434
4.25,222.5,6.256398581251796,0.008536851126224043
4.25,227.5,6.213358597561172,-0.034503132564400296
4.25,232.5,6.201678473976139,-0.046183256149433305
4.25,237.5,6.219890078239941,-0.027971651885630777
4.25,242.5,6.313838939427253,0.06597720930168105
4.25,247.5,6.293483280385086,0.04562155025951409
4.25,252.5,6.265000044713293,0.017138314587721304
4.25,257.5,6.289986006032584,0.042124275907012176
4.25,262.5,6.314854647353442,0.06699291722787049
4.25,267.5,6.233234698793544,-0.014627031332027585
4.25,272.5,6.186471396560304,-0.06139033356526813
4.25,277.5,6.156148154788183,-0.09171357533738878
4.25,282.5,6.137028613065667,-0.11083311705990528
4.25,287.5,6.140431060968072,-0.10743066915749999
4.25,292.5,6.2381969894026765,-0.00966474072289536
4.25,297.5,6.232435761691142,-0.015425968434430004
4.25,302.5,6.18727583864621,-0.060585891479362
4.25,307.5,6.165854513610258,-0.08200721651531406
4.25,312.5,6.206967490659247,-0.040894239466324755
4.25,317.5,6.201553602649059,-0.046308127476512695
4.25,322.5,6.251879240779871,0.00401751065429945
4.25,327.5,6.187286292482353,-0.0605754376432186
4.25,332.5,6.1646995314613084,-0.08316219866426344
4.25,337.5,6.17101643459447,-0.07684529553110231
4.25,342.5,6.25724362507902,0.009381894953448544
4.25,347.5,6.1923138943447285,-0.055547835780843435
4.25,352.5,6.165872495930124,-0.08198923419544801
4.25,357.5,6.202870832329935,-0.04499089779563725
4.5,2.5,6.249002562677066,0.0011408325514938866
4.5,7.5,6.2613106654571595,0.013448935331587641
4.5,12.5,6.244167808357253,-0.003693921768318731
4.5,17.5,6.262110562584855,0.0142488324592831
4.5,22.5,6.24834945989622,0.0004877297706480377
4.5,27.5,6.239326392884249,-0.008535337241323049
4.5,32.5,6.263436527003635,0.015574796878063069
4.5,37.5,6.301495018212628,0.05363328808705603
4.5,42.5,6.299433963045558,0.051572232919985694
4.5,47.5,6.257260935274798,0.009399205149225764
4.5,52.5,6.303803743376429,0.055942013250857237
4.5,57.5,6.272372095342524,0.024510365216952046
4.5,62.5,6.262583500706891,0.014721770581319404
4.5,67.5,6.206852558019429,-0.04100917210614252
4.5,72.5,6.294301990428727,0.04644026030315551
4.5,77.5,6.314630260970831,0.06676853084525902
4.5,82.5,6.264954205815597,0.017092475690025033
4.5,87.5,6.209704984983599,-0.03815674514197287
4.5,92.5,6.273825645880595,0.02596391575502288
4.5,97.5,6.2563216448304875,0.008459914704915583
4.5,102.5,6.217418801436825,-0.030442928688747095
4.5,107.5,6.287091765315622,0.03923003519004986
4.5,112.5,6.218816899548589,-0.02904483057698304
4.5,117.5,6.226780084014373,-0.021081646111198893
4.5,122.5,6.223734719891562,-0.024127010234010093
4.5,127.5,6.289498562973328,0.041636832847756544
4.5,132.5,6.291239493727607,0.04337776360203538
4.5,137.5,6.219183117733701,-0.02867861239187075
4.5,142.5,6.188198535929284,-0.05966319419628796
4.5,147.5,6.199028495394345,-0.04883323473122658
4.5,152.5,6.291256951495615,0.04339522137004348
4.5,157.5,6.247672879491564,-0.00018885063400819746
4.5,162.5,6.105079949388408,-0.14278178073716408
4.5,167.5,6.149089081125096,-0.09877264900047589
4.5,172.5,6.189549377089502,-0.05831235303606963
4.5,177.5,6.206852917700417,-0.041008812425155305
4.5,182.5,6.20768057743664,-0.04018115268893219
4.5,187.5,6.249255641184481,0.0013939110589094028
4.5,192.5,6.256730294404401,0.008868564278829538
4.5,197.5,6.198718319859269,-0.049143410266302645
4.5,202.5,6.218050499674208,-0.029811230451364246
4.5,207.5,6.22545243914664,-0.022409290978932184
4.5,212.5,6.264631960935485,0.01677023080991269
4.5,217.5,6.228006422950239,-0.019855307175332904
4.5,222.5,6.235150480022115,-0.012711250103456528
4.5,227.5,6.228617756047444,-0.019243974078127835
4.5,232.5,6.235439215910887,-0.012422514214684988
4.5,237.5,6.2456291499111,-0.0022325802144722573
4.5,242.5,6.328280438717659,0.08041870859208711
4.5,247.5,6.304659926122871,0.05679819599729896
4.5,252.5,6.267423003950655,0.019561273825082992
4.5,257.5,6.305729189768416,0.05786745964284368
4.5,262.5,6.314189009170595,0.06632727904502289
4.5,267.5,6.264001392252913,0.016139662127341303
4.5,272.5,6.183756492057908,-0.06410523806766388
4.5,277.5,6.177281488967795,-0.07058024115777695
4.5,282.5,6.171558254668322,-0.0763034754572498
4.5,287.5,6.1720028973091665,-0.07585883281640537
4.5,292.5,6.265152250149125,0.017290520023553135
4.5,297.5,6.217936835559444,-0.029924894566128124
4.5,302.5,6.176855488725937,-0.07100624139963507
4.5,307.5,6.194527429676063,-0.053334300449509264
4.5,312.5,6.243171874745806,-0.0046898553797660725
4.5,317.5,6.237176138003699,-0.010685592121872922
4.5,322.5,6.245745893977744,-0.002115836147828176
4.5,327.5,6.236144528617485,-0.011717201508086639
4.5,332.5,6.205519033288954,-0.04234269683661829
4.5,337.5,6.202836286117504,-0.04502544400806752
4.5,342.5,6.218615272940417,-0.029246457185155172
4.5,347.5,6.2316301898776345,-0.01623154024793738
4.5,352.5,6.175349826998753,-0.0725119031268191
4.5,357.5,6.195685034178,-0.052176695947571794
4.75,2.5,6.252501664174993,0.0046399340494209795
4.75,7.5,6.253868950485598,0.006007220360026544
4.75,12.5,6.234156491180988,-0.013705238944583975
4.75,17.5,6.245956375706241,-0.00190535441933104
4.75,22.5,6.272861566008607,0.024999835883035004
4.75,27.5,6.235526974382195,-0.01233475574337728
4.75,32.5,6.279012740178365,0.03115101005279275
4.75,37.5,6.300421964047105,0.05256023392153342
4.75,42.5,6.286902253396479,0.03904052327090746
4.75,47.5,6.240647133524612,-0.0072145966009600215
4.75,52.5,6.276959698800037,0.029097968674465235
4.75,57.5,6.277251699939852,0.029389969814280548
4.75,62.5,6.24608538553233,-0.0017763445932414967
4.75,67.5,6.225360739026346,-0.022500991099225764
4.75,72.5,6.2874403718272465,0.03957864170167458
4.75,77.5,6.259454876291761,0.011593146166188895
4.75,82.5,6.236121441645231,-0.011740288480340588
4.75,87.5,6.176641368245724,-0.07122036187984815
4.75,92.5,6.257213688435604,0.009351958310031883
4.75,97.5,6.240432743369482,-0.007428986756090161
4.75,102.5,6.243133733868793,-0.004727996256779221
4.75,107.5,6.24384475143704,-0.0040169786885320136
4.75,112.5,6.236325371519697,-0.011536358605875208
4.75,117.5,6.223478257431811,-0.024383472693760844
4.75,122.5,6.256643615418631,0.008781885293059233
4.75,127.5,6.272369058943754,0.024507328818182295
4.75,132.5,6.239461548744494,-0.00840018138107812
4.75,137.5,6.235197277502576,-0.01266445262299598
4.75,142.5,6.148009074304186,-0.09985265582138592
4.75,147.5,6.172889940997353,-0.07497178912821845
4.75,152.5,6.265752769238592,0.017891039113020035
4.75,157.5,6.282538465324859,0.03467673519928738
4.75,162.5,6.132478886545668,-0.11538284357990403
4.75,167.5,6.150828637016038,-0.09703309310953401
4.75,172.5,6.187867633063203,-0.05999409706236847
4.75,177.5,6.207498046037109,-0.04036368408846247
4.75,182.5,6.1913019378083165,-0.056559792317255386
4.75,187.5,6.217967570513401,-0.029894159612171123
4.75,192.5,6.26207680391499,0.01421507378941822
4.75,197.5,6.222618059513341,-0.025243670612231206
4.75,202.5,6.2231046368937974,-0.02475709323177444
4.75,207.5,6.236830689738554,-0.011031040387018187
4.75,212.5,6.266325377821377,0.018463647695805108
4.75,217.5,6.219521458873436,-0.02834027125213545
4.75,222.5,6.220205352057332,-0.027656378068240173
4.75,227.5,6.231361165247389,-0.016500564878183077
4.75,232.5,6.246177986472604,-0.0016837436529675287
4.75,237.5,6.233287089045092,-0.0145746410804799
4.75,242.5,6.312322380596744,0.06446065047117244
4.75,247.5,6.285577442897206,0.0377157127716341
4.75,252.5,6.262799223015931,0.014937492890359394
4.75,257.5,6.270322942060719,0.022461211935147496
4.75,262.5,6.277662640736344,0.02980091061077239
4.75,267.5,6.227044307138473,-0.020817422987098766
4.75,272.5,6.207842246750961,-0.04001948337461059
4.75,277.5,6.177592639381105,-0.07026909074446674
4.75,282.5,6.171159497212767,-0.07670223291280465
4.75,287.5,6.179476163273308,-0.06838556685226393
4.75,292.5,6.260907741410317,0.013046011284744807
4.75,297.5,6.144414420636185,-0.10344730948938707
4.75,302.5,6.145033782074954,-0.10282794805061801
4.75,307.5,6.201727505990446,-0.04613422413512591
4.75,312.5,6.2533233434285975,0.005461613303025636
4.75,317.5,6.231837870165281,-0.016023859960291098
4.75,322.5,6.245089288633967,-0.002772441491605271
4.75,327.5,6.290557798583412,0.042696068457839687
4.75,332.5,6.211367972107692,-0.036493758017879685
4.75,337.5,6.215343227513309,-0.03251850261226252
4.75,342.5,6.225681696302753,-0.022180033822818856
4.75,347.5,6.16521411289972,-0.08264761722585146
4.75,352.5,6.19334673114837,-0.05451499897720158
4.75,357.5,6.211536534367027,-0.03632519575854509
5.0,2.5,6.247319143300473,-0.0005425868250990007
5.0,7.5,6.250892745990041,0.0030310158644688556
5.0,12.5,6.243661150143351,-0.004200579982220454
5.0,17.5,6.276946703408206,0.029084973282634152
5.0,22.5,6.2599578845606985,0.012096154435126572
5.0,27.5,6.233834985027433,-0.01402674509813906
5.0,32.5,6.283621991183899,0.03576026105832675
5.0,37.5,6.3060033610032225,0.05814163087765056
5.0,42.5,6.27954715761352,0.03168542748794767
5.0,47.5,6.217713348481548,-0.03014838164402356
5.0,52.5,6.239003313890153,-0.008858416235418609
5.0,57.5,6.284405500576752,0.03654377045118018
5.0,62.5,6.247548736452282,-0.0003129936732895189
5.0,67.5,6.241833285234405,-0.006028444891167162
5.0,72.5,6.285857954101019,0.037996223975446775
5.0,77.5,6.249661078759658,0.0017993486340861509
5.0,82.5,6.207221207476252,-0.040640522649320054
5.0,87.5,6.199694113636753,-0.04816761648881851
5.0,92.5,6.250651504293078,0.0027897741675060317
5.0,97.5,6.227622750962163,-0.020238979163409
5.0,102.5,6.216823090695698,-0.03103863942987406
5.0,107.5,6.261804082477989,0.013942352352416698
5.0,112.5,6.1920895155980835,-0.05577221452748837
5.0,117.5,6.1961700059395195,-0.05169172418605239
5.0,122.5,6.254934955302088,0.007073225176515763
5.0,127.5,6.220881159930501,-0.02698057019507072
5.0,132.5,6.240211605755059,-0.007650124370512934
5.0,137.5,6.1616424847925195,-0.08621924533305236
5.0,142.5,6.144078605614601,-0.10378312451097127
5.0,147.5,6.268612775361395,0.02075104523582283
5.0,152.5,6.298455630930199,0.050593900804627445
5.0,157.5,6.301334292191884,0.0534725620663119
5.0,162.5,6.1795653252974265,-0.06829640482814536
5.0,167.5,6.181914414889323,-0.06594731523624908
5.0,172.5,6.178817757355702,-0.06904397276986973
5.0,177.5,6.195939861534483,-0.05192186859108894
5.0,182.5,6.1297870851391885,-0.11807464498638343
5.0,187.5,6.2236482998269915,-0.024213430298580363
5.0,192.5,6.234626854649398,-0.013234875476173968
5.0,197.5,6.253463879381951,0.005602149256379363
5.0,202.5,6.215688489920653,-0.032173240204919296
5.0,207.5,6.228571513082881,-0.019290217042691182
5.0,212.5,6.244751577030581,-0.003110153094991297
5.0,217.5,6.214391121885921,-0.03347060823965098
5.0,222.5,6.201796052286123,-0.04606567783944904
5.0,227.5,6.25876736448997,0.010905634364398509
5.0,232.5,6.2456406710711,-0.0022210590544720077
5.0,237.5,6.2036629801910035,-0.044198749934568404
5.0,242.5,6.308325315462877,0.060463585337305226
5.0,247.5,6.302143568026572,0.05428183790099972
5.0,252.5,6.250348600812977,0.0024868706874050517
5.0,257.5,6.275395635789261,0.027533905663688962
5.0,262.5,6.256175876603754,0.00831414647818196
5.0,267.5,6.205145475830912,-0.04271625429465953
5.0,272.5,6.218007554156214,-0.029854175969357577
5.0,277.5,6.173807003610593,-0.07405472651497913
5.0,282.5,6.1581700014403395,-0.08969172868523234
5.0,287.5,6.167981343947016,-0.07988038617855597
5.0,292.5,6.211824831731782,-0.03603689839378976
5.0,297.5,6.21387654125204,-0.0339851888735323
5.0,302.5,6.104875005811052,-0.14298672431451998
5.0,307.5,6.197552921433503,-0.05030880869206911
5.0,312.5,6.23710580079406,-0.010755929331511815
5.0,317.5,6.223290272153809,-0.024571457971762634
5.0,322.5,6.211823327929464,-0.03603840219610799
5.0,327.5,6.340519966258294,0.0926582361327224
5.0,332.5,6.2078637739546485,-0.03999795617092339
5.0,337.5,6.2141656500111075,-0.033696080114464344
5.0,342.5,6.244361501326521,-0.003500228799050653
5.0,347.5,6.192825924467248,-0.05503580565832422
5.0,352.5,6.2017693043038795,-0.04609242582169237
5.0,357.5,6.220358197492385,-0.027503532633186722
5.25,2.5,6.223396470212526,-0.024465259913045934
5.25,7.5,6.237278858041098,-0.010582872084474282
5.25,12.5,6.2543194411369445,0.006457711011372602
5.25,17.5,6.288125978947685,0.04026424882211277
5.25,22.5,6.238907288386086,-0.008954441739486008
5.25,27.5,6.2133062167756385,-0.03455551334993334
5.25,32.5,6.274849757321574,0.02698802719600213
5.25,37.5,6.289413797111193,0.04155206698562086
5.25,42.5,6.238064953122619,-0.009796777002953228
5.25,47.5,6.193636066912008,-0.05422566321356381
5.25,52.5,6.226388599275639,-0.021473130849932964
5.25,57.5,6.268096362019646,0.020234631894074262
5.25,62.5,6.228208817323672,-0.019652912801899625
5.25,67.5,6.235345924812477,-0.01251580531309493
5.25,72.5,6.2800760624966365,0.032214332371064636
5.25,77.5,6.256923588853298,0.009061858727726246
5.25,82.5,6.215101256738244,-0.032760473387328126
5.25,87.5,6.241049372466254,-0.006812357659318202
5.25,92.5,6.279564013974998,0.03170228384942586
5.25,97.5,6.202279627845321,-0.0455821022802505
5.25,102.5,6.178527016401542,-0.06933471372402966
5.25,107.5,6.269234202226679,0.021372472101107043
5.25,112.5,6.2353416201583025,-0.012520109967269377
5.25,117.5,6.193452865584265,-0.054408864541306556
5.25,122.5,6.26027672862179,0.012414998496217855
5.25,127.5,6.232850552219093,-0.015011177906479212
5.25,132.5,6.21114112898878,-0.036720601136791764
5.25,137.5,6.146372731211187,-0.10148899891438479
5.25,142.5,6.139903963038367,-0.10795776708720517
5.25,147.5,6.308990714022163,0.06112898389659094
5.25,152.5,6.244417312249205,-0.0034444178763672895
5.25,157.5,6.266144468815706,0.01828273869013408
5.25,162.5,6.1958135382226445,-0.05204819190292742
5.25,167.5,6.1951694594913285,-0.05269227063424342
5.25,172.5,6.178734198843367,-0.06912753128220483
5.25,177.5,6.17713143154714,-0.0707302985784315
5.25,182.5,6.167838170964128,-0.08002355916144399
5.25,187.5,6.242174068901367,-0.005687661224205165
5.25,192.5,6.255385239977585,0.0075235098520129995
5.25,197.5,6.215617077247485,-0.03224465287808709
5.25,202.5,6.206231340705094,-0.0416303894204777
5.25,207.5,6.236763052505109,-0.01109867762046246
5.25,212.5,6.205766921533467,-0.042094808592104904
5.25,217.5,6.219326101830761,-0.0285356282948106
5.25,222.5,6.250067180788072,0.002205450662500219
5.25,227.5,6.245405429181616,-0.002456300943955547
5.25,232.5,6.220690917112094,-0.02717081301347779
5.25,237.5,6.239144959669165,-0.008716770456406842
5.25,242.5,6.328975678851069,0.08111394872549749
5.25,247.5,6.315108562883,0.06724683275742827
5.25,252.5,6.252011208660276,0.004149478534704265
5.25,257.5,6.275654369601243,0.027792639475671344
5.25,262.5,6.263200041904248,0.015338311778676506
5.25,267.5,6.1973269877923345,-0.050534742333237403
5.25,272.5,6.2241557167274095,-0.023706013398162362
5.25,277.5,6.185823896057386,-0.06203783406818619
5.25,282.5,6.132293298558583,-0.11556843156698893
5.25,287.5,6.167946091687362,-0.07991563843820959
5.25,292.5,6.20882882021356,-0.03903290991201214
5.25,297.5,6.183977048221035,-0.06388468190453711
5.25,302.5,6.055872775849279,-0.19198895427629292
5.25,307.5,6.19164684005806,-0.0562148900675119
5.25,312.5,6.208840156841464,-0.03902157328410816
5.25,317.5,6.199392455419121,-0.04846927470645124
5.25,322.5,6.228468361111169,-0.019393369014403028
5.25,327.5,6.3057603264449575,0.05789859631938565
5.25,332.5,6.1905216497949835,-0.05734008033058835
5.25,337.5,6.2003133182923555,-0.04754841183321634
5.25,342.5,6.213033326983664,-0.034828403141907494
5.25,347.5,6.220994451703252,-0.026867278422320062
5.25,352.5,6.1949820248033705,-0.05287970532220143
5.25,357.5,6.225709266006397,-0.022152464119175264
5.5,2.5,6.215547437751464,-0.032314292374107545
5.5,7.5,6.218858125137131,-0.029003604988441012
5.5,12.5,6.238160218134016,-0.009701511991555556
5.5,17.5,6.24834207307523,0.00048034294965848545
5.5,22.5,6.174750026381796,-0.07311170374377607
5.5,27.5,6.2233927813896415,-0.024468948735930418
5.5,32.5,6.2725226996751235,0.02466096954955166
5.5,37.5,6.277423227121889,0.02956149699631716
5.5,42.5,6.244004837483596,-0.003856892641976195
5.5,47.5,6.196532815946194,-0.05132891417937824
5.5,52.5,6.245272000278401,-0.002589729847170652
5.5,57.5,6.257602568025678,0.009740837900106492
5.5,62.5,6.2096814373338844,-0.03818029279168744
5.5,67.5,6.208001442564338,-0.0398602875612335
5.5,72.5,6.22589908964232,-0.021962640483251583
5.5,77.5,6.242298432287178,-0.005563297838393488
5.5,82.5,6.241294255513065,-0.006567474612507063
5.5,87.5,6.256802281978057,0.008940551852485434
5.5,92.5,6.312223948336946,0.06436221821137433
5.5,97.5,6.218368628143019,-0.029493101982552616
5.5,102.5,6.133609941232892,-0.1142517888926795
5.5,107.5,6.24790522379781,4.349367223799305e-05
5.5,112.5,6.258128418429203,0.010266688303631533
5.5,117.5,6.205677746793722,-0.04218398333185025
5.5,122.5,6.177971637211859,-0.06989009291371318
5.5,127.5,6.256644240170145,0.008782510044572867
5.5,132.5,6.203385627838125,-0.04447610228744647
5.5,137.5,6.143822974239132,-0.10403875588643974
5.5,142.5,6.137672663104176,-0.11018906702139564
5.5,147.5,6.184601458386309,-0.06326027173926274
5.5,152.5,6.199882745219074,-0.04797898490649821
5.5,157.5,6.264187815007329,0.01632608488175702
5.5,162.5,6.202701807121416,-0.04515992300415572
5.5,167.5,6.2212965487285645,-0.026565181397007365
5.5,172.5,6.209001028737282,-0.03886070138829023
5.5,177.5,6.18074742540389,-0.06711430472168178
5.5,182.5,6.223962972564435,-0.023898757561136463
5.5,187.5,6.271749709373234,0.02388797924766184
5.5,192.5,6.274311852021466,0.026450121895893908
5.5,197.5,6.190696642275665,-0.05716508784990726
5.5,202.5,6.241022033647905,-0.006839696477666912
5.5,207.5,6.237017645510854,-0.01084408461471753
5.5,212.5,6.226296565962659,-0.02156516416291332
5.5,217.5,6.24695598554504,-0.0009057445805318309
5.5,222.5,6.242273959821446,-0.0055877703041256055
5.5,227.5,6.230742121838059,-0.01711960828751291
5.5,232.5,6.222039268823463,-0.02582246130210919
5.5,237.5,6.277432754018102,0.029571023892530413
5.5,242.5,6.3483706160067515,0.10050888588117957
5.5,247.5,6.305558994175803,0.05769726405023068
5.5,252.5,6.251891781945339,0.004030051819767344
5.5,257.5,6.257515524526825,0.009653794401253357
5.5,262.5,6.279753429272513,0.03189169914694112
5.5,267.5,6.199247926596028,-0.04861380352954381
5.5,272.5,6.170543762790121,-0.07731796733545071
5.5,277.5,6.216556513273163,-0.03130521685240861
5.5,282.5,6.162954139287209,-0.08490759083836252
5.5,287.5,6.1954377455710725,-0.05242398455449937
5.5,292.5,6.216778538958139,-0.031083191167432744
5.5,297.5,6.264593279557671,0.01673154943209898
5.5,302.5,6.122260844124744,-0.12560088600082775
5.5,307.5,6.200820674621203,-0.04704105550436921
5.5,312.5,6.19078659663336,-0.05707513349221216
5.5,317.5,6.1861139983066495,-0.06174773181892235
5.5,322.5,6.246000188001986,-0.001861542123585913
5.5,327.5,6.302375272966942,0.05451354284137011
5.5,332.5,6.167265309674017,-0.08059642045155524
5.5,337.5,6.169960665552,-0.07790106457357204
5.5,342.5,6.194431866496854,-0.053429863628718266
5.5,347.5,6.1770489607730426,-0.07081276935252934
5.5,352.5,6.22975971392138,-0.018102016204191607
5.5,357.5,6.224825500666427,-0.023036229459145297
5.75,2.5,6.226031219858798,-0.021830510266774183
5.75,7.5,6.2193889778357585,-0.028472752289813386
5.75,12.5,6.209993288336728,-0.03786844178884419
5.75,17.5,6.225840577430963,-0.02202115269460858
5.75,22.5,6.205230203971842,-0.04263152615372956
5.75,27.5,6.238209970043765,-0.009651760081807126
5.75,32.5,6.26872595583335,0.02086422570777824
5.75,37.5,6.270846807538826,0.02298507741325384
5.75,42.5,6.236076114642811,-0.01178561548276047
5.75,47.5,6.228221612774095,-0.01964011735147686
5.75,52.5,6.242023048448431,-0.005838681677141189
5.75,57.5,6.240050850450135,-0.007810879675436588
5.75,62.5,6.218090147722698,-0.029771582402873698
5.75,67.5,6.166163103309512,-0.08169862681605977
5.75,72.5,6.256531641714373,0.008669911588801149
5.75,77.5,6.19084348724279,-0.05701824288278168
5.75,82.5,6.2291662236716565,-0.018695506453915378
5.75,87.5,6.249893225743135,0.00203149561756355
5.75,92.5,6.288812094987006,0.040950364861434
5.75,97.5,6.2341122329114,-0.013749497214171846
5.75,102.5,6.171139746701234,-0.07672198342433756
5.75,107.5,6.238397126658618,-0.009464603466954102
5.75,112.5,6.238463659545431,-0.00939807058014086
5.75,117.5,6.223808801336326,-0.024052928789245698
5.75,122.5,6.116001090439438,-0.13186063968613393
5.75,127.5,6.23410889565615,-0.01375283446942177
5.75,132.5,6.200193165411298,-0.047668564714274275
5.75,137.5,6.177530795260196,-0.07033093486537556
5.75,142.5,6.132461237271068,-0.11540049285450404
5.75,147.5,6.163317033553854,-0.08454469657171781
5.75,152.5,6.208818016102322,-0.0390437140232498
5.75,157.5,6.236721459250758,-0.011140270874814284
5.75,162.5,6.18029034641706,-0.06757138370851212
5.75,167.5,6.22010231441034,-0.02775941571523166
5.75,172.5,6.2322344071489155,-0.015627322976656366
5.75,177.5,6.205110600878459,-0.04275112924711255
5.75,182.5,6.254355600024807,0.006493869899235172
5.75,187.5,6.267394926570765,0.019533196445193468
5.75,192.5,6.26035870047155,0.012496970345978298
5.75,197.5,6.197683204775416,-0.0501785253501561
5.75,202.5,6.2531828355545755,0.005321105429003659
5.75,207.5,6.24915428476837,0.0012925546427977608
5.75,212.5,6.243605063727639,-0.004256666397933095
5.75,217.5,6.247897303528633,3.5573403061484044e-05
5.75,222.5,6.238358236374715,-0.009503493750856684
5.75,227.5,6.239745100487207,-0.008116629638364792
5.75,232.5,6.258019017827701,0.010157287702129203
5.75,237.5,6.335678915035113,0.08781718490954127
5.75,242.5,6.349398595183608,0.10153686505803616
5.75,247.5,6.281180345093909,0.0333186149683371
5.75,252.5,6.226012181292375,-0.02184954883319712
5.75,257.5,6.283146863640188,0.03528513351461626
5.75,262.5,6.274614268021213,0.026752537895641026
5.75,267.5,6.210276857248422,-0.037584872877149955
5.75,272.5,6.158583947379619,-0.08927778274595255
5.75,277.5,6.209496189170174,-0.03836554095539757
5.75,282.5,6.158944154533689,-0.08891757559188296
5.75,287.5,6.211232738739826,-0.03662899138574627
5.75,292.5,6.255220376359235,0.007358646233663002
5.75,297.5,6.269599080528531,0.021737350402958988
5.75,302.5,6.170551176234049,-0.07731055389152264
5.75,307.5,6.1864631760959075,-0.06139855402966443
5.75,312.5,6.2383127671169,-0.009548963008671585
5.75,317.5,6.177812908086729,-0.0700488220388431
5.75,322.5,6.216782085491635,-0.031079644633936532
5.75,327.5,6.283607912623192,0.03574618249762018
5.75,332.5,6.158720113715459,-0.08914161641011287
5.75,337.5,6.171426620922091,-0.07643510920348096
5.75,342.5,6.226111674602284,-0.021750055523288125
5.75,347.5,6.1964140820503895,-0.05144764807518243
5.75,352.5,6.228041300406286,-0.019820429719286103
5.75,357.5,6.211779752829611,-0.036081977295960854
6.0,2.5,6.252508163422813,0.004646433297240904
6.0,7.5,6.210918591614802,-0.03694313851076991
6.0,12.5,6.195953499194184,-0.051908230931387855
6.0,17.5,6.224397498503618,-0.023464231621954212
6.0,22.5,6.231567378425629,-0.0162943516999432
6.0,27.5,6.242028965259835,-0.005832764865736806
6.0,32.5,6.256478735769656,0.008617005644084408
6.0,37.5,6.289702395785248,0.04184066565967637
6.0,42.5,6.22022248451828,-0.027639245607291585
6.0,47.5,6.251863820868228,0.004002090742655895
6.0,52.5,6.247546385954238,-0.00031534417133372017
6.0,57.5,6.271243090524771,0.023381360399199025
6.0,62.5,6.214964721926364,-0.03289700819920771
6.0,67.5,6.189152603336946,-0.058709126788626165
6.0,72.5,6.271692572479992,0.023830842354420234
6.0,77.5,6.23282720071442,-0.015034529411152242
6.0,82.5,6.227161424168491,-0.020700305957080722
6.0,87.5,6.238781965381074,-0.009079764744497787
6.0,92.5,6.258784150074416,0.010922419948844464
6.0,97.5,6.273606489930203,0.0257447598046312
6.0,102.5,6.2120004516565555,-0.03586127846901643
6.0,107.5,6.263194963208441,0.01533323308286949
6.0,112.5,6.200945086568932,-0.04691664355663949
6.0,117.5,6.2206739912357545,-0.027187738889817403
6.0,122.5,6.141984297257897,-0.10587743286767459
6.0,127.5,6.22816539443742,-0.019696335688151656
6.0,132.5,6.163590881971828,-0.08427084815374375
6.0,137.5,6.174785068678799,-0.07307666144677327
6.0,142.5,6.165624544420681,-0.08223718570489069
6.0,147.5,6.142389250890557,-0.10547247923501502
6.0,152.5,6.25401262806481,0.006150897939238398
6.0,157.5,6.224274634879394,-0.02358709524617808
6.0,162.5,6.167321710127983,-0.08054001999758853
6.0,167.5,6.150078091373376,-0.09778363875219576
6.0,172.5,6.237386468005658,-0.010475262119913786
6.0,177.5,6.219578068798855,-0.028283661326717002
6.0,182.5,6.238365519195345,-0.009496210930226567
6.0,187.5,6.267751474372298,0.019889744246726515
6.0,192.5,6.241764243560187,-0.006097486565384891
6.0,197.5,6.2059578525372405,-0.04190387758833136
6.0,202.5,6.2443331810286296,-0.003528549096942335
6.0,207.5,6.274491048423517,0.026629318297945126
6.0,212.5,6.261038693053582,0.01317696292800985
6.0,217.5,6.249155212015408,0.0012934818898360234
6.0,222.5,6.297751062103734,0.0498893319781617
6.0,227.5,6.28616395743345,0.038302227307878134
6.0,232.5,6.266305636858293,0.018443906732721338
6.0,237.5,6.30313125857548,0.055269528449907845
6.0,242.5,6.348683801050243,0.10082207092467144
6.0,247.5,6.266645399212834,0.018783669087262034
6.0,252.5,6.239342265801586,-0.008519464323986092
6.0,257.5,6.2616464231413484,0.013784693015776561
6.0,262.5,6.256868800060764,0.009007069935192291
6.0,267.5,6.223013260404306,-0.024848469721265865
6.0,272.5,6.1640375004445005,-0.0838242296810714
6.0,277.5,6.1528179735977275,-0.09504375652784436
6.0,282.5,6.1182016913373545,-0.1296600387882174
6.0,287.5,6.193750287712655,-0.054111442412916766
6.0,292.5,6.281525046340391,0.03366331621481944
6.0,297.5,6.260594276044223,0.012732545918651361
6.0,302.5,6.172700670049619,-0.07516106007595269
6.0,307.5,6.2098836510202595,-0.03797807910531237
6.0,312.5,6.239502698681583,-0.008359031443989196
6.0,317.5,6.218620610356792,-0.029241119768779633
6.0,322.5,6.159090627062478,-0.08877110306309355
6.0,327.5,6.248480489531248,0.0006187594056763501
6.0,332.5,6.188249724948904,-0.05961200517666754
6.0,337.5,6.182660227031272,-0.06520150309429962
6.0,342.5,6.231956048028933,-0.015905682096638785
6.0,347.5,6.188343700669225,-0.05951802945634732
6.0,352.5,6.234826714206182,-0.013035015919389714
6.0,357.5,6.220994076691868,-0.026867653433703786
6.25,2.5,6.272727719480459,0.02486598935488704
6.25,7.5,6.20480015971577,-0.04306157040980185
6.25,12.5,6.18572670349541,-0.06213502663016168
6.25,17.5,6.225941536228354,-0.021920193897218
6.25,22.5,6.258322908282863,0.010461178157290973
6.25,27.5,6.240214239693931,-0.007647490431640591
6.25,32.5,6.223005926879748,-0.02485580324582415
6.25,37.5,6.253415639304662,0.005553909179090155
6.25,42.5,6.213351563312982,-0.03451016681258956
6.25,47.5,6.199673972855566,-0.04818775727000624
6.25,52.5,6.231337470467589,-0.016524259657982654
6.25,57.5,6.234970592265715,-0.012891137859856627
6.25,62.5,6.207666193543069,-0.04019553658250263
6.25,67.5,6.199681864607037,-0.04817986551853526
6.25,72.5,6.283550353258098,0.03568862313252641
6.25,77.5,6.257004937030567,0.00914320690499526
6.25,82.5,6.226282142844754,-0.02157958728081777
6.25,87.5,6.224788449075859,-0.023073281049712513
6.25,92.5,6.236089101804888,-0.011772628320684042
6.25,97.5,6.23221314579037,-0.01564858433520211
6.25,102.5,6.220120098844953,-0.027741631280618684
6.25,107.5,6.289461414815123,0.041599684689551
6.25,112.5,6.161004963414418,-0.08685676671115417
6.25,117.5,6.148048584912192,-0.09981314521338014
6.25,122.5,6.177691030742172,-0.07017069938340015
6.25,127.5,6.254325519887852,0.006463789762279681
6.25,132.5,6.1306939236444515,-0.11716780648112035
6.25,137.5,6.1777443004869905,-0.07011742963858136
6.25,142.5,6.167446302682848,-0.08041542744272423
6.25,147.5,6.145992858262293,-0.10186887186327898
6.25,152.5,6.294866335837866,0.04700460571229392
6.25,157.5,6.2365464584007215,-0.011315271724850362
6.25,162.5,6.165658666523008,-0.08220306360256391
6.25,167.5,6.130537438584534,-0.11732429154103752
6.25,172.5,6.238470557631688,-0.009391172493883992
6.25,177.5,6.2363134620481215,-0.011548268077450352
6.25,182.5,6.1966432522395785,-0.05121847788599343
6.25,187.5,6.286171114975421,0.038309384849848804
6.25,192.5,6.234727150950207,-0.013134579175364536
6.25,197.5,6.199528362135553,-0.048333367990019305
6.25,202.5,6.242954710431642,-0.004907019693930259
6.25,207.5,6.280553791717954,0.032692061592381805
6.25,212.5,6.2856469148183205,0.03778518469274861
6.25,217.5,6.2687760278356395,0.020914297710067586
6.25,222.5,6.339941009509316,0.09207927938374372
6.25,227.5,6.323050531785515,0.07518880165994268
6.25,232.5,6.28370828984748,0.0358465597219082
6.25,237.5,6.305508557541968,0.05764682741639593
6.25,242.5,6.344745338468188,0.09688360834261633
6.25,247.5,6.249019821554414,0.0011580914288424893
6.25,252.5,6.25001360036623,0.0021518702406577717
6.25,257.5,6.247063777570484,-0.0007979525550876332
6.25,262.5,6.245472879166655,-0.0023888509589164997
6.25,267.5,6.214246705454875,-0.03361502467069677
6.25,272.5,6.172638616958243,-0.0752231131673291
6.25,277.5,6.126666561338331,-0.12119516878724124
6.25,282.5,6.119578605489298,-0.12828312463627345
6.25,287.5,6.135258896700963,-0.1126028334246092
6.25,292.5,6.249112622733309,0.0012508926077368088
6.25,297.5,6.238204197854732,-0.009657532270839653
6.25,302.5,6.13892755048647,-0.10893417963910146
6.25,307.5,6.180784245467699,-0.06707748465787322
6.25,312.5,6.254304195031273,0.006442464905701328
6.25,317.5,6.223926995697138,-0.02393473442843419
6.25,322.5,6.198598951437739,-0.04926277868783302
6.25,327.5,6.258572399576381,0.010710669450809007
6.25,332.5,6.1313868844079575,-0.11647484571761435
6.25,337.5,6.164521736463052,-0.08333999366251987
6.25,342.5,6.241690862646527,-0.00617086747904505
6.25,347.5,6.165887546326136,-0.08197418379943588
6.25,352.5,6.157072903829169,-0.09078882629640272
6.25,357.5,6.233837188296067,-0.014024541829504855
6.5,2.5,6.279693161550405,0.031831431424833134
6.5,7.5,6.2154281070066775,-0.03243362311889442
6.5,12.5,6.182540995076278,-0.06532073504929414
6.5,17.5,6.218028766894427,-0.029832963231144483
6.5,22.5,6.273250834242079,0.025389104116507077
6.5,27.5,6.2345861049867075,-0.013275625138864378
6.5,32.5,6.225621825739481,-0.022239904386091247
6.5,37.5,6.236613519771587,-0.011248210353985044
6.5,42.5,6.228281198703831,-0.019580531421740766
6.5,47.5,6.204710219515195,-0.04315151061037703
6.5,52.5,6.206947711970168,-0.040914018155404186
6.5,57.5,6.188126899752472,-0.05973483037309979
6.5,62.5,6.20922713866392,-0.03863459146165216
6.5,67.5,6.182868190296337,-0.06499353982923495
6.5,72.5,6.257922822855371,0.01006109272979927
6.5,77.5,6.262835307284785,0.014973577159213214
6.5,82.5,6.235521129828336,-0.012340600297235937
6.5,87.5,6.217321214123345,-0.03054051600222696
6.5,92.5,6.20042331850214,-0.047438411623431875
6.5,97.5,6.235070454831019,-0.012791275294552484
6.5,102.5,6.203218895341813,-0.04464283478375908
6.5,107.5,6.287437994157848,0.03957626403227632
6.5,112.5,6.153570128360147,-0.09429160176542517
6.5,117.5,6.080442229154738,-0.16741950097083347
6.5,122.5,6.156274564982059,-0.09158716514351273
6.5,127.5,6.2536720301182935,0.005810299992721646
6.5,132.5,6.159202168227407,-0.08865956189816515
6.5,137.5,6.160817596702682,-0.08704413342289019
6.5,142.5,6.171223267844169,-0.07663846228140248
6.5,147.5,6.1366891270185295,-0.11117260310704236
6.5,152.5,6.225967032912773,-0.02189469721279913
6.5,157.5,6.22315370282755,-0.024708027298022017
6.5,162.5,6.177421479296769,-0.07044025082880268
6.5,167.5,6.201502492713713,-0.04635923741185888
6.5,172.5,6.214385293176109,-0.03347643694946267
6.5,177.5,6.242707378000674,-0.005154352124898232
6.5,182.5,6.206607909315675,-0.0412538208098967
6.5,187.5,6.265848696568689,0.017986966443117147
6.5,192.5,6.248542230669475,0.0006805005439032286
6.5,197.5,6.171438186025285,-0.07642354410028673
6.5,202.5,6.26946505469269,0.021603324567117888
6.5,207.5,6.319853447554717,0.07199171742914512
6.5,212.5,6.348360582545229,0.1004988524196575
6.5,217.5,6.306449436784851,0.058587706659278815
6.5,222.5,6.347265807545484,0.09940407741991208
6.5,227.5,6.341485185302501,0.09362345517692905
6.5,232.5,6.2926790504881875,0.044817320362615654
6.5,237.5,6.297627600581533,0.04976587045596137
6.5,242.5,6.316287196496409,0.06842546637083746
6.5,247.5,6.229612022874346,-0.018249707251225544
6.5,252.5,6.2334116120120635,-0.014450118113508381
6.5,257.5,6.262982349842238,0.015120619716666006
6.5,262.5,6.249736605683856,0.0018748755582844723
6.5,267.5,6.206743084481103,-0.04111864564446854
6.5,272.5,6.150102090984333,-0.09775963914123853
6.5,277.5,6.125947069093853,-0.12191466103171855
6.5,282.5,6.135362157701356,-0.11249957242421615
6.5,287.5,6.150207777802505,-0.09765395232306684
6.5,292.5,6.21693594361944,-0.03092578650613209
6.5,297.5,6.223136018777419,-0.024725711348152934
6.5,302.5,6.145703206316373,-0.10215852380919888
6.5,307.5,6.203810685009015,-0.04405104511655722
6.5,312.5,6.207354069639127,-0.04050766048644494
6.5,317.5,6.244048323420559,-0.003813406705012845
6.5,322.5,6.190811213055541,-0.057050517070030615
6.5,327.5,6.256405235332396,0.008543505206824342
6.5,332.5,6.124209470830569,-0.12365225929500312
6.5,337.5,6.125886760749093,-0.12197496937647845
6.5,342.5,6.204383543286043,-0.04347818683952909
6.5,347.5,6.151204869052059,-0.09665686107351323
6.5,352.5,6.137406313008611,-0.1104554171169605
6.5,357.5,6.231376892708774,-0.016484837416798293
6.75,2.5,6.247623326388011,-0.00023840373756112143
6.75,7.5,6.234198440932749,-0.01366328919282278
6.75,12.5,6.205213235429513,-0.042648494696059025
6.75,17.5,6.245893906098951,-0.001967824026620768
6.75,22.5,6.266318740657245,0.018457010531673035
6.75,27.5,6.2164744488058625,-0.03138728131970936
6.75,32.5,6.23946743828146,-0.008394291844111557
6.75,37.5,6.244865032581092,-0.0029966975444795096
6.75,42.5,6.252431447368886,0.004569717243313676
6.75,47.5,6.210065208737844,-0.03779652138772782
6.75,52.5,6.196777788545276,-0.05108394158029572
6.75,57.5,6.209597209751514,-0.038264520374057476
6.75,62.5,6.207040988148604,-0.040820741976967945
6.75,67.5,6.21514102071821,-0.0327207094073616
6.75,72.5,6.212826703517864,-0.03503502660770774
6.75,77.5,6.229111239205315,-0.018750490920257157
6.75,82.5,6.203190025089784,-0.0446717050357881
6.75,87.5,6.198949828887695,-0.0489119012378767
6.75,92.5,6.182549630015602,-0.06531210010996968
6.75,97.5,6.204448838980615,-0.043412891144956944
6.75,102.5,6.172173937327744,-0.07568779279782767
6.75,107.5,6.242210623180471,-0.00565110694510107
6.75,112.5,6.145445750263081,-0.10241597986249129
6.75,117.5,6.088307661774342,-0.15955406835122954
6.75,122.5,6.121206783813931,-0.12665494631164087
6.75,127.5,6.291376982599824,0.043515252474252364
6.75,132.5,6.164971123140157,-0.08289060698541473
6.75,137.5,6.172522146596785,-0.07533958352878667
6.75,142.5,6.137718035143487,-0.1101436949820851
6.75,147.5,6.14771704698836,-0.10014468313721192
6.75,152.5,6.200382354141254,-0.04747937598431751
6.75,157.5,6.2431565773697475,-0.004705152755824393
6.75,162.5,6.18276750735912,-0.06509422276645171
6.75,167.5,6.216871463132955,-0.030990266992616533
6.75,172.5,6.230612047856843,-0.01724968226872914
6.75,177.5,6.227677106483883,-0.020184623641688937
6.75,182.5,6.204295807915827,-0.04356592220974509
6.75,187.5,6.282203224253803,0.034341494128231176
6.75,192.5,6.262762534064282,0.014900803938710183
6.75,197.5,6.213856120201825,-0.03400560992374668
6.75,202.5,6.3016179715056015,0.05375624138002966
6.75,207.5,6.296128178559974,0.04826644843440242
6.75,212.5,6.305426178455521,0.057564448329949336
6.75,217.5,6.27598816024346,0.02812643011788829
6.75,222.5,6.309418531196242,0.06155680107066974
6.75,227.5,6.350717883351461,0.10285615322588892
6.75,232.5,6.316398461246402,0.06853673112083047
6.75,237.5,6.2854040545549905,0.03754232442941863
6.75,242.5,6.310445726048278,0.06258399592270614
6.75,247.5,6.256285785967156,0.008424055841584455
6.75,252.5,6.236113659517466,-0.011748070608105898
6.75,257.5,6.263827311526316,0.015965581400744
6.75,262.5,6.235252019439649,-0.01260971068592287
6.75,267.5,6.198475326375299,-0.04938640375027248
6.75,272.5,6.22828790517774,-0.019573824947832108
6.75,277.5,6.120395706176507,-0.12746602394906503
6.75,282.5,6.160805190164703,-0.08705653996086848
6.75,287.5,6.1697177341743545,-0.07814399595121735
6.75,292.5,6.162336056108447,-0.0855256740171253
6.75,297.5,6.220410559650015,-0.027451170475556452
6.75,302.5,6.123405359285003,-0.12445637084056926
6.75,307.5,6.2191165209957155,-0.02874520912985634
6.75,312.5,6.242428954623963,-0.005432775501608589
6.75,317.5,6.178528248016476,-0.06933348210909607
6.75,322.5,6.182610168620725,-0.06525156150484701
6.75,327.5,6.18420737463256,-0.06365435549301157
6.75,332.5,6.126895624766369,-0.12096610535920327
6.75,337.5,6.091676627132966,-0.15618510299260624
6.75,342.5,6.224333333357837,-0.023528396767734883
6.75,347.5,6.175812560319521,-0.0720491698060508
6.75,352.5,6.121345546491071,-0.126516183634501
6.75,357.5,6.237647010416227,-0.010214719709344955
7.0,2.5,6.276924471945604,0.029062741820031768
7.0,7.5,6.213601557742936,-0.0342601723826359
7.0,12.5,6.249128469710737,0.0012667395851648777
7.0,17.5,6.267615934458327,0.019754204332754988
7.0,22.5,6.24653803069314,-0.0013236994324321572
7.0,27.5,6.220175345640729,-0.027686384484843174
7.0,32.5,6.238614948258974,-0.00924678186659822
7.0,37.5,6.2745460889922455,0.02668435886667364
7.0,42.5,6.277388052487325,0.02952632236175301
7.0,47.5,6.25748956590297,0.009627835777398452
7.0,52.5,6.21300387520772,-0.03485785491785176
7.0,57.5,6.242367285662532,-0.00549444446304026
7.0,62.5,6.217312366991463,-0.030549363134109164
7.0,67.5,6.237343228124607,-0.010518502000964602
7.0,72.5,6.215297669698172,-0.03256406042739979
7.0,77.5,6.236411656735272,-0.01145007339030002
7.0,82.5,6.232492019670838,-0.015369710454733898
7.0,87.5,6.205443103460461,-0.04241862666511054
7.0,92.5,6.206953741114834,-0.040907989010738
7.0,97.5,6.159864019320542,-0.0879977108050296
7.0,102.5,6.175952532420156,-0.07190919770541626
7.0,107.5,6.219688759093261,-0.02817297103231109
7.0,112.5,6.135754516754657,-0.11210721337091467
7.0,117.5,6.1129144343677115,-0.13494729575786035
7.0,122.5,6.167338799506865,-0.08052293061870675
7.0,127.5,6.261235754727865,0.01337402460229331
7.0,132.5,6.182920275380801,-0.06494145474477087
7.0,137.5,6.213088958619863,-0.034772771505708455
7.0,142.5,6.112897414153167,-0.13496431597240477
7.0,147.5,6.142028837323521,-0.10583289280205133
7.0,152.5,6.234687590274522,-0.013174139851050093
7.0,157.5,6.2483688604174885,0.0005071302919166243
7.0,162.5,6.180027162117387,-0.06783456800818488
7.0,167.5,6.190107993082936,-0.057753737042635755
7.0,172.5,6.2390153780688244,-0.008846352056747442
7.0,177.5,6.201494984429708,-0.046366745695864076
7.0,182.5,6.207942763709811,-0.03991896641576087
7.0,187.5,6.277292089195777,0.029430359070205192
7.0,192.5,6.283870008392286,0.03600827826671438
7.0,197.5,6.253808448097116,0.005946717971544224
7.0,202.5,6.3304985469789825,0.08263681685341062
7.0,207.5,6.310980026780516,0.0631182966549444
7.0,212.5,6.264684481314259,0.016822751188686702
7.0,217.5,6.244650684058702,-0.003211046066869727
7.0,222.5,6.331301717549453,0.0834399874238807
7.0,227.5,6.348832310237037,0.10097058011146487
7.0,232.5,6.312775406887791,0.06491367676221937
7.0,237.5,6.28673760032853,0.038875870202957685
7.0,242.5,6.311245894984242,0.06338416485866993
7.0,247.5,6.2708119101726325,0.02295018004706062
7.0,252.5,6.263764763119582,0.01590303299400997
7.0,257.5,6.27753937835376,0.02967764822818797
7.0,262.5,6.233229357907961,-0.014632372217611156
7.0,267.5,6.183052024790961,-0.06480970533461061
7.0,272.5,6.169478568500496,-0.07838316162507564
7.0,277.5,6.16890593111843,-0.07895579900714189
7.0,282.5,6.165337144720703,-0.08252458540486884
7.0,287.5,6.198297482474252,-0.04956424765132006
7.0,292.5,6.177464698486152,-0.0703970316394198
7.0,297.5,6.207561627280938,-0.04030010284463348
7.0,302.5,6.250396219700446,0.0025344895748737883
7.0,307.5,6.223493222057819,-0.024368508067753147
7.0,312.5,6.240501115906773,-0.0073606142187987444
7.0,317.5,6.156413693482553,-0.09144803664301904
7.0,322.5,6.187823529811881,-0.06003820031369056
7.0,327.5,6.158925734050923,-0.08893599607464875
7.0,332.5,6.136033934226414,-0.11182779589915803
7.0,337.5,6.1161938586746665,-0.13166787145090542
7.0,342.5,6.207839418545705,-0.04002231157986724
7.0,347.5,6.157019319275397,-0.09084241085017464
7.0,352.5,6.095163912151746,-0.1526978179738263
7.0,357.5,6.195825700600724,-0.05203602952484765
7.25,2.5,6.272620527107858,0.02475879698228578
7.25,7.5,6.192098227734392,-0.05576350239118
7.25,12.5,6.264212239304304,0.016350509178732153
7.25,17.5,6.312106736877764,0.06424500675219225
7.25,22.5,6.249897544874415,0.0020358147488428457
7.25,27.5,6.229417957375726,-0.018443772749845877
7.25,32.5,6.250648868353261,0.0027871382276893897
7.25,37.5,6.278412605613169,0.03055087548759694
7.25,42.5,6.275628230096514,0.027766499970941716
7.25,47.5,6.2738236520737605,0.025961921948188582
7.25,52.5,6.247500043005469,-0.0003616871201028715
7.25,57.5,6.270722152286975,0.02286042216140327
7.25,62.5,6.2568187335582195,0.008957003432647603
7.25,67.5,6.256395491914199,0.008533761788626748
7.25,72.5,6.250869710805075,0.0030079806795031416
7.25,77.5,6.302928682887144,0.05506695276157192
7.25,82.5,6.232408641717485,-0.015453088408087012
7.25,87.5,6.186425942069374,-0.06143578805619754
7.25,92.5,6.240199729843498,-0.007662000282073755
7.25,97.5,6.1893804917157915,-0.05848123840978037
7.25,102.5,6.17810336664597,-0.06975836347960218
7.25,107.5,6.229542497371987,-0.01831923275358527
7.25,112.5,6.183844286843048,-0.06401744328252423
7.25,117.5,6.190863109036813,-0.056998621088759194
7.25,122.5,6.235110525213475,-0.012751204912096803
7.25,127.5,6.246687075755221,-0.0011746543703505807
7.25,132.5,6.201283031274011,-0.04657869885156085
7.25,137.5,6.1845988445678755,-0.06326288555769644
7.25,142.5,6.1059778516862,-0.1418838784393719
7.25,147.5,6.162370723301646,-0.08549100682392563
7.25,152.5,6.332056763730949,0.08419503360537739
7.25,157.5,6.28655287508963,0.03869114496405768
7.25,162.5,6.2098633257451,-0.037998404380472195
7.25,167.5,6.217007070308684,-0.030854659816887953
7.25,172.5,6.206612587985914,-0.04124914213965791
7.25,177.5,6.207085835651117,-0.04077589447445451
7.25,182.5,6.293174458751775,0.04531272862620295
7.25,187.5,6.298083606020809,0.050221875895236856
7.25,192.5,6.323204318762868,0.07534258863729626
7.25,197.5,6.288399247831265,0.04053751770569303
7.25,202.5,6.2769775859993135,0.02911585587374166
7.25,207.5,6.318739536269161,0.07087780614358952
7.25,212.5,6.2483472955484505,0.0004855654228785866
7.25,217.5,6.258499258485193,0.010637528359620951
7.25,222.5,6.327737412284353,0.07987568215878138
7.25,227.5,6.328444995255701,0.08058326513012926
7.25,232.5,6.2864826199323165,0.03862088980674461
7.25,237.5,6.294013828989611,0.046152098864038926
7.25,242.5,6.304713079673984,0.05685134954841242
7.25,247.5,6.271394687119898,0.023532956994325893
7.25,252.5,6.254126953492362,0.006265223366789918
7.25,257.5,6.283279660836999,0.03541793071142685
7.25,262.5,6.283193572368352,0.03533184224277974
7.25,267.5,6.165788354767843,-0.08207337535772918
7.25,272.5,6.136661730769844,-0.111199999355728
7.25,277.5,6.136359655315603,-0.11150207480996865
7.25,282.5,6.144139951434266,-0.10372177869130628
7.25,287.5,6.142165362077722,-0.10569636804784999
7.25,292.5,6.235923922188423,-0.011937807937148825
7.25,297.5,6.228899666732273,-0.018962063393298756
7.25,302.5,6.234238217173179,-0.013623512952392502
7.25,307.5,6.246793869875838,-0.0010678602497335987
7.25,312.5,6.272016041056265,0.02415431093069298
7.25,317.5,6.146487780870298,-0.1013739492552741
7.25,322.5,6.150506667807897,-0.09735506231767488
7.25,327.5,6.145811144692699,-0.10205058543287304
7.25,332.5,6.161737560411949,-0.08612416971362258
7.25,337.5,6.228442804184754,-0.019418925940818177
7.25,342.5,6.238957912110336,-0.008903818015236098
7.25,347.5,6.178039927182648,-0.06982180294292384
7.25,352.5,6.132500414246477,-0.11536131587909448
7.25,357.5,6.19080494592896,-0.057056784196611865
7.5,2.5,6.240197071721204,-0.007664658404367586
7.5,7.5,6.1959132780469925,-0.051948452078579344
7.5,12.5,6.2677945442463905,0.0199328141208186
7.5,17.5,6.342014351612979,0.09415262148740755
7.5,22.5,6.299651452905834,0.05178972278026173
7.5,27.5,6.2575144294710405,0.00965269934546864
7.5,32.5,6.280404086018665,0.03254235589309307
7.5,37.5,6.2965501918392714,0.04868846171369956
7.5,42.5,6.295504877733111,0.047643147607539404
7.5,47.5,6.295285701961495,0.04742397183592306
7.5,52.5,6.288265257184811,0.04040352705923933
7.5,57.5,6.284101442042219,0.03623971191664754
7.5,62.5,6.248928173965785,0.0010664438402132603
7.5,67.5,6.285013881065445,0.0371521509398729
7.5,72.5,6.32017200065982,0.07231027053424821
7.5,77.5,6.2537441953228745,0.005882465197302622
7.5,82.5,6.196564473474435,-0.05129725665113671
7.5,87.5,6.220781356539691,-0.027080373585881112
7.5,92.5,6.2524417165203054,0.0045799863947335595
7.5,97.5,6.221787865060837,-0.026073865064734747
7.5,102.5,6.228039550987107,-0.019822179138464513
7.5,107.5,6.295173717770593,0.047311987645021425
7.5,112.5,6.241870184537869,-0.005991545587702873
7.5,117.5,6.230381142829219,-0.017480587296352823
7.5,122.5,6.251965579619129,0.004103849493557021
7.5,127.5,6.226176186850813,-0.021685543274759134
7.5,132.5,6.209291579412316,-0.03857015071325609
7.5,137.5,6.194298805807225,-0.05356292431834664
7.5,142.5,6.169495397968744,-0.0783663321568282
7.5,147.5,6.192670051120112,-0.055191679005459626
7.5,152.5,6.34652711705684,0.09866538693126792
7.5,157.5,6.3013959601691205,0.053534230043548625
7.5,162.5,6.232041537683518,-0.015820192442054015
7.5,167.5,6.231304529782203,-0.01655720034336916
7.5,172.5,6.204730526634817,-0.04313120349075472
7.5,177.5,6.259552860945444,0.011691130819872164
7.5,182.5,6.290021158077843,0.04215942795227079
7.5,187.5,6.285500973602684,0.03763924347711178
7.5,192.5,6.3541808753635305,0.1063191452379586
7.5,197.5,6.295706253616375,0.04784452349080315
7.5,202.5,6.2546953149204745,0.006833584794902592
7.5,207.5,6.317707728530298,0.06984599840472594
7.5,212.5,6.226192992425317,-0.02166873770025468
7.5,217.5,6.249489906521452,0.0016281763958803097
7.5,222.5,6.273159135624979,0.02529740549940751
7.5,227.5,6.279486017198118,0.03162428707254605
7.5,232.5,6.261466880938091,0.013605150812519007
7.5,237.5,6.282263242467012,0.03440151234144029
7.5,242.5,6.29332170825486,0.045459978129287926
7.5,247.5,6.215408457985828,-0.032453272139743916
7.5,252.5,6.191563120548285,-0.05629860957728727
7.5,257.5,6.262734569223972,0.014872839098400092
7.5,262.5,6.246047745321542,-0.0018139848040297224
7.5,267.5,6.1425887024527785,-0.10527302767279334
7.5,272.5,6.119208266244231,-0.12865346388134125
7.5,277.5,6.146154602766123,-0.10170712735944853
7.5,282.5,6.1524224927208495,-0.09543923740472238
7.5,287.5,6.093451175921832,-0.15441055420374017
7.5,292.5,6.233654857873032,-0.014206872252540137
7.5,297.5,6.204296910747606,-0.0435648193779663
7.5,302.5,6.193525546453935,-0.05433618367163717
7.5,307.5,6.190628874124467,-0.057232856001104615
7.5,312.5,6.258639267831591,0.010777537706019302
7.5,317.5,6.181063312754777,-0.06679841737079517
7.5,322.5,6.179981834847253,-0.06787989527831861
7.5,327.5,6.158765021280697,-0.08909670884487486
7.5,332.5,6.1966674455040645,-0.051194284621507435
7.5,337.5,6.241023637026564,-0.006838093099007736
7.5,342.5,6.242602390314566,-0.005259339811005681
7.5,347.5,6.199635042534994,-0.04822668759057791
7.5,352.5,6.158582681194789,-0.08927904893078331
7.5,357.5,6.207245975409279,-0.04061575471629286
7.75,2.5,6.2729066532241795,0.02504492309860762
7.75,7.5,6.231641725800268,-0.016220004325304238
7.75,12.5,6.272261047488119,0.024399317362546746
7.75,17.5,6.334052285296761,0.08619055517118923
7.75,22.5,6.2668549308955175,0.018993200769945595
7.75,27.5,6.2976095944502966,0.04974786432472467
7.75,32.5,6.312804283193658,0.06494255306808583
7.75,37.5,6.299553346051172,0.05169161592560023
7.75,42.5,6.300886150523663,0.05302442039809119
7.75,47.5,6.281895476538987,0.0340337464134155
7.75,52.5,6.282188126526217,0.03432639640064483
7.75,57.5,6.2993670810221944,0.05150535089662256
7.75,62.5,6.252844214621855,0.004982484496283135
7.75,67.5,6.285515101509867,0.037653371384295475
7.75,72.5,6.348205620054263,0.10034388992869125
7.75,77.5,6.275047907022408,0.027186176896836223
7.75,82.5,6.234135903517474,-0.013725826608097513
7.75,87.5,6.249055338523035,0.001193608397462853
7.75,92.5,6.208735435796311,-0.03912629432926096
7.75,97.5,6.235401260213388,-0.012460469912183747
7.75,102.5,6.2667678166064515,0.018906086480879658
7.75,107.5,6.304141226488807,0.05627949636323493
7.75,112.5,6.279468001323387,0.03160627119781534
7.75,117.5,6.232977639461704,-0.014884090663867866
7.75,122.5,6.246650438759564,-0.0012112913660082825
7.75,127.5,6.232048299917086,-0.015813430208486245
7.75,132.5,6.246197802635465,-0.001663927490106687
7.75,137.5,6.1870563935645215,-0.06080533656105036
7.75,142.5,6.186018150607211,-0.06184357951836095
7.75,147.5,6.203077307688876,-0.044784422436696225
7.75,152.5,6.301427578287301,0.05356584816172916
7.75,157.5,6.2800043306775155,0.03214260055194362
7.75,162.5,6.214005187283853,-0.03385654284171924
7.75,167.5,6.22451651537489,-0.023345214750682075
7.75,172.5,6.221775460015829,-0.02608627010974285
7.75,177.5,6.261296668695681,0.013434938570108912
7.75,182.5,6.271883114981999,0.02402138485642702
7.75,187.5,6.262098712815568,0.014236982689996402
7.75,192.5,6.328632114879298,0.080770384753726
7.75,197.5,6.267703365628431,0.01984163550285878
7.75,202.5,6.26734308327897,0.01948135315339794
7.75,207.5,6.326387980502293,0.07852625037672123
7.75,212.5,6.229928533052799,-0.017933197072772522
7.75,217.5,6.225804205414812,-0.022057524710759502
7.75,222.5,6.259627832738179,0.011766102612607021
7.75,227.5,6.251856071875128,0.003994341749556263
7.75,232.5,6.216572242026745,-0.031289488098827256
7.75,237.5,6.225972286021775,-0.021889444103797118
7.75,242.5,6.2671409646297604,0.019279234504188558
7.75,247.5,6.191295011887593,-0.05656671823797854
7.75,252.5,6.152350890354109,-0.09551083977146302
7.75,257.5,6.230213683250701,-0.017648046874870538
7.75,262.5,6.212624695207931,-0.03523703491764074
7.75,267.5,6.160197075555532,-0.08766465457004013
7.75,272.5,6.114037703312306,-0.133824026813266
7.75,277.5,6.157814735078626,-0.09004699504694624
7.75,282.5,6.137484267629773,-0.11037746249579872
7.75,287.5,6.104754963472541,-0.14310676665303124
7.75,292.5,6.26282312150814,0.01496139138256769
7.75,297.5,6.2397769337902815,-0.008084796335290356
7.75,302.5,6.137821676466941,-0.11004005365863101
7.75,307.5,6.201372744211496,-0.0464889859140758
7.75,312.5,6.253423577482157,0.005561847356585048
7.75,317.5,6.219742620187102,-0.02811910993847011
7.75,322.5,6.275979790435093,0.02811806030952102
7.75,327.5,6.218628487050848,-0.029233243074723525
7.75,332.5,6.2091295171833885,-0.03873221294218343
7.75,337.5,6.209366591310681,-0.038495138814891305
7.75,342.5,6.237054984042837,-0.010806746082734797
7.75,347.5,6.196444056737756,-0.051417673387815555
7.75,352.5,6.15711251870011,-0.09074921142546177
7.75,357.5,6.252310666770595,0.004448936645022883
8.0,2.5,6.292328882173006,0.04446715204743423
8.0,7.5,6.288332333981694,0.040470603856122445
8.0,12.5,6.288431605805439,0.04056987567986692
8.0,17.5,6.331562994137071,0.08370126401149935
8.0,22.5,6.3104699792930266,0.06260824916745467
8.0,27.5,6.315022842452748,0.06716111232717648
8.0,32.5,6.299015944528728,0.05115421440315604
8.0,37.5,6.313355826336647,0.06549409621107483
8.0,42.5,6.283816830983483,0.03595510085791087
8.0,47.5,6.251443148093536,0.0035814179679638514
8.0,52.5,6.289548313231419,0.0416865831058475
8.0,57.5,6.3161949265266895,0.06833319640111757
8.0,62.5,6.307168405496466,0.059306675370893736
8.0,67.5,6.2832382202749395,0.03537649014936761
8.0,72.5,6.296632146658177,0.048770416532605054
8.0,77.5,6.286043082821802,0.03818135269623024
8.0,82.5,6.224225727306261,-0.023636002819310775
8.0,87.5,6.317895934505799,0.07003420438022712
8.0,92.5,6.208003946176346,-0.03985778394922601
8.0,97.5,6.2390978315429715,-0.008763898582600405
8.0,102.5,6.2873408770416415,0.039479146916069574
8.0,107.5,6.315243280342591,0.06738155021701875
8.0,112.5,6.216340885341596,-0.031520844783975654
8.0,117.5,6.208720743013711,-0.039140987111861314
8.0,122.5,6.2148186147178475,-0.03304311540772442
8.0,127.5,6.206886601466989,-0.04097512865858288
8.0,132.5,6.233535357924255,-0.014326372201316495
8.0,137.5,6.202924077030893,-0.04493765309467879
8.0,142.5,6.150578626809389,-0.09728310331618317
8.0,147.5,6.22729181295618,-0.02056991716939205
8.0,152.5,6.318500998733996,0.07063926860842429
8.0,157.5,6.26369923356053,0.015837503434958045
8.0,162.5,6.226140884101127,-0.021720846024444462
8.0,167.5,6.205902713231607,-0.04195901689396475
8.0,172.5,6.222226797208257,-0.025634932917315112
8.0,177.5,6.24235388973838,-0.005507840387191543
8.0,182.5,6.222364255603145,-0.025497474522427233
8.0,187.5,6.280604139809794,0.03274240968422237
8.0,192.5,6.270991148705116,0.023129418579544314
8.0,197.5,6.22133747256547,-0.02652425756010146
8.0,202.5,6.284233422718431,0.03637169259285944
8.0,207.5,6.303183952702062,0.05532222257649
8.0,212.5,6.226268873655595,-0.021592856469976773
8.0,217.5,6.2323319403422754,-0.015529789783296444
8.0,222.5,6.23375083383723,-0.014110896288341834
8.0,227.5,6.242281017460076,-0.005580712665495646
8.0,232.5,6.19209190909078,-0.05576982103479189
8.0,237.5,6.213591785246208,-0.03426994487936419
8.0,242.5,6.25198080342785,0.004119073302278231
8.0,247.5,6.2010473868260965,-0.046814343299475425
8.0,252.5,6.141179110793075,-0.10668261933249656
8.0,257.5,6.234437664388681,-0.013424065736891144
8.0,262.5,6.176908840845526,-0.07095288928004617
8.0,267.5,6.14561468473138,-0.10224704539419172
8.0,272.5,6.114152109752701,-0.13370962037287093
8.0,277.5,6.206591651877977,-0.04127007824759499
8.0,282.5,6.186420260707359,-0.061441469418213046
8.0,287.5,6.1653147733607785,-0.0825469567647934
8.0,292.5,6.2319471017708405,-0.01591462835473134
8.0,297.5,6.2738874237883815,0.0260256936628096
8.0,302.5,6.152397480084927,-0.09546425004064485
8.0,307.5,6.213647353534944,-0.03421437659062754
8.0,312.5,6.233342217535602,-0.01451951258996953
8.0,317.5,6.229904684718878,-0.017957045406693517
8.0,322.5,6.281128873346535,0.03326714322096347
8.0,327.5,6.269572108822126,0.02171037869655379
8.0,332.5,6.2340659355752575,-0.013795794550314433
8.0,337.5,6.24548775466494,-0.002373975460631783
8.0,342.5,6.24839681660459,0.0005350864790178989
8.0,347.5,6.216717940983838,-0.031143789141734324
8.0,352.5,6.199696973579675,-0.048164756545896914
8.0,357.5,6.286261656865401,0.03839992673982895
8.25,2.5,6.297445353630373,0.04958362350480083
8.25,7.5,6.269719433807824,0.021857703682251817
8.25,12.5,6.297860292344044,0.04999856221847221
8.25,17.5,6.3091928149219365,0.06133108479636462
8.25,22.5,6.319695391772145,0.0718336616465729
8.25,27.5,6.321241188354984,0.07337945822941183
8.25,32.5,6.279943385774774,0.03208165564920229
8.25,37.5,6.301677741788915,0.05381601166334349
8.25,42.5,6.286273812667888,0.038412082542316206
8.25,47.5,6.222911394700139,-0.02495033542543279
8.25,52.5,6.273936334406988,0.02607460428141639
8.25,57.5,6.2866028029963354,0.03874107287076356
8.25,62.5,6.30936315108947,0.06150142096389821
8.25,67.5,6.275887629362476,0.028025899236904017
8.25,72.5,6.263676964277643,0.01581523415207098
8.25,77.5,6.190141522439896,-0.05772020768567554
8.25,82.5,6.240577186178491,-0.007284543947080557
8.25,87.5,6.278977597510308,0.031115867384736262
8.25,92.5,6.295405894450488,0.047544164324915705
8.25,97.5,6.258105851181518,0.010244121055945854
8.25,102.5,6.257310990714482,0.00944926058891049
8.25,107.5,6.305825436242283,0.05796370611671087
8.25,112.5,6.243085879085597,-0.00477585103997491
8.25,117.5,6.234078043842505,-0.01378368628306692
8.25,122.5,6.187557694768893,-0.06030403535667883
8.25,127.5,6.1805893345485625,-0.06727239557700937
8.25,132.5,6.236450221794101,-0.011411508331470976
8.25,137.5,6.184975084531059,-0.06288664559451274
8.25,142.5,6.124692062399754,-0.12316966772581761
8.25,147.5,6.2269781258773955,-0.02088360424817637
8.25,152.5,6.295157117778583,0.04729538765301111
8.25,157.5,6.263226362165016,0.015364632039443826
8.25,162.5,6.232021840406073,-0.01583988971949868
8.25,167.5,6.171109120393266,-0.07675260973230547
8.25,172.5,6.211323740062592,-0.036537990062980086
8.25,177.5,6.2276889438305405,-0.020172786295031386
8.25,182.5,6.2413927550507236,-0.006468975074848338
8.25,187.5,6.270712440435079,0.02285071030950725
8.25,192.5,6.297212236790065,0.04935050666449303
8.25,197.5,6.211985823026026,-0.03587590709954558
8.25,202.5,6.187787561549429,-0.06007416857614256
8.25,207.5,6.298630264354326,0.05076853422875427
8.25,212.5,6.274014526598337,0.026152796472764805
8.25,217.5,6.254664810680806,0.006803080555234153
8.25,222.5,6.248088808180101,0.00022707805452881757
8.25,227.5,6.234775957722248,-0.013085772403323759
8.25,232.5,6.1856671999168835,-0.06219453020868837
8.25,237.5,6.199705780276062,-0.04815594984950966
8.25,242.5,6.229758071812577,-0.018103658312995208
8.25,247.5,6.200974384905038,-0.04688734522053384
8.25,252.5,6.159239619863206,-0.08862211026236633
8.25,257.5,6.230407912485006,-0.01745381764056564
8.25,262.5,6.220863605527481,-0.02699812459809081
8.25,267.5,6.140041984503367,-0.10781974562220498
8.25,272.5,6.15459668381626,-0.09326504630931165
8.25,277.5,6.228790066422688,-0.019071663702884045
8.25,282.5,6.2079653041823635,-0.03989642594320841
8.25,287.5,6.223118136772834,-0.02474359335273757
8.25,292.5,6.214478606305378,-0.033383123820193816
8.25,297.5,6.257769941285288,0.00990821115971574
8.25,302.5,6.16421165742984,-0.08365007269573166
8.25,307.5,6.200873922406707,-0.046987807718864794
8.25,312.5,6.231346661599879,-0.016515068525692733
8.25,317.5,6.264987114652507,0.017125384526934795
8.25,322.5,6.264126728873952,0.0162649987483805
8.25,327.5,6.307931905729776,0.06007017560420369
8.25,332.5,6.21974426176956,-0.0281174683560117
8.25,337.5,6.283388688108237,0.0355269579826647
8.25,342.5,6.263081845756135,0.015220115630563136
8.25,347.5,6.243197100095905,-0.004664630029666661
8.25,352.5,6.244435933905802,-0.0034257962197701275
8.25,357.5,6.315507411155537,0.06764568102996549
8.5,2.5,6.330552792257369,0.08269106213179711
8.5,7.5,6.264039847560846,0.016178117435273975
8.5,12.5,6.290686577932271,0.04282484780669904
8.5,17.5,6.304319936954,0.05645820682842828
8.5,22.5,6.313850142727921,0.06598841260234956
8.5,27.5,6.30882558527445,0.06096385514887803
8.5,32.5,6.302710159451232,0.05484842932566014
8.5,37.5,6.306213340723878,0.05835161059830618
8.5,42.5,6.289972066471357,0.04211033634578509
8.5,47.5,6.223564350752529,-0.024297379373042993
8.5,52.5,6.279983233498849,0.03212150337327735
8.5,57.5,6.2562450371825165,0.008383307056944567
8.5,62.5,6.301856731654733,0.05399500152916126
8.5,67.5,6.286481626894563,0.038619896768991246
8.5,72.5,6.287153760674845,0.039292030549272994
8.5,77.5,6.215673472022104,-0.03218825810346804
8.5,82.5,6.238702396038719,-0.009159334086852766
8.5,87.5,6.270116122314274,0.022254392188702177
8.5,92.5,6.297614377750614,0.04975264762504228
8.5,97.5,6.265738517040131,0.017876786914559517
8.5,102.5,6.231119555640881,-0.01674217448469051
8.5,107.5,6.2435944894001425,-0.004267240725429389
8.5,112.5,6.189973318974134,-0.0578884111514375
8.5,117.5,6.177044679011895,-0.07081705111367675
8.5,122.5,6.214432008854667,-0.033429721270905155
8.5,127.5,6.215987953774568,-0.03187377635100397
8.5,132.5,6.209463529390149,-0.03839820073542288
8.5,137.5,6.180388612332678,-0.06747311779289422
8.5,142.5,6.104427852152778,-0.14343387797279394
8.5,147.5,6.224971829072964,-0.022889901052607797
8.5,152.5,6.266112084503073,0.018250354377500777
8.5,157.5,6.284795975029082,0.03693424490351038
8.5,162.5,6.251648905872842,0.003787175747270055
8.5,167.5,6.190463909928294,-0.057397820197278016
8.5,172.5,6.210943644716254,-0.03691808540931785
8.5,177.5,6.234915980003834,-0.012945750121738264
8.5,182.5,6.283201397397771,0.03533966727219884
8.5,187.5,6.2826860376895795,0.03482430756400756
8.5,192.5,6.299506594644681,0.05164486451910921
8.5,197.5,6.22529528668395,-0.02256644344162151
8.5,202.5,6.201115646619272,-0.04674608350630027
8.5,207.5,6.314799630172394,0.06693790004682221
8.5,212.5,6.3057820827695625,0.05792035264399065
8.5,217.5,6.246928810644945,-0.0009329194806264596
8.5,222.5,6.253214001809279,0.0053522716837068884
8.5,227.5,6.276797491326455,0.02893576120088337
8.5,232.5,6.18226356707747,-0.06559816304810173
8.5,237.5,6.189885694897061,-0.0579760352285108
8.5,242.5,6.246062958606365,-0.00179877151920671
8.5,247.5,6.2256098648105045,-0.0222518653150674
8.5,252.5,6.1859802020479595,-0.06188152807761238
8.5,257.5,6.20057255385644,-0.04728917626913187
8.5,262.5,6.224844301645698,-0.02301742847987409
8.5,267.5,6.195281088142092,-0.05258064198347956
8.5,272.5,6.193293570862709,-0.05456815926286307
8.5,277.5,6.246527960890861,-0.0013337692347112906
8.5,282.5,6.221852206926041,-0.02600952319953098
8.5,287.5,6.216501867855987,-0.03135986226958476
8.5,292.5,6.206025390152348,-0.04183633997322378
8.5,297.5,6.217741634239255,-0.03012009588631681
8.5,302.5,6.181854436661527,-0.06600729346404499
8.5,307.5,6.169731275486841,-0.07813045463873092
8.5,312.5,6.227490757893193,-0.020370972232378826
8.5,317.5,6.226086239769819,-0.021775490355753213
8.5,322.5,6.254515056903307,0.006653326777734669
8.5,327.5,6.3093107028969,0.06144897277132788
8.5,332.5,6.158967388230418,-0.08889434189515377
8.5,337.5,6.238448718219497,-0.009413011906074686
8.5,342.5,6.262591563595582,0.014729833470010334
8.5,347.5,6.262157007246406,0.014295277120834449
8.5,352.5,6.213280882061701,-0.03458084806387074
8.5,357.5,6.319366025412679,0.07150429528710678
8.75,2.5,6.336102233513863,0.08824050338829093
8.75,7.5,6.267524625734484,0.019662895608911768
8.75,12.5,6.286650381855689,0.03878865173011725
8.75,17.5,6.323724103083775,0.07586237295820286
8.75,22.5,6.309817248511561,0.06195551838598945
8.75,27.5,6.287003588381169,0.03914185825559713
8.75,32.5,6.301580259461536,0.05371852933596433
8.75,37.5,6.326798510861089,0.0789367807355168
8.75,42.5,6.296893544881637,0.04903181475606555
8.75,47.5,6.290518734397038,0.042657004271466015
8.75,52.5,6.318244345783309,0.07038261565773674
8.75,57.5,6.250705885843997,0.002844155718425334
8.75,62.5,6.266004482709517,0.018142752583945487
8.75,67.5,6.2794757656021325,0.03161403547656061
8.75,72.5,6.303170718856503,0.05530898873093104
8.75,77.5,6.2548212151629645,0.006959485037392632
8.75,82.5,6.261209568077919,0.013347837952347064
8.75,87.5,6.303423401199818,0.05556167107424592
8.75,92.5,6.299877121344119,0.05201539121854726
8.75,97.5,6.2500785349364,0.002216804810828421
8.75,102.5,6.2549751834189635,0.007113453293391636
8.75,107.5,6.2393062682576055,-0.008555461867966407
8.75,112.5,6.183061125726963,-0.06480060439860846
8.75,117.5,6.1617808949331225,-0.08608083519244936
8.75,122.5,6.214999834966288,-0.03286189515928406
8.75,127.5,6.240672948512302,-0.007188781613270301
8.75,132.5,6.214123637930971,-0.03373809219460089
8.75,137.5,6.239037468340879,-0.0088242617846932
8.75,142.5,6.191141608032707,-0.05672012209286503
8.75,147.5,6.204587163299603,-0.04327456682596864
8.75,152.5,6.2342521745103925,-0.013609555615179403
8.75,157.5,6.304992946633039,0.05713121650746711
8.75,162.5,6.27271902448677,0.024857294361198434
8.75,167.5,6.2244192256027935,-0.023442504522778407
8.75,172.5,6.24105140548564,-0.006810324639931586
8.75,177.5,6.229763005785671,-0.018098724339901118
8.75,182.5,6.28046392031885,0.032602190193277814
8.75,187.5,6.276899872354276,0.029038142228704267
8.75,192.5,6.267750106674179,0.01988837654860731
8.75,197.5,6.242056468592702,-0.005805261532869643
8.75,202.5,6.230661511494346,-0.017200218631225894
8.75,207.5,6.314778317915076,0.06691658778950416
8.75,212.5,6.303847026428237,0.0559852963026648
8.75,217.5,6.231675155962867,-0.016186574162705192
8.75,222.5,6.246900796247274,-0.0009609338782983201
8.75,227.5,6.282330305766569,0.03446857564099748
8.75,232.5,6.199860057193733,-0.04800167293183932
8.75,237.5,6.204969838854037,-0.04289189127153481
8.75,242.5,6.238281242258467,-0.009580487867104637
8.75,247.5,6.225819472916825,-0.02204225720874664
8.75,252.5,6.204610895001725,-0.043250835123846976
8.75,257.5,6.223367065714234,-0.024494664411338185
8.75,262.5,6.238602642812885,-0.009259087312686987
8.75,267.5,6.186786076900581,-0.0610756532249912
8.75,272.5,6.199124537023442,-0.04873719310212987
8.75,277.5,6.264434659043918,0.01657292891834583
8.75,282.5,6.2284305915923,-0.01943113853327194
8.75,287.5,6.216027331435275,-0.031834398690296695
8.75,292.5,6.250873744770537,0.003012014644965255
8.75,297.5,6.222516352808898,-0.025345377316673634
8.75,302.5,6.174053803832804,-0.07380792629276822
8.75,307.5,6.216482250587837,-0.03137947953773512
8.75,312.5,6.26017698191643,0.012315251790858461
8.75,317.5,6.235212930359156,-0.012648799766416197
8.75,322.5,6.2903812832818895,0.04251955315631761
8.75,327.5,6.280173768470308,0.03231203834473639
8.75,332.5,6.1820669528555605,-0.06579477727001137
8.75,337.5,6.214938200374121,-0.032923529751450964
8.75,342.5,6.274197462403755,0.02633573227818342
8.75,347.5,6.275016042925972,0.02715431280040015
8.75,352.5,6.21090251724726,-0.03695921287831183
8.75,357.5,6.236214500642557,-0.011647229483014776
9.0,2.5,6.287241392909612,0.03937966278404037
9.0,7.5,6.2665241492185215,0.018662419092949634
9.0,12.5,6.2804213394891,0.03255960936352853
9.0,17.5,6.334167611920412,0.08630588179484011
9.0,22.5,6.306096937443629,0.05823520731805676
9.0,27.5,6.306128165631171,0.05826643550559929
9.0,32.5,6.3247489553073155,0.07688722518174362
9.0,37.5,6.342303089185782,0.09444135906020978
9.0,42.5,6.323207164818312,0.07534543469274002
9.0,47.5,6.305753814624188,0.05789208449861594
9.0,52.5,6.349799202613948,0.10193747248837592
9.0,57.5,6.282987390068184,0.03512565994261241
9.0,62.5,6.270541199812486,0.022679469686914366
9.0,67.5,6.286751931189551,0.03889020106397911
9.0,72.5,6.277933928130823,0.03007219800525096
9.0,77.5,6.24309334881588,-0.004768381309691705
9.0,82.5,6.289241449456354,0.04137971933078255
9.0,87.5,6.309672444284933,0.061810714159361346
9.0,92.5,6.248524903948568,0.0006631738229962991
9.0,97.5,6.251142058564009,0.0032803284384375075
9.0,102.5,6.235549590943312,-0.01231213918226004
9.0,107.5,6.262461698267741,0.014599968142168684
9.0,112.5,6.213583840843805,-0.03427788928176678
9.0,117.5,6.1790664539145395,-0.06879527621103243
9.0,122.5,6.210585294100884,-0.037276436024687776
9.0,127.5,6.243997981642637,-0.0038637484829351365
9.0,132.5,6.221886354168218,-0.025975375957353997
9.0,137.5,6.233543222654536,-0.014318507471036135
9.0,142.5,6.181442997914363,-0.06641873221120864
9.0,147.5,6.232223527723729,-0.015638202401842882
9.0,152.5,6.251596005377129,0.0037342752515572286
9.0,157.5,6.301779557683709,0.0539178275581369
9.0,162.5,6.2481763682060425,0.00031463808047060837
9.0,167.5,6.246451081452395,-0.001410648673177306
9.0,172.5,6.249356649450633,0.0014949193250615167
9.0,177.5,6.250657674239392,0.0027959441138198926
9.0,182.5,6.279429174755537,0.03156744462996475
9.0,187.5,6.314446246140546,0.0665845160149745
9.0,192.5,6.255149842269128,0.007288112143555736
9.0,197.5,6.25819560210749,0.01033387198191793
9.0,202.5,6.259400723710193,0.011538993584621515
9.0,207.5,6.301611464327408,0.05374973420183604
9.0,212.5,6.300797085858592,0.05293535573302055
9.0,217.5,6.2296532056628635,-0.018208524462708375
9.0,222.5,6.257942665914289,0.01008093578871705
9.0,227.5,6.2907834707062715,0.04292174058069964
9.0,232.5,6.226566091453464,-0.021295638672107486
9.0,237.5,6.225428324769759,-0.022433405355813285
9.0,242.5,6.247272620018551,-0.000589110107021007
9.0,247.5,6.2219521700309715,-0.025909560094600437
9.0,252.5,6.183410497023811,-0.06445123310176104
9.0,257.5,6.234719895365243,-0.013141834760328486
9.0,262.5,6.245653335840608,-0.0022083942849642213
9.0,267.5,6.187590484693732,-0.06027124543183948
9.0,272.5,6.17705126858365,-0.07081046154192183
9.0,277.5,6.2759720336379115,0.028110303512339563
9.0,282.5,6.252072244432606,0.004210514307033897
9.0,287.5,6.22731968957456,-0.020542040551012164
9.0,292.5,6.283833643440946,0.035971913315374415
9.0,297.5,6.273798449348104,0.025936719222531934
9.0,302.5,6.241839537591545,-0.0060221925340266935
9.0,307.5,6.237793551589243,-0.010068178536329242
9.0,312.5,6.287133525571898,0.039271795446325974
9.0,317.5,6.256568331117244,0.00870660099167253
9.0,322.5,6.3260627360869135,0.07820100596134161
9.0,327.5,6.319028215671604,0.07116648554603255
9.0,332.5,6.219150559125048,-0.02871117100052345
9.0,337.5,6.205759507566769,-0.04210222255880325
9.0,342.5,6.245520724375693,-0.002341005749879166
9.0,347.5,6.266874582485817,0.019012852360245525
9.0,352.5,6.2117251439374375,-0.03613658618813442
9.0,357.5,6.243472923101692,-0.004388807023880226
9.25,2.5,6.281254395319076,0.03339266519350392
9.25,7.5,6.269081201602287,0.02121947147671488
9.25,12.5,6.27306283405729,0.02520110393171837
9.25,17.5,6.32610042381538,0.07823869368980851
9.25,22.5,6.290047811285033,0.04218608115946143
9.25,27.5,6.316231946933856,0.06837021680828403
9.25,32.5,6.3188971370859175,0.0710354069603456
9.25,37.5,6.311469650946572,0.06360792082100009
9.25,42.5,6.328114873967513,0.08025314384194093
9.25,47.5,6.31976360296747,0.07190187284189786
9.25,52.5,6.364410360873716,0.11654863074814426
9.25,57.5,6.316543175521865,0.06868144539629295
9.25,62.5,6.265107234890126,0.017245504764554553
9.25,67.5,6.280711069034257,0.0328493389086848
9.25,72.5,6.299519081314262,0.05165735118869019
9.25,77.5,6.244020017574777,-0.003841712550794796
9.25,82.5,6.282628343403287,0.03476661327771513
9.25,87.5,6.286281132193435,0.03841940206786276
9.25,92.5,6.260953472617992,0.013091742492419733
9.25,97.5,6.26597891818133,0.018117188055757794
9.25,102.5,6.209583994012627,-0.038277736112944716
9.25,107.5,6.249263031245973,0.001401301120401044
9.25,112.5,6.292202709827894,0.04434097970232198
9.25,117.5,6.206161708865626,-0.04170002125994632
9.25,122.5,6.211783118090462,-0.036078612035109536
9.25,127.5,6.236625309559551,-0.011236420566020477
9.25,132.5,6.238119520617808,-0.009742209507764166
9.25,137.5,6.233488765240821,-0.014372964884750594
9.25,142.5,6.161382442792013,-0.08647928733355847
9.25,147.5,6.2351478164391985,-0.012713913686373424
9.25,152.5,6.284172522596397,0.03631079247082525
9.25,157.5,6.304195104066908,0.056333373941336085
9.25,162.5,6.225469742510718,-0.022391987614853726
9.25,167.5,6.226120841014047,-0.021740889111525163
9.25,172.5,6.255651279131273,0.0077895490057011685
9.25,177.5,6.243471098551815,-0.0043906315737567425
9.25,182.5,6.277960527540536,0.030098797414964018
9.25,187.5,6.266206623036574,0.018344892911001942
9.25,192.5,6.277460135333504,0.02959840520793211
9.25,197.5,6.248505575943984,0.0006438458184119256
9.25,202.5,6.251957887334356,0.004096157208784312
9.25,207.5,6.29884149267191,0.05097976254633796
9.25,212.5,6.294494394053752,0.046632663928179774
9.25,217.5,6.246006532993904,-0.0018551971316682625
9.25,222.5,6.2626608393537015,0.014799109228129659
9.25,227.5,6.26916954189551,0.02130781176993768
9.25,232.5,6.24354314579139,-0.00431858433418153
9.25,237.5,6.241343387378043,-0.006518342747528827
9.25,242.5,6.269071960027808,0.021210229902235866
9.25,247.5,6.225604565505119,-0.022257164620453018
9.25,252.5,6.211609051510453,-0.03625267861511894
9.25,257.5,6.26637767589823,0.01851594577265825
9.25,262.5,6.272708948989402,0.024847218863830456
9.25,267.5,6.217993961965985,-0.029867768159586916
9.25,272.5,6.221708582379659,-0.026153147745913152
9.25,277.5,6.285684139961224,0.03782240983565188
9.25,282.5,6.283416539832784,0.03555480970721181
9.25,287.5,6.254072488428373,0.006210758302801267
9.25,292.5,6.305686095043937,0.05782436491836496
9.25,297.5,6.308913552327733,0.06105182220216143
9.25,302.5,6.297701887520977,0.049840157395404816
9.25,307.5,6.258109484502777,0.01024775437720482
9.25,312.5,6.3084121079614786,0.060550377835906666
9.25,317.5,6.270357121578343,0.022495391452770797
9.25,322.5,6.30644793495981,0.05858620483423849
9.25,327.5,6.299616046655771,0.05175431653019924
9.25,332.5,6.229760764190101,-0.018100965935470725
9.25,337.5,6.214222921184436,-0.033638808941136134
9.25,342.5,6.1836446452733735,-0.06421708485219835
9.25,347.5,6.215584311910721,-0.03227741821485086
9.25,352.5,6.231582024263766,-0.01627970586180627
9.25,357.5,6.269993763010841,0.02213203288526877
9.5,2.5,6.283589393827959,0.03572766370238689
9.5,7.5,6.281149502905963,0.0332877727803913
9.5,12.5,6.272481253289946,0.024619523164374435
9.5,17.5,6.307240829512079,0.05937909938650687
9.5,22.5,6.295418062508542,0.04755633238297019
9.5,27.5,6.305906171582841,0.058044441457268725
9.5,32.5,6.306914295033168,0.059052564907595695
9.5,37.5,6.315164139471534,0.06730240934596221
9.5,42.5,6.284002162256191,0.036140432130618905
9.5,47.5,6.281307907241667,0.033446177116094766
9.5,52.5,6.3065913461116,0.058729615986027994
9.5,57.5,6.310973428214634,0.06311169808906225
9.5,62.5,6.2781570647839775,0.030295334658405615
9.5,67.5,6.229541855904741,-0.018319874220830812
9.5,72.5,6.299666410204214,0.05180468007864203
9.5,77.5,6.258598433226123,0.010736703100550749
9.5,82.5,6.266084463455163,0.018222733329591456
9.5,87.5,6.259160400210575,0.011298670085003515
9.5,92.5,6.2887966469635606,0.040934916837988666
9.5,97.5,6.21625202363165,-0.031609706493921585
9.5,102.5,6.207091267640199,-0.04077046248537286
9.5,107.5,6.286093145091007,0.03823141496543503
9.5,112.5,6.287214164999492,0.03935243487392004
9.5,117.5,6.212913386672287,-0.03494834345328446
9.5,122.5,6.208535706624289,-0.03932602350128267
9.5,127.5,6.230510947092016,-0.01735078303355575
9.5,132.5,6.253454211794593,0.005592481669021154
9.5,137.5,6.234734801069894,-0.013126929055677472
9.5,142.5,6.183786338932527,-0.06407539119304495
9.5,147.5,6.231881559695136,-0.01598017043043587
9.5,152.5,6.308062917918018,0.060201187792445765
9.5,157.5,6.241522987380645,-0.006338742744927295
9.5,162.5,6.23489335638088,-0.012968373744691952
9.5,167.5,6.230412720620247,-0.017449009505324575
9.5,172.5,6.239258806619908,-0.008602923505663718
9.5,177.5,6.242514901092237,-0.005346829033334721
9.5,182.5,6.291350398000462,0.043488667874890474
9.5,187.5,6.247434195875713,-0.000427534249858752
9.5,192.5,6.250574234975275,0.002712504849703201
9.5,197.5,6.2447298950526795,-0.003131835072892386
9.5,202.5,6.245074232718329,-0.0027874974072430447
9.5,207.5,6.303781402563883,0.05591967243831153
9.5,212.5,6.303269285240047,0.05540755511447504
9.5,217.5,6.226439430482543,-0.021422299643028886
9.5,222.5,6.27616223775984,0.028300507634267724
9.5,227.5,6.270697211713456,0.022835481587883955
9.5,232.5,6.25525844239975,0.007396712274178263
9.5,237.5,6.24872054071247,0.0008588105868980733
9.5,242.5,6.2893237130621555,0.04146198293658365
9.5,247.5,6.263594503526313,0.01573277340074153
9.5,252.5,6.256488755586865,0.008627025461293236
9.5,257.5,6.242122741271751,-0.00573898885382107
9.5,262.5,6.287779469291099,0.03991773916552699
9.5,267.5,6.244967927798297,-0.002893802327275097
9.5,272.5,6.206705739430247,-0.04115599069532472
9.5,277.5,6.255062869086353,0.007201138960780895
9.5,282.5,6.311437296263117,0.063575566137545
9.5,287.5,6.278046528631114,0.0301847985055419
9.5,292.5,6.364143610567579,0.11628188044200716
9.5,297.5,6.301104182330974,0.053242452205402024
9.5,302.5,6.247897973059098,3.6242933526331456e-05
9.5,307.5,6.239119985640171,-0.008741744485400993
9.5,312.5,6.299917754186597,0.052056024061025497
9.5,317.5,6.2756769805185435,0.027815250392971613
9.5,322.5,6.281690034157858,0.033828304032286205
9.5,327.5,6.261985740067559,0.014124009941987481
9.5,332.5,6.187834028385731,-0.06002770173984118
9.5,337.5,6.213612737762927,-0.034248992362645225
9.5,342.5,6.219095157041705,-0.028766573083866653
9.5,347.5,6.204472649211657,-0.043389080913915024
9.5,352.5,6.25667412150495,0.008812391379378504
9.5,357.5,6.248435210599207,0.0005734804736352572
9.75,2.5,6.278545913051287,0.030684182925715398
9.75,7.5,6.263931180220016,0.01606945009444427
9.75,12.5,6.277041885761035,0.029180155635462945
9.75,17.5,6.291264803107479,0.043403072981907265
9.75,22.5,6.284370666774721,0.03650893664914889
9.75,27.5,6.291887877108653,0.04402614698308138
9.75,32.5,6.291181852719081,0.04332012259350915
9.75,37.5,6.309168735793127,0.061307005667555536
9.75,42.5,6.2906991227203175,0.042837392594745616
9.75,47.5,6.279213489582766,0.03135175945719393
9.75,52.5,6.264482624132567,0.01662089400699518
9.75,57.5,6.281580136478343,0.033718406352771346
9.75,62.5,6.229828097828832,-0.018033632296740265
9.75,67.5,6.217253718502695,-0.03060801162287685
9.75,72.5,6.250456618964579,0.002594888839007048
9.75,77.5,6.259551030926257,0.01168930080068531
9.75,82.5,6.289943902039051,0.04208217191347874
9.75,87.5,6.2863753820893695,0.038513651963797635
9.75,92.5,6.301207811996025,0.05334608187045298
9.75,97.5,6.212526695999479,-0.03533503412609296
9.75,102.5,6.193975312729909,-0.053886417395663244
9.75,107.5,6.291513997868076,0.043652267742504414
9.75,112.5,6.226351707489773,-0.021510022635799153
9.75,117.5,6.166967121156778,-0.0808946089687943
9.75,122.5,6.200147155703306,-0.04771457442226623
9.75,127.5,6.2211636748536145,-0.026698055271957344
9.75,132.5,6.243051341596717,-0.004810388528855292
9.75,137.5,6.224626852629452,-0.023234877496119744
9.75,142.5,6.195464788062254,-0.05239694206331791
9.75,147.5,6.222232713136719,-0.02562901698885245
9.75,152.5,6.2189381438491,-0.028923586276471625
9.75,157.5,6.224083711460932,-0.02377801866463969
9.75,162.5,6.233924935438652,-0.013936794686919995
9.75,167.5,6.249200565962298,0.0013388358367256714
9.75,172.5,6.204230498833271,-0.04363123129230129
9.75,177.5,6.268532723757339,0.020670993631767054
9.75,182.5,6.272533112118807,0.02467138199323493
9.75,187.5,6.286598155688619,0.03873642556304713
9.75,192.5,6.2759894603500275,0.028127730224455583
9.75,197.5,6.242109963145696,-0.005751766979876116
9.75,202.5,6.241327291701737,-0.006534438423835276
9.75,207.5,6.318005152927843,0.07014342280227126
9.75,212.5,6.291133483791868,0.04327175366629632
9.75,217.5,6.242572427806729,-0.00528930231884317
9.75,222.5,6.272832742608574,0.024971012483002042
9.75,227.5,6.273285983482233,0.025424253356661097
9.75,232.5,6.268433749859367,0.02057201973379552
9.75,237.5,6.264069036957367,0.016207306831795165
9.75,242.5,6.293258164446436,0.04539643432086393
9.75,247.5,6.2527032579262505,0.004841527800678591
9.75,252.5,6.271118567321425,0.02325683719585303
9.75,257.5,6.284602287285807,0.036740557160235277
9.75,262.5,6.295064419557867,0.047202689432294775
9.75,267.5,6.229742384428955,-0.018119345696616662
9.75,272.5,6.18732933878224,-0.060532391343332215
9.75,277.5,6.235461748188354,-0.01239998193721803
9.75,282.5,6.306755695474756,0.05889396534918401
9.75,287.5,6.314324143489991,0.06646241336441872
9.75,292.5,6.329798316639848,0.08193658651427604
9.75,297.5,6.273887621986338,0.026025891860766315
9.75,302.5,6.217467085421785,-0.03039464470378661
9.75,307.5,6.206543544851256,-0.0413181852743163
9.75,312.5,6.2475441462031105,-0.0003175839224613952
9.75,317.5,6.234900369867903,-0.012961360257668808
9.75,322.5,6.261840506316319,0.013978776190747055
9.75,327.5,6.228523754683961,-0.0193379754416112
9.75,332.5,6.171062051452106,-0.07679967867346615
9.75,337.5,6.213471104370877,-0.034390625754695314
9.75,342.5,6.223349955592136,-0.024511774533436004
9.75,347.5,6.221243052221816,-0.02661867790375627
9.75,352.5,6.204059108642574,-0.04380262148299785
9.75,357.5,6.230033258688682,-0.017828471436890148
10.0,2.5,6.267635401973018,0.01977367184744594
10.0,7.5,6.254799802430587,0.006938072305015197
10.0,12.5,6.244334478364398,-0.003527251761173744
10.0,17.5,6.292828930289301,0.044967200163728904
10.0,22.5,6.264105583148014,0.016243853022442245
10.0,27.5,6.2676807619294745,0.019819031803902654
10.0,32.5,6.278557026309476,0.030695296183903764
10.0,37.5,6.297762566183209,0.0499008360576374
10.0,42.5,6.269972748718562,0.022111018592990028
10.0,47.5,6.2493764181682305,0.0015146880426586407
10.0,52.5,6.254873602631615,0.007011872506042849
10.0,57.5,6.24794941805746,8.768793188806967e-05
10.0,62.5,6.22025392634399,-0.027607803781581453
10.0,67.5,6.218722528960506,-0.029139201165065742
10.0,72.5,6.2552957156548725,0.007433985529300635
10.0,77.5,6.195839711414033,-0.052022018711539
10.0,82.5,6.213992528435926,-0.03386920168964558
10.0,87.5,6.302327575113537,0.05446584498796536
10.0,92.5,6.273686542565861,0.025824812440289335
10.0,97.5,6.250493945206433,0.002632215080860867
10.0,102.5,6.189922452677174,-0.057939277448397775
10.0,107.5,6.301323672716016,0.053461942590444345
10.0,112.5,6.218715777321036,-0.02914595280453547
10.0,117.5,6.156852025938123,-0.09100970418744847
10.0,122.5,6.190922432549069,-0.056939297576502845
10.0,127.5,6.2385942546651645,-0.009267475460407404
10.0,132.5,6.202692946629631,-0.045168783495940446
10.0,137.5,6.203101636527446,-0.04476009359812583
10.0,142.5,6.164983224356871,-0.0828785057687007
10.0,147.5,6.200578229082813,-0.04728350104275858
10.0,152.5,6.220919632391624,-0.026942097733948067
10.0,157.5,6.223328833335881,-0.024532896789691172
10.0,162.5,6.229095070771344,-0.0187666593542275
10.0,167.5,6.268959980113275,0.021098249987702822
10.0,172.5,6.1577774094606355,-0.09008432066493643
10.0,177.5,6.254265206413742,0.0064034762881703955
10.0,182.5,6.280917246029799,0.03305551590422695
10.0,187.5,6.306252360155418,0.058390630029846236
10.0,192.5,6.301356842689206,0.05349511256363382
10.0,197.5,6.242320048131226,-0.00554168199434546
10.0,202.5,6.231565456473753,-0.01629627365181907
10.0,207.5,6.303449724551815,0.05558799442624274
10.0,212.5,6.2752501896097845,0.027388459484212646
10.0,217.5,6.238099653780231,-0.009762076345340986
10.0,222.5,6.278190646901744,0.03032891677617222
10.0,227.5,6.268888285550034,0.021026555424461968
10.0,232.5,6.271768865423757,0.023907135298185445
10.0,237.5,6.265170839692972,0.017309109567400505
10.0,242.5,6.279374746890239,0.031513016764667334
10.0,247.5,6.265800590143542,0.017938860017969738
10.0,252.5,6.256283275278144,0.008421545152572207
10.0,257.5,6.308716250210577,0.06085452008500525
10.0,262.5,6.30544730039778,0.057585570272207676
10.0,267.5,6.246134149293969,-0.0017275808316030705
10.0,272.5,6.19479815343476,-0.0530635766908123
10.0,277.5,6.249621333465842,0.0017596033402700328
10.0,282.5,6.274002925563376,0.026141195437803688
10.0,287.5,6.307339121646544,0.05947739152097231
10.0,292.5,6.3201107508649494,0.07224902073937756
10.0,297.5,6.226862827198125,-0.020998902927447105
10.0,302.5,6.164643201874799,-0.08321852825077247
10.0,307.5,6.198320411351697,-0.049541318773874465
10.0,312.5,6.228057656216647,-0.019804073908924913
10.0,317.5,6.19450754978538,-0.05335418034019224
10.0,322.5,6.275632853523542,0.0277711233979705
10.0,327.5,6.222058842741989,-0.025802887383583162
10.0,332.5,6.189441712847862,-0.058420017277709846
10.0,337.5,6.1866102315860125,-0.06125149853955936
10.0,342.5,6.201708324843083,-0.04615340528248879
10.0,347.5,6.233311284145396,-0.014550445980176185
10.0,352.5,6.18961626296908,-0.05824546715649159
10.0,357.5,6.2396571622377275,-0.008204567887844405
10.25,2.5,6.258741084979031,0.0108793548534587
10.25,7.5,6.244835630784623,-0.0030260993409489956
10.25,12.5,6.243821264289689,-0.0040404658358825785
10.25,17.5,6.279487935994579,0.03162620586900733
10.25,22.5,6.265625173164314,0.01776344303874211
10.25,27.5,6.2276250756185565,-0.020236654507015395
10.25,32.5,6.285652134606127,0.03779040448055504
10.25,37.5,6.270509235486589,0.022647505361017117
10.25,42.5,6.255449501459697,0.0075877713341254704
10.25,47.5,6.227977791742383,-0.019883938383189026
10.25,52.5,6.253690994908502,0.00582926478293011
10.25,57.5,6.23052587134138,-0.017335858784192304
10.25,62.5,6.226087717830063,-0.021774012295509237
10.25,67.5,6.236745599998897,-0.011116130126675117
10.25,72.5,6.251837133827056,0.0039754037014843036
10.25,77.5,6.212777354066881,-0.03508437605869119
10.25,82.5,6.212540269952234,-0.03532146017333826
10.25,87.5,6.271961797060756,0.024100066935184294
10.25,92.5,6.250286847909266,0.002425117783694475
10.25,97.5,6.238476458700836,-0.009385271424735997
10.25,102.5,6.187244003153632,-0.06061772697194012
10.25,107.5,6.29226170793129,0.04439997780571847
10.25,112.5,6.205023278691747,-0.04283845143382514
10.25,117.5,6.167722772628174,-0.08013895749739763
10.25,122.5,6.19132416542509,-0.056537564700481546
10.25,127.5,6.220850735111246,-0.0270109950143258
10.25,132.5,6.192601658457305,-0.05526007166826652
10.25,137.5,6.190944727803708,-0.05691700232186392
10.25,142.5,6.162701447562536,-0.0851602825630362
10.25,147.5,6.157731466559213,-0.09013026356635923
10.25,152.5,6.23520595647863,-0.012655773646941704
10.25,157.5,6.232501742236012,-0.015359987889559612
10.25,162.5,6.219114035411383,-0.028747694714188476
10.25,167.5,6.2339642027336275,-0.013897527391944386
10.25,172.5,6.165222745956012,-0.08263898416956028
10.25,177.5,6.257199097854146,0.009337367728574186
10.25,182.5,6.2792334799302845,0.03137174980471258
10.25,187.5,6.254089144245805,0.006227414120233199
10.25,192.5,6.28959975475264,0.04173802462706799
10.25,197.5,6.248515939860496,0.0006542097349244713
10.25,202.5,6.258282029019891,0.010420298894318947
10.25,207.5,6.274544363341137,0.02668263321556541
10.25,212.5,6.2874638594662215,0.03960212934064966
10.25,217.5,6.245810412786307,-0.002051317339264891
10.25,222.5,6.28451921905065,0.03665748892507814
10.25,227.5,6.275106507772643,0.027244777647070784
10.25,232.5,6.270170867331525,0.022309137205953178
10.25,237.5,6.255796723939607,0.007934993814035174
10.25,242.5,6.280203903337237,0.032342173211665326
10.25,247.5,6.2789435358411145,0.031081805715542643
10.25,252.5,6.2530769611504855,0.005215231024913614
10.25,257.5,6.322927097848203,0.0750653677226314
10.25,262.5,6.297424212805133,0.04956248267956109
10.25,267.5,6.2523305388385975,0.004468808713025574
10.25,272.5,6.223232581570424,-0.02462914855514775
10.25,277.5,6.261248545047376,0.01338681492180438
10.25,282.5,6.263448752365388,0.015587022239816228
10.25,287.5,6.278034194970653,0.03017246484508096
10.25,292.5,6.291528371552005,0.04366664142643284
10.25,297.5,6.23101977298162,-0.01684195714395198
10.25,302.5,6.157088480592568,-0.09077324953300359
10.25,307.5,6.198954598955218,-0.0489071311703535
10.25,312.5,6.237295476354853,-0.010566253770718959
10.25,317.5,6.197459862387174,-0.0504018677383975
10.25,322.5,6.236134312888098,-0.011727417237473503
10.25,327.5,6.250950217026923,0.0030884869013512173
10.25,332.5,6.182188054618189,-0.06567367550738279
10.25,337.5,6.178179714481989,-0.06968201564358267
10.25,342.5,6.180613638997615,-0.06724809112795693
10.25,347.5,6.212509023769401,-0.035352706356170494
10.25,352.5,6.183056631768184,-0.06480509835738779
10.25,357.5,6.234046956881175,-0.013814773244396505
10.5,2.5,6.247507623091073,-0.0003541070344992292
10.5,7.5,6.215296338513456,-0.032565391612116024
10.5,12.5,6.238686917962848,-0.009174812162723534
10.5,17.5,6.249977172321191,0.0021154421956195435
10.5,22.5,6.242646752979231,-0.0052149771463412264
10.5,27.5,6.210142498865248,-0.03771923126032384
10.5,32.5,6.270376878145144,0.022515148019571996
10.5,37.5,6.26782664124557,0.019964911119997986
10.5,42.5,6.2542934267054955,0.006431696579923596
10.5,47.5,6.23395960833195,-0.013902121793622157
10.5,52.5,6.24572244880838,-0.002139281317192321
10.5,57.5,6.231621965402258,-0.016239764723313677
10.5,62.5,6.237447556291507,-0.010414173834065288
10.5,67.5,6.237749575622654,-0.01011215450291747
10.5,72.5,6.242709584017927,-0.005152146107644917
10.5,77.5,6.2286632746092465,-0.019198455516325375
10.5,82.5,6.2271135078703725,-0.020748222255199344
10.5,87.5,6.242408322445955,-0.005453407679617328
10.5,92.5,6.2299540246794525,-0.017907705446119415
10.5,97.5,6.20558409687947,-0.04227763324610212
10.5,102.5,6.212282177936871,-0.035579552188701236
10.5,107.5,6.2850083712497105,0.03714664112413857
10.5,112.5,6.196986608458944,-0.05087512166662833
10.5,117.5,6.2028169415441194,-0.045044788581452444
10.5,122.5,6.1817196019250105,-0.06614212820056142
10.5,127.5,6.248143892393569,0.0002821622679967106
10.5,132.5,6.1622789298464715,-0.08558280027910037
10.5,137.5,6.183411639641112,-0.06445009048445982
10.5,142.5,6.184799945303038,-0.06306178482253433
10.5,147.5,6.1565081101215515,-0.09135362000402036
10.5,152.5,6.213956680084467,-0.033905050041104445
10.5,157.5,6.255848063491047,0.007986333365475495
10.5,162.5,6.219587850614708,-0.028273879510863686
10.5,167.5,6.214206527697913,-0.03365520242765907
10.5,172.5,6.201463206949909,-0.04639852317566273
10.5,177.5,6.245411111268597,-0.002450618856975062
10.5,182.5,6.301174273883355,0.053312543757782827
10.5,187.5,6.252490551518088,0.00462882139251608
10.5,192.5,6.2738971093677325,0.026035379242160595
10.5,197.5,6.2464121887530615,-0.00144954137251041
10.5,202.5,6.263267502529569,0.015405772403997098
10.5,207.5,6.278746025999176,0.030884295873604195
10.5,212.5,6.279150725402811,0.03128899527723927
10.5,217.5,6.257608748281136,0.009747018155564113
10.5,222.5,6.259215765715656,0.011354035590084521
10.5,227.5,6.273919406445645,0.026057676320073497
10.5,232.5,6.251437966202209,0.0035762360766371515
10.5,237.5,6.257320154979957,0.009458424854384972
10.5,242.5,6.265663233264309,0.017801503138737296
10.5,247.5,6.277275619051557,0.029413888925985177
10.5,252.5,6.228378323075268,-0.019483407050303825
10.5,257.5,6.299376507606207,0.05151477748063549
10.5,262.5,6.314406037604936,0.06654430747936413
10.5,267.5,6.222591032504616,-0.025270697620955573
10.5,272.5,6.2351506963838474,-0.012711033741724442
10.5,277.5,6.266833156519536,0.018971426393964208
10.5,282.5,6.28509697222203,0.03723524209645834
10.5,287.5,6.25788159576512,0.010019865639548264
10.5,292.5,6.277445851201669,0.029584121076097425
10.5,297.5,6.245374301472831,-0.002487428652741208
10.5,302.5,6.15643462829312,-0.09142710183245217
10.5,307.5,6.170819835823593,-0.07704189430197861
10.5,312.5,6.237397491321779,-0.010464238803792547
10.5,317.5,6.201582152430014,-0.04627957769555824
10.5,322.5,6.194719508723002,-0.0531422214025703
10.5,327.5,6.226735209334112,-0.02112652079145949
10.5,332.5,6.164991440889379,-0.082870289236193
10.5,337.5,6.192942279964359,-0.054919450161213135
10.5,342.5,6.186426897321473,-0.06143483280409878
10.5,347.5,6.189364170806885,-0.0584975593186865
10.5,352.5,6.185455742142981,-0.062405987982590894
10.5,357.5,6.203550236534017,-0.04431149359155473
10.75,2.5,6.2319741938816,-0.0158875362439721
10.75,7.5,6.2124292966038634,-0.03543243352170844
10.75,12.5,6.213758700048307,-0.03410303007726512
10.75,17.5,6.231024471007327,-0.01683725911824485
10.75,22.5,6.220043630978513,-0.02781809914705846
10.75,27.5,6.204895942182826,-0.0429657879427463
10.75,32.5,6.263579452748248,0.0157177226226759
10.75,37.5,6.254431295719845,0.006569565594273463
10.75,42.5,6.254594731065419,0.006733000939846967
10.75,47.5,6.24495510291205,-0.002906627213522306
10.75,52.5,6.231046501557296,-0.016815228568275664
10.75,57.5,6.265891130367248,0.01802940024167654
10.75,62.5,6.271210526036417,0.023348795910845155
10.75,67.5,6.2356342173549075,-0.012227512770664362
10.75,72.5,6.267941068589324,0.020079338463752094
10.75,77.5,6.220473385481743,-0.02738834464382922
10.75,82.5,6.223580806173173,-0.024280923952399114
10.75,87.5,6.216207995020019,-0.031653735105552805
10.75,92.5,6.256943672588185,0.009081942462612957
10.75,97.5,6.179800531013179,-0.0680611991123925
10.75,102.5,6.2311513053878524,-0.016710424737719443
10.75,107.5,6.263904719368591,0.016042989243018724
10.75,112.5,6.219948675567723,-0.02791305455784876
10.75,117.5,6.156462529032634,-0.09139920109293787
10.75,122.5,6.179866355794951,-0.06799537433062053
10.75,127.5,6.229155926062885,-0.018705804062687292
10.75,132.5,6.175643912642911,-0.07221781748266132
10.75,137.5,6.194384260222411,-0.053477469903160824
10.75,142.5,6.1943197699606545,-0.05354196016491741
10.75,147.5,6.18159183284052,-0.06626989728505173
10.75,152.5,6.193549840492917,-0.054311889632654875
10.75,157.5,6.3002004334544495,0.05233870332887758
10.75,162.5,6.245122436892683,-0.0027392932328886843
10.75,167.5,6.193595956087611,-0.054265774037960846
10.75,172.5,6.212254784617741,-0.03560694550783072
10.75,177.5,6.2446142494419625,-0.0032474806836093606
10.75,182.5,6.265123155585186,0.017261425459613733
10.75,187.5,6.2521206111479914,0.004258881022419558
10.75,192.5,6.268635227278457,0.020773497152885234
10.75,197.5,6.248511206199242,0.0006494760736703853
10.75,202.5,6.267199958856753,0.019338228731180962
10.75,207.5,6.303219534025074,0.0553578038995024
10.75,212.5,6.266314079886282,0.018452349760710085
10.75,217.5,6.262143321413738,0.014281591288166418
10.75,222.5,6.25634469788098,0.008482967755408133
10.75,227.5,6.253088497850062,0.0052267677244897115
10.75,232.5,6.22858498654225,-0.019276743583321654
10.75,237.5,6.242196693421086,-0.005665036704486148
10.75,242.5,6.265192399277738,0.017330669152165967
10.75,247.5,6.295980949620743,0.04811921949517117
10.75,252.5,6.229854500318716,-0.018007229806856095
10.75,257.5,6.247226865364005,-0.0006348647615670444
10.75,262.5,6.3434023266511295,0.09554059652555758
10.75,267.5,6.176773041623978,-0.071088688501594
10.75,272.5,6.172906273611311,-0.07495545651426117
10.75,277.5,6.281664828802397,0.03380309867682474
10.75,282.5,6.260209037435388,0.012347307309815925
10.75,287.5,6.262939581484913,0.015077851359341032
10.75,292.5,6.26536375503083,0.017502024905257763
10.75,297.5,6.25498852817927,0.007126798053698202
10.75,302.5,6.229452568921808,-0.018409161203764235
10.75,307.5,6.1669671004969535,-0.08089462962861838
10.75,312.5,6.258002878146178,0.010141148020606394
10.75,317.5,6.167829663660148,-0.08003206646542349
10.75,322.5,6.226260138868678,-0.02160159125689365
10.75,327.5,6.212403907176237,-0.03545782294933453
10.75,332.5,6.1402877578165445,-0.10757397230902743
10.75,337.5,6.198500976755728,-0.04936075336984391
10.75,342.5,6.219966494815483,-0.02789523531008875
10.75,347.5,6.185929145271105,-0.06193258485446673
10.75,352.5,6.189239013553152,-0.0586227165724198
10.75,357.5,6.197130716550269,-0.05073101357530252
11.0,2.5,6.230629171666093,-0.017232558459478575
11.0,7.5,6.206903345211597,-0.04095838491397519
11.0,12.5,6.2046603691430375,-0.043201360982534354
11.0,17.5,6.228878773845057,-0.018982956280514607
11.0,22.5,6.222020754438235,-0.025840975687336787
11.0,27.5,6.218507085131906,-0.029354644993666135
11.0,32.5,6.247410136982042,-0.00045159314352982705
11.0,37.5,6.246203713760833,-0.0016580163647388346
11.0,42.5,6.2719815118383035,0.02411978171273166
11.0,47.5,6.239668189851799,-0.008193540273772726
11.0,52.5,6.24416459664607,-0.0036971334795019573
11.0,57.5,6.298003703665589,0.05014197354001748
11.0,62.5,6.251060074652928,0.003198344527356234
11.0,67.5,6.233856601022731,-0.014005129102840463
11.0,72.5,6.2738999740924495,0.026038243966877594
11.0,77.5,6.220215706771291,-0.027646023354281013
11.0,82.5,6.208728175370217,-0.03913355475535507
11.0,87.5,6.187716640179529,-0.06014508994604295
11.0,92.5,6.268244298623721,0.02038256849814868
11.0,97.5,6.191280440078195,-0.056581290047376775
11.0,102.5,6.238609187358154,-0.009252542767417715
11.0,107.5,6.267978217371714,0.0201164872461419
11.0,112.5,6.219793955583085,-0.0280677745424871
11.0,117.5,6.136090542437004,-0.11177118768856786
11.0,122.5,6.196157274293858,-0.05170445583171368
11.0,127.5,6.215638257661377,-0.03222347246419499
11.0,132.5,6.210536783650532,-0.03732494647503959
11.0,137.5,6.204160600237281,-0.04370112988829078
11.0,142.5,6.190634128523952,-0.057227601601620215
11.0,147.5,6.217715696888385,-0.030146033237186565
11.0,152.5,6.224072326246441,-0.023789403879130866
11.0,157.5,6.353390478241388,0.10552874811581603
11.0,162.5,6.258387523995366,0.010525793869794242
11.0,167.5,6.225355266674868,-0.022506463450703507
11.0,172.5,6.224502918195312,-0.023358811930259904
11.0,177.5,6.239635584931917,-0.008226145193654943
11.0,182.5,6.247230220448161,-0.0006315096774107687
11.0,187.5,6.23912461813428,-0.00873711199129179
11.0,192.5,6.287672018518702,0.039810288393129944
11.0,197.5,6.250096715515404,0.0022349853898324668
11.0,202.5,6.26265030401775,0.01478857389217847
11.0,207.5,6.294903230279198,0.04704150015362618
11.0,212.5,6.265514168281623,0.017652438156050998
11.0,217.5,6.267426002872179,0.019564272746607436
11.0,222.5,6.255771907210983,0.007910177085411085
11.0,227.5,6.247841798991045,-1.993113452680717e-05
11.0,232.5,6.226598174244633,-0.021263555880938867
11.0,237.5,6.240324082247634,-0.007537647877938092
11.0,242.5,6.270312304010943,0.022450573885371305
11.0,247.5,6.304069564050601,0.05620783392502915
11.0,252.5,6.2398881057672835,-0.007973624358288411
11.0,257.5,6.25510652167087,0.00724479154529778
11.0,262.5,6.327763346371878,0.07990161624630598
11.0,267.5,6.2016089382072845,-0.04625279191828735
11.0,272.5,6.216154953650164,-0.031706776475408205
11.0,277.5,6.29238082894423,0.04451909881865834
11.0,282.5,6.241095794592687,-0.006765935532884626
11.0,287.5,6.235145506881605,-0.012716223243966596
11.0,292.5,6.244632149274663,-0.003229580850908853
11.0,297.5,6.224042810409895,-0.02381891971567729
11.0,302.5,6.226951008979535,-0.02091072114603687
11.0,307.5,6.196806507867025,-0.05105522225854653
11.0,312.5,6.226431611056644,-0.021430119068927667
11.0,317.5,6.152094353411378,-0.09576737671419355
11.0,322.5,6.23863666799777,-0.009225062127802275
11.0,327.5,6.211153283557966,-0.03670844656760597
11.0,332.5,6.171202887908385,-0.07665884221718677
11.0,337.5,6.201752006381051,-0.046109723744520714
11.0,342.5,6.249013639732674,0.0011519096071017643
11.0,347.5,6.19917704883561,-0.04868468128996195
11.0,352.5,6.174055148932782,-0.07380658119279015
11.0,357.5,6.205940836807564,-0.04192089331800819
11.25,2.5,6.2244963928744825,-0.023365337251089358
11.25,7.5,6.217952884605821,-0.029908845519750926
11.25,12.5,6.215783682116743,-0.032078048008829185
11.25,17.5,6.245905873012505,-0.0019558571130664504
11.25,22.5,6.210474327365347,-0.03738740276022501
11.25,27.5,6.255981751933783,0.008120021808211142
11.25,32.5,6.262623809407465,0.014762079281893214
11.25,37.5,6.2554102639482165,0.007548533822644643
11.25,42.5,6.245425178871836,-0.0024365512537363188
11.25,47.5,6.2270282905357215,-0.0208334395898504
11.25,52.5,6.246228482017437,-0.0016332481081349215
11.25,57.5,6.268979049653467,0.021117319527895084
11.25,62.5,6.282352299489512,0.034490569363939905
11.25,67.5,6.244332241357945,-0.0035294887676267095
11.25,72.5,6.2553093600174705,0.007447629891898622
11.25,77.5,6.197866722438844,-0.04999500768672771
11.25,82.5,6.219898984098228,-0.0279627460273435
11.25,87.5,6.178177629325698,-0.06968410079987386
11.25,92.5,6.265188470793346,0.017326740667773954
11.25,97.5,6.162737851402211,-0.08512387872336102
11.25,102.5,6.195847797799898,-0.052013932325674084
11.25,107.5,6.279256455675913,0.031394725550341285
11.25,112.5,6.215388339927311,-0.03247339019826079
11.25,117.5,6.178085570186343,-0.06977615993922903
11.25,122.5,6.178712005944311,-0.06914972418126109
11.25,127.5,6.232857357230593,-0.015004372894979134
11.25,132.5,6.230681661442113,-0.01718006868345867
11.25,137.5,6.197098755067834,-0.0507629750577383
11.25,142.5,6.197734335889776,-0.05012739423579582
11.25,147.5,6.261840511679063,0.013978781553491082
11.25,152.5,6.253631555812412,0.005769825686839702
11.25,157.5,6.310822166722145,0.06296043659657347
11.25,162.5,6.266526912371922,0.018665182246349943
11.25,167.5,6.204913389497316,-0.042948340628256254
11.25,172.5,6.242680290644409,-0.005181439481162897
11.25,177.5,6.2177961981202685,-0.030065532005303375
11.25,182.5,6.226164945463554,-0.02169678466201752
11.25,187.5,6.2667962069280705,0.0189344768024986
11.25,192.5,6.260705352107365,0.01284362198179334
11.25,197.5,6.248362154548543,0.0005004244229711574
11.25,202.5,6.241429929214353,-0.006431800911219199
11.25,207.5,6.27311070077476,0.025248970649188074
11.25,212.5,6.268104397125614,0.020242667000042402
11.25,217.5,6.268203449622753,0.02034171949718111
11.25,222.5,6.252429850519526,0.004568120393954267
11.25,227.5,6.250891729341254,0.0030299992156823663
11.25,232.5,6.241041825573881,-0.00681990455169057
11.25,237.5,6.248852133048997,0.0009904029234251155
11.25,242.5,6.291012829440891,0.04315109931531946
11.25,247.5,6.290784379666228,0.04292264954065583
11.25,252.5,6.253164108957715,0.005302378832142907
11.25,257.5,6.266132384085939,0.018270653960366978
11.25,262.5,6.332501222954497,0.08463949282892536
11.25,267.5,6.261755742841029,0.01389401271545676
11.25,272.5,6.268316322613221,0.020454592487649137
11.25,277.5,6.255342706101692,0.007480975976120519
11.25,282.5,6.2100562397800285,-0.03780549034554337
11.25,287.5,6.214724670184172,-0.03313705994140026
11.25,292.5,6.259300287490718,0.011438557365146096
11.25,297.5,6.228450483454712,-0.019411246670859583
11.25,302.5,6.219772899144797,-0.028088830980775192
11.25,307.5,6.1962873594196415,-0.051574370705930406
11.25,312.5,6.205703708039346,-0.04215802208622588
11.25,317.5,6.169682912017523,-0.07817881810804916
11.25,322.5,6.207758254719319,-0.04010347540625325
11.25,327.5,6.231067369936162,-0.01679436018940983
11.25,332.5,6.193749237420122,-0.05411249270544971
11.25,337.5,6.202230191881495,-0.04563153824407706
11.25,342.5,6.250165808173272,0.0023040780477003864
11.25,347.5,6.21842409813659,-0.02943763198898175
11.25,352.5,6.1809484659648595,-0.06691326416071242
11.25,357.5,6.197081273181494,-0.050780456944077734
11.5,2.5,6.231157222204682,-0.016704507920890066
11.5,7.5,6.239314902097317,-0.008546828028254794
11.5,12.5,6.230831702936208,-0.01703002718936375
11.5,17.5,6.264172072192014,0.01631034206644255
11.5,22.5,6.240763427824425,-0.0070983023011468305
11.5,27.5,6.274172388782862,0.026310658657290098
11.5,32.5,6.261316453174915,0.013454723049343364
11.5,37.5,6.274822640484268,0.026960910358695855
11.5,42.5,6.240328919021328,-0.007532811104243642
11.5,47.5,6.230268652088091,-0.017593078037481114
11.5,52.5,6.233675629025864,-0.014186101099707749
11.5,57.5,6.246976687252185,-0.0008850428733868654
11.5,62.5,6.263512766674175,0.015651036548603336
11.5,67.5,6.219932040015939,-0.027929690109632865
11.5,72.5,6.255901921341162,0.008040191215590298
11.5,77.5,6.183639523481061,-0.06422220664451128
11.5,82.5,6.218769436657299,-0.029092293468273134
11.5,87.5,6.196471044651606,-0.05139068547396608
11.5,92.5,6.259459401343069,0.011597671217496774
11.5,97.5,6.186254020845932,-0.06160770927963988
11.5,102.5,6.211340079446017,-0.03652165067955515
11.5,107.5,6.280605400421867,0.03274367029629488
11.5,112.5,6.2271830305270335,-0.020678699598538408
11.5,117.5,6.214603093585833,-0.03325863653973915
11.5,122.5,6.203502224987281,-0.04435950513829123
11.5,127.5,6.24032532720946,-0.007536402916112017
11.5,132.5,6.2174661569221055,-0.03039557320346642
11.5,137.5,6.215646258012276,-0.032215472113295895
11.5,142.5,6.194738110018525,-0.053123620107046854
11.5,147.5,6.23205704710119,-0.015804683024382093
11.5,152.5,6.27175036354776,0.023888633422187944
11.5,157.5,6.27592442383319,0.028062693707617825
11.5,162.5,6.270696222715908,0.022834492590336097
11.5,167.5,6.214738441880145,-0.03312328824542732
11.5,172.5,6.24466322591503,-0.003198504210542019
11.5,177.5,6.251147085783614,0.0032853556580425547
11.5,182.5,6.242648383518089,-0.005213346607482627
11.5,187.5,6.2672868490612075,0.019425118935635588
11.5,192.5,6.249527277664864,0.001665547539292156
11.5,197.5,6.228506016070541,-0.019355714055031115
11.5,202.5,6.244070168686699,-0.003791561438872826
11.5,207.5,6.264006905059048,0.016145174933476447
11.5,212.5,6.272104614919875,0.02424288479430281
11.5,217.5,6.269612437868614,0.021750707743041886
11.5,222.5,6.263692743936933,0.015831013811361316
11.5,227.5,6.264211284529582,0.01634955440400976
11.5,232.5,6.24269408526691,-0.005167644858661724
11.5,237.5,6.262693844827783,0.014832114702211463
11.5,242.5,6.30539406472086,0.0575323345952885
11.5,247.5,6.2691987350516,0.021337004926028413
11.5,252.5,6.248399653717,0.0005379235914277913
11.5,257.5,6.2806035081320655,0.03274177800649358
11.5,262.5,6.30731217178848,0.05945044166290803
11.5,267.5,6.256304080308679,0.008442350183107017
11.5,272.5,6.273216909560304,0.0253551794347322
11.5,277.5,6.277722590876361,0.029860860750789087
11.5,282.5,6.178299156437443,-0.06956257368812846
11.5,287.5,6.230214220953732,-0.017647509171839992
11.5,292.5,6.3049818628567795,0.05712013273120764
11.5,297.5,6.255911814375953,0.008050084250380785
11.5,302.5,6.18371739057469,-0.06414433955088228
11.5,307.5,6.183159409552903,-0.06470232057266845
11.5,312.5,6.216288929427991,-0.03157280069758084
11.5,317.5,6.182452207300384,-0.0654095228251883
11.5,322.5,6.222439227716892,-0.025422502408679826
11.5,327.5,6.244629483739635,-0.0032322463859371098
11.5,332.5,6.20355322641859,-0.04430850370698192
11.5,337.5,6.167144114418529,-0.08071761570704261
11.5,342.5,6.251649245278784,0.0037875151532125173
11.5,347.5,6.228996908872771,-0.018864821252800645
11.5,352.5,6.185131594389581,-0.06273013573599062
11.5,357.5,6.215019799110911,-0.03284193101466126
11.75,2.5,6.258878126654859,0.01101639652928732
11.75,7.5,6.251272130552339,0.0034104004267669907
11.75,12.5,6.254072058914497,0.006210328788925246
11.75,17.5,6.278837992386144,0.030976262260572263
11.75,22.5,6.243383558353215,-0.004478171772356987
11.75,27.5,6.266751194917173,0.018889464791601362
11.75,32.5,6.2683718061493465,0.020510076023774637
11.75,37.5,6.296489232592134,0.04862750246656233
11.75,42.5,6.2554006213666815,0.007538891241109624
11.75,47.5,6.232432220907133,-0.015429509218439108
11.75,52.5,6.286598618466289,0.038736888340717535
11.75,57.5,6.276470935816363,0.02860920569079095
11.75,62.5,6.25034417119279,0.0024824410672179553
11.75,67.5,6.227890649411895,-0.019971080713676592
11.75,72.5,6.255541594996286,0.007679864870714148
11.75,77.5,6.201513220022029,-0.04634851010354257
11.75,82.5,6.221612417143971,-0.026249312981600603
11.75,87.5,6.224291701023388,-0.023570029102184087
11.75,92.5,6.243764812299133,-0.0040969178264385064
11.75,97.5,6.229316520020509,-0.018545210105062715
11.75,102.5,6.209686581370537,-0.038175148755034805
11.75,107.5,6.237711369337605,-0.010150360787966939
11.75,112.5,6.24152142988313,-0.006340300242442254
11.75,117.5,6.224298215190385,-0.023563514935187158
11.75,122.5,6.2241913103892585,-0.02367041973631334
11.75,127.5,6.245218460907623,-0.002643269217949218
11.75,132.5,6.215338910491197,-0.032522819634374756
11.75,137.5,6.209682679677888,-0.03817905044768377
11.75,142.5,6.2027982577693805,-0.04506347235619135
11.75,147.5,6.213836008210252,-0.03402572191532016
11.75,152.5,6.286813040183199,0.03895131005762753
11.75,157.5,6.269973627887776,0.022111897762203903
11.75,162.5,6.228609266097651,-0.0192524640279208
11.75,167.5,6.210962815220213,-0.03689891490535846
11.75,172.5,6.22983252053207,-0.01802920959350196
11.75,177.5,6.248199668771289,0.00033793864571673993
11.75,182.5,6.269722075460679,0.02186034533510739
11.75,187.5,6.298490874930533,0.050629144804960724
11.75,192.5,6.246963496980815,-0.0008982331447571212
11.75,197.5,6.235961660785039,-0.011900069340533115
11.75,202.5,6.251770545336063,0.0039088152104911345
11.75,207.5,6.272773370409134,0.02491164028356252
11.75,212.5,6.285691132432415,0.037829402306843285
11.75,217.5,6.268287810526298,0.020426080400725688
11.75,222.5,6.262691516100124,0.014829785974551868
11.75,227.5,6.295123658555843,0.047261928430271105
11.75,232.5,6.248088782209373,0.00022705208380102704
11.75,237.5,6.273823180404169,0.025961450278597198
11.75,242.5,6.299272992186423,0.051411262060851115
11.75,247.5,6.296014000320553,0.04815227019498103
11.75,252.5,6.2454540267821335,-0.0024077033434384276
11.75,257.5,6.2832326002585495,0.03537087013297757
11.75,262.5,6.321062276906121,0.07320054678054877
11.75,267.5,6.244493771880453,-0.0033679582451187073
11.75,272.5,6.270877970623151,0.023016240497579332
11.75,277.5,6.266622558545639,0.0187608284200671
11.75,282.5,6.176065452306596,-0.0717962778189758
11.75,287.5,6.195231428917215,-0.052630301208356656
11.75,292.5,6.297948889149868,0.05008715902429639
11.75,297.5,6.2866602302616315,0.038798500136059566
11.75,302.5,6.17114494975011,-0.07671678037546226
11.75,307.5,6.1773007722996125,-0.07056095782595939
11.75,312.5,6.171965535357957,-0.07589619476761467
11.75,317.5,6.232124111940589,-0.01573761818498287
11.75,322.5,6.205632389584606,-0.04222934054096594
11.75,327.5,6.226942805402228,-0.020918924723344112
11.75,332.5,6.223758480414466,-0.024103249711106223
11.75,337.5,6.2107996160722205,-0.03706211405335136
11.75,342.5,6.259261713533652,0.011399983408080239
11.75,347.5,6.202981670007526,-0.044880060118045684
11.75,352.5,6.200903600026684,-0.04695813009888816
11.75,357.5,6.20916418590625,-0.03869754421932203
12.0,2.5,6.270210410821223,0.02234868069565099
12.0,7.5,6.25219883850609,0.004337108380518373
12.0,12.5,6.28385337899695,0.03599164887137807
12.0,17.5,6.288545557197126,0.040683827071553935
12.0,22.5,6.242041354596971,-0.005820375528601041
12.0,27.5,6.274045092016818,0.02618336189124637
12.0,32.5,6.280216364320156,0.03235463419458373
12.0,37.5,6.276613190866282,0.028751460740710222
12.0,42.5,6.279908459274594,0.03204672914902229
12.0,47.5,6.23740615163514,-0.010455578490431883
12.0,52.5,6.281459306416115,0.03359757629054272
12.0,57.5,6.287842598826187,0.039980868700615346
12.0,62.5,6.23435654014157,-0.013505189984002186
12.0,67.5,6.228203597274472,-0.01965813285109963
12.0,72.5,6.233735741616818,-0.014125988508753906
12.0,77.5,6.2094262105272,-0.0384355195983721
12.0,82.5,6.2050378606470105,-0.04282386947856143
12.0,87.5,6.2383356966033165,-0.00952603352225534
12.0,92.5,6.255092922117256,0.007231191991683872
12.0,97.5,6.193275035756692,-0.054586694368880195
12.0,102.5,6.211236937979027,-0.03662479214654457
12.0,107.5,6.231739680493654,-0.016122049631918323
12.0,112.5,6.178055261675494,-0.06980646845007765
12.0,117.5,6.182549145445554,-0.06531258468001777
12.0,122.5,6.194982862255149,-0.052878867870423285
12.0,127.5,6.23955474444321,-0.008306985682361656
12.0,132.5,6.224335713569019,-0.023526016556552953
12.0,137.5,6.214856679870452,-0.03300505025512024
12.0,142.5,6.217314009891103,-0.030547720234468834
12.0,147.5,6.214437281390869,-0.03342444873470285
12.0,152.5,6.323773842154839,0.0759121120292674
12.0,157.5,6.252845074978316,0.004983344852743876
12.0,162.5,6.255672813857585,0.007811083732012669
12.0,167.5,6.217901103854668,-0.029960626270903568
12.0,172.5,6.2033480985853595,-0.04451363154021237
12.0,177.5,6.2248411724706125,-0.02302055765495936
12.0,182.5,6.279210929429123,0.03134919930355107
12.0,187.5,6.29019805669337,0.04233632656779829
12.0,192.5,6.265852864841078,0.01799113471550573
12.0,197.5,6.235949532617898,-0.011912197507673916
12.0,202.5,6.2710553584298445,0.02319362830427263
12.0,207.5,6.280949178300523,0.03308744817495146
12.0,212.5,6.277457908176871,0.02959617805129877
12.0,217.5,6.265973734572428,0.01811200444685568
12.0,222.5,6.2592558487003735,0.01139411857480166
12.0,227.5,6.302604119285638,0.05474238916006602
12.0,232.5,6.25241775289375,0.004556022768178458
12.0,237.5,6.2767945627967645,0.02893283267119262
12.0,242.5,6.307991254657448,0.06012952453187648
12.0,247.5,6.27981410532045,0.03195237519487826
12.0,252.5,6.240072766437919,-0.007788963687652917
12.0,257.5,6.286515291838169,0.03865356171259737
12.0,262.5,6.312112917273554,0.06425118714798206
12.0,267.5,6.245752048979071,-0.002109681146500897
12.0,272.5,6.247774262764791,-8.746736078091288e-05
12.0,277.5,6.270621285686948,0.02275955556137621
12.0,282.5,6.212169687787929,-0.03569204233764278
12.0,287.5,6.1991880116421125,-0.04867371848345936
12.0,292.5,6.2976845284088,0.049822798283227776
12.0,297.5,6.308997600613105,0.061135870487532884
12.0,302.5,6.149769454191183,-0.09809227593438852
12.0,307.5,6.183707120612312,-0.06415460951325969
12.0,312.5,6.174307837806127,-0.07355389231944454
12.0,317.5,6.221541579217663,-0.026320150907908513
12.0,322.5,6.19021677435407,-0.05764495577150175
12.0,327.5,6.197895400633158,-0.049966329492414197
12.0,332.5,6.2035274768426945,-0.044334253282877434
12.0,337.5,6.244350768895538,-0.0035109612300336934
12.0,342.5,6.249188648009762,0.0013269178841897045
12.0,347.5,6.192076250175482,-0.055785479950089645
12.0,352.5,6.220939725200982,-0.026922004924589515
12.0,357.5,6.23060865247637,-0.01725307764920192
12.25,2.5,6.2844551457035465,0.036593415577974575
12.25,7.5,6.259047984504665,0.011186254379093263
12.25,12.5,6.262396413728726,0.014534683603153908
12.25,17.5,6.28645880570064,0.038597075575068196
12.25,22.5,6.250624130553925,0.0027624004283532955
12.25,27.5,6.269594909909609,0.02173317978403677
12.25,32.5,6.295606912687461,0.04774518256188909
12.25,37.5,6.284056792044259,0.036195061918687266
12.25,42.5,6.30114347781769,0.05328174769211813
12.25,47.5,6.238341354380927,-0.009520375744644483
12.25,52.5,6.268857040658172,0.02099531053259973
12.25,57.5,6.249496277863877,0.001634547738305514
12.25,62.5,6.23585078551568,-0.012010944609891716
12.25,67.5,6.248093146257544,0.00023141613197186217
12.25,72.5,6.216199593587974,-0.031662136537597974
12.25,77.5,6.235089766906345,-0.012771963219226912
12.25,82.5,6.1783259297755055,-0.06953580035006635
12.25,87.5,6.208838153327514,-0.03902357679805757
12.25,92.5,6.255277144467732,0.007415414342160531
12.25,97.5,6.169404616627999,-0.07845711349757245
12.25,102.5,6.176266340566845,-0.07159538955872691
12.25,107.5,6.205698729580099,-0.04216300054547251
12.25,112.5,6.15087683498183,-0.0969848951437422
12.25,117.5,6.124000962811939,-0.12386076731363271
12.25,122.5,6.162405110869153,-0.08545661925641923
12.25,127.5,6.244055161049249,-0.00380656907632293
12.25,132.5,6.182847419765835,-0.0650143103597367
12.25,137.5,6.206971222381139,-0.04089050774443326
12.25,142.5,6.195039708705169,-0.052822021420403154
12.25,147.5,6.227986236985247,-0.019875493140324885
12.25,152.5,6.3220478066402315,0.07418607651465958
12.25,157.5,6.2499166422978085,0.0020549121722366337
12.25,162.5,6.202029463348845,-0.045832266776726804
12.25,167.5,6.199302562566773,-0.048559167558798855
12.25,172.5,6.196511482961226,-0.05135024716434611
12.25,177.5,6.244541241702698,-0.003320488422874135
12.25,182.5,6.268840929113459,0.020979198987887138
12.25,187.5,6.275350196568277,0.027488466442704862
12.25,192.5,6.279412988648801,0.03155125852322893
12.25,197.5,6.225795998711533,-0.022065731414039114
12.25,202.5,6.264307166560052,0.01644543643447971
12.25,207.5,6.285025158489612,0.03716342836403985
12.25,212.5,6.249809895635176,0.0019481655096038608
12.25,217.5,6.273106801162088,0.025245071036516187
12.25,222.5,6.265908194981554,0.01804646485598216
12.25,227.5,6.262411932039756,0.01455020191418388
12.25,232.5,6.245167748436661,-0.002693981688911329
12.25,237.5,6.28704248961162,0.03918075948604827
12.25,242.5,6.296368101215439,0.048506371089866995
12.25,247.5,6.250289105976185,0.002427375850612812
12.25,252.5,6.230879402533818,-0.01698232759175422
12.25,257.5,6.289417370310213,0.041555640184641085
12.25,262.5,6.292268253718717,0.04440652359314523
12.25,267.5,6.248368290986154,0.0005065608605825389
12.25,272.5,6.21305927291211,-0.03480245721346176
12.25,277.5,6.252516381742957,0.004654651617385319
12.25,282.5,6.256059169650278,0.008197439524706418
12.25,287.5,6.226687568402715,-0.021174161722856688
12.25,292.5,6.2978523741328125,0.049990644007240626
12.25,297.5,6.282155058602596,0.034293328477024154
12.25,302.5,6.135855882167501,-0.11200584795807078
12.25,307.5,6.196421506576323,-0.05144022354924882
12.25,312.5,6.216288924565991,-0.03157280555958053
12.25,317.5,6.236630618214994,-0.011231111910578129
12.25,322.5,6.197634202181976,-0.05022752794359597
12.25,327.5,6.2089402550193675,-0.03892147510620436
12.25,332.5,6.173777477458797,-0.07408425266677465
12.25,337.5,6.182517604937934,-0.06534412518763766
12.25,342.5,6.235735651656029,-0.012126078469543167
12.25,347.5,6.199608904952118,-0.04825282517345375
12.25,352.5,6.2104915163235,-0.03737021380207217
12.25,357.5,6.259403675869729,0.011541945744157012
12.5,2.5,6.285710237352191,0.037848507226619255
12.5,7.5,6.261997690989983,0.014135960864410713
12.5,12.5,6.264020266110944,0.016158535985372424
12.5,17.5,6.255804620393333,0.007942890267760738
12.5,22.5,6.254049021337001,0.006187291211428914
12.5,27.5,6.250652836106502,0.00279110598093002
12.5,32.5,6.294443431857731,0.04658170173215925
12.5,37.5,6.294475652993087,0.046613922867515534
12.5,42.5,6.287339942266273,0.03947821214070135
12.5,47.5,6.263619875243274,0.015758145117701794
12.5,52.5,6.271520007005325,0.023658276879753082
12.5,57.5,6.2467278329297775,-0.0011338971957943755
12.5,62.5,6.221624213001844,-0.026237517123727905
12.5,67.5,6.246917946690511,-0.0009437834350611851
12.5,72.5,6.223688327977371,-0.024173402148201184
12.5,77.5,6.2031304509848235,-0.04473127914074837
12.5,82.5,6.188405097692094,-0.059456632433477985
12.5,87.5,6.174022830449969,-0.07383889967560275
12.5,92.5,6.2720178962921285,0.02415616616655658
12.5,97.5,6.184274089649392,-0.06358764047617971
12.5,102.5,6.149566524642751,-0.09829520548282122
12.5,107.5,6.226396186143006,-0.021465543982565727
12.5,112.5,6.156301736459005,-0.09155999366656697
12.5,117.5,6.062874068422067,-0.1849876617035049
12.5,122.5,6.122432072670864,-0.12542965745470802
12.5,127.5,6.192301794200617,-0.055559935924955006
12.5,132.5,6.170780984797248,-0.07708074532832399
12.5,137.5,6.14974311800651,-0.09811861211906159
12.5,142.5,6.1775610212045855,-0.07030070892098639
12.5,147.5,6.236013505563479,-0.011848224562093002
12.5,152.5,6.301012728723659,0.05315099859808736
12.5,157.5,6.256949180274143,0.00908745014857093
12.5,162.5,6.166845260067307,-0.08101647005826518
12.5,167.5,6.177875605409863,-0.06998612471570897
12.5,172.5,6.206222054785993,-0.04163967533957891
12.5,177.5,6.206597739092945,-0.04126399103262646
12.5,182.5,6.265603169647134,0.017741439521562263
12.5,187.5,6.298561510378087,0.05069978025251487
12.5,192.5,6.309378017156424,0.061516287030852546
12.5,197.5,6.207477555355574,-0.040384174769998005
12.5,202.5,6.2476183033135735,-0.000243426811998404
12.5,207.5,6.275959728067704,0.028097997942132302
12.5,212.5,6.244024036825697,-0.0038376932998751556
12.5,217.5,6.238963354636962,-0.008898375488610277
12.5,222.5,6.254638419417916,0.006776689292344429
12.5,227.5,6.25066528257727,0.0028035524516978327
12.5,232.5,6.250891235700869,0.003029505575296909
12.5,237.5,6.249950788042175,0.0020890579166028544
12.5,242.5,6.28021472212671,0.0323529920011385
12.5,247.5,6.222347040215592,-0.02551468990998007
12.5,252.5,6.198103891021599,-0.04975783910397258
12.5,257.5,6.246616309932077,-0.0012454201934950504
12.5,262.5,6.276399405164156,0.028537675038584176
12.5,267.5,6.231646277154113,-0.01621545297145932
12.5,272.5,6.195533206446668,-0.05232852367890395
12.5,277.5,6.242485801291059,-0.005375928834513211
12.5,282.5,6.2696242856212,0.021762555495628
12.5,287.5,6.217066599093316,-0.030795131032255618
12.5,292.5,6.275052906877754,0.027191176752181967
12.5,297.5,6.24289756434024,-0.0049641657853323196
12.5,302.5,6.131541537282461,-0.11632019284311124
12.5,307.5,6.190587010353672,-0.05727471977189946
12.5,312.5,6.232943454501305,-0.014918275624267174
12.5,317.5,6.19949757850746,-0.04836415161811214
12.5,322.5,6.188685337863182,-0.05917639226238958
12.5,327.5,6.230877872975304,-0.016983857150267845
12.5,332.5,6.141215032425131,-0.106646697700441
12.5,337.5,6.1667477348608335,-0.08111399526473839
12.5,342.5,6.265137162239989,0.017275432114416844
12.5,347.5,6.2071144787158055,-0.04074725140976643
12.5,352.5,6.168239960359763,-0.07962176976580881
12.5,357.5,6.25394961314664,0.006087883021067775
12.75,2.5,6.273639924264815,0.025778194139243205
12.75,7.5,6.264146489941505,0.01628475981593347
12.75,12.5,6.270790176599506,0.02292844647393455
12.75,17.5,6.257510201018282,0.009648470892710037
12.75,22.5,6.263855961318171,0.01599423119259935
12.75,27.5,6.2499691871385865,0.002107457013014624
12.75,32.5,6.271406995545539,0.023545265419967265
12.75,37.5,6.303681138764296,0.055819408638724255
12.75,42.5,6.284502297024895,0.03664056689932327
12.75,47.5,6.273576272269517,0.02571454214394553
12.75,52.5,6.256362190236953,0.008500460111380725
12.75,57.5,6.251831189343294,0.003969459217722182
12.75,62.5,6.255649011637202,0.0077872815116304395
12.75,67.5,6.214336302344002,-0.033525427781570194
12.75,72.5,6.213972125333353,-0.03388960479221925
12.75,77.5,6.223800286168725,-0.02406144395684695
12.75,82.5,6.187647157843479,-0.06021457228209304
12.75,87.5,6.1645573161088425,-0.08330441401672939
12.75,92.5,6.2470784542745985,-0.000783275850973375
12.75,97.5,6.215673590942082,-0.03218813918349017
12.75,102.5,6.168495402380765,-0.07936632774480668
12.75,107.5,6.216480654295629,-0.03138107582994287
12.75,112.5,6.134596393647596,-0.11326533647797632
12.75,117.5,6.061277315952341,-0.18658441417323068
12.75,122.5,6.113203715144836,-0.1346580149807357
12.75,127.5,6.176860635810792,-0.07100109431477986
12.75,132.5,6.1765343794806205,-0.07132735064495144
12.75,137.5,6.166369723443067,-0.08149200668250511
12.75,142.5,6.15006331649723,-0.0977984136283423
12.75,147.5,6.2136598406533015,-0.03420188947227043
12.75,152.5,6.299191938088775,0.0513302079632032
12.75,157.5,6.269165797993804,0.02130406786823169
12.75,162.5,6.178595679857025,-0.06926605026854649
12.75,167.5,6.188425897208547,-0.05943583291702481
12.75,172.5,6.1767471142513655,-0.07111461587420642
12.75,177.5,6.211792684839849,-0.03606904528572308
12.75,182.5,6.274334034372781,0.02647230424720881
12.75,187.5,6.289110897809305,0.04124916768373321
12.75,192.5,6.261687733758027,0.01382600363245512
12.75,197.5,6.195691256270717,-0.05217047385485518
12.75,202.5,6.203268821452809,-0.044592908672762555
12.75,207.5,6.263138156752849,0.015276426627276685
12.75,212.5,6.246325118542838,-0.0015366115827335491
12.75,217.5,6.240464595198319,-0.00739713492725258
12.75,222.5,6.25969174627046,0.011830016144887878
12.75,227.5,6.236466689102269,-0.011395041023303243
12.75,232.5,6.23901313217383,-0.008848597951741866
12.75,237.5,6.211578669413541,-0.03628306071203102
12.75,242.5,6.258039096686968,0.010177366561396006
12.75,247.5,6.227796589041803,-0.020065141083768445
12.75,252.5,6.193048769466501,-0.0548129606590706
12.75,257.5,6.23322141943012,-0.014640310695451575
12.75,262.5,6.254185252955756,0.00632352283018367
12.75,267.5,6.232969529830395,-0.014892200295176572
12.75,272.5,6.185703073632013,-0.06215865649355923
12.75,277.5,6.23579584477387,-0.012065885351701944
12.75,282.5,6.274790561843658,0.026928831718086244
12.75,287.5,6.203400138279736,-0.044461591845835535
12.75,292.5,6.240780047466105,-0.00708168265946707
12.75,297.5,6.218100198779637,-0.029761531345934955
12.75,302.5,6.158928849272428,-0.08893288085314399
12.75,307.5,6.189515242802981,-0.05834648732259051
12.75,312.5,6.203466877320992,-0.04439485280458033
12.75,317.5,6.190429057705681,-0.05743267241989081
12.75,322.5,6.194435849723028,-0.05342588040254359
12.75,327.5,6.234497006741825,-0.013364723383746835
12.75,332.5,6.137977644525305,-0.10988408560026652
12.75,337.5,6.216015785234008,-0.03184594489156378
12.75,342.5,6.270828664368109,0.02296693424253693
12.75,347.5,6.210512103037981,-0.0373496270875906
12.75,352.5,6.167610069751111,-0.08025166037446052
12.75,357.5,6.215376352251592,-0.03248537787397954
13.0,2.5,6.273685663778039,0.025823933652467268
13.0,7.5,6.261055568256703,0.013193838131130953
13.0,12.5,6.267412126788353,0.019550396662781466
13.0,17.5,6.262808965268132,0.014947235142559911
13.0,22.5,6.280299743657095,0.032438013531523424
13.0,27.5,6.268604923178514,0.020743193052942033
13.0,32.5,6.268234128183331,0.020372398057759256
13.0,37.5,6.315654866050975,0.06779313592540337
13.0,42.5,6.31075483070962,0.06289310058404851
13.0,47.5,6.269320861366695,0.021459131241122975
13.0,52.5,6.291813697680831,0.043951967555258875
13.0,57.5,6.2764403931833925,0.02857866305782064
13.0,62.5,6.276725530953666,0.028863800828093922
13.0,67.5,6.235519159722584,-0.012342570402988251
13.0,72.5,6.295249805322075,0.04738807519650301
13.0,77.5,6.297971480202293,0.050109750076720694
13.0,82.5,6.210396798731587,-0.03746493139398499
13.0,87.5,6.1862869102228455,-0.061574819902726396
13.0,92.5,6.237449699921484,-0.010412030204087763
13.0,97.5,6.233238833099284,-0.014622897026288051
13.0,102.5,6.221268098346614,-0.026593631778958127
13.0,107.5,6.246587598821285,-0.0012741313042869962
13.0,112.5,6.178149734623558,-0.06971199550201401
13.0,117.5,6.111639225931069,-0.1362225041945031
13.0,122.5,6.199360901869923,-0.04850082825564872
13.0,127.5,6.1874720160188845,-0.060389714106687364
13.0,132.5,6.186396317846183,-0.06146541227938851
13.0,137.5,6.175592796167498,-0.07226893395807377
13.0,142.5,6.1845677338903595,-0.06329399623521237
13.0,147.5,6.209808185831703,-0.0380535442938692
13.0,152.5,6.3276447191698635,0.0797829890442916
13.0,157.5,6.272625446587194,0.024763716461621677
13.0,162.5,6.2209725964430325,-0.026889133682539423
13.0,167.5,6.2400666461728775,-0.007795083952694348
13.0,172.5,6.204435099124932,-0.04342663100063948
13.0,177.5,6.241489722705957,-0.006372007419614967
13.0,182.5,6.243816987070821,-0.004044743054750555
13.0,187.5,6.270708788752468,0.022847058626895844
13.0,192.5,6.287106506066268,0.03924477594069575
13.0,197.5,6.219077698332297,-0.0287840317932746
13.0,202.5,6.2012007794745045,-0.046660950651067346
13.0,207.5,6.2755873383681875,0.027725608242615607
13.0,212.5,6.259877354894893,0.012015624769321498
13.0,217.5,6.260290913269397,0.012429183143825462
13.0,222.5,6.277216990615134,0.029355260489562163
13.0,227.5,6.2435547738753305,-0.004306956250241356
13.0,232.5,6.235699138192388,-0.012162591933184252
13.0,237.5,6.208108413515453,-0.039753316610118716
13.0,242.5,6.265886703906716,0.018024973781144205
13.0,247.5,6.256698943609197,0.008837213483625206
13.0,252.5,6.210946772025801,-0.03691495809977052
13.0,257.5,6.204574359798722,-0.043287370326849484
13.0,262.5,6.26134142209195,0.013479691966377771
13.0,267.5,6.227595855879913,-0.020265874245659177
13.0,272.5,6.185769049776933,-0.062092680348638574
13.0,277.5,6.306055624654064,0.05819389452849233
13.0,282.5,6.305142245140532,0.05728051501496001
13.0,287.5,6.20380663035239,-0.044055099773181894
13.0,292.5,6.251910698397531,0.004048968271959552
13.0,297.5,6.217551455002238,-0.030310275123333952
13.0,302.5,6.206234358336006,-0.041627371789566325
13.0,307.5,6.222513465664951,-0.025348264460620662
13.0,312.5,6.190316688395633,-0.057545041729938795
13.0,317.5,6.187466425225334,-0.060395304900238145
13.0,322.5,6.227569784836018,-0.02029194528955358
13.0,327.5,6.247496640523176,-0.0003650896023961181
13.0,332.5,6.155390313705537,-0.09247141642003509
13.0,337.5,6.302398316076303,0.05453658595073119
13.0,342.5,6.262091210519788,0.014229480394216232
13.0,347.5,6.226911567552336,-0.020950162573235787
13.0,352.5,6.1772225448861935,-0.0706391852393784
13.0,357.5,6.236446061702815,-0.011415668422756653
13.25,2.5,6.2850765741231385,0.03721484399756658
13.25,7.5,6.257645995331989,0.009784265206417508
13.25,12.5,6.266286871497785,0.018425141372213183
13.25,17.5,6.298695339256349,0.050833609130776836
13.25,22.5,6.313752600517019,0.06589087039144736
13.25,27.5,6.303603576700978,0.055741846575406484
13.25,32.5,6.257822530251884,0.009960800126312286
13.25,37.5,6.3058491274647945,0.057987397339222646
13.25,42.5,6.326528916738633,0.07866718661306127
13.25,47.5,6.25358513854148,0.005723408415907905
13.25,52.5,6.324128877015766,0.07626714689019387
13.25,57.5,6.293504652956589,0.0456429228310169
13.25,62.5,6.291880825977364,0.04401909585179187
13.25,67.5,6.292234468152623,0.044372738027051106
13.25,72.5,6.324100794736615,0.0762390646110429
13.25,77.5,6.275033582531914,0.027171852406342012
13.25,82.5,6.236022614908578,-0.011839115216994323
13.25,87.5,6.22165521781593,-0.026206512309641994
13.25,92.5,6.25633630603296,0.008474575907388093
13.25,97.5,6.265597991641927,0.017736261516355434
13.25,102.5,6.2421287313253355,-0.005732998800236366
13.25,107.5,6.28322333031936,0.03536160019378798
13.25,112.5,6.213937492048355,-0.03392423807721645
13.25,117.5,6.1273233778121785,-0.12053835231339338
13.25,122.5,6.187546474724397,-0.060315255401174994
13.25,127.5,6.218390239922503,-0.029471490203069273
13.25,132.5,6.211062396270121,-0.03679933385545109
13.25,137.5,6.1974231922293,-0.05043853789627217
13.25,142.5,6.187426856998545,-0.060434873127026556
13.25,147.5,6.232560897321983,-0.015300832803588627
13.25,152.5,6.351104539244217,0.10324280911864481
13.25,157.5,6.289089417666556,0.04122768754098427
13.25,162.5,6.261462031754002,0.013600301628430067
13.25,167.5,6.281851670158632,0.03398994003306033
13.25,172.5,6.261005335481625,0.013143605356052745
13.25,177.5,6.267108701580437,0.01924697145486487
13.25,182.5,6.263428650284019,0.015566920158446962
13.25,187.5,6.313566272755081,0.06570454262950953
13.25,192.5,6.264660750912892,0.016799020787320096
13.25,197.5,6.226449189925013,-0.021412540200558716
13.25,202.5,6.2136222160033725,-0.03423951412219939
13.25,207.5,6.290101489136477,0.042239759010905154
13.25,212.5,6.248307462604151,0.00044573247857915277
13.25,217.5,6.263103237835912,0.015241507710340052
13.25,222.5,6.259408001531421,0.011546271405848962
13.25,227.5,6.25678477714197,0.008923047016398122
13.25,232.5,6.254430128781962,0.006568398656390251
13.25,237.5,6.258352577792714,0.0104908476671417
13.25,242.5,6.274786160053571,0.02692442992799915
13.25,247.5,6.265297620736112,0.01743589061053985
13.25,252.5,6.249777271821136,0.0019155416955642934
13.25,257.5,6.240028518119848,-0.007833212005723844
13.25,262.5,6.265104165146955,0.017242435021382896
13.25,267.5,6.227639444596014,-0.020222285529557738
13.25,272.5,6.2535342713108735,0.005672541185301583
13.25,277.5,6.335409629218501,0.08754789909292882
13.25,282.5,6.310062408947516,0.062200678821944244
13.25,287.5,6.226196846964262,-0.021664883161309767
13.25,292.5,6.241258141702635,-0.006603588422937179
13.25,297.5,6.273697403076465,0.025835672950893063
13.25,302.5,6.22371187632708,-0.024149853798491883
13.25,307.5,6.225361681660484,-0.022500048465087907
13.25,312.5,6.171470704619264,-0.07639102550630827
13.25,317.5,6.205736343276499,-0.04212538684907319
13.25,322.5,6.2642266845900245,0.01636495446445263
13.25,327.5,6.2713791448743255,0.023517414748753573
13.25,332.5,6.179527972466323,-0.0683337576592491
13.25,337.5,6.270629573509939,0.02276784338436677
13.25,342.5,6.238673972077024,-0.009187758048548211
13.25,347.5,6.228318993464719,-0.01954273666085271
13.25,352.5,6.209150092578616,-0.038711637546955835
13.25,357.5,6.20985455897346,-0.038007171152111496
13.5,2.5,6.3105039301785,0.06264220005292831
13.5,7.5,6.309740241213199,0.06187851108762743
13.5,12.5,6.282097580984681,0.034235850859109185
13.5,17.5,6.307259565054382,0.059397834928810234
13.5,22.5,6.319881788853047,0.07202005872747552
13.5,27.5,6.284951140574041,0.03708941044846892
13.5,32.5,6.25301359846524,0.005151868339668297
13.5,37.5,6.325743027969166,0.07788129784359388
13.5,42.5,6.283440025869788,0.03557829574421589
13.5,47.5,6.257030796324484,0.009169066198912112
13.5,52.5,6.3183745840679215,0.07051285394234963
13.5,57.5,6.287009560469421,0.0391478303438495
13.5,62.5,6.288257480861082,0.04039575073551038
13.5,67.5,6.318479630504163,0.07061790037859073
13.5,72.5,6.336219891557271,0.0883581614316995
13.5,77.5,6.254191999187709,0.006330269062137184
13.5,82.5,6.2487962216818955,0.0009344915563236356
13.5,87.5,6.280749820224007,0.032888090098435185
13.5,92.5,6.283018248802693,0.03515651867712144
13.5,97.5,6.292894151791039,0.04503242166546695
13.5,102.5,6.240360998586229,-0.007500731539343164
13.5,107.5,6.2836455478028315,0.03578381767725958
13.5,112.5,6.252213873076248,0.004352142950676097
13.5,117.5,6.173842932779278,-0.07401879734629357
13.5,122.5,6.209384676399937,-0.038477053725634924
13.5,127.5,6.240228283086964,-0.007633447038608132
13.5,132.5,6.221749654502426,-0.026112075623146325
13.5,137.5,6.207249258109497,-0.04061247201607454
13.5,142.5,6.1743000033270725,-0.07356172679849937
13.5,147.5,6.228583774979212,-0.019277955146359993
13.5,152.5,6.353371639067513,0.1055099089419409
13.5,157.5,6.303213328255445,0.05535159812987267
13.5,162.5,6.2459920611029185,-0.0018696690226533974
13.5,167.5,6.251030324037174,0.00316859391160218
13.5,172.5,6.284841761066912,0.03698003094133995
13.5,177.5,6.25861904280979,0.010757312684217979
13.5,182.5,6.281142988779188,0.03328125865361642
13.5,187.5,6.360269527880838,0.11240779775526644
13.5,192.5,6.248732773280363,0.0008710431547909181
13.5,197.5,6.2270186409379455,-0.02084308918762634
13.5,202.5,6.227048744650107,-0.020812985475465062
13.5,207.5,6.317892270319752,0.07003054019418009
13.5,212.5,6.282657716498906,0.03479598637333403
13.5,217.5,6.283305314477995,0.03544358435242323
13.5,222.5,6.2864968651712925,0.03863513504572058
13.5,227.5,6.263850880604392,0.01598915047881988
13.5,232.5,6.2533755026950235,0.005513772569451625
13.5,237.5,6.289075405480238,0.04121367535466636
13.5,242.5,6.27507628502085,0.02721455489527802
13.5,247.5,6.275560817275785,0.02769908715021341
13.5,252.5,6.275040040644833,0.027178310519261117
13.5,257.5,6.263273967572333,0.015412237446761345
13.5,262.5,6.285950954642174,0.038089224516602016
13.5,267.5,6.244985194812619,-0.0028765353129527327
13.5,272.5,6.2746334853166035,0.026771755191031588
13.5,277.5,6.34765047851153,0.09978874838595786
13.5,282.5,6.312357239794395,0.06449550966882267
13.5,287.5,6.254319850197344,0.0064581200717723775
13.5,292.5,6.284377964483601,0.036516234358028754
13.5,297.5,6.31181902652903,0.06395729640345849
13.5,302.5,6.254075166431726,0.006213436306153675
13.5,307.5,6.232630419384714,-0.015231310740857928
13.5,312.5,6.1821732904650375,-0.06568843966053439
13.5,317.5,6.187297771661974,-0.06056395846359752
13.5,322.5,6.258543280084117,0.010681549958545311
13.5,327.5,6.2751527104468785,0.027290980321306613
13.5,332.5,6.210619225137802,-0.03724250498776982
13.5,337.5,6.218260075140742,-0.029601654984829473
13.5,342.5,6.2081573601238995,-0.03970437000167237
13.5,347.5,6.244627994985451,-0.0032337351401210412
13.5,352.5,6.214349124394903,-0.033512605730669165
13.5,357.5,6.218071561087314,-0.029790169038258263
13.75,2.5,6.34003690772136,0.09217517759578797
13.75,7.5,6.280747492512135,0.032885762386563044
13.75,12.5,6.272522305970831,0.02466057584525938
13.75,17.5,6.287297104981671,0.03943537485609916
13.75,22.5,6.304736549968153,0.056874819842581026
13.75,27.5,6.291978505466592,0.04411677534102054
13.75,32.5,6.258921749252419,0.011060019126847287
13.75,37.5,6.336680920530585,0.08881919040501352
13.75,42.5,6.286484002975487,0.03862227284991526
13.75,47.5,6.274855907738991,0.026994177613419268
13.75,52.5,6.299868786571324,0.052007056445751765
13.75,57.5,6.2871755396536,0.03931380952802854
13.75,62.5,6.272347090255712,0.024485360130140243
13.75,67.5,6.304106894851847,0.05624516472627494
13.75,72.5,6.305242272614836,0.057380542489264386
13.75,77.5,6.27210715689355,0.024245426767977918
13.75,82.5,6.260342208860574,0.01248047873500191
13.75,87.5,6.303478255971747,0.05561652584617516
13.75,92.5,6.295493930109421,0.047632199983849155
13.75,97.5,6.281999092791689,0.034137362666117
13.75,102.5,6.226278678170995,-0.021583051954577215
13.75,107.5,6.289576748090165,0.041715017964593315
13.75,112.5,6.252792714168451,0.004930984042879061
13.75,117.5,6.210158018957094,-0.03770371116847748
13.75,122.5,6.2377990700765995,-0.010062660048972383
13.75,127.5,6.237328984357482,-0.010532745768089491
13.75,132.5,6.198035160627951,-0.04982656949762099
13.75,137.5,6.209105420850918,-0.03875630927465412
13.75,142.5,6.1660605178818555,-0.08180121224371639
13.75,147.5,6.247603873981635,-0.0002578561439365856
13.75,152.5,6.364260112330497,0.11639838220492482
13.75,157.5,6.300318403737652,0.052456673612080174
13.75,162.5,6.239069529507156,-0.00879220061841579
13.75,167.5,6.236801579800381,-0.011060150325191032
13.75,172.5,6.300861542169473,0.05299981204390125
13.75,177.5,6.275153900579301,0.027292170453729447
13.75,182.5,6.289525939329653,0.04166420920408154
13.75,187.5,6.356643830056109,0.10878209993053733
13.75,192.5,6.273842465748126,0.02598073562255454
13.75,197.5,6.21683144168917,-0.03103028843640221
13.75,202.5,6.231596334860274,-0.016265395265297578
13.75,207.5,6.3119792896607905,0.06411755953521858
13.75,212.5,6.309443114245049,0.061581384119477
13.75,217.5,6.321670852578144,0.07380912245257232
13.75,222.5,6.304524072937747,0.056662342812175304
13.75,227.5,6.275663606477423,0.02780187635185083
13.75,232.5,6.258949171103476,0.011087440977903817
13.75,237.5,6.280837188387106,0.03297545826153403
13.75,242.5,6.282283457374475,0.03442172724890291
13.75,247.5,6.283108200018994,0.03524646989342184
13.75,252.5,6.2761981604428305,0.028336430317258632
13.75,257.5,6.292603283154645,0.044741553029073344
13.75,262.5,6.308582336836403,0.06072060671083079
13.75,267.5,6.2725118144496,0.024650084324028043
13.75,272.5,6.309831588229591,0.06196985810401934
13.75,277.5,6.33647804375765,0.08861631363207767
13.75,282.5,6.297928114360924,0.050066384235352146
13.75,287.5,6.285916417620223,0.03805468749465124
13.75,292.5,6.323587853642717,0.07572612351714536
13.75,297.5,6.3217435052050615,0.07388177507948956
13.75,302.5,6.27173394554686,0.023872215421287812
13.75,307.5,6.235500236685736,-0.012361493439835947
13.75,312.5,6.218479565187911,-0.029382164937660882
13.75,317.5,6.21419638288336,-0.03366534724221193
13.75,322.5,6.240579354925827,-0.007282375199745061
13.75,327.5,6.286602222140903,0.03874049201533136
13.75,332.5,6.215702334371134,-0.03215939575443816
13.75,337.5,6.180721215796112,-0.06714051432946011
13.75,342.5,6.215440812367802,-0.03242091775776945
13.75,347.5,6.245382514201397,-0.0024792159241746603
13.75,352.5,6.20095721155208,-0.046904518573492204
13.75,357.5,6.237513785728824,-0.010347944396747799
14.0,2.5,6.313422494337073,0.06556076421150081
14.0,7.5,6.270723817346045,0.022862087220473448
14.0,12.5,6.265014338656321,0.017152608530748736
14.0,17.5,6.273683816995774,0.025822086870202376
14.0,22.5,6.297302032655431,0.04944030252985954
14.0,27.5,6.285482967565078,0.03762123743950596
14.0,32.5,6.2727460931508725,0.024884363025300615
14.0,37.5,6.306542120068839,0.05868038994326685
14.0,42.5,6.3027581955881224,0.05489646546255056
14.0,47.5,6.272523635052532,0.024661904926960077
14.0,52.5,6.286262629347506,0.03840089922193446
14.0,57.5,6.29935678144816,0.051495051322588026
14.0,62.5,6.2506209994044895,0.0027592692789175643
14.0,67.5,6.283734601499713,0.03587287137414119
14.0,72.5,6.297107141882519,0.049245411756946744
14.0,77.5,6.338941786679115,0.09108005655354301
14.0,82.5,6.2636074685914025,0.015745738465830605
14.0,87.5,6.251417859310113,0.003556129184540957
14.0,92.5,6.301412375183032,0.05355064505746032
14.0,97.5,6.265067013760307,0.017205283634734947
14.0,102.5,6.243700828617026,-0.004160901508545756
14.0,107.5,6.234246264569171,-0.01361546555640114
14.0,112.5,6.264428572170003,0.016566842044430707
14.0,117.5,6.231573851624236,-0.01628787850133584
14.0,122.5,6.21606324823708,-0.03179848188849199
14.0,127.5,6.216149780986985,-0.03171194913858688
14.0,132.5,6.19401000769521,-0.053851722430361626
14.0,137.5,6.220551709840649,-0.02731002028492302
14.0,142.5,6.187268400811463,-0.06059332931410921
14.0,147.5,6.238090826718402,-0.009770903407170017
14.0,152.5,6.37502439359157,0.12716266346599792
14.0,157.5,6.301861722017933,0.053999991892361265
14.0,162.5,6.251109049075685,0.0032473189501134314
14.0,167.5,6.2345583232988915,-0.013303406826680408
14.0,172.5,6.282669371862383,0.03480764173681106
14.0,177.5,6.289377222189726,0.04151549206415428
14.0,182.5,6.253857888555861,0.005996158430289
14.0,187.5,6.311507015208964,0.06364528508339173
14.0,192.5,6.3007476419323964,0.05288591180682456
14.0,197.5,6.227206277461388,-0.020655452664184004
14.0,202.5,6.278092578975387,0.030230848849814862
14.0,207.5,6.308940872349489,0.061079142223917415
14.0,212.5,6.322361836102108,0.07450010597653645
14.0,217.5,6.304690896672115,0.05682916654654324
14.0,222.5,6.298160110436098,0.050298380310525914
14.0,227.5,6.254018557998166,0.006156827872594306
14.0,232.5,6.264622603442509,0.01676087331693754
14.0,237.5,6.27958191696043,0.03172018683485778
14.0,242.5,6.277001297872127,0.02913956774655535
14.0,247.5,6.291168300787935,0.043306570662362986
14.0,252.5,6.271079558046097,0.023217827920524847
14.0,257.5,6.326711474034722,0.07884974390915023
14.0,262.5,6.331863293552257,0.08400156342668552
14.0,267.5,6.3208216273356275,0.07295989721005558
14.0,272.5,6.304609626907684,0.05674789678211223
14.0,277.5,6.312590136632117,0.06472840650654543
14.0,282.5,6.297106115971051,0.049244385845478966
14.0,287.5,6.29251584918512,0.044654119059548414
14.0,292.5,6.3262360001519,0.07837427002632769
14.0,297.5,6.2983396509002585,0.0504779207746866
14.0,302.5,6.246282886254858,-0.0015788438707140529
14.0,307.5,6.256446635632733,0.008584905507160734
14.0,312.5,6.2319909455100255,-0.015870784615546363
14.0,317.5,6.234764066165925,-0.01309766395964651
14.0,322.5,6.240577272823876,-0.007284457301695468
14.0,327.5,6.2816693606577205,0.033807630532148636
14.0,332.5,6.222706262736403,-0.025155467389168962
14.0,337.5,6.175629721879901,-0.07223200824567133
14.0,342.5,6.2251752642780565,-0.022686465847515436
14.0,347.5,6.2404221287743376,-0.007439601351234337
14.0,352.5,6.202987433007651,-0.04487429711792057
14.0,357.5,6.239390523251944,-0.008471206873627679
14.25,2.5,6.29208207487539,0.044220344749818175
14.25,7.5,6.258536888029704,0.010675157904132426
14.25,12.5,6.251089773644308,0.003228043518736179
14.25,17.5,6.275787530626721,0.02792580050114868
14.25,22.5,6.2895935248544195,0.04173179472884758
14.25,27.5,6.2801086125645975,0.032246882439025626
14.25,32.5,6.275345894236589,0.027484164111017506
14.25,37.5,6.281238328584296,0.03337659845872398
14.25,42.5,6.286609149325511,0.038747419199939515
14.25,47.5,6.253524333545702,0.005662603420129919
14.25,52.5,6.279408092698693,0.03154636257312138
14.25,57.5,6.318739408407046,0.07087767828147395
14.25,62.5,6.2489790428047645,0.0011173126791925725
14.25,67.5,6.2779411466436414,0.030079416518069557
14.25,72.5,6.316921633573225,0.06905990344765289
14.25,77.5,6.362505737734221,0.11464400760864901
14.25,82.5,6.255814275288607,0.007952545163035118
14.25,87.5,6.255547772836929,0.007686042711356755
14.25,92.5,6.290237900882631,0.04237617075705913
14.25,97.5,6.243968853426746,-0.0038928766988259866
14.25,102.5,6.23543153058845,-0.0124301995371221
14.25,107.5,6.254033187154215,0.006171457028643523
14.25,112.5,6.295053910591417,0.047192180465844835
14.25,117.5,6.215151336005491,-0.032710394120081254
14.25,122.5,6.191526740292079,-0.056334989833493054
14.25,127.5,6.215049056798643,-0.032812673326929165
14.25,132.5,6.215729702490725,-0.03213202763484713
14.25,137.5,6.228392864606093,-0.019468865519479017
14.25,142.5,6.202828573700755,-0.0450331564248172
14.25,147.5,6.223273124195335,-0.02458860593023715
14.25,152.5,6.359655749928199,0.11179401980262682
14.25,157.5,6.305047720608243,0.05718599048267148
14.25,162.5,6.228865520346553,-0.018996209779018614
14.25,167.5,6.242721282763542,-0.0051404473620300095
14.25,172.5,6.266044697717322,0.0181829675917502
14.25,177.5,6.280656413922121,0.03279468379654915
14.25,182.5,6.248510269140783,0.0006485390152111137
14.25,187.5,6.320076239949353,0.07221450982378119
14.25,192.5,6.270124177513974,0.02226244738840233
14.25,197.5,6.232444623376734,-0.015417106748837561
14.25,202.5,6.26645186908434,0.01859013895876771
14.25,207.5,6.296522924831503,0.04866119470593144
14.25,212.5,6.301706810556135,0.05384508043056346
14.25,217.5,6.291021766649518,0.043160036523945955
14.25,222.5,6.29599827375598,0.04813654363040776
14.25,227.5,6.259242738190173,0.011381008064601517
14.25,232.5,6.2605327906765815,0.012671060551009639
14.25,237.5,6.287284637525204,0.039422907399631946
14.25,242.5,6.274329105625173,0.02646737549960143
14.25,247.5,6.289579067234028,0.04171733710845604
14.25,252.5,6.282463798343484,0.034602068217911786
14.25,257.5,6.3377769214918285,0.08991519136625659
14.25,262.5,6.352432971543244,0.10457124141767249
14.25,267.5,6.338173193963919,0.0903114638383471
14.25,272.5,6.316594957193936,0.06873322706836404
14.25,277.5,6.307545684905067,0.059683954779495174
14.25,282.5,6.268501522240555,0.020639792114983457
14.25,287.5,6.289165778106398,0.041304047980825764
14.25,292.5,6.332155760730341,0.08429403060476925
14.25,297.5,6.27359823562366,0.025736505498088036
14.25,302.5,6.24078558944832,-0.007076140677251708
14.25,307.5,6.274811397046995,0.026949666921423088
14.25,312.5,6.2755693573184015,0.027707627192829598
14.25,317.5,6.244182308508651,-0.0036794216169209193
14.25,322.5,6.250289389678121,0.0024276595525494216
14.25,327.5,6.274358198114208,0.02649646798863614
14.25,332.5,6.223292576469299,-0.0245691536562731
14.25,337.5,6.1855291334850895,-0.06233259664048241
14.25,342.5,6.229651126567396,-0.01821060355817572
14.25,347.5,6.229620978402951,-0.01824075172262063
14.25,352.5,6.2241329771129585,-0.023728753012613346
14.25,357.5,6.2714649783355485,0.023603248209976613
14.5,2.5,6.29092925713496,0.043067527009387874
14.5,7.5,6.267263301270994,0.019401571145421848
14.5,12.5,6.227701156840098,-0.020160573285473937
14.5,17.5,6.289959880536472,0.042098150410899926
14.5,22.5,6.28247230276034,0.034610572634767856
14.5,27.5,6.284760996466261,0.036899266340689074
14.5,32.5,6.279044345387394,0.0311826152618222
14.5,37.5,6.279457459721167,0.03159572959559487
14.5,42.5,6.282013625151634,0.03415189502606175
14.5,47.5,6.270943572606821,0.02308184248124867
14.5,52.5,6.306792180102094,0.05893044997652197
14.5,57.5,6.3201734820985624,0.07231175197299056
14.5,62.5,6.249766565700771,0.0019048355751989376
14.5,67.5,6.274433611276283,0.026571881150711185
14.5,72.5,6.293968328974137,0.04610659884856538
14.5,77.5,6.3163874389545835,0.06852570882901166
14.5,82.5,6.256569132012587,0.008707401887015465
14.5,87.5,6.241629920152132,-0.006231809973439972
14.5,92.5,6.272370435534698,0.024508705409125753
14.5,97.5,6.225630216722035,-0.02223151340353713
14.5,102.5,6.208066309404302,-0.03979542072127007
14.5,107.5,6.252382737153585,0.00452100702801328
14.5,112.5,6.3120088067913365,0.06414707666576458
14.5,117.5,6.213015276208418,-0.034846453917153575
14.5,122.5,6.170725497258748,-0.07713623286682392
14.5,127.5,6.204744226877814,-0.04311750324775776
14.5,132.5,6.235179235028625,-0.0126824950969473
14.5,137.5,6.203163572910776,-0.0446981572147962
14.5,142.5,6.229775221986089,-0.01808650813948276
14.5,147.5,6.220514374834129,-0.027347355291443165
14.5,152.5,6.352599236205004,0.10473750607943177
14.5,157.5,6.288687590990314,0.04082586086474205
14.5,162.5,6.23725423580257,-0.010607494323001454
14.5,167.5,6.240244630067283,-0.007617100058288528
14.5,172.5,6.248560111836964,0.0006983817113921376
14.5,177.5,6.2822846509652175,0.0344229208396456
14.5,182.5,6.309502055551764,0.061640325426192355
14.5,187.5,6.3509693391963475,0.10310760907077565
14.5,192.5,6.314556113177394,0.06669438305182229
14.5,197.5,6.253727831437077,0.005866101311505112
14.5,202.5,6.229033006659836,-0.018828723465736275
14.5,207.5,6.289064643762524,0.041202913636952054
14.5,212.5,6.276109246047447,0.028247515921875355
14.5,217.5,6.281105547224049,0.03324381709847746
14.5,222.5,6.2826380012059175,0.034776271080345644
14.5,227.5,6.275705479452242,0.027843749326669887
14.5,232.5,6.251761133717232,0.003899403591660189
14.5,237.5,6.296167771632941,0.04830604150736928
14.5,242.5,6.29345394195824,0.04559221183266793
14.5,247.5,6.296674453095873,0.04881272297030126
14.5,252.5,6.307642425743072,0.059780695617500434
14.5,257.5,6.3664471660299515,0.11858543590437964
14.5,262.5,6.350096858376816,0.1022351282512437
14.5,267.5,6.304039527761184,0.056177797635611704
14.5,272.5,6.293718701909583,0.04585697178401116
14.5,277.5,6.308684633083381,0.0608229029578089
14.5,282.5,6.250150473713806,0.0022887435882337215
14.5,287.5,6.294956458148682,0.047094728023109766
14.5,292.5,6.333287178754077,0.08542544862850487
14.5,297.5,6.260744869145102,0.012883139019530532
14.5,302.5,6.2295893212036315,-0.018272408921940375
14.5,307.5,6.2588161276457175,0.010954397520145598
14.5,312.5,6.309782413890017,0.06192068376444482
14.5,317.5,6.25520058645818,0.0073388563326082235
14.5,322.5,6.256444160653656,0.00858243052808394
14.5,327.5,6.24062337177465,-0.007238358350921459
14.5,332.5,6.220305551594896,-0.027556178530676156
14.5,337.5,6.19659221760828,-0.05126951251729217
14.5,342.5,6.229286921248026,-0.01857480887754548
14.5,347.5,6.20959410467053,-0.03826762545504181
14.5,352.5,6.209744081050048,-0.03811764907552373
14.5,357.5,6.245322469261695,-0.002539260863876791
14.75,2.5,6.29889012199444,0.05102839186886854
14.75,7.5,6.277862421511149,0.030000691385577483
14.75,12.5,6.230084539120909,-0.017777191004662463
14.75,17.5,6.282553221868626,0.03469149174305386
14.75,22.5,6.277607343515777,0.029745613390205428
14.75,27.5,6.291307050054666,0.04344531992909406
14.75,32.5,6.293483269220535,0.045621539094963026
14.75,37.5,6.295295517817333,0.04743378769176143
14.75,42.5,6.299483292080225,0.051621561954653394
14.75,47.5,6.293653282690487,0.04579155256491507
14.75,52.5,6.317610183724616,0.06974845359904425
14.75,57.5,6.296667206868099,0.048805476742527
14.75,62.5,6.252999675645444,0.005137945519871678
14.75,67.5,6.25501322640822,0.007151496282648218
14.75,72.5,6.290976980182855,0.04311525005728267
14.75,77.5,6.2987742798579145,0.050912549732342605
14.75,82.5,6.26204031055169,0.014178580426118081
14.75,87.5,6.240153238303365,-0.007708491822207009
14.75,92.5,6.2617030471678605,0.013841317042288637
14.75,97.5,6.215312491990392,-0.032549238135179515
14.75,102.5,6.200477069591425,-0.04738466053414658
14.75,107.5,6.295014035038325,0.04715230491275335
14.75,112.5,6.2845816763517,0.036719946226128286
14.75,117.5,6.212696828227276,-0.035164901898295575
14.75,122.5,6.1594296235546135,-0.08843210657095835
14.75,127.5,6.193663625069831,-0.05419810505574052
14.75,132.5,6.234963862651278,-0.01289786747429389
14.75,137.5,6.228474373761799,-0.0193873563637732
14.75,142.5,6.198614045049973,-0.04924768507559918
14.75,147.5,6.239234716024961,-0.008627014100611063
14.75,152.5,6.257406546075931,0.009544815950358831
14.75,157.5,6.2853315933533445,0.03746986322777257
14.75,162.5,6.277920554602984,0.03005882447741204
14.75,167.5,6.26852222645843,0.020660496332857825
14.75,172.5,6.2516056741327715,0.0037439440071995733
14.75,177.5,6.274434759680986,0.026573029555414074
14.75,182.5,6.307763139101269,0.059901408975696846
14.75,187.5,6.360614509550038,0.11275277942446582
14.75,192.5,6.3141256468026565,0.06626391667708464
14.75,197.5,6.246858138789246,-0.0010035913363255489
14.75,202.5,6.220357908259456,-0.027503821866115885
14.75,207.5,6.2672209086110735,0.019359178485501616
14.75,212.5,6.270269435075512,0.022407704949940488
14.75,217.5,6.271435366767647,0.023573636642074902
14.75,222.5,6.274235568747221,0.026373838621648993
14.75,227.5,6.258169057317646,0.01030732719207439
14.75,232.5,6.2552962328739765,0.0074345027484046255
14.75,237.5,6.291800936588539,0.04393920646296667
14.75,242.5,6.30532869935187,0.057466969226298126
14.75,247.5,6.317142773788574,0.06928104366300225
14.75,252.5,6.305089374183141,0.057227644057569194
14.75,257.5,6.368075044584903,0.12021331445933114
14.75,262.5,6.3670085844786035,0.11914685435303163
14.75,267.5,6.285603883955345,0.03774215382977353
14.75,272.5,6.259873372481406,0.012011642355834518
14.75,277.5,6.30119550930955,0.05333377918397808
14.75,282.5,6.263789110047432,0.015927379921859774
14.75,287.5,6.278902792670729,0.031041062545156706
14.75,292.5,6.318304690299451,0.07044296017387897
14.75,297.5,6.256225728898252,0.008363998772679793
14.75,302.5,6.2069482814924,-0.040913448633172145
14.75,307.5,6.2783718251958485,0.030510095070276577
14.75,312.5,6.268680091413204,0.020818361287632037
14.75,317.5,6.285130239860586,0.03726850973501428
14.75,322.5,6.2378795985509985,-0.009982131574573394
14.75,327.5,6.222785461312788,-0.02507626881278391
14.75,332.5,6.22827902244842,-0.0195827076771522
14.75,337.5,6.214121589738767,-0.03374014038680517
14.75,342.5,6.227301224936455,-0.020560505189116896
14.75,347.5,6.2041985824361925,-0.0436631476893794
14.75,352.5,6.205998055967879,-0.04186367415769254
14.75,357.5,6.218679468858582,-0.029182261266989862
15.0,2.5,6.298806318256207,0.05094458813063518
15.0,7.5,6.276259043574537,0.028397313448965456
15.0,12.5,6.247115266582356,-0.0007464635432157252
15.0,17.5,6.282324183485742,0.034462453360170286
15.0,22.5,6.26627630133382,0.018414571208247743
15.0,27.5,6.289361380921447,0.04149965079587492
15.0,32.5,6.304217345055877,0.05635561493030483
15.0,37.5,6.286732211884801,0.038870481759229136
15.0,42.5,6.302187241066873,0.054325510941301225
15.0,47.5,6.2828818732704494,0.03502014314487756
15.0,52.5,6.341802671370806,0.09394094124523455
15.0,57.5,6.284427307940952,0.036565577815379946
15.0,62.5,6.259155292588104,0.011293562462531881
15.0,67.5,6.258440437833372,0.010578707707799673
15.0,72.5,6.292927288954002,0.045065558828429886
15.0,77.5,6.300761017739928,0.05289928761435636
15.0,82.5,6.270040863987087,0.022179133861515155
15.0,87.5,6.246430065368708,-0.0014316647568639596
15.0,92.5,6.260787511973785,0.012925781848212914
15.0,97.5,6.220908080708405,-0.026953649417166936
15.0,102.5,6.201961685446518,-0.04590004467905384
15.0,107.5,6.249511815897384,0.0016500857718124706
15.0,112.5,6.263799791807594,0.015938061682022386
15.0,117.5,6.184501146740132,-0.06336058338543982
15.0,122.5,6.136683775031621,-0.11117795509395112
15.0,127.5,6.202323535206633,-0.04553819491893929
15.0,132.5,6.2151206829944545,-0.03274104713111736
15.0,137.5,6.2535765026030585,0.00571477247748664
15.0,142.5,6.18649515383934,-0.061366576286231656
15.0,147.5,6.189928524872844,-0.05793320525272794
15.0,152.5,6.299867848074902,0.052006117949329855
15.0,157.5,6.285662763534993,0.03780103340942098
15.0,162.5,6.286931773691942,0.03907004356636978
15.0,167.5,6.305804426798826,0.05794269667325391
15.0,172.5,6.2708631782521405,0.02300144812656857
15.0,177.5,6.289780867353899,0.04191913722832741
15.0,182.5,6.288146462603391,0.040284732477819496
15.0,187.5,6.316948593022508,0.06908686289693655
15.0,192.5,6.329203762326315,0.08134203220074276
15.0,197.5,6.249721940593305,0.0018602104677327702
15.0,202.5,6.243302053069241,-0.0045596770563305355
15.0,207.5,6.278482774669608,0.030621044544036025
15.0,212.5,6.2694830410863265,0.02162131096075459
15.0,217.5,6.271717301934173,0.02385557180860154
15.0,222.5,6.269219011015313,0.02135728088974087
15.0,227.5,6.265597633094824,0.017735902969252315
15.0,232.5,6.266012931236988,0.018151201111415993
15.0,237.5,6.300105374157602,0.05224364403203019
15.0,242.5,6.313061620033393,0.065199889907821
15.0,247.5,6.3329951493817065,0.0851334192561346
15.0,252.5,6.324394216075936,0.07653248595036377
15.0,257.5,6.346111529318781,0.09824979919320942
15.0,262.5,6.331133900692661,0.08327217056708935
15.0,267.5,6.2535103418507765,0.005648611725204589
15.0,272.5,6.233843776046715,-0.014017954078856754
15.0,277.5,6.292071234730526,0.044209504604953764
15.0,282.5,6.239507507799344,-0.008354222326228289
15.0,287.5,6.291760015509697,0.04389828538412477
15.0,292.5,6.286783450645241,0.03892172051966902
15.0,297.5,6.2453487419310845,-0.00251298819448742
15.0,302.5,6.204541859929044,-0.04331987019652761
15.0,307.5,6.260369938399188,0.012508208273616539
15.0,312.5,6.266497713932438,0.01863598380686593
15.0,317.5,6.289600163377283,0.04173843325171145
15.0,322.5,6.237152188677964,-0.01070954144760794
15.0,327.5,6.205860360062165,-0.04200137006340654
15.0,332.5,6.217067545184717,-0.03079418494085484
15.0,337.5,6.213060192747895,-0.03480153737767733
15.0,342.5,6.204871007387454,-0.04299072273811788
15.0,347.5,6.22029387097475,-0.02756785915082194
15.0,352.5,6.2126825618215795,-0.03517916830399237
15.0,357.5,6.214627502275048,-0.033234227850523546
15.25,2.5,6.300952237608836,0.05309050748326438
15.25,7.5,6.285320591323403,0.03745886119783126
15.25,12.5,6.253202829810534,0.005341099684962103
15.25,17.5,6.297374390757039,0.049512660631466865
15.25,22.5,6.288792613326507,0.040930883200934964
15.25,27.5,6.289268714826301,0.04140698470072923
15.25,32.5,6.29934498216018,0.05148325203460846
15.25,37.5,6.297701358979609,0.04983962885403681
15.25,42.5,6.305877034375534,0.05801530424996226
15.25,47.5,6.286443919587198,0.03858218946162584
15.25,52.5,6.311135557344212,0.06327382721863994
15.25,57.5,6.27553407738981,0.02767234726423773
15.25,62.5,6.271145544560467,0.0232838144348948
15.25,67.5,6.2618309165246995,0.013969186399127587
15.25,72.5,6.284426292727177,0.03656456260160468
15.25,77.5,6.299012935814694,0.05115120568912168
15.25,82.5,6.273031968085836,0.025170237960264075
15.25,87.5,6.264899351767633,0.017037621642060685
15.25,92.5,6.260746897034,0.012885166908428225
15.25,97.5,6.245398040289608,-0.0024636898359640114
15.25,102.5,6.196629341082032,-0.051232389043540216
15.25,107.5,6.235199415087895,-0.012662315037676564
15.25,112.5,6.215832371501085,-0.03202935862448708
15.25,117.5,6.1670336114382796,-0.08082811868729234
15.25,122.5,6.142437527320517,-0.10542420280505471
15.25,127.5,6.193619501334314,-0.054242228791258285
15.25,132.5,6.219799698047331,-0.02806203207824076
15.25,137.5,6.29249175333235,0.044630023206778446
15.25,142.5,6.164809042836007,-0.08305268728956516
15.25,147.5,6.165160843390629,-0.08270088673494325
15.25,152.5,6.300720018100273,0.05285828797470149
15.25,157.5,6.314041126609253,0.06617939648368143
15.25,162.5,6.245552949516654,-0.0023087806089181484
15.25,167.5,6.259451589977919,0.011589859852347395
15.25,172.5,6.286330266433447,0.03846853630787539
15.25,177.5,6.301755976814572,0.05389424668900045
15.25,182.5,6.252571023889072,0.004709293763499822
15.25,187.5,6.2710251642516495,0.023163434126077576
15.25,192.5,6.314170427412595,0.06630869728702304
15.25,197.5,6.2855810150476685,0.03771928492209664
15.25,202.5,6.252095178842627,0.004233448717054777
15.25,207.5,6.281170143796445,0.03330841367087345
15.25,212.5,6.270980102449923,0.0231183723243511
15.25,217.5,6.2605024938831475,0.012640763757575613
15.25,222.5,6.2752119791237595,0.02735024899818761
15.25,227.5,6.2858518392089024,0.03799010908333056
15.25,232.5,6.2699036528668595,0.02204192274128758
15.25,237.5,6.29675380140249,0.04889207127691808
15.25,242.5,6.300570130180466,0.05270840005489408
15.25,247.5,6.310059695100959,0.06219796497538699
15.25,252.5,6.318127515199583,0.07026578507401116
15.25,257.5,6.30751053870104,0.05964880857546806
15.25,262.5,6.3114023600803,0.06354062995472809
15.25,267.5,6.228332224533267,-0.019529505592305263
15.25,272.5,6.196247764301846,-0.05161396582372557
15.25,277.5,6.267845253749315,0.019983523623743338
15.25,282.5,6.2316220241453175,-0.01623970598025437
15.25,287.5,6.276454588080318,0.028592857954746087
15.25,292.5,6.287458917227824,0.03959718710225246
15.25,297.5,6.22570388309871,-0.022157847026861965
15.25,302.5,6.218570745438777,-0.029290984686794808
15.25,307.5,6.277648052363037,0.029786322237464802
15.25,312.5,6.273133246479539,0.02527151635396674
15.25,317.5,6.283349387031024,0.035487656905452525
15.25,322.5,6.226576453069325,-0.021285277056247054
15.25,327.5,6.1981493893739055,-0.04971234075166642
15.25,332.5,6.213603428536081,-0.034258301589490614
15.25,337.5,6.213145613219948,-0.03471611690562426
15.25,342.5,6.2103987152274,-0.037463014898172275
15.25,347.5,6.23459992586126,-0.013261804264312005
15.25,352.5,6.21038671823618,-0.037475011889392285
15.25,357.5,6.228571502961475,-0.019290227164097118
15.5,2.5,6.281634623728716,0.03377289360314428
15.5,7.5,6.293797492604233,0.04593576247866071
15.5,12.5,6.259237329869487,0.01137559974391511
15.5,17.5,6.262012152524467,0.014150422398895302
15.5,22.5,6.306875504393409,0.059013774267836716
15.5,27.5,6.276701901241074,0.028840171115501967
15.5,32.5,6.31168703483673,0.0638253047111581
15.5,37.5,6.313769102848568,0.06590737272299574
15.5,42.5,6.312082343612288,0.06422061348671626
15.5,47.5,6.296228942318116,0.04836721219254425
15.5,52.5,6.280254872333664,0.03239314220809231
15.5,57.5,6.2812929835267814,0.03343125340120956
15.5,62.5,6.282518799198435,0.034657069072863145
15.5,67.5,6.264491084293334,0.01662935416776179
15.5,72.5,6.3050029304012964,0.05714120027572456
15.5,77.5,6.2583108646848995,0.01044913455932761
15.5,82.5,6.22635328759505,-0.02150844253052231
15.5,87.5,6.257664132395233,0.009802402269660782
15.5,92.5,6.252509975728611,0.004648245603038781
15.5,97.5,6.234667140379566,-0.01319458974600618
15.5,102.5,6.218007028548202,-0.029854701577369802
15.5,107.5,6.235529404134642,-0.012332325990930038
15.5,112.5,6.199082779711493,-0.04877895041407854
15.5,117.5,6.168527571294588,-0.07933415883098416
15.5,122.5,6.177341913442307,-0.07051981668326501
15.5,127.5,6.206254960561466,-0.041606769564105583
15.5,132.5,6.217241518660298,-0.030620211465273606
15.5,137.5,6.239467374485878,-0.008394355639693707
15.5,142.5,6.1808281853505225,-0.06703354477504941
15.5,147.5,6.185208155992669,-0.06265357413290307
15.5,152.5,6.292756022428535,0.04489429230296338
15.5,157.5,6.300236274995331,0.052374544869759454
15.5,162.5,6.268092280364087,0.020230550238514944
15.5,167.5,6.251580151072805,0.0037184209472327368
15.5,172.5,6.298291145262963,0.05042941513739141
15.5,177.5,6.271296947301748,0.023435217176175804
15.5,182.5,6.196701255478572,-0.05116047464700024
15.5,187.5,6.233068425340908,-0.01479330478466423
15.5,192.5,6.31593314920946,0.06807141908388825
15.5,197.5,6.263302459003651,0.01544072887807868
15.5,202.5,6.247636303342493,-0.000225426783078575
15.5,207.5,6.243870407135624,-0.003991322989947754
15.5,212.5,6.264544343963246,0.01668261383767433
15.5,217.5,6.248212144642676,0.0003504145171042694
15.5,222.5,6.301285725010043,0.05342399488447125
15.5,227.5,6.310074856756352,0.06221312663078038
15.5,232.5,6.267084660026494,0.01922292990092167
15.5,237.5,6.293865338580335,0.04600360845476281
15.5,242.5,6.2859916349150895,0.03812990478951761
15.5,247.5,6.275723809885882,0.027862079760310188
15.5,252.5,6.291809096535421,0.04394736640984931
15.5,257.5,6.270624072813975,0.02276234268840316
15.5,262.5,6.2800212862572895,0.032159556131717615
15.5,267.5,6.213291806450748,-0.03456992367482403
15.5,272.5,6.1804867702463175,-0.06737495987925435
15.5,277.5,6.251239733970037,0.0033780038444648497
15.5,282.5,6.223689863913555,-0.024171866212016724
15.5,287.5,6.256915895968224,0.009054165842652395
15.5,292.5,6.282565561762436,0.03470383163686375
15.5,297.5,6.2347568927118315,-0.013104837413740356
15.5,302.5,6.241696830345879,-0.00616489977969259
15.5,307.5,6.2568015474812455,0.008939817355673618
15.5,312.5,6.257689851455051,0.009828121329479522
15.5,317.5,6.274634226731695,0.026772496606122687
15.5,322.5,6.225112674889214,-0.02274905523635784
15.5,327.5,6.1998836721830335,-0.0479780579425384
15.5,332.5,6.215223331413359,-0.03263839871221297
15.5,337.5,6.195885595959796,-0.05197613416577607
15.5,342.5,6.199612731769523,-0.04824899835604857
15.5,347.5,6.227200555284256,-0.020661174841316132
15.5,352.5,6.19911917484787,-0.04874255527770188
15.5,357.5,6.240279143114335,-0.007582587011237152
15.75,2.5,6.288252522975181,0.04039079284960945
15.75,7.5,6.287060919500575,0.039199189375002774
15.75,12.5,6.280475773562638,0.03261404343706609
15.75,17.5,6.296916651640868,0.049054921515296
15.75,22.5,6.294472241170135,0.046610511044563374
15.75,27.5,6.2602678040559105,0.012406073930338657
15.75,32.5,6.300025687096212,0.0521639569706398
15.75,37.5,6.311242218984232,0.06338048885865977
15.75,42.5,6.303378101540943,0.055516371415371246
15.75,47.5,6.290602269902605,0.04274053977703307
15.75,52.5,6.285614072760985,0.03775234263541272
15.75,57.5,6.306963332983112,0.05910160285753996
15.75,62.5,6.277601555094614,0.029739824969041706
15.75,67.5,6.270569033591845,0.022707303466273032
15.75,72.5,6.30086262968744,0.053000899561868486
15.75,77.5,6.255634929012858,0.007773198887286448
15.75,82.5,6.21341321173494,-0.03444851839063201
15.75,87.5,6.231461875304493,-0.01639985482107864
15.75,92.5,6.253517518399967,0.005655788274395057
15.75,97.5,6.2237455669945305,-0.024116163131041368
15.75,102.5,6.237535441464568,-0.010326288661003602
15.75,107.5,6.231459846798421,-0.01640188332715109
15.75,112.5,6.193718404311238,-0.054143325814333565
15.75,117.5,6.176237040642933,-0.07162468948263889
15.75,122.5,6.220360586254818,-0.02750114387075353
15.75,127.5,6.221150457362756,-0.026711272762815597
15.75,132.5,6.206084195949503,-0.04177753417606933
15.75,137.5,6.225760660944323,-0.022101069181249322
15.75,142.5,6.203006827221947,-0.044854902903624705
15.75,147.5,6.130573547992039,-0.11728818213353254
15.75,152.5,6.2494983099967465,0.0016365798711746038
15.75,157.5,6.297179691805807,0.04931796168023528
15.75,162.5,6.302354870187501,0.05449314006192907
15.75,167.5,6.242384000648462,-0.005477729477109783
15.75,172.5,6.30572641313559,0.05786468301001779
15.75,177.5,6.285568972964351,0.037707242838779464
15.75,182.5,6.233758011080246,-0.014103719045325924
15.75,187.5,6.273734797922985,0.02587306779741283
15.75,192.5,6.295317279333956,0.04745554920838391
15.75,197.5,6.228601398294304,-0.019260331831268296
15.75,202.5,6.236033537009952,-0.01182819311561989
15.75,207.5,6.250185954167177,0.0023242240416054827
15.75,212.5,6.2982733517953156,0.05041162166974367
15.75,217.5,6.2462155683489256,-0.0016461617766463377
15.75,222.5,6.2841191640674126,0.03625743394184067
15.75,227.5,6.305220506512184,0.05735877638661169
15.75,232.5,6.257009747755085,0.009148017629512672
15.75,237.5,6.263748125876008,0.015886395750436044
15.75,242.5,6.280841251185413,0.0329795210598407
15.75,247.5,6.248568985681557,0.0007072555559854976
15.75,252.5,6.262340857303908,0.014479127178335993
15.75,257.5,6.243923527683096,-0.003938202442475891
15.75,262.5,6.249364811649717,0.0015030815241452444
15.75,267.5,6.22924097084295,-0.018620759282621968
15.75,272.5,6.187876782647126,-0.05998494747844596
15.75,277.5,6.248740899563456,0.0008791694378844639
15.75,282.5,6.22632610862936,-0.02153562149621191
15.75,287.5,6.238896098505498,-0.008965631620073466
15.75,292.5,6.323760752307621,0.0758990221820488
15.75,297.5,6.253982097427366,0.006120367301794438
15.75,302.5,6.245648401246082,-0.0022133288794901063
15.75,307.5,6.233355737325529,-0.014505992800042833
15.75,312.5,6.207545033647836,-0.040316696477735725
15.75,317.5,6.275496937678511,0.027635207552939356
15.75,322.5,6.249854704532409,0.0019929744068374333
15.75,327.5,6.239090990025791,-0.008770740099780738
15.75,332.5,6.200608274711644,-0.04725345541392745
15.75,337.5,6.174597785106313,-0.07326394501925915
15.75,342.5,6.200294905247649,-0.047566824877923075
15.75,347.5,6.218597769178371,-0.029263960947201184
15.75,352.5,6.1594493554789524,-0.08841237464661944
15.75,357.5,6.243463933834696,-0.004397796290875888
16.0,2.5,6.292468486305591,0.04460675618001897
16.0,7.5,6.285479995468606,0.03761826534303392
16.0,12.5,6.289457299853897,0.04159556972832501
16.0,17.5,6.300789006816601,0.0529272766910287
16.0,22.5,6.286267730249481,0.038406000123909045
16.0,27.5,6.260875008784992,0.013013278659419925
16.0,32.5,6.280371041933865,0.032509311808293084
16.0,37.5,6.289001935843495,0.041140205717923095
16.0,42.5,6.295319443546788,0.047457713421215963
16.0,47.5,6.287743462990779,0.03988173286520702
16.0,52.5,6.295324000579924,0.047462270454351696
16.0,57.5,6.31684081972948,0.06897908960390797
16.0,62.5,6.259158036499949,0.011296306374377174
16.0,67.5,6.236943899001156,-0.010917831124415578
16.0,72.5,6.251551588132841,0.0036898580072692866
16.0,77.5,6.258905213974945,0.011043483849372926
16.0,82.5,6.230107194692845,-0.017754535432726648
16.0,87.5,6.224230056317929,-0.023631673807642528
16.0,92.5,6.2517098256400345,0.003848095514462635
16.0,97.5,6.224404092919906,-0.023457637205665627
16.0,102.5,6.258624638473516,0.010762908347944133
16.0,107.5,6.254578930038145,0.006717199912572802
16.0,112.5,6.234377117446841,-0.013484612678730912
16.0,117.5,6.172793846339541,-0.0750678837860308
16.0,122.5,6.23818500230694,-0.009676727818631825
16.0,127.5,6.211201995259072,-0.036659734866500315
16.0,132.5,6.215586559706141,-0.03227517041943084
16.0,137.5,6.221027580514333,-0.026834149611238978
16.0,142.5,6.206780664389765,-0.041081065735807165
16.0,147.5,6.152428231362973,-0.0954334987625991
16.0,152.5,6.271624609345949,0.02376287922037701
16.0,157.5,6.321483781321786,0.07362205119621379
16.0,162.5,6.305134012778879,0.057272282653307194
16.0,167.5,6.271607548121095,0.023745817995522778
16.0,172.5,6.308011575677542,0.06014984555196978
16.0,177.5,6.309411475645894,0.06154974552032222
16.0,182.5,6.292949431385248,0.04508770125967576
16.0,187.5,6.392848116082139,0.14498638595656743
16.0,192.5,6.219178809566666,-0.02868292055890631
16.0,197.5,6.226603252370719,-0.02125847775485301
16.0,202.5,6.2528716390093635,0.005009908883791603
16.0,207.5,6.269279037258713,0.021417307133140717
16.0,212.5,6.284372354446061,0.03651062432048935
16.0,217.5,6.277322088824693,0.029460358699121336
16.0,222.5,6.270728667106627,0.02286693698105502
16.0,227.5,6.288959758006394,0.04109802788082195
16.0,232.5,6.251181617889685,0.003319887764113183
16.0,237.5,6.27442645699662,0.026564726871048272
16.0,242.5,6.2519621549778,0.004100424852228279
16.0,247.5,6.242152356570252,-0.00570937355531953
16.0,252.5,6.267809063053531,0.019947332927959138
16.0,257.5,6.2728685735660275,0.02500684344045556
16.0,262.5,6.232677461974223,-0.015184268151348768
16.0,267.5,6.201097223315163,-0.04676450681040922
16.0,272.5,6.2010952089977245,-0.046766521127847405
16.0,277.5,6.247216611364193,-0.00064511876137896
16.0,282.5,6.232144379876745,-0.01571735024882681
16.0,287.5,6.25058798933815,0.002726259212578519
16.0,292.5,6.3114959131655315,0.0636341830399596
16.0,297.5,6.263899291470542,0.016037561344970364
16.0,302.5,6.230766826252496,-0.017094903873076106
16.0,307.5,6.228367893415136,-0.019493836710435808
16.0,312.5,6.228278883024368,-0.01958284710120406
16.0,317.5,6.232639747689657,-0.015221982435915216
16.0,322.5,6.2550189023868805,0.007157172261308631
16.0,327.5,6.249241717706692,0.0013799875811200124
16.0,332.5,6.207138741527437,-0.04072298859813461
16.0,337.5,6.1728036462581795,-0.07505808386739243
16.0,342.5,6.181054414420261,-0.06680731570531062
16.0,347.5,6.194416601447463,-0.05344512867810902
16.0,352.5,6.171078087582922,-0.07678364254265002
16.0,357.5,6.208790071284548,-0.03907165884102426
16.25,2.5,6.283446511272589,0.03558478114701735
16.25,7.5,6.253403164815551,0.005541434689979141
16.25,12.5,6.267302316484098,0.019440586358526524
16.25,17.5,6.313177912939562,0.06531618281398988
16.25,22.5,6.278576995539533,0.030715265413960857
16.25,27.5,6.277853349503959,0.02999161937838668
16.25,32.5,6.284345816607205,0.03648408648163315
16.25,37.5,6.2924162965740775,0.04455456644850564
16.25,42.5,6.288320246935388,0.04045851680981638
16.25,47.5,6.272722152013076,0.024860421887503925
16.25,52.5,6.283872357309587,0.03601062718401504
16.25,57.5,6.299288849457748,0.051427119332176474
16.25,62.5,6.239049663955043,-0.00881206617052932
16.25,67.5,6.2280166217692,-0.019845108356371988
16.25,72.5,6.266476877601379,0.01861514747580717
16.25,77.5,6.259775927085556,0.011914196959984302
16.25,82.5,6.233666020118014,-0.014195710007557594
16.25,87.5,6.243213662242815,-0.0046480678827567345
16.25,92.5,6.274975392646427,0.02711366252085501
16.25,97.5,6.231692363706839,-0.016169366418733233
16.25,102.5,6.2708701556710915,0.02300842554551963
16.25,107.5,6.24845264186869,0.0005909117431182054
16.25,112.5,6.2456962247046075,-0.0021655054209643865
16.25,117.5,6.174542211989476,-0.0733195181360955
16.25,122.5,6.207973579251221,-0.039888150874350714
16.25,127.5,6.208089102122279,-0.039772628003293065
16.25,132.5,6.210968827381358,-0.03689290274421353
16.25,137.5,6.199148728672587,-0.04871300145298463
16.25,142.5,6.218498435671394,-0.029363294454177513
16.25,147.5,6.172888565456172,-0.07497316466939985
16.25,152.5,6.260952370344997,0.013090640219425076
16.25,157.5,6.328020495435152,0.0801587653095801
16.25,162.5,6.288890203286202,0.04102847316063052
16.25,167.5,6.266291068504595,0.01842933837902283
16.25,172.5,6.287441133274737,0.039579403149165415
16.25,177.5,6.306136101550746,0.05827437142517411
16.25,182.5,6.257267668377492,0.009405938251919821
16.25,187.5,6.3502609899484135,0.10239925982284159
16.25,192.5,6.24641531952794,-0.001446410597631953
16.25,197.5,6.232080657998629,-0.01578107212694313
16.25,202.5,6.316156992897152,0.06829526277158049
16.25,207.5,6.303238361893111,0.055376631767539486
16.25,212.5,6.318278211443779,0.07041648131820732
16.25,217.5,6.301417929610075,0.053556199484503075
16.25,222.5,6.313833391736932,0.0659716616113597
16.25,227.5,6.284109686580054,0.0362479564544822
16.25,232.5,6.257656722316367,0.009794992190794716
16.25,237.5,6.262072033589638,0.01421030346406571
16.25,242.5,6.293644661027594,0.04578293090202212
16.25,247.5,6.223462543921502,-0.024399186204069778
16.25,252.5,6.237995599646004,-0.009866130479568191
16.25,257.5,6.238493718462688,-0.009368011662884257
16.25,262.5,6.239854215031242,-0.008007515094329953
16.25,267.5,6.19203333185869,-0.055828398266881685
16.25,272.5,6.186428301315577,-0.061433428809994695
16.25,277.5,6.20043556074613,-0.047426169379441774
16.25,282.5,6.230457112983919,-0.01740461714165331
16.25,287.5,6.2375798196441,-0.010281910481471535
16.25,292.5,6.300528360107791,0.052666629982218716
16.25,297.5,6.22659321225647,-0.021268517869102332
16.25,302.5,6.185755683259405,-0.06210604686616694
16.25,307.5,6.215323029397255,-0.03253870072831688
16.25,312.5,6.220357932899087,-0.027503797226485105
16.25,317.5,6.21829339722609,-0.029568332899481575
16.25,322.5,6.2497956359587725,0.0019339058332006331
16.25,327.5,6.250456132145983,0.0025944020204109464
16.25,332.5,6.22002867157722,-0.027833058548352163
16.25,337.5,6.169400720897425,-0.07846100922814703
16.25,342.5,6.204634890462607,-0.0432268396629647
16.25,347.5,6.18838740881951,-0.05947432130606156
16.25,352.5,6.190753699182277,-0.05710803094329453
16.25,357.5,6.1917539532098145,-0.05610777691575741
16.5,2.5,6.263613313221471,0.015751583095899413
16.5,7.5,6.229611098625485,-0.01825063150008699
16.5,12.5,6.2495267633337255,0.001665033208153588
16.5,17.5,6.313170081025533,0.06530835089996145
16.5,22.5,6.275417121524089,0.027555391398516704
16.5,27.5,6.263851097374247,0.01598936724867528
16.5,32.5,6.286170323198842,0.03830859307327028
16.5,37.5,6.284251414439332,0.03638968431376011
16.5,42.5,6.27405254025183,0.026190810126258235
16.5,47.5,6.233450624789236,-0.01441110533633605
16.5,52.5,6.261978223944243,0.014116493818670861
16.5,57.5,6.2568560491376655,0.008994319012093577
16.5,62.5,6.242386631158942,-0.005475098966630121
16.5,67.5,6.232242276774782,-0.015619453350789847
16.5,72.5,6.284464768178624,0.03660303805305176
16.5,77.5,6.261911288092892,0.014049557967320325
16.5,82.5,6.240957121729579,-0.006904608395992717
16.5,87.5,6.257238742269256,0.009377012143684027
16.5,92.5,6.259371659969849,0.011509929844277345
16.5,97.5,6.217019250065078,-0.03084248006049428
16.5,102.5,6.268403061144242,0.02054133101866995
16.5,107.5,6.240353654246954,-0.0075080758786176816
16.5,112.5,6.21173692173905,-0.03612480838652221
16.5,117.5,6.18282465700089,-0.06503707312468165
16.5,122.5,6.178633632117352,-0.06922809800822005
16.5,127.5,6.181120194031912,-0.06674153609365963
16.5,132.5,6.198921869965069,-0.04893986016050267
16.5,137.5,6.197476247847747,-0.05038548227782513
16.5,142.5,6.206878140383301,-0.04098358974227079
16.5,147.5,6.183536250422887,-0.06432547970268487
16.5,152.5,6.279369913693672,0.03150818356809992
16.5,157.5,6.301810631509336,0.05394890138376418
16.5,162.5,6.279194505325355,0.03133277519978339
16.5,167.5,6.279470731980062,0.03160900185449034
16.5,172.5,6.273226354051536,0.025364623925963947
16.5,177.5,6.286511313065698,0.03864958294012588
16.5,182.5,6.304437112156161,0.05657538203058898
16.5,187.5,6.323136620133081,0.07527489000750887
16.5,192.5,6.281345712340904,0.03348398221533255
16.5,197.5,6.2754219713650174,0.02756024123944556
16.5,202.5,6.342476023819099,0.09461429369352725
16.5,207.5,6.317227528704993,0.06936579857942071
16.5,212.5,6.342682286839109,0.09482055671353695
16.5,217.5,6.290140878147404,0.04227914802183186
16.5,222.5,6.340327731547021,0.09246600142144867
16.5,227.5,6.2833387257968205,0.03547699567124862
16.5,232.5,6.279522650619666,0.03166092049409386
16.5,237.5,6.25854728448926,0.010685554363687899
16.5,242.5,6.285109789118492,0.03724805899291983
16.5,247.5,6.206059759614097,-0.04180197051147516
16.5,252.5,6.215322891491832,-0.032538838633739964
16.5,257.5,6.192772544050792,-0.055089186074780194
16.5,262.5,6.221650857021782,-0.02621087310379
16.5,267.5,6.182145019904259,-0.06571671022131298
16.5,272.5,6.175126035887043,-0.07273569423852866
16.5,277.5,6.189016280614693,-0.058845449510879
16.5,282.5,6.192228834619444,-0.055632895506128044
16.5,287.5,6.225123164226851,-0.02273856589872114
16.5,292.5,6.273631265142295,0.025769535016722855
16.5,297.5,6.2373351021009285,-0.010526628024643436
16.5,302.5,6.200225375160648,-0.04763635496492391
16.5,307.5,6.177764721903799,-0.07009700822177312
16.5,312.5,6.220590987159802,-0.02727074296576948
16.5,317.5,6.250341538475173,0.0024798083496007095
16.5,322.5,6.2439746917587895,-0.0038870383667823916
16.5,327.5,6.253585373741606,0.0057236436160339466
16.5,332.5,6.182915845839688,-0.06494588428588433
16.5,337.5,6.180796125725317,-0.06706560440025466
16.5,342.5,6.207012190062687,-0.04084954006288477
16.5,347.5,6.2165352234480356,-0.03132650667753634
16.5,352.5,6.185853802791754,-0.0620079273338181
16.5,357.5,6.155071769606335,-0.09278996051923727
16.75,2.5,6.222407929644887,-0.025453800480685018
16.75,7.5,6.236304713652882,-0.011557016472689696
16.75,12.5,6.271701909694966,0.023840179569393882
16.75,17.5,6.285209181327222,0.03734745120164984
16.75,22.5,6.276120696083055,0.028258965957483007
16.75,27.5,6.243166000883842,-0.004695729241730007
16.75,32.5,6.256975592425398,0.009113862299826359
16.75,37.5,6.281620191544182,0.03375846141860972
16.75,42.5,6.244137256006627,-0.0037244741189450536
16.75,47.5,6.249898493581597,0.0020367634560249925
16.75,52.5,6.262825403187918,0.014963673062346139
16.75,57.5,6.254031672076217,0.006169941950645352
16.75,62.5,6.2505626944220865,0.002700964296514563
16.75,67.5,6.233888913708484,-0.013972816417087586
16.75,72.5,6.30612727866032,0.05826554853474786
16.75,77.5,6.268874918402937,0.021013188277365202
16.75,82.5,6.2350121341425915,-0.01284959598298041
16.75,87.5,6.246577674498396,-0.0012840556271758174
16.75,92.5,6.245515607278503,-0.002346122847068699
16.75,97.5,6.228641013782097,-0.019220716343474997
16.75,102.5,6.278112282223574,0.030250552098002537
16.75,107.5,6.222385924119409,-0.025475806006163282
16.75,112.5,6.2154957402235596,-0.03236598990201234
16.75,117.5,6.160722984691912,-0.08713874543366007
16.75,122.5,6.150911497008261,-0.09695023311731088
16.75,127.5,6.167766912879957,-0.08009481724561507
16.75,132.5,6.202875969756463,-0.04498576036910862
16.75,137.5,6.194388652611828,-0.053473077513744194
16.75,142.5,6.180405658758965,-0.0674560713666068
16.75,147.5,6.172574554118075,-0.0752871760074969
16.75,152.5,6.2840802952571755,0.0362185651316036
16.75,157.5,6.303293804446514,0.05543207432094199
16.75,162.5,6.303297374252745,0.055435644127173056
16.75,167.5,6.302286743578492,0.054425013452919835
16.75,172.5,6.299734283352274,0.051872553226702145
16.75,177.5,6.295424264220268,0.047562534094695685
16.75,182.5,6.357259912738408,0.10939818261283651
16.75,187.5,6.337148950342236,0.08928722021666413
16.75,192.5,6.357857936071245,0.10999620594567272
16.75,197.5,6.305908220940369,0.05804649081479685
16.75,202.5,6.368422434165316,0.12056070403974406
16.75,207.5,6.334850161713174,0.08698843158760194
16.75,212.5,6.362634259401202,0.11477252927562986
16.75,217.5,6.301363328248171,0.05350159812259925
16.75,222.5,6.318374071052988,0.07051234092741598
16.75,227.5,6.301200992693991,0.05333926256841881
16.75,232.5,6.2582001228174144,0.010338392691842557
16.75,237.5,6.266516228180512,0.018654498054940127
16.75,242.5,6.288131394070888,0.04026966394531595
16.75,247.5,6.211737782928594,-0.036123947196977646
16.75,252.5,6.203172254414955,-0.044689475710616655
16.75,257.5,6.196497244092477,-0.05136448603309507
16.75,262.5,6.192607749773176,-0.05525398035239615
16.75,267.5,6.174884415898611,-0.07297731422696074
16.75,272.5,6.161653426153129,-0.08620830397244283
16.75,277.5,6.219785533948529,-0.028076196177043045
16.75,282.5,6.194101828413196,-0.05375990171237621
16.75,287.5,6.206663294755679,-0.04119843536989265
16.75,292.5,6.2562501118220295,0.008388381696457614
16.75,297.5,6.211778727441426,-0.03608300268414588
16.75,302.5,6.213444135537262,-0.03441759458830962
16.75,307.5,6.2119423609519195,-0.03591936917365235
16.75,312.5,6.261776108037654,0.013914377912081832
16.75,317.5,6.24235129927986,-0.005510430845712122
16.75,322.5,6.2840301981470095,0.03616846802143758
16.75,327.5,6.218477761434874,-0.029383968690697593
16.75,332.5,6.19853658568793,-0.04932514443764191
16.75,337.5,6.179483401318121,-0.06837832880745065
16.75,342.5,6.1874060425329045,-0.060455687592667395
16.75,347.5,6.234944319952643,-0.012917410172929245
16.75,352.5,6.211851292763038,-0.03601043736253384
16.75,357.5,6.155133738034497,-0.09272799209107507
17.0,2.5,6.232514486802014,-0.015347243323557969
17.0,7.5,6.237379805346436,-0.010481924779135454
17.0,12.5,6.265780038915498,0.017918308789925952
17.0,17.5,6.267731247446384,0.01986951732081188
17.0,22.5,6.254224639377645,0.006362909252072946
17.0,27.5,6.237670292051375,-0.010191438074197201
17.0,32.5,6.233192751914009,-0.014668978211562766
17.0,37.5,6.274506774922328,0.02664504479675589
17.0,42.5,6.235827212185107,-0.012034517940464617
17.0,47.5,6.256404903684851,0.00854317355927936
17.0,52.5,6.255256109175905,0.007394379050333022
17.0,57.5,6.268067954712212,0.020206224586639898
17.0,62.5,6.261791846515845,0.013930116390272751
17.0,67.5,6.214722477031053,-0.03313925309451893
17.0,72.5,6.327470592586139,0.07960886246056731
17.0,77.5,6.259008782691287,0.011147052565714688
17.0,82.5,6.203673364881723,-0.044188365243848615
17.0,87.5,6.231757263454643,-0.016104466670928907
17.0,92.5,6.23529143989691,-0.01257029022866174
17.0,97.5,6.2309252237293915,-0.016936506396180384
17.0,102.5,6.281263025962775,0.03340129583720319
17.0,107.5,6.238737882376558,-0.00912384774901387
17.0,112.5,6.221104181081802,-0.02675754904376948
17.0,117.5,6.180243619967469,-0.0676181101581026
17.0,122.5,6.144284323052762,-0.10357740707280971
17.0,127.5,6.162605958071064,-0.08525577205450752
17.0,132.5,6.208245662893388,-0.039616067232183916
17.0,137.5,6.222162480290376,-0.02569924983519556
17.0,142.5,6.1988690422214505,-0.04899268790412137
17.0,147.5,6.195741480785275,-0.05212024934029724
17.0,152.5,6.23817196813623,-0.009689761989341683
17.0,157.5,6.276495744867431,0.02863401474185867
17.0,162.5,6.291202869457432,0.04334113933185968
17.0,167.5,6.309058856317714,0.061197126192142015
17.0,172.5,6.32529040521668,0.07742867509110773
17.0,177.5,6.320282435820972,0.07242070569540004
17.0,182.5,6.394878668996316,0.14701693887074452
17.0,187.5,6.394583914228935,0.14672218410336324
17.0,192.5,6.365685268234952,0.11782353810937973
17.0,197.5,6.336316133693545,0.0884544035679733
17.0,202.5,6.335812133582591,0.0879504034570191
17.0,207.5,6.329954006569293,0.08209227644372152
17.0,212.5,6.360738378001535,0.11287664787596352
17.0,217.5,6.288007231628788,0.04014550150321572
17.0,222.5,6.30538090113142,0.0575191710058478
17.0,227.5,6.302594506766951,0.05473277664137921
17.0,232.5,6.256809930239812,0.008948200114240024
17.0,237.5,6.274037906302824,0.026176176177251875
17.0,242.5,6.280224326065669,0.03236259594009727
17.0,247.5,6.1845774930605675,-0.06328423706500441
17.0,252.5,6.184681181049686,-0.0631805490758861
17.0,257.5,6.1614953329475775,-0.08636639717799444
17.0,262.5,6.193798664197866,-0.054063065927706155
17.0,267.5,6.173133614321344,-0.07472811580422789
17.0,272.5,6.164660465332299,-0.0832012647932725
17.0,277.5,6.171915985880309,-0.07594574424526268
17.0,282.5,6.1915314659780964,-0.05633026414747544
17.0,287.5,6.226100794453188,-0.021760935672383575
17.0,292.5,6.281508861961296,0.033647131835723876
17.0,297.5,6.219439424963228,-0.02842230516234423
17.0,302.5,6.245306834538192,-0.0025548955873802015
17.0,307.5,6.239152962325736,-0.008708767799835648
17.0,312.5,6.286844819934084,0.03898308980851173
17.0,317.5,6.232093208964831,-0.01576852116074079
17.0,322.5,6.287089969155489,0.03922823902991723
17.0,327.5,6.215032735104758,-0.0328289950208136
17.0,332.5,6.214246414792402,-0.033615315333169526
17.0,337.5,6.201176698045275,-0.04668503208029673
17.0,342.5,6.231662138923477,-0.016199591202094688
17.0,347.5,6.249612866447644,0.0017511363220723553
17.0,352.5,6.241445383028302,-0.006416347097269792
17.0,357.5,6.17491389335847,-0.07294783676710193
17.25,2.5,6.235298310886873,-0.01256341923869897
17.25,7.5,6.250928533559192,0.003066803433620535
17.25,12.5,6.263762703085325,0.015900972959753013
17.25,17.5,6.258896985881586,0.011035255756014273
17.25,22.5,6.2224495415229,-0.02541218860267147
17.25,27.5,6.2155314315249495,-0.03233029860062242
17.25,32.5,6.2402491436493595,-0.007612586476212435
17.25,37.5,6.2952346193678785,0.04737288924230665
17.25,42.5,6.234823987895918,-0.013037742229653482
17.25,47.5,6.237844028913299,-0.010017701212272634
17.25,52.5,6.263681534836305,0.015819804710733187
17.25,57.5,6.275514234608265,0.02765250448269274
17.25,62.5,6.270315374790877,0.02245364466530475
17.25,67.5,6.169157782278394,-0.0787039478471776
17.25,72.5,6.2746063487536174,0.026744618628045558
17.25,77.5,6.272943224675444,0.025081494549872296
17.25,82.5,6.210291463853767,-0.03757026627180515
17.25,87.5,6.2304530170656705,-0.017408713059901437
17.25,92.5,6.227672833319891,-0.02018889680568048
17.25,97.5,6.223095019590552,-0.024766710535019776
17.25,102.5,6.225304556762145,-0.022557173363426664
17.25,107.5,6.239037450764528,-0.00882427936104424
17.25,112.5,6.212643178755629,-0.03521855136994301
17.25,117.5,6.161936653311212,-0.08592507681435979
17.25,122.5,6.1674044845519385,-0.08045724557363343
17.25,127.5,6.159591570305946,-0.0882701598196256
17.25,132.5,6.24039965545219,-0.007462074673381558
17.25,137.5,6.2111808052223285,-0.03668092490324337
17.25,142.5,6.20078257300865,-0.04707915711692223
17.25,147.5,6.220850792720354,-0.027010937405218094
17.25,152.5,6.233948168274425,-0.01391356185114656
17.25,157.5,6.2806349112908215,0.03277318116524963
17.25,162.5,6.304884615383909,0.057022885258336764
17.25,167.5,6.319933996119227,0.07207226599365502
17.25,172.5,6.358196921152132,0.11033519102655998
17.25,177.5,6.345450715768152,0.09758898564258
17.25,182.5,6.394022598266423,0.14616086814085083
17.25,187.5,6.335782262160742,0.08792053203517014
17.25,192.5,6.297759530967042,0.04989780084147011
17.25,197.5,6.275523385067624,0.02766165494205186
17.25,202.5,6.300938144758626,0.053076414633054014
17.25,207.5,6.293825937294513,0.04596420716894123
17.25,212.5,6.320537999574256,0.07267626944868422
17.25,217.5,6.284270016154082,0.036408286028509984
17.25,222.5,6.300675622308437,0.05281389218286492
17.25,227.5,6.318887004476416,0.07102527435084394
17.25,232.5,6.252542865683559,0.004681135557986771
17.25,237.5,6.251438625315371,0.0035768951897994228
17.25,242.5,6.2684255297948726,0.020563799669300664
17.25,247.5,6.191907594799275,-0.05595413532629667
17.25,252.5,6.1972857730080015,-0.05057595711757035
17.25,257.5,6.102792150194379,-0.14506957993119318
17.25,262.5,6.240399451398913,-0.007462278726658944
17.25,267.5,6.158732751836122,-0.08912897828944999
17.25,272.5,6.158478274697607,-0.08938345542796533
17.25,277.5,6.150096773683816,-0.09776495644175576
17.25,282.5,6.182699143222016,-0.06516258690355592
17.25,287.5,6.172724496439813,-0.07513723368575853
17.25,292.5,6.3001524859615365,0.05229075583596465
17.25,297.5,6.219262215953498,-0.028599514172073626
17.25,302.5,6.213805888746196,-0.03405584137937545
17.25,307.5,6.2516042100904405,0.00374247996486865
17.25,312.5,6.291790579499276,0.043928849373704004
17.25,317.5,6.245918982822487,-0.0019427473030848574
17.25,322.5,6.278487246896755,0.03062551677118286
17.25,327.5,6.2405238391583415,-0.007337890967230365
17.25,332.5,6.247139601406258,-0.0007221287193139858
17.25,337.5,6.241584146668117,-0.006277583457454661
17.25,342.5,6.251034266308713,0.0031725361831407284
17.25,347.5,6.25138666801991,0.0035249378943378318
17.25,352.5,6.252797931971416,0.004936201845843868
17.25,357.5,6.222409092703233,-0.025452637422338498
17.5,2.5,6.315048126576336,0.06718639645076419
17.5,7.5,6.274916349014698,0.027054618889126303
17.5,12.5,6.25567662667378,0.007814896548207884
17.5,17.5,6.240959151361212,-0.006902578764360179
17.5,22.5,6.183959188632437,-0.06390254149313446
17.5,27.5,6.207825206766752,-0.04003652335882002
17.5,32.5,6.243421230007831,-0.0044405001177407755
17.5,37.5,6.294881442793314,0.0470197126677423
17.5,42.5,6.224698619117369,-0.023163111008202897
17.5,47.5,6.224400982783386,-0.023460747342185506
17.5,52.5,6.291600309856994,0.043738579731422256
17.5,57.5,6.269850969864477,0.021989239738904764
17.5,62.5,6.282316786825653,0.03445505670008142
17.5,67.5,6.20381138952538,-0.04405034060019197
17.5,72.5,6.26220466759499,0.014342937469417727
17.5,77.5,6.270268154055288,0.022406423929716368
17.5,82.5,6.204918784925058,-0.04294294520051345
17.5,87.5,6.2540137432357215,0.006152013110149568
17.5,92.5,6.24048854968494,-0.0073731804406316215
17.5,97.5,6.189193804635242,-0.05866792549032951
17.5,102.5,6.208510916667234,-0.0393508134583378
17.5,107.5,6.242768572711048,-0.0050931574145236524
17.5,112.5,6.197945784931207,-0.04991594519436493
17.5,117.5,6.12326048088068,-0.12460124924489158
17.5,122.5,6.169818896092124,-0.07804283403344758
17.5,127.5,6.156273346975236,-0.09158838315033613
17.5,132.5,6.24044964626383,-0.007412083861741969
17.5,137.5,6.237375890969001,-0.010485839156570975
17.5,142.5,6.217746402951201,-0.0301153271743706
17.5,147.5,6.246363110297691,-0.0014986198278812424
17.5,152.5,6.2346047872647485,-0.01325694286082335
17.5,157.5,6.312762903015447,0.06490117288987474
17.5,162.5,6.308159684060167,0.060297953934594695
17.5,167.5,6.3321642253833135,0.08430249525774158
17.5,172.5,6.355889273242531,0.10802754311695928
17.5,177.5,6.361503804066588,0.11364207394101644
17.5,182.5,6.3596348583357445,0.1117731282101726
17.5,187.5,6.312895165584622,0.06503343545904983
17.5,192.5,6.265406159365117,0.017544429239545245
17.5,197.5,6.2163602216659095,-0.031501508459662375
17.5,202.5,6.255570991310736,0.007709261185164351
17.5,207.5,6.234622858690109,-0.013238871435462762
17.5,212.5,6.252468722760931,0.0046069926353586865
17.5,217.5,6.257372416858111,0.009510686732538964
17.5,222.5,6.3086541661057565,0.06079243598018458
17.5,227.5,6.292041412495671,0.04417968237009884
17.5,232.5,6.23330421788297,-0.014557512242602044
17.5,237.5,6.222100379203965,-0.025761350921606585
17.5,242.5,6.224377619619401,-0.023484110506171163
17.5,247.5,6.215359084486823,-0.03250264563874872
17.5,252.5,6.215999471666475,-0.03186225845909707
17.5,257.5,6.169954090802708,-0.07790763932286371
17.5,262.5,6.2167185648870324,-0.03114316523853944
17.5,267.5,6.161623708390813,-0.0862380217347587
17.5,272.5,6.175278637377698,-0.07258309274787411
17.5,277.5,6.164579331533418,-0.08328239859215358
17.5,282.5,6.196680172683176,-0.05118155744239594
17.5,287.5,6.1982109757785455,-0.04965075434702637
17.5,292.5,6.287015879758924,0.03915414963335184
17.5,297.5,6.230975366076663,-0.016886364048908753
17.5,302.5,6.216474883024487,-0.03138684710108475
17.5,307.5,6.209322282087124,-0.03853944803844822
17.5,312.5,6.258116523250735,0.01025479312516353
17.5,317.5,6.213021250321361,-0.03484047980421057
17.5,322.5,6.300796052894969,0.05293432276939747
17.5,327.5,6.275753101681807,0.027891371556235
17.5,332.5,6.265658551844499,0.01779682171892727
17.5,337.5,6.291811512660831,0.043949782535259274
17.5,342.5,6.302749583489374,0.05488785336380175
17.5,347.5,6.271862689201371,0.024000959075799244
17.5,352.5,6.2501150090908615,0.0022532789652895957
17.5,357.5,6.21862353485663,-0.02923819526894178
17.75,2.5,6.31968732319146,0.07182559306588843
17.75,7.5,6.305756181312227,0.05789445118665526
17.75,12.5,6.308248313375754,0.06038658325018176
17.75,17.5,6.262368554516742,0.014506824391170348
17.75,22.5,6.219890405967387,-0.027971324158184707
17.75,27.5,6.242898227305176,-0.004963502820396037
17.75,32.5,6.270778511222683,0.022916781097110928
17.75,37.5,6.260730927676677,0.012869197551105493
17.75,42.5,6.193519282606641,-0.05434244751893047
17.75,47.5,6.22077265135357,-0.027089078772001507
17.75,52.5,6.285434006785339,0.037572276659767034
17.75,57.5,6.255547222106779,0.007685491981207271
17.75,62.5,6.273276499938044,0.025414769812472038
17.75,67.5,6.2449225344699215,-0.002939195655650373
17.75,72.5,6.278783009088846,0.030921278963274013
17.75,77.5,6.261536757834752,0.013675027709179943
17.75,82.5,6.195641731758402,-0.052219998367170284
17.75,87.5,6.247174227994774,-0.0006875021307974905
17.75,92.5,6.262352815416123,0.014491085290551098
17.75,97.5,6.191928108994826,-0.055933621130745514
17.75,102.5,6.1969588318906625,-0.050902898234909344
17.75,107.5,6.250109095182657,0.0022473650570846715
17.75,112.5,6.206590672384798,-0.041271057740774
17.75,117.5,6.1601962882429175,-0.08766544188265435
17.75,122.5,6.168410772021945,-0.07945095810362712
17.75,127.5,6.169749904133488,-0.07811182599208433
17.75,132.5,6.240048565210155,-0.007813164915416948
17.75,137.5,6.226129961336227,-0.02173176878934502
17.75,142.5,6.242706603715908,-0.005155126409664312
17.75,147.5,6.288093884569877,0.040232154444304946
17.75,152.5,6.257271206644487,0.009409476518914772
17.75,157.5,6.327818277512586,0.07995654738701408
17.75,162.5,6.314733855039845,0.06687212491427275
17.75,167.5,6.31522539890779,0.06736366878221833
17.75,172.5,6.288115529193075,0.040253799067502705
17.75,177.5,6.336071690095974,0.08820995997040182
17.75,182.5,6.248373748694376,0.0005120185688038958
17.75,187.5,6.2540578710489445,0.006196140923372617
17.75,192.5,6.23711520393455,-0.010746526191021566
17.75,197.5,6.177595152566022,-0.07026657755954968
17.75,202.5,6.236603637867742,-0.011258092257829588
17.75,207.5,6.2058191299030065,-0.04204260022256534
17.75,212.5,6.219916268959518,-0.027945461166053676
17.75,217.5,6.264070326917615,0.016208596792043117
17.75,222.5,6.271086815912189,0.023225085786616972
17.75,227.5,6.276890054152966,0.029028324027394525
17.75,232.5,6.208924459991778,-0.03893727013379422
17.75,237.5,6.206422494373082,-0.04143923575248998
17.75,242.5,6.206315643833615,-0.041546086291956996
17.75,247.5,6.210992233194924,-0.036869496930648005
17.75,252.5,6.228316461606579,-0.019545268518992742
17.75,257.5,6.220825989465601,-0.027035740659971275
17.75,262.5,6.20532415252667,-0.04253757759890231
17.75,267.5,6.160332285654881,-0.08752944447069133
17.75,272.5,6.197457181057097,-0.05040454906847458
17.75,277.5,6.184492472179593,-0.06336925794597903
17.75,282.5,6.2173310196900875,-0.030530710435484387
17.75,287.5,6.228577161132015,-0.019284568993557016
17.75,292.5,6.230074109351179,-0.017787620774392998
17.75,297.5,6.24540802191826,-0.0024537082073115
17.75,302.5,6.189882095442543,-0.057979634683029246
17.75,307.5,6.2320567508387015,-0.015804979286870413
17.75,312.5,6.241781529306086,-0.006080200819486237
17.75,317.5,6.190490719224577,-0.05737101090099461
17.75,322.5,6.2591960075033315,0.011334277377759605
17.75,327.5,6.283278063961239,0.035416333835667224
17.75,332.5,6.281569894195846,0.03370816407027455
17.75,337.5,6.27320809870814,0.02534636858256789
17.75,342.5,6.28283628161163,0.03497455148605777
17.75,347.5,6.292930879500787,0.04506914937521511
17.75,352.5,6.273210729787877,0.025348999662305083
17.75,357.5,6.2327687023020015,-0.01509302782357036
18.0,2.5,6.331823168586109,0.08396143846053672
18.0,7.5,6.328660045908035,0.08079831578246299
18.0,12.5,6.296025523113488,0.048163792987915954
18.0,17.5,6.289042300932918,0.04118057080734605
18.0,22.5,6.255834400170967,0.007972670045394814
18.0,27.5,6.274973040360644,0.02711131023507196
18.0,32.5,6.296451128423966,0.04858939829839404
18.0,37.5,6.250671435562122,0.002809705436550125
18.0,42.5,6.207508654702041,-0.04035307542353106
18.0,47.5,6.23791845068957,-0.00994327943600215
18.0,52.5,6.239550052551709,-0.008311677573862752
18.0,57.5,6.250637958903983,0.002776228778411216
18.0,62.5,6.265533792791776,0.017672062666203914
18.0,67.5,6.271081289622842,0.023219559497269948
18.0,72.5,6.297975501937062,0.050113771811489904
18.0,77.5,6.268843055459634,0.02098132533406183
18.0,82.5,6.200030632232836,-0.047831097892736096
18.0,87.5,6.244752413435156,-0.0031093166904154756
18.0,92.5,6.232032586046087,-0.015829144079485324
18.0,97.5,6.208623668657708,-0.039238061467863794
18.0,102.5,6.212507313064249,-0.03535441706132314
18.0,107.5,6.226079766297474,-0.02178196382809805
18.0,112.5,6.228364495682857,-0.01949723444271445
18.0,117.5,6.21035806615834,-0.03750366396723148
18.0,122.5,6.174193195732852,-0.07366853439271992
18.0,127.5,6.202888850027525,-0.04497288009804645
18.0,132.5,6.163518031223196,-0.08434369890237559
18.0,137.5,6.212062503254904,-0.035799226870667944
18.0,142.5,6.179657337032369,-0.06820439309320303
18.0,147.5,6.251678253962394,0.0038165238368224053
18.0,152.5,6.28158831808516,0.03372658795958827
18.0,157.5,6.334532903932523,0.086671173806951
18.0,162.5,6.294812127725056,0.04695039759948383
18.0,167.5,6.29608236008444,0.04822062995886789
18.0,172.5,6.340586380463883,0.09272465033831079
18.0,177.5,6.3077976659249195,0.05993593579934764
18.0,182.5,6.297182359082595,0.04932062895702316
18.0,187.5,6.255934060634505,0.008072330508933412
18.0,192.5,6.231912077568528,-0.015949652557043947
18.0,197.5,6.177546835245417,-0.07031489488015463
18.0,202.5,6.214212126301454,-0.0336496038241183
18.0,207.5,6.157802624180087,-0.0900591059454845
18.0,212.5,6.222284408239281,-0.025577321886291138
18.0,217.5,6.271441263591139,0.023579533465567515
18.0,222.5,6.260863672231363,0.013001942105790754
18.0,227.5,6.277062461920045,0.029200731794473356
18.0,232.5,6.2135002438631,-0.03436148626247171
18.0,237.5,6.195626484203549,-0.05223524592202278
18.0,242.5,6.250732280423708,0.0028705502981365427
18.0,247.5,6.23409236708625,-0.01376936303932208
18.0,252.5,6.234269948046094,-0.013591782079477532
18.0,257.5,6.18955842941253,-0.05830330071304157
18.0,262.5,6.247979968135201,0.00011823800962940112
18.0,267.5,6.170411428807791,-0.07745030131778119
18.0,272.5,6.218068905196604,-0.029792824928968287
18.0,277.5,6.216624929252341,-0.031236800873230663
18.0,282.5,6.226975390944119,-0.020886339181452662
18.0,287.5,6.249378553659087,0.0015168235335147884
18.0,292.5,6.2747141455926485,0.026852415467076618
18.0,297.5,6.257589109302683,0.009727379177110862
18.0,302.5,6.170850966749493,-0.07701076337607926
18.0,307.5,6.252272236729118,0.004410506603545805
18.0,312.5,6.227178502280039,-0.02068322784553267
18.0,317.5,6.224575540354261,-0.02328618977131125
18.0,322.5,6.2619444182343384,0.014082688108766561
18.0,327.5,6.272890783209881,0.02502905308430936
18.0,332.5,6.2024665469027775,-0.045395183222794344
18.0,337.5,6.223857570020037,-0.024004160105534744
18.0,342.5,6.23853569999722,-0.00932603012835198
18.0,347.5,6.318566644656631,0.07070491453105898
18.0,352.5,6.274359461718232,0.026497731592660223
18.0,357.5,6.285523289341841,0.03766155921626879
18.25,2.5,6.333364976305635,0.08550324618006311
18.25,7.5,6.340930255593118,0.09306852546754651
18.25,12.5,6.2964630276643465,0.048601297538774624
18.25,17.5,6.297315068774925,0.04945333864935275
18.25,22.5,6.247910203341697,4.8473216125444196e-05
18.25,27.5,6.3046380676049125,0.05677633747934063
18.25,32.5,6.336684158900348,0.08882242877477609
18.25,37.5,6.288223823896567,0.04036209377099542
18.25,42.5,6.214573974337484,-0.033287755788087736
18.25,47.5,6.25113736832289,0.0032756381973184645
18.25,52.5,6.283327682153077,0.03546595202750513
18.25,57.5,6.25028525530784,0.0024235251822677384
18.25,62.5,6.259157366371305,0.011295636245733043
18.25,67.5,6.259232166657583,0.011370436532010864
18.25,72.5,6.317607910749964,0.0697461806243922
18.25,77.5,6.276422219710858,0.028560489585285787
18.25,82.5,6.235168446314258,-0.012693283811313627
18.25,87.5,6.260520969680593,0.012659239555021351
18.25,92.5,6.268578112003187,0.020716381877615042
18.25,97.5,6.218474490075744,-0.029387240049827845
18.25,102.5,6.2336314898683955,-0.014230240257176341
18.25,107.5,6.220814043040993,-0.027047687084579053
18.25,112.5,6.240199214444823,-0.007662515680748605
18.25,117.5,6.203138509468491,-0.044723220657080454
18.25,122.5,6.193866554671042,-0.05399517545452959
18.25,127.5,6.2209801891298255,-0.026881540995746356
18.25,132.5,6.202914608202974,-0.044947121922597866
18.25,137.5,6.243453504735176,-0.00440822539039587
18.25,142.5,6.11323388820472,-0.1346278419208522
18.25,147.5,6.157548503978196,-0.09031322614737558
18.25,152.5,6.292005795386682,0.04414406526111048
18.25,157.5,6.305022123465412,0.057160393339840354
18.25,162.5,6.293631958011867,0.04577022788629481
18.25,167.5,6.301597548115389,0.05373581798981686
18.25,172.5,6.323398693633127,0.07553696350755512
18.25,177.5,6.244968346702797,-0.0028933834227746758
18.25,182.5,6.30009043624263,0.05222870611705854
18.25,187.5,6.291634012051743,0.043772281926171
18.25,192.5,6.214668262364704,-0.03319346776086807
18.25,197.5,6.208617947208821,-0.0392437829167509
18.25,202.5,6.202332413178446,-0.045529316947125587
18.25,207.5,6.173970392736223,-0.07389133738934905
18.25,212.5,6.1601930730304,-0.08766865709517191
18.25,217.5,6.254181203010095,0.0063194728845230586
18.25,222.5,6.271672400142289,0.023810670016716884
18.25,227.5,6.2760233646596495,0.028161634534077606
18.25,232.5,6.2462707697767055,-0.0015909603488664104
18.25,237.5,6.2206158404700265,-0.02724588965554542
18.25,242.5,6.293838860428199,0.04597713030262707
18.25,247.5,6.20987784620304,-0.03798388392253216
18.25,252.5,6.222387258428392,-0.02547447169717998
18.25,257.5,6.231740403135788,-0.016121326989783746
18.25,262.5,6.305016548149574,0.05715481802400202
18.25,267.5,6.221519220991123,-0.02634250913444891
18.25,272.5,6.23468418365748,-0.013177546468091883
18.25,277.5,6.233849342497231,-0.014012387628341116
18.25,282.5,6.220831968896438,-0.027029761229133697
18.25,287.5,6.257974962575489,0.010113232449916687
18.25,292.5,6.3055749566119275,0.05771322648635557
18.25,297.5,6.255824565862295,0.007962835736723406
18.25,302.5,6.170620223610179,-0.07724150651539308
18.25,307.5,6.253881742459654,0.00602001233408167
18.25,312.5,6.20503784954208,-0.042823880583491736
18.25,317.5,6.2482059321645655,0.0003442020389936573
18.25,322.5,6.2622709501205325,0.014409219994960587
18.25,327.5,6.246738431146289,-0.0011232989792828718
18.25,332.5,6.20470076380338,-0.04316096632219146
18.25,337.5,6.231683732226915,-0.016177997898656926
18.25,342.5,6.234869958970881,-0.012991771154690746
18.25,347.5,6.25150024716392,0.0036385170383477217
18.25,352.5,6.239615109717006,-0.008246620408566052
18.25,357.5,6.2506156832522,0.0027539531266285167
18.5,2.5,6.327084221967036,0.07922249184146413
18.5,7.5,6.348667002654151,0.10080527252857951
18.5,12.5,6.30896277324058,0.0611010431150083
18.5,17.5,6.280364257017921,0.03250252689234934
18.5,22.5,6.275777926858316,0.027916196732744147
18.5,27.5,6.328326915161479,0.08046518503590683
18.5,32.5,6.35429847920402,0.10643674907844769
18.5,37.5,6.347605513322159,0.09974378319658683
18.5,42.5,6.2458272937862205,-0.0020344363393514087
18.5,47.5,6.281473716413086,0.033611986287514384
18.5,52.5,6.307716671174195,0.059854941048623544
18.5,57.5,6.316785371187329,0.0689236410617573
18.5,62.5,6.275393290659486,0.027531560533914146
18.5,67.5,6.265337014708687,0.017475284583115425
18.5,72.5,6.307201229319045,0.05933949919347281
18.5,77.5,6.277940816872784,0.030079086747211825
18.5,82.5,6.262465808112422,0.01460407798685015
18.5,87.5,6.278133433515926,0.0302717033903539
18.5,92.5,6.295952815334372,0.048091085208800344
18.5,97.5,6.22559285282912,-0.022268877296451883
18.5,102.5,6.252261683796295,0.0043999536707231
18.5,107.5,6.244197403735575,-0.003664326389996475
18.5,112.5,6.192570523324622,-0.05529120680095012
18.5,117.5,6.203162678382719,-0.04469905174285316
18.5,122.5,6.136450966273186,-0.11141076385238602
18.5,127.5,6.239041070516443,-0.008820659609129144
18.5,132.5,6.243067972645483,-0.004793757480088701
18.5,137.5,6.213515375978927,-0.034346354146644664
18.5,142.5,6.091748451481584,-0.15611327864398827
18.5,147.5,6.152086287474196,-0.09577544265137572
18.5,152.5,6.268347187383886,0.020485457258313744
18.5,157.5,6.2778498318021985,0.029988101676626577
18.5,162.5,6.291475679248306,0.043613949122733864
18.5,167.5,6.299178206531696,0.051316476406124245
18.5,172.5,6.3079617581034135,0.06010002797784164
18.5,177.5,6.248367662159697,0.0005059320341249673
18.5,182.5,6.2647764784602655,0.01691474833469364
18.5,187.5,6.324986593378491,0.07712486325291934
18.5,192.5,6.268300483038337,0.020438752912765423
18.5,197.5,6.256020930416582,0.008159200291010471
18.5,202.5,6.177829502410802,-0.07003222771477002
18.5,207.5,6.205774540281483,-0.04208718984408932
18.5,212.5,6.2091378202303,-0.03872390989527208
18.5,217.5,6.26992012305172,0.022058392926147974
18.5,222.5,6.289949527613585,0.042087797488012946
18.5,227.5,6.269718134449603,0.021856404324030798
18.5,232.5,6.2559694500745,0.008107719948927894
18.5,237.5,6.232214125566417,-0.015647604559155148
18.5,242.5,6.25244485435613,0.004583124230558511
18.5,247.5,6.194892665708111,-0.05296906441746074
18.5,252.5,6.214942630374896,-0.03291909975067586
18.5,257.5,6.282425216172579,0.03456348604700743
18.5,262.5,6.291017700675682,0.04315597055011011
18.5,267.5,6.243582496772521,-0.004279233353051026
18.5,272.5,6.223784918815539,-0.024076811310032475
18.5,277.5,6.238869057857709,-0.008992672267862822
18.5,282.5,6.229774108261884,-0.018087621863688064
18.5,287.5,6.230120785103439,-0.017740945022133303
18.5,292.5,6.278994659051396,0.031132928925823755
18.5,297.5,6.237139284412525,-0.010722445713047257
18.5,302.5,6.19639198248969,-0.05146974763588208
18.5,307.5,6.2442504626560265,-0.0036112674695454317
18.5,312.5,6.240331409124195,-0.0075303210013766275
18.5,317.5,6.263024952888151,0.01516322276257931
18.5,322.5,6.253060771857676,0.00519904173210417
18.5,327.5,6.228596723292418,-0.019265006833153464
18.5,332.5,6.183352371497598,-0.06450935862797369
18.5,337.5,6.22814613108498,-0.019715599040591947
18.5,342.5,6.240236211537155,-0.0076255185884166465
18.5,347.5,6.251224410951645,0.003362680826072939
18.5,352.5,6.218995394805657,-0.028866335319914782
18.5,357.5,6.298537285744453,0.05067555561888071
18.75,2.5,6.34149545086612,0.09363372074054777
18.75,7.5,6.356786132051847,0.1089244019262754
18.75,12.5,6.34544451464875,0.09758278452317803
18.75,17.5,6.319929667273771,0.0720679371481987
18.75,22.5,6.2879346671386935,0.040072937013121646
18.75,27.5,6.331969789049756,0.08410805892418427
18.75,32.5,6.349757990486812,0.10189626036124011
18.75,37.5,6.34483870657319,0.09697697644761849
18.75,42.5,6.278359365953646,0.030497635828074188
18.75,47.5,6.300881577925426,0.05301984779985425
18.75,52.5,6.315510221573739,0.06764849144816676
18.75,57.5,6.28085703784432,0.032995307718747924
18.75,62.5,6.298605817734116,0.05074408760854432
18.75,67.5,6.266904046542858,0.01904231641728593
18.75,72.5,6.307990586853994,0.060128856728422164
18.75,77.5,6.258330098053796,0.010468367928224254
18.75,82.5,6.274240082569234,0.026378352443662045
18.75,87.5,6.2834310064646735,0.03556927633910156
18.75,92.5,6.28189351091475,0.0340317807891779
18.75,97.5,6.236133614428026,-0.011728115697545505
18.75,102.5,6.254649692600082,0.006787962474509968
18.75,107.5,6.263149972370726,0.015288242245153683
18.75,112.5,6.15961052098293,-0.0882512091426415
18.75,117.5,6.177042987588075,-0.07081874253749731
18.75,122.5,6.147913565550178,-0.09994816457539368
18.75,127.5,6.194444698005088,-0.053417032120483654
18.75,132.5,6.282339496945898,0.03447776682032622
18.75,137.5,6.271556273454824,0.023694543329251694
18.75,142.5,6.139830338199605,-0.10803139192596678
18.75,147.5,6.173194711485949,-0.074667018639623
18.75,152.5,6.22198714190557,-0.02587458822000155
18.75,157.5,6.258879569577526,0.011017839451954003
18.75,162.5,6.271771645547224,0.023909915421651995
18.75,167.5,6.296972626473428,0.04911089634785615
18.75,172.5,6.3601565289397435,0.11229479881417159
18.75,177.5,6.266463562775914,0.018601832650341876
18.75,182.5,6.247590111599019,-0.00027161852655321894
18.75,187.5,6.339321998044058,0.09146026791848616
18.75,192.5,6.3166675791132425,0.06880584898767061
18.75,197.5,6.2528942907386424,0.005032560613070558
18.75,202.5,6.228417368331205,-0.019444361794366927
18.75,207.5,6.277455847697349,0.029594117571777545
18.75,212.5,6.300210080717989,0.052348350592416715
18.75,217.5,6.287862564442959,0.04000083431738677
18.75,222.5,6.284844656137269,0.036982926011696726
18.75,227.5,6.279042232117064,0.031180501991491916
18.75,232.5,6.242918225924457,-0.004943504201114557
18.75,237.5,6.2129771245233,-0.034884605602272245
18.75,242.5,6.2393855159768465,-0.008476214148725347
18.75,247.5,6.23611945101835,-0.011742279107221698
18.75,252.5,6.237496090752103,-0.010365639373469016
18.75,257.5,6.239915881289635,-0.007945848835936964
18.75,262.5,6.285680275115858,0.03781854499028636
18.75,267.5,6.26381047272063,0.015948742595058185
18.75,272.5,6.238046549162285,-0.009815180963286707
18.75,277.5,6.252165240673051,0.004303510547479128
18.75,282.5,6.231180258447621,-0.016681471677951087
18.75,287.5,6.238612683428955,-0.009249046696616858
18.75,292.5,6.2909973884687185,0.04313565834314659
18.75,297.5,6.263236124930128,0.015374394804555713
18.75,302.5,6.212929540766687,-0.034932189358884536
18.75,307.5,6.204900193264249,-0.042961536861322536
18.75,312.5,6.257285237061352,0.009423506935780424
18.75,317.5,6.283108182882202,0.0352464527566303
18.75,322.5,6.259166845964719,0.011305115839147284
18.75,327.5,6.247396133203917,-0.0004655969216544875
18.75,332.5,6.1430293017730575,-0.10483242835251438
18.75,337.5,6.187410051031738,-0.06045167909383409
18.75,342.5,6.232190992873115,-0.01567073725245649
18.75,347.5,6.244049759750558,-0.0038119703750139067
18.75,352.5,6.241773877879254,-0.006087852246317915
18.75,357.5,6.326791825208691,0.07893009508311888
19.0,2.5,6.355894853747856,0.10803312362228379
19.0,7.5,6.381967634788926,0.13410590466335393
19.0,12.5,6.375568780156177,0.12770705003060545
19.0,17.5,6.3279837000724815,0.08012196994690957
19.0,22.5,6.307786444164063,0.05992471403849109
19.0,27.5,6.338109934108098,0.09024820398252587
19.0,32.5,6.345871193623103,0.09800946349753126
19.0,37.5,6.345896477212223,0.09803474708665139
19.0,42.5,6.302282811058845,0.054421080933273025
19.0,47.5,6.30210938740099,0.05424765727541825
19.0,52.5,6.317237090652165,0.06937536052659343
19.0,57.5,6.31277337319077,0.06491164306519792
19.0,62.5,6.304353176521786,0.056491446396214506
19.0,67.5,6.296338636021449,0.04847690589587739
19.0,72.5,6.292119703675695,0.044257973550123175
19.0,77.5,6.251522826677782,0.0036610965522099193
19.0,82.5,6.246988950919721,-0.0008727792058511596
19.0,87.5,6.279442615449735,0.031580885324163255
19.0,92.5,6.27659981796182,0.028738087836248205
19.0,97.5,6.233615764904686,-0.01424596522088617
19.0,102.5,6.239197380883142,-0.008664349242430092
19.0,107.5,6.223479250318839,-0.024382479806733137
19.0,112.5,6.102982140213492,-0.1448795899120796
19.0,117.5,6.160524215690507,-0.08733751443506499
19.0,122.5,6.142786798351071,-0.10507493177450122
19.0,127.5,6.192716932412465,-0.05514479771310654
19.0,132.5,6.183268280512631,-0.064593449612941
19.0,137.5,6.223302507643089,-0.0245592224824831
19.0,142.5,6.171170694745554,-0.07669103538001831
19.0,147.5,6.204280762360611,-0.04358096776496101
19.0,152.5,6.230393150859416,-0.01746857926615597
19.0,157.5,6.2606293720831845,0.012767641957612597
19.0,162.5,6.257541600554149,0.00967987042857743
19.0,167.5,6.2859787939094565,0.038117063783884575
19.0,172.5,6.3116022908702,0.06374056074462775
19.0,177.5,6.303679042872499,0.05581731274692725
19.0,182.5,6.273522608220553,0.025660878094980966
19.0,187.5,6.317551158009469,0.06968942788389754
19.0,192.5,6.26893018358809,0.021068453462517844
19.0,197.5,6.267105539140049,0.019243809014477087
19.0,202.5,6.264308699539866,0.01644696941429391
19.0,207.5,6.311427145257975,0.06356541513240277
19.0,212.5,6.297507619581928,0.04964588945635651
19.0,217.5,6.282844917465692,0.03498318734011985
19.0,222.5,6.3196566851007745,0.07179495497520261
19.0,227.5,6.2786364548511555,0.030774724725583624
19.0,232.5,6.269581687061118,0.02171995693554596
19.0,237.5,6.2130811293515675,-0.034780600774004355
19.0,242.5,6.247974066505888,0.00011233638031615811
19.0,247.5,6.251647726826894,0.0037859967013220697
19.0,252.5,6.245295855382677,-0.0025658747428947137
19.0,257.5,6.252566576647013,0.004704846521440764
19.0,262.5,6.255473795401378,0.007612065275806046
19.0,267.5,6.25037775569154,0.002516025565967972
19.0,272.5,6.257437312140057,0.009575582014485384
19.0,277.5,6.2420202628199,-0.005841467305671699
19.0,282.5,6.219719701723417,-0.028142028402155184
19.0,287.5,6.2465773114015635,-0.0012844187240084182
19.0,292.5,6.314213977699186,0.06635224757361424
19.0,297.5,6.296796297905265,0.048934567779693516
19.0,302.5,6.220601154140873,-0.02726057598469911
19.0,307.5,6.218074444016615,-0.029787286108956756
19.0,312.5,6.252295406018933,0.004433675893361411
19.0,317.5,6.277673859997527,0.029812129871954696
19.0,322.5,6.241485674091999,-0.00637605603357283
19.0,327.5,6.2322108436720125,-0.015650886453559387
19.0,332.5,6.152101112536373,-0.09576061758919874
19.0,337.5,6.195430248353886,-0.052431481771685995
19.0,342.5,6.253642667611841,0.0057809374862687335
19.0,347.5,6.2476279153201615,-0.0002338148054104039
19.0,352.5,6.2466530111692435,-0.0012087189563283474
19.0,357.5,6.325056289330137,0.07719455920456486
19.25,2.5,6.360770552720153,0.1129088225945809
19.25,7.5,6.3787119694908165,0.13085023936524465
19.25,12.5,6.381896879314424,0.1340351491888523
19.25,17.5,6.358761896331547,0.1109001662059752
19.25,22.5,6.332887963292598,0.08502623316702618
19.25,27.5,6.329182804506392,0.0813210743808197
19.25,32.5,6.330233255151223,0.0823715250256507
19.25,37.5,6.326014735503141,0.07815300537756897
19.25,42.5,6.275114948106385,0.027253217980812927
19.25,47.5,6.303592877429899,0.05573114730432671
19.25,52.5,6.334538095316969,0.08667636519139688
19.25,57.5,6.355884326188741,0.10802259606316955
19.25,62.5,6.299906142240879,0.05204441211530675
19.25,67.5,6.319883747812431,0.07202201768685867
19.25,72.5,6.303693882912106,0.055832152786534195
19.25,77.5,6.309073083693443,0.06121135356787111
19.25,82.5,6.22259366923086,-0.025268060894712008
19.25,87.5,6.283083963907996,0.03522223378242373
19.25,92.5,6.270631765513735,0.022770035388163024
19.25,97.5,6.2228580207654405,-0.02500370936013141
19.25,102.5,6.256997317185599,0.009135587060026928
19.25,107.5,6.210305965093811,-0.037555765031760835
19.25,112.5,6.14697605138189,-0.1008856787436816
19.25,117.5,6.165537087704112,-0.08232464242145987
19.25,122.5,6.147975175677322,-0.09988655444824968
19.25,127.5,6.214912061576192,-0.03294966854937975
19.25,132.5,6.239296018832089,-0.008565711293482714
19.25,137.5,6.2065149004242866,-0.04134682970128534
19.25,142.5,6.1611316606083015,-0.08673006951727036
19.25,147.5,6.190611218711734,-0.05725051141383819
19.25,152.5,6.233806015599853,-0.014055714525718521
19.25,157.5,6.312739339106118,0.06487760898054606
19.25,162.5,6.258672756846534,0.010811026720961792
19.25,167.5,6.242808380995521,-0.005053349130051288
19.25,172.5,6.2795951220533945,0.03173339192782265
19.25,177.5,6.292536287858006,0.04467455773243412
19.25,182.5,6.305050670156937,0.057188940031364766
19.25,187.5,6.332790615357243,0.08492888523167075
19.25,192.5,6.292991895649953,0.045130165524381205
19.25,197.5,6.304691641957521,0.056829911831949076
19.25,202.5,6.256710521901525,0.008848791775952769
19.25,207.5,6.356561614269388,0.10869988414381648
19.25,212.5,6.317034264884915,0.06917253475934348
19.25,217.5,6.270881846764844,0.02302011663927228
19.25,222.5,6.317336496983976,0.06947476685840392
19.25,227.5,6.312449410153186,0.06458768002761417
19.25,232.5,6.260914518463984,0.013052788338412391
19.25,237.5,6.253270816923537,0.005409086797965479
19.25,242.5,6.275101582487284,0.02723985236171167
19.25,247.5,6.2663912499930685,0.018529519867496624
19.25,252.5,6.250736066207177,0.0028743360816054775
19.25,257.5,6.278451991242222,0.030590261116650197
19.25,262.5,6.250685396300796,0.0028236661752236714
19.25,267.5,6.213830485846647,-0.03403124427892479
19.25,272.5,6.228380304478856,-0.019481425646715955
19.25,277.5,6.245302062111926,-0.0025596680136459327
19.25,282.5,6.218947174547811,-0.028914555577761014
19.25,287.5,6.270932586168802,0.02307085604322978
19.25,292.5,6.297620140296919,0.0497584101713473
19.25,297.5,6.292539829287284,0.04467809916171195
19.25,302.5,6.274503105146801,0.026641375021228875
19.25,307.5,6.218208950259784,-0.029652779865787515
19.25,312.5,6.247429721690557,-0.00043200843501445263
19.25,317.5,6.285503004731387,0.037641274605815234
19.25,322.5,6.255957800475338,0.008096070349766116
19.25,327.5,6.231303987478515,-0.01655774264705645
19.25,332.5,6.17914858599404,-0.06871314413153229
19.25,337.5,6.2005240816603875,-0.0473376484651844
19.25,342.5,6.230652416549878,-0.017209313575693663
19.25,347.5,6.2703363418346525,0.022474611709080605
19.25,352.5,6.256085063290446,0.008223333164874447
19.25,357.5,6.305585202011672,0.057723471886100164
19.5,2.5,6.34844346581752,0.10058173569194828
19.5,7.5,6.343031470360182,0.09516974023460989
19.5,12.5,6.38094068899273,0.13307895886715837
19.5,17.5,6.392419365090495,0.14455763496492313
19.5,22.5,6.330232503229926,0.08237077310435392
19.5,27.5,6.305983823329655,0.05812209320408268
19.5,32.5,6.329209701688703,0.08134797156313134
19.5,37.5,6.330650263273643,0.08278853314807133
19.5,42.5,6.303336802918784,0.055475072793211844
19.5,47.5,6.295777624878975,0.04791589475340352
19.5,52.5,6.33626072778239,0.08839899765681825
19.5,57.5,6.368499681527114,0.12063795140154188
19.5,62.5,6.327786363119117,0.0799246329935448
19.5,67.5,6.322701291523234,0.07483956139766246
19.5,72.5,6.325082686297886,0.07722095617231428
19.5,77.5,6.311285036406966,0.06342330628139425
19.5,82.5,6.2142252257069215,-0.033636504418650404
19.5,87.5,6.2674972391480175,0.019635509022445596
19.5,92.5,6.294672693424076,0.04681096329850387
19.5,97.5,6.21872352772067,-0.02913820240490228
19.5,102.5,6.216761550635957,-0.031100179489614632
19.5,107.5,6.237229639106413,-0.01063209101915863
19.5,112.5,6.189740517544426,-0.05812121258114633
19.5,117.5,6.202237297484336,-0.045624432641235835
19.5,122.5,6.15619380386334,-0.09166792626223152
19.5,127.5,6.188114965337165,-0.05974676478840646
19.5,132.5,6.300346972162768,0.0524852420371964
19.5,137.5,6.237602600207493,-0.010259129918078536
19.5,142.5,6.1658951399978426,-0.08196659012772933
19.5,147.5,6.15022778639983,-0.09763394372574208
19.5,152.5,6.251517885101402,0.0036561549758298284
19.5,157.5,6.348792530833106,0.10093080070753402
19.5,162.5,6.35508238767375,0.10722065754817844
19.5,167.5,6.244132718860187,-0.0037290112653849405
19.5,172.5,6.329894787039679,0.08203305691410723
19.5,177.5,6.28703591567653,0.03917418555095775
19.5,182.5,6.340196187848331,0.09233445772275939
19.5,187.5,6.396242765806188,0.14838103568061634
19.5,192.5,6.296038109806579,0.0481763796810073
19.5,197.5,6.307131225589928,0.059269495464356226
19.5,202.5,6.280811668271463,0.03294993814589109
19.5,207.5,6.351034217986916,0.10317248786134403
19.5,212.5,6.3110738826017,0.06321215247612777
19.5,217.5,6.29967851733811,0.05181678721253835
19.5,222.5,6.326372580526008,0.07851085040043593
19.5,227.5,6.291133009551208,0.043271279425636244
19.5,232.5,6.281861097020138,0.03399936689456595
19.5,237.5,6.274686645043571,0.026824914917999543
19.5,242.5,6.276688060117449,0.028826329991876953
19.5,247.5,6.284191780060332,0.036330049934759856
19.5,252.5,6.271100420936402,0.023238690810829965
19.5,257.5,6.265389211402809,0.017527481277237023
19.5,262.5,6.246824737387512,-0.0010369927380597943
19.5,267.5,6.206483265642737,-0.04137846448283522
19.5,272.5,6.218615905239541,-0.029245824886031002
19.5,277.5,6.231324574654677,-0.016537155470895293
19.5,282.5,6.182923340374953,-0.06493838975061905
19.5,287.5,6.26912654828606,0.021264818160488197
19.5,292.5,6.299426150582885,0.051564420457313354
19.5,297.5,6.269211999770398,0.021350269644826447
19.5,302.5,6.281935604596519,0.03407387447094745
19.5,307.5,6.217084910819636,-0.030776819305935454
19.5,312.5,6.223186547906883,-0.02467518221868925
19.5,317.5,6.2686027156513475,0.020740985525775635
19.5,322.5,6.252346526140669,0.004484796015097103
19.5,327.5,6.235553135431698,-0.012308594693873687
19.5,332.5,6.19662668513898,-0.05123504498659148
19.5,337.5,6.211302948180567,-0.03655878194500506
19.5,342.5,6.247874930695809,1.3200570236904241e-05
19.5,347.5,6.283812284046673,0.03595055392110069
19.5,352.5,6.269461670621678,0.02159994049610603
19.5,357.5,6.304850672012774,0.05698894188720249
19.75,2.5,6.336826834269332,0.08896510414376024
19.75,7.5,6.322951992079908,0.07509026195433588
19.75,12.5,6.331644781110541,0.08378305098496952
19.75,17.5,6.3625695916596055,0.11470786153403356
19.75,22.5,6.329287838125996,0.08142610800042416
19.75,27.5,6.320393177764935,0.07253144763936348
19.75,32.5,6.355593986044074,0.10773225591850188
19.75,37.5,6.352854223938758,0.1049924938131861
19.75,42.5,6.330060915565595,0.08219918544002347
19.75,47.5,6.2696886719577725,0.021826941832200575
19.75,52.5,6.335171405673054,0.08730967554748226
19.75,57.5,6.35222040768655,0.10435867756097839
19.75,62.5,6.3507796532629435,0.10291792313737158
19.75,67.5,6.308321626395531,0.0604598962699594
19.75,72.5,6.329025254499154,0.08116352437358199
19.75,77.5,6.320831943281516,0.07297021315594421
19.75,82.5,6.293543465834618,0.04568173570904577
19.75,87.5,6.232961088266856,-0.014900641858716313
19.75,92.5,6.297256360411607,0.0493946302860353
19.75,97.5,6.238181104984133,-0.009680625141438526
19.75,102.5,6.218975146786713,-0.028886583338858962
19.75,107.5,6.257343909288322,0.009482179162749738
19.75,112.5,6.242663966495315,-0.005197763630256702
19.75,117.5,6.228869586980059,-0.01899214314551312
19.75,122.5,6.193414089010256,-0.05444764111531608
19.75,127.5,6.20010937468862,-0.04775235543695189
19.75,132.5,6.205852473576925,-0.04200925654864651
19.75,137.5,6.279868202727837,0.03200647260226486
19.75,142.5,6.182265511751659,-0.06559621837391294
19.75,147.5,6.190765747348085,-0.057095982777487286
19.75,152.5,6.291172883026822,0.04331115290124998
19.75,157.5,6.35640598012135,0.10854424999577805
19.75,162.5,6.327650580268759,0.07978885014318671
19.75,167.5,6.276003860430555,0.028142130304982693
19.75,172.5,6.3717134263018975,0.12385169617632563
19.75,177.5,6.304316358207492,0.056454628081920255
19.75,182.5,6.344831981269096,0.09697025114352442
19.75,187.5,6.39106847598478,0.14320674585920834
19.75,192.5,6.361693075522171,0.11383134539659867
19.75,197.5,6.296681146365927,0.04881941624035502
19.75,202.5,6.303008582788284,0.05514685266271169
19.75,207.5,6.336486977282517,0.08862524715694509
19.75,212.5,6.294819115865608,0.04695738574003627
19.75,217.5,6.297754457227283,0.04989272710171111
19.75,222.5,6.317209234855705,0.06934750473013285
19.75,227.5,6.334384721273837,0.08652299114826523
19.75,232.5,6.296502096558551,0.048640366432978865
19.75,237.5,6.273594379266524,0.02573264914095219
19.75,242.5,6.277121385544796,0.029259655419224373
19.75,247.5,6.294825940517535,0.04696421039196341
19.75,252.5,6.280400386920304,0.03253865679473211
19.75,257.5,6.262543784338682,0.014682054213110085
19.75,262.5,6.2613603789256285,0.013498648800056579
19.75,267.5,6.207478257949344,-0.040383472176228175
19.75,272.5,6.221719626154767,-0.02614210397080452
19.75,277.5,6.220199178298811,-0.027662551826760584
19.75,282.5,6.167426635045164,-0.08043509508040803
19.75,287.5,6.265357601852181,0.01749587172660938
19.75,292.5,6.285774776137312,0.03791304601173984
19.75,297.5,6.26233647483909,0.014474744713518284
19.75,302.5,6.253245102532335,0.005383372406763343
19.75,307.5,6.199402011619199,-0.04845971850637287
19.75,312.5,6.246992188986322,-0.000869541139249641
19.75,317.5,6.261637821098184,0.013776090972611676
19.75,322.5,6.251242814810869,0.0033810846852970755
19.75,327.5,6.247823339173005,-3.839095256719105e-05
19.75,332.5,6.245549551011193,-0.002312179114379198
19.75,337.5,6.2144646984992296,-0.03339703162634233
19.75,342.5,6.283878733680762,0.03601700355519011
19.75,347.5,6.287486999775993,0.039625269650421124
19.75,352.5,6.289837976535938,0.0419762464103659
19.75,357.5,6.330626982697615,0.08276525257204348
20.0,2.5,6.325607455496241,0.07774572537066948
20.0,7.5,6.306537641703999,0.058675911578427
20.0,12.5,6.323724175198764,0.0758624450731924
20.0,17.5,6.343439635620115,0.09557790549454293
20.0,22.5,6.312478084710964,0.06461635458539217
20.0,27.5,6.2952773100236366,0.047415579898064664
20.0,32.5,6.325317608792838,0.07745587866726655
20.0,37.5,6.329033174854024,0.08117144472845172
20.0,42.5,6.302632240576691,0.054770510451119137
20.0,47.5,6.252451084986786,0.0045893548612143675
20.0,52.5,6.334240076389618,0.08637834626404572
20.0,57.5,6.362536920519661,0.11467519039408902
20.0,62.5,6.3348129541778775,0.0869512240523056
20.0,67.5,6.302076999706884,0.054215269581312064
20.0,72.5,6.312261919596271,0.0644001894706987
20.0,77.5,6.300293971782181,0.05243224165660898
20.0,82.5,6.317423313452547,0.06956158332697537
20.0,87.5,6.258548432200792,0.010686702075219934
20.0,92.5,6.302338198891009,0.054476468765437325
20.0,97.5,6.28796636699742,0.040104636871848065
20.0,102.5,6.250742505621958,0.002880775496386434
20.0,107.5,6.266194958948461,0.018333228822888792
20.0,112.5,6.247793051608893,-6.867851667902158e-05
20.0,117.5,6.204583083444567,-0.04327864668100467
20.0,122.5,6.225527174464572,-0.022334555660999733
20.0,127.5,6.233108308820754,-0.014753421304817493
20.0,132.5,6.186923387517063,-0.06093834260850883
20.0,137.5,6.2420587689059355,-0.0058029612196364155
20.0,142.5,6.189983141929164,-0.057878588196407676
20.0,147.5,6.284247091118771,0.036385360993199
20.0,152.5,6.361433485507299,0.11357175538172726
20.0,157.5,6.37108462464314,0.12322289451756774
20.0,162.5,6.367420593126964,0.11955886300139174
20.0,167.5,6.328847972460695,0.08098624233512286
20.0,172.5,6.300642245851567,0.052780515725995514
20.0,177.5,6.306348181564569,0.058486451438997555
20.0,182.5,6.3540445546353395,0.10618282450976757
20.0,187.5,6.4136881652982005,0.16582643517262863
20.0,192.5,6.379997203766236,0.13213547364066436
20.0,197.5,6.3003353700857785,0.0524736399602066
20.0,202.5,6.310756619100353,0.0628948889747809
20.0,207.5,6.3484537520905,0.10059202196492834
20.0,212.5,6.291406489788582,0.043544759663010524
20.0,217.5,6.283438855294825,0.03557712516925271
20.0,222.5,6.315906849698864,0.06804511957329229
20.0,227.5,6.334563723515018,0.08670199338944595
20.0,232.5,6.310641496773785,0.06277976664821328
20.0,237.5,6.272662456346187,0.024800726220615132
20.0,242.5,6.27306334311068,0.025201612985108035
20.0,247.5,6.305621919108944,0.057760188983372096
20.0,252.5,6.308954177907122,0.061092447781549986
20.0,257.5,6.2822977859561195,0.03443605583054765
20.0,262.5,6.2913644128589015,0.04350268273332958
20.0,267.5,6.224477920237643,-0.023383809887929097
20.0,272.5,6.23228626187556,-0.015575468250012214
20.0,277.5,6.221497543151239,-0.02636418697433296
20.0,282.5,6.195117114293768,-0.0527446158318039
20.0,287.5,6.21918756535786,-0.028674164767712007
20.0,292.5,6.26730592987131,0.01944419974573819
20.0,297.5,6.22885450309474,-0.019007227030831686
20.0,302.5,6.1928723237194,-0.05498940640617178
20.0,307.5,6.2104926970801895,-0.037369033045382416
20.0,312.5,6.250855606601056,0.002993876475484214
20.0,317.5,6.259010066214183,0.011148336088611543
20.0,322.5,6.231301666352655,-0.016560063772916855
20.0,327.5,6.269792351372705,0.021930621247133075
20.0,332.5,6.250562932603401,0.0027012024778292343
20.0,337.5,6.224457744904762,-0.023403985220809886
20.0,342.5,6.303684797192002,0.05582306706642992
20.0,347.5,6.298297555894711,0.05043582576913952
20.0,352.5,6.287654104126482,0.03979237400091051
20.0,357.5,6.32721561654845,0.07935388642287844
20.25,2.5,6.3104051386724676,0.06254340854689566
20.25,7.5,6.300576617628427,0.052714887502855134
20.25,12.5,6.306347848445171,0.05848611831959882
20.25,17.5,6.327932740066653,0.08007100994108107
20.25,22.5,6.324324108662143,0.07646237853657123
20.25,27.5,6.295243030251873,0.04738130012630126
20.25,32.5,6.329334625128556,0.08147289500298438
20.25,37.5,6.3188494560662605,0.07098772594068858
20.25,42.5,6.274248578387953,0.026386848262380802
20.25,47.5,6.259535561559915,0.011673831434342752
20.25,52.5,6.313860827258674,0.06599909713310215
20.25,57.5,6.361717322352913,0.11385559222734098
20.25,62.5,6.3165961676585995,0.06873443753302766
20.25,67.5,6.3076429893678965,0.05978125924232458
20.25,72.5,6.305901975812672,0.05804024568710009
20.25,77.5,6.28452998995318,0.03666825982760802
20.25,82.5,6.319358450108614,0.07149671998304186
20.25,87.5,6.281179614908832,0.033317884783260254
20.25,92.5,6.30672299804009,0.0588612679145184
20.25,97.5,6.269192436673979,0.021330706548407186
20.25,102.5,6.275204636506428,0.02734290638085568
20.25,107.5,6.292108110700882,0.04424638057531016
20.25,112.5,6.210099677735321,-0.0377620523902511
20.25,117.5,6.205125225891559,-0.04273650423401332
20.25,122.5,6.250563262951115,0.0027015328255428628
20.25,127.5,6.22248409317846,-0.025377636947111704
20.25,132.5,6.22248650313486,-0.02537522699071193
20.25,137.5,6.225520688153501,-0.022341041972071096
20.25,142.5,6.164383465571571,-0.08347826455400131
20.25,147.5,6.2682509723752995,0.0203892422497276
20.25,152.5,6.301501414295469,0.05363968416989717
20.25,157.5,6.333228972919782,0.08536724279421026
20.25,162.5,6.388499797631883,0.1406380675063108
20.25,167.5,6.333043032200683,0.0851813020751111
20.25,172.5,6.31232041893326,0.06445868880768835
20.25,177.5,6.338937732640123,0.09107600251455139
20.25,182.5,6.387075385336283,0.13921365521071127
20.25,187.5,6.376863870685164,0.12900214055959225
20.25,192.5,6.37721847995319,0.12935674982761824
20.25,197.5,6.342239022740368,0.0943772926147961
20.25,202.5,6.272890285854999,0.02502855572942675
20.25,207.5,6.3523805144593535,0.10451878433378159
20.25,212.5,6.3047330611490375,0.05687133102346564
20.25,217.5,6.28787419289354,0.04001246276796788
20.25,222.5,6.29813648973829,0.050274759612718434
20.25,227.5,6.300837465309842,0.0529757351842699
20.25,232.5,6.30209667075941,0.05423494063383849
20.25,237.5,6.267170504040328,0.01930877391475594
20.25,242.5,6.300661460994498,0.05279973086892653
20.25,247.5,6.30163946618035,0.0537777360547782
20.25,252.5,6.291800557222414,0.04393882709684238
20.25,257.5,6.266104809837549,0.018243079711977472
20.25,262.5,6.3137767423754,0.06591501224982821
20.25,267.5,6.271861126888405,0.023999396762833136
20.25,272.5,6.247976585101519,0.00011485497594687644
20.25,277.5,6.230165097600437,-0.017696632525135314
20.25,282.5,6.2339088724427265,-0.013952857682845377
20.25,287.5,6.231464622048687,-0.01639710807688477
20.25,292.5,6.256064794548478,0.008203064422906081
20.25,297.5,6.241643774129486,-0.006217955996086211
20.25,302.5,6.183463310332684,-0.06439841979288818
20.25,307.5,6.2128001109881,-0.035061619137471745
20.25,312.5,6.261592363249633,0.01373063312406142
20.25,317.5,6.249066246392427,0.001204516266855471
20.25,322.5,6.235369285752222,-0.01249244437334962
20.25,327.5,6.263451199817082,0.015589469691509983
20.25,332.5,6.254271527579163,0.006409797453590826
20.25,337.5,6.229518394465581,-0.018343335659991133
20.25,342.5,6.299710152863229,0.051848422737656996
20.25,347.5,6.296973954037607,0.049112223912034736
20.25,352.5,6.300531538867872,0.05266980874230054
20.25,357.5,6.286811163710001,0.03894943358442937
20.5,2.5,6.30632824038371,0.058466510258138094
20.5,7.5,6.299106660436618,0.05124493031104649
20.5,12.5,6.2728348809147345,0.024973150789162624
20.5,17.5,6.313116929707887,0.06525519958231474
20.5,22.5,6.313736205904984,0.0658744757794123
20.5,27.5,6.290583165311473,0.04272143518590088
20.5,32.5,6.318545907882187,0.07068417775661473
20.5,37.5,6.289912637299136,0.04205090717356441
20.5,42.5,6.260541640549754,0.012679910424181706
20.5,47.5,6.227973956532023,-0.019887773593548985
20.5,52.5,6.310234054029846,0.06237232390427394
20.5,57.5,6.321415771171601,0.07355404104602936
20.5,62.5,6.292809005474869,0.04494727534929677
20.5,67.5,6.25166487985332,0.0038031497277479787
20.5,72.5,6.312017680998938,0.06415595087336623
20.5,77.5,6.270607682001316,0.02274595187574402
20.5,82.5,6.286921450133457,0.03905972000788527
20.5,87.5,6.2879683744545884,0.04010664432901656
20.5,92.5,6.300075560369955,0.05221383024438353
20.5,97.5,6.248738927429269,0.0008771973036969527
20.5,102.5,6.27496454348622,0.027102813360648348
20.5,107.5,6.286367707161004,0.038505977035431904
20.5,112.5,6.239092238325095,-0.008769491800476814
20.5,117.5,6.207392617465931,-0.040469112659640594
20.5,122.5,6.225458760276522,-0.022402969849049548
20.5,127.5,6.216601963268178,-0.031259766857393956
20.5,132.5,6.244899469735646,-0.0029622603899257527
20.5,137.5,6.273486768752725,0.02562503862715282
20.5,142.5,6.171043653615822,-0.07681807650974992
20.5,147.5,6.240103296789249,-0.0077584333363232005
20.5,152.5,6.276705450889043,0.028843720763471303
20.5,157.5,6.330860493352738,0.08299876322716582
20.5,162.5,6.367031866112156,0.11917013598658421
20.5,167.5,6.354396164459564,0.10653443433399179
20.5,172.5,6.367147477492322,0.11928574736675035
20.5,177.5,6.350908818868677,0.10304708874310542
20.5,182.5,6.376163891872977,0.12830216174740539
20.5,187.5,6.349088039735354,0.10122630960978185
20.5,192.5,6.361138709479663,0.11327697935409109
20.5,197.5,6.308836024125663,0.0609742940000908
20.5,202.5,6.257166553157204,0.009304823031632381
20.5,207.5,6.337560420791375,0.08969869066580305
20.5,212.5,6.320369998368127,0.0725082682425553
20.5,217.5,6.297571773824524,0.049710043698952155
20.5,222.5,6.32171150058904,0.07384977046346819
20.5,227.5,6.291548126217677,0.043686396092105007
20.5,232.5,6.285352437653733,0.037490707528161415
20.5,237.5,6.267335456710814,0.019473726585242268
20.5,242.5,6.312740467874825,0.06487873774925301
20.5,247.5,6.295565902621751,0.04770417249617953
20.5,252.5,6.254251243016176,0.006389512890604188
20.5,257.5,6.247661139142614,-0.0002005909829581043
20.5,262.5,6.26551859668689,0.017656866561318374
20.5,267.5,6.237040781421767,-0.010820948703805122
20.5,272.5,6.26263541352141,0.01477368339583851
20.5,277.5,6.257797354812212,0.009935624686639777
20.5,282.5,6.250711280632748,0.0028495505071761684
20.5,287.5,6.246501661687878,-0.0013600684376937622
20.5,292.5,6.314415954696861,0.06655422457128868
20.5,297.5,6.281088922891521,0.0332271927659491
20.5,302.5,6.206782391010424,-0.04107933911514827
20.5,307.5,6.2387957439837916,-0.009065986141780336
20.5,312.5,6.262738543014272,0.014876812888700464
20.5,317.5,6.247741152628604,-0.00012057749696747777
20.5,322.5,6.2406601801473105,-0.00720154997826139
20.5,327.5,6.233208575038757,-0.014653155086814529
20.5,332.5,6.249520181340241,0.001658451214669121
20.5,337.5,6.239608754381917,-0.008252975743654467
20.5,342.5,6.279365543284172,0.03150381315859985
20.5,347.5,6.283261491463543,0.03539976133797129
20.5,352.5,6.286552060638815,0.03869033051324333
20.5,357.5,6.275377923952869,0.027516193827296753
20.75,2.5,6.312759562230615,0.06489783210504285
20.75,7.5,6.2914868621857085,0.04362513206013663
20.75,12.5,6.268322002568523,0.02046027244295079
20.75,17.5,6.304528190240411,0.056666460114839445
20.75,22.5,6.297612263892373,0.04975053376680094
20.75,27.5,6.269032104546575,0.021170374421003224
20.75,32.5,6.310260920246488,0.06239919012091644
20.75,37.5,6.29125468358359,0.04339295345801819
20.75,42.5,6.231881466733084,-0.015980263392488148
20.75,47.5,6.215409915842441,-0.03245181428313071
20.75,52.5,6.295293940575331,0.04743221044975954
20.75,57.5,6.316092118094764,0.06823038796919167
20.75,62.5,6.274349874860932,0.02648814473536021
20.75,67.5,6.240982971652683,-0.006878758472889324
20.75,72.5,6.273482653359406,0.025620923233834247
20.75,77.5,6.266484399580561,0.018622669454988916
20.75,82.5,6.263432572090204,0.015570841964632542
20.75,87.5,6.24819970591587,0.00033797579029837266
20.75,92.5,6.286887796697136,0.039026066571564044
20.75,97.5,6.2252211535888105,-0.022640576536761436
20.75,102.5,6.262539935257037,0.014678205131464672
20.75,107.5,6.281414080618521,0.03355235049294869
20.75,112.5,6.282877315836474,0.035015585710902464
20.75,117.5,6.227533403106925,-0.020328327018646952
20.75,122.5,6.203148321017967,-0.04471340910760446
20.75,127.5,6.2317939963208655,-0.016067733804706386
20.75,132.5,6.215603955719411,-0.032257774406160955
20.75,137.5,6.278614175390018,0.030752445264446315
20.75,142.5,6.266075525829151,0.01821379570357884
20.75,147.5,6.259704936441845,0.011843206316273225
20.75,152.5,6.246528887572058,-0.0013328425535137356
20.75,157.5,6.462741678520895,0.21487994839532298
20.75,162.5,6.3804454786850595,0.13258374855948762
20.75,167.5,6.3348930614792245,0.0870313313536526
20.75,172.5,6.338378070013029,0.09051633988745689
20.75,177.5,6.347798809300305,0.09993707917473316
20.75,182.5,6.357094896457806,0.1092331663322339
20.75,187.5,6.324664592279881,0.07680286215430954
20.75,192.5,6.341971345239354,0.09410961511378169
20.75,197.5,6.27120593399805,0.02334420387247782
20.75,202.5,6.253221672563049,0.005359942437476839
20.75,207.5,6.28882801798596,0.04096628786038803
20.75,212.5,6.327594191622071,0.07973246149649871
20.75,217.5,6.299500858609264,0.0516391284836919
20.75,222.5,6.317607769902459,0.06974603977688698
20.75,227.5,6.277335362784241,0.02947363265866887
20.75,232.5,6.278704226594331,0.03084249646875925
20.75,237.5,6.276091149918916,0.028229419793343702
20.75,242.5,6.302559356182367,0.054697626056794846
20.75,247.5,6.2883183701404475,0.04045664001487559
20.75,252.5,6.251571096038954,0.003709365913382001
20.75,257.5,6.269371236291959,0.021509506166387027
20.75,262.5,6.253367173745403,0.005505443619830963
20.75,267.5,6.216710302064069,-0.03115142806150306
20.75,272.5,6.251206231976926,0.0033445018513544866
20.75,277.5,6.2561030620906175,0.008241331965045617
20.75,282.5,6.225457732498401,-0.022403997627170824
20.75,287.5,6.231870844753626,-0.01599088537194593
20.75,292.5,6.332812415823698,0.08495068569812592
20.75,297.5,6.275351236735302,0.027489506609730263
20.75,302.5,6.1978966006004095,-0.04996512952516241
20.75,307.5,6.252664041267682,0.0048023111421100495
20.75,312.5,6.245086704299146,-0.0027750258264260808
20.75,317.5,6.258080010806054,0.010218280680482472
20.75,322.5,6.26748894338216,0.019627213256588227
20.75,327.5,6.208061677606697,-0.039800052518875084
20.75,332.5,6.201436851186678,-0.04642487893889413
20.75,337.5,6.241153247983031,-0.006708482142540717
20.75,342.5,6.254281702499004,0.006419972373431726
20.75,347.5,6.281203285574993,0.033341555449420746
20.75,352.5,6.242096478111707,-0.00576525201386513
20.75,357.5,6.287634262080855,0.03977253195528352
21.0,2.5,6.324648347846534,0.07678661772096174
21.0,7.5,6.288790030146509,0.04092830002093706
21.0,12.5,6.288520274172069,0.04065854404649727
21.0,17.5,6.307419885034104,0.059558154908532224
21.0,22.5,6.290510151485186,0.04264842135961455
21.0,27.5,6.27109992236733,0.023238192241757716
21.0,32.5,6.308810956328188,0.06094922620261567
21.0,37.5,6.313051519823803,0.06518978969823142
21.0,42.5,6.260113573079322,0.01225184295375037
21.0,47.5,6.286338089423796,0.03847635929822424
21.0,52.5,6.293348459418853,0.045486729293281236
21.0,57.5,6.313331688613586,0.06546995848801451
21.0,62.5,6.247671925246099,-0.00018980487947306557
21.0,67.5,6.23952893557824,-0.008332794547332156
21.0,72.5,6.28636617328185,0.038504443156278434
21.0,77.5,6.254974514516121,0.007112784390549187
21.0,82.5,6.2421047761604855,-0.005756953965086353
21.0,87.5,6.241323902144417,-0.0065378279811545426
21.0,92.5,6.277721720251273,0.029859990125701508
21.0,97.5,6.217598180649187,-0.030263549476384988
21.0,102.5,6.199094387562183,-0.04876734256338899
21.0,107.5,6.309174674327913,0.061312944202341235
21.0,112.5,6.256929015193723,0.009067285068151243
21.0,117.5,6.240811095055594,-0.0070506350699774956
21.0,122.5,6.200475488843364,-0.04738624128220792
21.0,127.5,6.248642298872393,0.0007805687468209754
21.0,132.5,6.226515602974333,-0.02134612715123918
21.0,137.5,6.274725863372318,0.026864133246745858
21.0,142.5,6.293563155911785,0.045701425786212724
21.0,147.5,6.29395353397445,0.04609180384887779
21.0,152.5,6.265432060834513,0.017570330708941206
21.0,157.5,6.408450296522846,0.1605885663972737
21.0,162.5,6.380606166592063,0.13274443646649114
21.0,167.5,6.311810336023666,0.06394860589809426
21.0,172.5,6.3118225906571945,0.06396086053162264
21.0,177.5,6.331010071773727,0.08314834164815554
21.0,182.5,6.354656170146964,0.10679444002139249
21.0,187.5,6.36331402420888,0.11545229408330826
21.0,192.5,6.346810473699236,0.09894874357366401
21.0,197.5,6.292113318175204,0.04425158804963214
21.0,202.5,6.293090789129725,0.04522905900415353
21.0,207.5,6.2958176463153315,0.047955916189759584
21.0,212.5,6.354238319190138,0.10637658906456604
21.0,217.5,6.307594124361939,0.05973239423636745
21.0,222.5,6.329429486508607,0.08156775638303504
21.0,227.5,6.279415389433893,0.031553659308321436
21.0,232.5,6.259793376700366,0.011931646574794286
21.0,237.5,6.278554075421105,0.030692345295532775
21.0,242.5,6.324116918523259,0.07625518839768741
21.0,247.5,6.275792875685129,0.027931145559557002
21.0,252.5,6.25058257081036,0.002720840684788506
21.0,257.5,6.29189233411313,0.04403060398755798
21.0,262.5,6.238206398406885,-0.00965533171868671
21.0,267.5,6.227907577509589,-0.01995415261598321
21.0,272.5,6.225692842451192,-0.022168887674379967
21.0,277.5,6.234175719149094,-0.013686010976478258
21.0,282.5,6.19695364175522,-0.050908088370351656
21.0,287.5,6.193394303058247,-0.054467427067325325
21.0,292.5,6.267130871017194,0.01926914089162235
21.0,297.5,6.2455144346538916,-0.002347295471680333
21.0,302.5,6.195148573416838,-0.05271315670873378
21.0,307.5,6.245528203475907,-0.0023335266496644635
21.0,312.5,6.2484223383368,0.0005606082112281641
21.0,317.5,6.250229171423696,0.002367441298123829
21.0,322.5,6.253494829438566,0.005633099312993828
21.0,327.5,6.231183381886181,-0.01667834823939085
21.0,332.5,6.200083559773389,-0.047778170352183125
21.0,337.5,6.237821002349215,-0.010040727776356562
21.0,342.5,6.2585943923469305,0.010732662221358602
21.0,347.5,6.285190151927094,0.03732842180152218
21.0,352.5,6.251246734532678,0.003385004407106429
21.0,357.5,6.270914341270815,0.023052611145242707
21.25,2.5,6.330800684537914,0.08293895441234245
21.25,7.5,6.331376608543622,0.08351487841805039
21.25,12.5,6.342665095339992,0.09480336521442023
21.25,17.5,6.338799314305081,0.09093758417950948
21.25,22.5,6.30423394116696,0.056372211041388454
21.25,27.5,6.301301019843522,0.05343928971795009
21.25,32.5,6.320452929893013,0.07259119976744088
21.25,37.5,6.324874042261316,0.07701231213574378
21.25,42.5,6.280321247222544,0.0324595170969717
21.25,47.5,6.288442339611576,0.04058060948600417
21.25,52.5,6.312468346934956,0.0646066168093844
21.25,57.5,6.307156579563449,0.059294849437876884
21.25,62.5,6.233428136240039,-0.014433593885533114
21.25,67.5,6.225961230629425,-0.02190049949614714
21.25,72.5,6.291784778914678,0.04392304878910647
21.25,77.5,6.260878352812232,0.013016622686659929
21.25,82.5,6.220187644083617,-0.027674086041955093
21.25,87.5,6.229217979437377,-0.018643750688195126
21.25,92.5,6.265316155289778,0.017454425164205922
21.25,97.5,6.2113949429303865,-0.03646678719518537
21.25,102.5,6.19888171789381,-0.04898001223176163
21.25,107.5,6.33789801947074,0.09003628934516783
21.25,112.5,6.291038995922987,0.04317726579741521
21.25,117.5,6.22726179073001,-0.02059993939556204
21.25,122.5,6.205143656159789,-0.042718073965782644
21.25,127.5,6.2104621588052495,-0.037399571320322345
21.25,132.5,6.2343891133490335,-0.013472616776538437
21.25,137.5,6.23110787007476,-0.016753860050811475
21.25,142.5,6.265154288182485,0.017292558056912988
21.25,147.5,6.281052245360335,0.033190515234762685
21.25,152.5,6.287483391958014,0.039621661832442534
21.25,157.5,6.3993632448058015,0.15150151468022965
21.25,162.5,6.379113800627662,0.1312520705020903
21.25,167.5,6.321515797144855,0.0736540670192829
21.25,172.5,6.300694749909712,0.052833019784140234
21.25,177.5,6.357871063125865,0.11000933300029292
21.25,182.5,6.310316808151673,0.06245507802610106
21.25,187.5,6.3856374686760375,0.13777573855046565
21.25,192.5,6.331233956589182,0.08337222646361031
21.25,197.5,6.294494371875668,0.046632641750096404
21.25,202.5,6.31440129600392,0.0665395658783483
21.25,207.5,6.325420729598596,0.07755899947302414
21.25,212.5,6.35826124339596,0.1103995132703881
21.25,217.5,6.312612135814694,0.06475040568912238
21.25,222.5,6.335791618378947,0.08792988825337478
21.25,227.5,6.282810760358461,0.0349490302328892
21.25,232.5,6.238075268159661,-0.009786461965910931
21.25,237.5,6.278516261958692,0.030654531833119947
21.25,242.5,6.327225905165966,0.07936417504039373
21.25,247.5,6.288401726662212,0.040539996536639755
21.25,252.5,6.238582499376338,-0.009279230749234202
21.25,257.5,6.256258777388901,0.008397047263328794
21.25,262.5,6.257644634295924,0.009782904170352325
21.25,267.5,6.226208862406302,-0.02165286771927022
21.25,272.5,6.2190398491155365,-0.028821881010035355
21.25,277.5,6.235634719541039,-0.012227010584532572
21.25,282.5,6.216225725754245,-0.031636004371327076
21.25,287.5,6.189443669602272,-0.058418060523299786
21.25,292.5,6.259954612472129,0.0120928823465567
21.25,297.5,6.2243280491922786,-0.023533680933293333
21.25,302.5,6.1644000815331825,-0.08346164859238936
21.25,307.5,6.251774310746528,0.003912580620956341
21.25,312.5,6.194024820232729,-0.05383690989284329
21.25,317.5,6.239951839026051,-0.007909891099521005
21.25,322.5,6.213340782398568,-0.03452094772700409
21.25,327.5,6.23099834159335,-0.016863388532222245
21.25,332.5,6.195171095592616,-0.05269063453295608
21.25,337.5,6.226443367399625,-0.02141836272594677
21.25,342.5,6.26777463423118,0.019912904105607865
21.25,347.5,6.2820191692434095,0.03415743911783764
21.25,352.5,6.258615405446372,0.010753675320800404
21.25,357.5,6.278548459860555,0.030686729734982876
21.5,2.5,6.336688866903121,0.0888271367775495
21.5,7.5,6.351759802044617,0.10389807191904499
21.5,12.5,6.371837721419614,0.12397599129404213
21.5,17.5,6.356854780690789,0.1089930505652168
21.5,22.5,6.345047552295765,0.09718582217019289
21.5,27.5,6.329419243463226,0.08155751333765426
21.5,32.5,6.338975056805881,0.09111332668030947
21.5,37.5,6.3263654669324545,0.0785037368068826
21.5,42.5,6.275661091851774,0.027799361726201788
21.5,47.5,6.31254018521111,0.06467845508553793
21.5,52.5,6.313747995111405,0.06588626498583317
21.5,57.5,6.292655561272113,0.04479383114654123
21.5,62.5,6.2372885605199855,-0.010573169605586408
21.5,67.5,6.228161141148496,-0.019700588977076272
21.5,72.5,6.2953589377014865,0.04749720757591458
21.5,77.5,6.262211810714644,0.014350080589071723
21.5,82.5,6.217707967407076,-0.03015376271849579
21.5,87.5,6.211587290835468,-0.036274439290103544
21.5,92.5,6.243049467955325,-0.004812262170246662
21.5,97.5,6.25591136522365,0.008049635098077879
21.5,102.5,6.21506687485705,-0.03279485526852177
21.5,107.5,6.302057640494304,0.05419591036873239
21.5,112.5,6.284286305333947,0.03642457520837539
21.5,117.5,6.1831550592144096,-0.06470667091116233
21.5,122.5,6.217116081771887,-0.030745648353684984
21.5,127.5,6.236850454970913,-0.01101127515465894
21.5,132.5,6.23114545200496,-0.016716278120611605
21.5,137.5,6.197920847643532,-0.04994088248203976
21.5,142.5,6.2291438634361,-0.01871786668947184
21.5,147.5,6.263877034421963,0.016015304296391086
21.5,152.5,6.318125233705531,0.07026350357995881
21.5,157.5,6.384759173329029,0.13689744320345731
21.5,162.5,6.380750335750394,0.13288860562482174
21.5,167.5,6.314873000331472,0.06701127020590025
21.5,172.5,6.342253126989136,0.09439139686356413
21.5,177.5,6.339481516902528,0.09161978677695615
21.5,182.5,6.32714056311449,0.07927883298891825
21.5,187.5,6.326472663490835,0.0786109333652627
21.5,192.5,6.3130277938574135,0.06516606373184164
21.5,197.5,6.28345267698651,0.03559094686093811
21.5,202.5,6.302209611465309,0.054347881339737114
21.5,207.5,6.311849590369937,0.06398786024436554
21.5,212.5,6.3453672660835165,0.09750553595794464
21.5,217.5,6.312682114699355,0.0648203845737827
21.5,222.5,6.335293772251717,0.08743204212614497
21.5,227.5,6.328963280021858,0.08110154989628615
21.5,232.5,6.257804166095039,0.009942435969467311
21.5,237.5,6.264322043450791,0.016460313325219467
21.5,242.5,6.326755166775688,0.07889343665011594
21.5,247.5,6.284016254410258,0.036154524284685685
21.5,252.5,6.238981040822764,-0.008880689302808165
21.5,257.5,6.279392610320853,0.031530880195281163
21.5,262.5,6.246476402799901,-0.0013853273256705378
21.5,267.5,6.218238445013643,-0.029623285111928688
21.5,272.5,6.210085692337586,-0.037776037787986105
21.5,277.5,6.227511221359445,-0.02035050876612665
21.5,282.5,6.244350589359552,-0.0035111407660197713
21.5,287.5,6.211620057098829,-0.03624167302674319
21.5,292.5,6.276043878612211,0.028182148486639136
21.5,297.5,6.215471017089694,-0.032390713035877816
21.5,302.5,6.16297334834616,-0.08488838177941194
21.5,307.5,6.235388863347545,-0.012472866778026948
21.5,312.5,6.177600332545608,-0.07026139757996397
21.5,317.5,6.21865217647469,-0.02920955365088229
21.5,322.5,6.217409352771786,-0.03045237735378592
21.5,327.5,6.197229697671089,-0.05063203245448289
21.5,332.5,6.184646904139083,-0.06321482598648931
21.5,337.5,6.239347122255043,-0.008514607870528934
21.5,342.5,6.270920885815935,0.023059155690362765
21.5,347.5,6.262076319476305,0.014214589350733497
21.5,352.5,6.279059120791261,0.03119739066568883
21.5,357.5,6.309813159300002,0.06195142917442986
21.75,2.5,6.358128363094773,0.1102666329692008
21.75,7.5,6.372566585909549,0.12470485578397739
21.75,12.5,6.380719851013397,0.13285812088782478
21.75,17.5,6.393796269863341,0.1459345397377687
21.75,22.5,6.37188333234006,0.12402160221448799
21.75,27.5,6.36273249047753,0.11487076035195809
21.75,32.5,6.354159668596517,0.10629793847094504
21.75,37.5,6.369735785410807,0.1218740552852351
21.75,42.5,6.308359076583289,0.06049734645771743
21.75,47.5,6.3312937947833365,0.08343206465776465
21.75,52.5,6.309797065310569,0.061935335184997165
21.75,57.5,6.314119830925565,0.06625810079999273
21.75,62.5,6.250129417380851,0.0022676872552791494
21.75,67.5,6.232614619306364,-0.015247110819207599
21.75,72.5,6.290862165010187,0.04300043488461469
21.75,77.5,6.2258922062964235,-0.021969523829148407
21.75,82.5,6.218935589894894,-0.028926140230677966
21.75,87.5,6.208402190578684,-0.03945953954688797
21.75,92.5,6.246400388887581,-0.0014613412379906876
21.75,97.5,6.259760498663552,0.011898768537980331
21.75,102.5,6.249315625562342,0.0014538954367697698
21.75,107.5,6.261159921157559,0.013298191031987372
21.75,112.5,6.264385378781327,0.016523648655755174
21.75,117.5,6.170749551259429,-0.07711217886614286
21.75,122.5,6.205760008352902,-0.0421017217726698
21.75,127.5,6.2214131012950755,-0.026448628830496368
21.75,132.5,6.227742990683481,-0.02011873944209075
21.75,137.5,6.205967471676625,-0.041894258448946786
21.75,142.5,6.197137106538227,-0.050724623587345086
21.75,147.5,6.246719296428955,-0.00114243369661704
21.75,152.5,6.346840513473352,0.09897878334778021
21.75,157.5,6.3804611813824215,0.13259945125684958
21.75,162.5,6.38801844724043,0.14015671711485833
21.75,167.5,6.295615819330066,0.047754089204493866
21.75,172.5,6.35696387067328,0.10910214054770773
21.75,177.5,6.292549260292262,0.044687530166689804
21.75,182.5,6.316378554863323,0.06851682473775078
21.75,187.5,6.318641874980104,0.07078014485453199
21.75,192.5,6.297711814744881,0.049850084619309065
21.75,197.5,6.240537904245228,-0.0073238258803440814
21.75,202.5,6.278348501853266,0.030486771727693984
21.75,207.5,6.314896792258244,0.06703506213267207
21.75,212.5,6.34839049245393,0.10052876232835839
21.75,217.5,6.289500765807333,0.04163903568176153
21.75,222.5,6.322862928177534,0.07500119805196181
21.75,227.5,6.329052876870991,0.08119114674541894
21.75,232.5,6.232179057536431,-0.0156826725891408
21.75,237.5,6.273341182560507,0.025479452434935546
21.75,242.5,6.310225047641474,0.06236331751590196
21.75,247.5,6.27979553926771,0.031933809142137726
21.75,252.5,6.239811303577445,-0.008050426548126488
21.75,257.5,6.2600640911966305,0.012202361071058654
21.75,262.5,6.241013033174829,-0.006848696950743083
21.75,267.5,6.224651664436956,-0.023210065688616055
21.75,272.5,6.218604708261287,-0.029257021864284916
21.75,277.5,6.245864090663703,-0.0019976394618685944
21.75,282.5,6.224548352815184,-0.023313377310388184
21.75,287.5,6.233903552887385,-0.013958177238186487
21.75,292.5,6.273065912199096,0.025204182073523818
21.75,297.5,6.213648882448762,-0.034212847676809766
21.75,302.5,6.1498619933222365,-0.0979997368033354
21.75,307.5,6.184880419753701,-0.06298131037187105
21.75,312.5,6.261833643867409,0.013971913741837483
21.75,317.5,6.1936868158143294,-0.05417491431124244
21.75,322.5,6.230146850562512,-0.017714879563059505
21.75,327.5,6.192131036941763,-0.05573069318380863
21.75,332.5,6.177256522769961,-0.07060520735561049
21.75,337.5,6.232237080258123,-0.015624649867448603
21.75,342.5,6.265600393186217,0.017738663060645088
21.75,347.5,6.264261129714861,0.016399399589289487
21.75,352.5,6.284975359651936,0.0371136295263641
21.75,357.5,6.340583147893587,0.0927214177680149
22.0,2.5,6.388664590883619,0.14080286075804693
22.0,7.5,6.3782814526642575,0.1304197225386856
22.0,12.5,6.376852577608041,0.12899084748246903
22.0,17.5,6.417074108280943,0.16921237815537093
22.0,22.5,6.391263389435657,0.14340165931008553
22.0,27.5,6.3612815517544385,0.11341982162886666
22.0,32.5,6.360089668940644,0.11222793881507176
22.0,37.5,6.377663690050828,0.12980195992525623
22.0,42.5,6.337102033872101,0.08924030374652947
22.0,47.5,6.3314216944447175,0.08355996431914559
22.0,52.5,6.311603931913741,0.0637422017881688
22.0,57.5,6.306314406231143,0.05845267610557148
22.0,62.5,6.2882046724480345,0.040342942322462605
22.0,67.5,6.268892701012167,0.02103097088659478
22.0,72.5,6.286316021819185,0.03845429169361303
22.0,77.5,6.227772955351338,-0.020088774774233542
22.0,82.5,6.209032818358732,-0.03882891176683945
22.0,87.5,6.200172896994399,-0.04768883313117289
22.0,92.5,6.259115932785832,0.011254202660260226
22.0,97.5,6.234565921334777,-0.013295808790794617
22.0,102.5,6.225862592645484,-0.02199913748008786
22.0,107.5,6.287159911130348,0.03929818100477611
22.0,112.5,6.217059056236766,-0.030802673888805643
22.0,117.5,6.173389722866637,-0.07447200725893488
22.0,122.5,6.1951351238371295,-0.05272660628844239
22.0,127.5,6.21728546616688,-0.030576263958692174
22.0,132.5,6.218054444104158,-0.02980728602141358
22.0,137.5,6.235410652819358,-0.012451077306214309
22.0,142.5,6.217029393204631,-0.030832336920941117
22.0,147.5,6.276028806016828,0.028167075891255777
22.0,152.5,6.327848117376284,0.07998638725071228
22.0,157.5,6.375326050406462,0.1274643202808905
22.0,162.5,6.367437862596038,0.11957613247046606
22.0,167.5,6.327328633315119,0.07946690318954719
22.0,172.5,6.3646299922117375,0.11676826208616564
22.0,177.5,6.340310884461326,0.09244915433575418
22.0,182.5,6.316195980216587,0.06833425009101468
22.0,187.5,6.328794051096574,0.08093232097100245
22.0,192.5,6.322828794577022,0.0749670644514504
22.0,197.5,6.255058769623238,0.007197039497666147
22.0,202.5,6.269176947532297,0.02131521740672504
22.0,207.5,6.330857529329501,0.08299579920392919
22.0,212.5,6.338622436779229,0.09076070665365688
22.0,217.5,6.278807479888108,0.0309457497625365
22.0,222.5,6.315533589128018,0.06767185900244588
22.0,227.5,6.305214394177426,0.05735266405185424
22.0,232.5,6.250748611818318,0.0028868816927465346
22.0,237.5,6.268673152165338,0.020811422039765937
22.0,242.5,6.3190898916492735,0.0712281615237016
22.0,247.5,6.299237098869646,0.05137536874407367
22.0,252.5,6.256133577602199,0.008271847476627237
22.0,257.5,6.244888578656193,-0.002973151469379154
22.0,262.5,6.236647210565568,-0.011214519560003744
22.0,267.5,6.212911523634656,-0.03495020649091618
22.0,272.5,6.240881455097292,-0.006980275028279692
22.0,277.5,6.2328349855084415,-0.015026744617130383
22.0,282.5,6.197040379689128,-0.05082135043644431
22.0,287.5,6.245586636103753,-0.002275094021818802
22.0,292.5,6.279138028901368,0.031276298775796185
22.0,297.5,6.191888287514216,-0.05597344261135628
22.0,302.5,6.182382350846495,-0.06547937927907732
22.0,307.5,6.18174137248851,-0.06612035763706192
22.0,312.5,6.257403280240866,0.009541550115294228
22.0,317.5,6.205951457680092,-0.04191027244548007
22.0,322.5,6.194818766702754,-0.05304296342281756
22.0,327.5,6.191335859355712,-0.05652587076985949
22.0,332.5,6.176782882113181,-0.07107884801239095
22.0,337.5,6.255377882460944,0.0075161523353717286
22.0,342.5,6.25497234171687,0.0071106115912984436
22.0,347.5,6.252657175566462,0.004795445440890056
22.0,352.5,6.27422626254329,0.026364532417717967
22.0,357.5,6.335544263072896,0.08768253294732453
22.25,2.5,6.393861605768201,0.14599987564262928
22.25,7.5,6.3753323767241605,0.12747064659858864
22.25,12.5,6.3608600874128385,0.1129983572872666
22.25,17.5,6.4105665899399975,0.16270485981442562
22.25,22.5,6.378728627729163,0.13086689760359071
22.25,27.5,6.366658147230589,0.11879641710501687
22.25,32.5,6.3685429965642975,0.12068126643872557
22.25,37.5,6.39109939363092,0.1432376635053485
22.25,42.5,6.3458789540144585,0.09801722388888656
22.25,47.5,6.3388327146348304,0.09097098450925856
22.25,52.5,6.322368059536775,0.07450632941120272
22.25,57.5,6.293152394159275,0.04529066403370319
22.25,62.5,6.288072364354942,0.040210634229370434
22.25,67.5,6.303002432322639,0.05514070219706735
22.25,72.5,6.290646485263098,0.042784755137526
22.25,77.5,6.262645769095659,0.014784038970087288
22.25,82.5,6.257637350892624,0.009775620767052295
22.25,87.5,6.226663290461141,-0.021198439664431135
22.25,92.5,6.248060399868972,0.00019866974340043697
22.25,97.5,6.217298827361534,-0.030562902764037503
22.25,102.5,6.225310709039296,-0.022551021086275824
22.25,107.5,6.2948164973346294,0.04695476720905756
22.25,112.5,6.225033636993059,-0.022828093132512883
22.25,117.5,6.184727036920095,-0.06313469320547682
22.25,122.5,6.200778879616374,-0.047082850509197804
22.25,127.5,6.250530828443827,0.0026690983182549033
22.25,132.5,6.236343768313503,-0.011517961812068656
22.25,137.5,6.261447343365001,0.013585613239428973
22.25,142.5,6.229110845398516,-0.018750884727055883
22.25,147.5,6.303646148544811,0.05578441841923887
22.25,152.5,6.3519297845249865,0.10406805439941458
22.25,157.5,6.368188374994624,0.12032664486905187
22.25,162.5,6.369187175950674,0.12132544582510185
22.25,167.5,6.378252525565738,0.1303907954401664
22.25,172.5,6.387470025253373,0.13960829512780126
22.25,177.5,6.290697173970529,0.04283544384495741
22.25,182.5,6.345016923264374,0.09715519313880172
22.25,187.5,6.3481070756864,0.10024534556082809
22.25,192.5,6.343167232781614,0.09530550265604187
22.25,197.5,6.306900913154589,0.05903918302901712
22.25,202.5,6.290382586535489,0.042520856409916874
22.25,207.5,6.312593074093202,0.06473134396763047
22.25,212.5,6.248527758730374,0.000666028604801916
22.25,217.5,6.325516481657035,0.07765475153146273
22.25,222.5,6.277877442085137,0.03001571195956476
22.25,227.5,6.301102279595089,0.05324054946951673
22.25,232.5,6.245860079580882,-0.0020016505446900368
22.25,237.5,6.266150885460754,0.018289155335182272
22.25,242.5,6.358607703880728,0.11074597375515616
22.25,247.5,6.3171159797763385,0.06925424965076665
22.25,252.5,6.297132180454922,0.049270450329349735
22.25,257.5,6.260460373526059,0.01259864340048722
22.25,262.5,6.2603681017620545,0.012506371636482605
22.25,267.5,6.199820996457002,-0.04804073366856976
22.25,272.5,6.210378141450495,-0.03748358867507662
22.25,277.5,6.232861137774829,-0.015000592350743247
22.25,282.5,6.202473997311987,-0.04538773281358477
22.25,287.5,6.243231463361213,-0.004630266764358737
22.25,292.5,6.270746820949152,0.022885090823580256
22.25,297.5,6.189280504202365,-0.05858122592320658
22.25,302.5,6.1972155873354335,-0.05064614279013835
22.25,307.5,6.140391848850758,-0.10746988127481405
22.25,312.5,6.224528199976778,-0.023333530148794246
22.25,317.5,6.182075550948625,-0.06578617917694718
22.25,322.5,6.169160999544115,-0.0787007305814571
22.25,327.5,6.191077475614026,-0.05678425451154556
22.25,332.5,6.208140330111729,-0.03972140001384261
22.25,337.5,6.191631392933493,-0.05623033719207893
22.25,342.5,6.249177498274584,0.0013157681490119089
22.25,347.5,6.238799536068507,-0.009062194057064765
22.25,352.5,6.267794143035357,0.019932412909785313
22.25,357.5,6.298864046984681,0.051002316859109165
22.5,2.5,6.339409242871891,0.09154751274631945
22.5,7.5,6.344845921098731,0.09698419097315902
22.5,12.5,6.3199942816598815,0.07213255153430964
22.5,17.5,6.390598657352369,0.14273692722679687
22.5,22.5,6.3849322710939616,0.13707054096838966
22.5,27.5,6.393698463545915,0.1458367334203432
22.5,32.5,6.372024706015141,0.12416297588956926
22.5,37.5,6.3925877454553195,0.1447260153297476
22.5,42.5,6.364842032245994,0.11698030212042188
22.5,47.5,6.345226889062429,0.09736515893685738
22.5,52.5,6.35488644776136,0.10702471763578814
22.5,57.5,6.296079779186353,0.04821804906078153
22.5,62.5,6.307178839571878,0.059317109446306304
22.5,67.5,6.276880082066739,0.02901835194116753
22.5,72.5,6.305218276778711,0.05735654665313916
22.5,77.5,6.2774174735676995,0.029555743442127635
22.5,82.5,6.297070245896342,0.049208515770770234
22.5,87.5,6.262435573048516,0.01457384292294428
22.5,92.5,6.256146826495568,0.008285096369996303
22.5,97.5,6.247968651417955,0.00010692129238343284
22.5,102.5,6.232454880363103,-0.015406849762468866
22.5,107.5,6.283127810134432,0.03526608000886
22.5,112.5,6.222867376779184,-0.02499435334638811
22.5,117.5,6.206322535509968,-0.04153919461560385
22.5,122.5,6.22237903217139,-0.025482697954181788
22.5,127.5,6.294890161399016,0.047028431273443694
22.5,132.5,6.227766781471974,-0.020094948653597733
22.5,137.5,6.251763675569165,0.0039019454435926804
22.5,142.5,6.214947762634623,-0.032913967490949325
22.5,147.5,6.324069118796385,0.076207388670813
22.5,152.5,6.345149617281712,0.09728788715614023
22.5,157.5,6.376629558731686,0.12876782860611424
22.5,162.5,6.403793709171705,0.15593197904613287
22.5,167.5,6.392978456748697,0.14511672662312503
22.5,172.5,6.357967796054468,0.11010606592889616
22.5,177.5,6.321872007309415,0.07401027718384334
22.5,182.5,6.33792472463014,0.09006299450456812
22.5,187.5,6.36281688394636,0.11495515382078825
22.5,192.5,6.3324814435843795,0.08461971345880759
22.5,197.5,6.351219513713056,0.10335778358748371
22.5,202.5,6.326133635632381,0.07827190550680907
22.5,207.5,6.301627543619267,0.053765813493694914
22.5,212.5,6.147787894998844,-0.10007383512672785
22.5,217.5,6.320306981838019,0.07244525171244742
22.5,222.5,6.266418172258694,0.018556442133122353
22.5,227.5,6.333701249081146,0.08583951895557451
22.5,232.5,6.24923169687597,0.0013699667503983548
22.5,237.5,6.2716639142896025,0.02380218416403057
22.5,242.5,6.30340421479053,0.055542484664957925
22.5,247.5,6.2978897861733065,0.05002805604773464
22.5,252.5,6.302192026988612,0.05433029686304014
22.5,257.5,6.258619205684628,0.01075747555905604
22.5,262.5,6.2739466428505795,0.02608491272500757
22.5,267.5,6.205062650323613,-0.042799079801959294
22.5,272.5,6.210110702190812,-0.037751027934759485
22.5,277.5,6.2163317392324915,-0.031529990893080395
22.5,282.5,6.216600575698354,-0.03126115442721833
22.5,287.5,6.198969242220855,-0.04889248790471701
22.5,292.5,6.282438831381253,0.03457710125568081
22.5,297.5,6.2242659460231256,-0.023595784102446338
22.5,302.5,6.198747269662101,-0.04911446046347123
22.5,307.5,6.175471320940449,-0.07239040918512263
22.5,312.5,6.151179942908104,-0.09668178721746745
22.5,317.5,6.105194406600907,-0.14266732352466516
22.5,322.5,6.163192324858166,-0.08466940526740618
22.5,327.5,6.160982598790376,-0.08687913133519576
22.5,332.5,6.169122684884688,-0.0787390452408836
22.5,337.5,6.165559837231494,-0.08230189289407797
22.5,342.5,6.198526615293224,-0.049335114832348204
22.5,347.5,6.214220301939784,-0.033641428185787525
22.5,352.5,6.259588304412974,0.01172657428740198
22.5,357.5,6.291253258693964,0.043391528568392346
22.75,2.5,6.307165710081354,0.05930397995578218
22.75,7.5,6.306403536620274,0.05854180649470209
22.75,12.5,6.303621235123863,0.0557595049982913
22.75,17.5,6.351660373436103,0.10379864331053135
22.75,22.5,6.371576848449661,0.12371511832408899
22.75,27.5,6.384609762840473,0.13674803271490088
22.75,32.5,6.366660049741684,0.1187983196161122
22.75,37.5,6.387647300644784,0.13978557051921214
22.75,42.5,6.339590958539486,0.0917292284139144
22.75,47.5,6.352081680505749,0.10421995038017684
22.75,52.5,6.3507885332950575,0.10292680316948566
22.75,57.5,6.271182568143474,0.02332083801790219
22.75,62.5,6.285081102966103,0.03721937284053123
22.75,67.5,6.2726774608921065,0.02481573076653465
22.75,72.5,6.339106217211273,0.09124448708570121
22.75,77.5,6.260599467520508,0.012737737394935778
22.75,82.5,6.271240358705555,0.023378628579982852
22.75,87.5,6.269002848686542,0.021141118560970007
22.75,92.5,6.246578713703808,-0.0012830164217643159
22.75,97.5,6.239146500212255,-0.008715229913317302
22.75,102.5,6.220463058377307,-0.027398671748264825
22.75,107.5,6.273112883722515,0.025251153596943077
22.75,112.5,6.221428479267311,-0.026433250858261204
22.75,117.5,6.203080095613107,-0.044781634512465196
22.75,122.5,6.170073039109545,-0.07778869101602659
22.75,127.5,6.252391599010872,0.004529868885300381
22.75,132.5,6.217641272302731,-0.030220457822840885
22.75,137.5,6.22256571070348,-0.025296019422091476
22.75,142.5,6.216590727632681,-0.03127100249289061
22.75,147.5,6.273828612478821,0.02596688235324951
22.75,152.5,6.328995749927902,0.08113401980233004
22.75,157.5,6.349360730017682,0.10149899989210986
22.75,162.5,6.403882234752055,0.15602050462648354
22.75,167.5,6.344688163411867,0.09682643328629492
22.75,172.5,6.328971593854443,0.08110986372887119
22.75,177.5,6.3649020418805025,0.11704031175493057
22.75,182.5,6.355561777006288,0.10770004688071655
22.75,187.5,6.37837600242918,0.1305142723036079
22.75,192.5,6.299053484878958,0.05119175475338622
22.75,197.5,6.34257962661928,0.09471789649370788
22.75,202.5,6.359463873776493,0.11160214365092092
22.75,207.5,6.355291817310938,0.1074300871853664
22.75,212.5,6.251821432802319,0.003959702676747057
22.75,217.5,6.25708130416159,0.009219574036017697
22.75,222.5,6.281661437055414,0.03379970692984191
22.75,227.5,6.307701075748386,0.05983934562281412
22.75,232.5,6.2491304366310985,0.0012687065055265734
22.75,237.5,6.244715043086073,-0.003146687039499163
22.75,242.5,6.295740350112024,0.047878619986452264
22.75,247.5,6.244488590213975,-0.003373139911596823
22.75,252.5,6.282472756491857,0.0346110263662851
22.75,257.5,6.2542928848673025,0.006431154741730616
22.75,262.5,6.2552956782452664,0.007433948119694556
22.75,267.5,6.210194825463694,-0.03766690466187761
22.75,272.5,6.2408052713399025,-0.007056458785669406
22.75,277.5,6.225472752595346,-0.02238897753022595
22.75,282.5,6.223177849385947,-0.024683880739624797
22.75,287.5,6.2023840195207205,-0.045477710604851396
22.75,292.5,6.287370492005483,0.039508761879910814
22.75,297.5,6.225027008348059,-0.02283472177751289
22.75,302.5,6.212442063324602,-0.035419666800970084
22.75,307.5,6.220855484128836,-0.027006245996735956
22.75,312.5,6.193311547312876,-0.054550182812695525
22.75,317.5,6.096991210402452,-0.15087051972311993
22.75,322.5,6.159660365445004,-0.08820136468056816
22.75,327.5,6.16886760564933,-0.07899412447624155
22.75,332.5,6.125765445758518,-0.12209628436705433
22.75,337.5,6.121750744423418,-0.1261109857021543
22.75,342.5,6.205587721888721,-0.042274008236851124
22.75,347.5,6.228841045277406,-0.019020684848165992
22.75,352.5,6.246892809994378,-0.0009689201311937623
22.75,357.5,6.313196990670207,0.0653352605446349
23.0,2.5,6.307269409297692,0.05940767917212053
23.0,7.5,6.315454269437681,0.06759253931210907
23.0,12.5,6.34501211041348,0.0971503802879079
23.0,17.5,6.32222362328433,0.07436189315875819
23.0,22.5,6.34163099417601,0.0937692640504384
23.0,27.5,6.3561980404399385,0.10833631031436664
23.0,32.5,6.4057158550311435,0.1578541249055716
23.0,37.5,6.40964203572921,0.16178030560363776
23.0,42.5,6.328986542688117,0.08112481256254522
23.0,47.5,6.328185438151102,0.08032370802552968
23.0,52.5,6.303953708758105,0.05609197863253268
23.0,57.5,6.241625992784599,-0.0062357373409724914
23.0,62.5,6.246627459556656,-0.0012342705689158961
23.0,67.5,6.260476265646964,0.012614535521391801
23.0,72.5,6.317028821854219,0.0691670917286471
23.0,77.5,6.238533844937789,-0.009327885187782492
23.0,82.5,6.247110508707291,-0.0007512214182812116
23.0,87.5,6.237302223174468,-0.01055950695110397
23.0,92.5,6.2220926212877,-0.025769108837871535
23.0,97.5,6.232039193541552,-0.015822536584019886
23.0,102.5,6.202744452516,-0.04511727760957207
23.0,107.5,6.281333148821851,0.03347141869627901
23.0,112.5,6.20931589133561,-0.038545838789961984
23.0,117.5,6.149754973739189,-0.09810675638638333
23.0,122.5,6.144880109249078,-0.10298162087649398
23.0,127.5,6.229457687811078,-0.01840404231449355
23.0,132.5,6.201432173859849,-0.04642955626572309
23.0,137.5,6.205337227919996,-0.04252450220557602
23.0,142.5,6.221914943325471,-0.025946786800100874
23.0,147.5,6.243491692692704,-0.0043700374328681235
23.0,152.5,6.329826420103559,0.0819646899779869
23.0,157.5,6.357927148631445,0.11006541850587315
23.0,162.5,6.376728549729219,0.12886681960364754
23.0,167.5,6.32628684654878,0.07842511642320815
23.0,172.5,6.3401382488286755,0.0922765187031036
23.0,177.5,6.364859402111179,0.11699767198560718
23.0,182.5,6.366071615040719,0.11820988491514672
23.0,187.5,6.3723612072380975,0.12449947711252562
23.0,192.5,6.3081513172164545,0.06028958709088261
23.0,197.5,6.308368006677191,0.06050627655161911
23.0,202.5,6.32946282583829,0.08160109571271779
23.0,207.5,6.301337633898536,0.05347590377296374
23.0,212.5,6.28293840667088,0.03507667654530788
23.0,217.5,6.250547035074535,0.002685304948963463
23.0,222.5,6.284607356396066,0.036745626270493936
23.0,227.5,6.2810853614385245,0.033223631312952584
23.0,232.5,6.252888963540013,0.005027233414440779
23.0,237.5,6.20966890971211,-0.03819282041346206
23.0,242.5,6.239053952768064,-0.00880777735750815
23.0,247.5,6.203623072846149,-0.04423865727942289
23.0,252.5,6.228874276942304,-0.01898745318326789
23.0,257.5,6.26649574103492,0.018634010909347687
23.0,262.5,6.259579059960211,0.01171732983463869
23.0,267.5,6.205945609952886,-0.041916120172685645
23.0,272.5,6.236304761567565,-0.011556968558006808
23.0,277.5,6.221879796814777,-0.02598193331079468
23.0,282.5,6.233377743750221,-0.014483986375350533
23.0,287.5,6.190089991364565,-0.05777173876100683
23.0,292.5,6.279350169026603,0.03148843890103148
23.0,297.5,6.208508182735671,-0.03935354738990071
23.0,302.5,6.179776224705516,-0.06808550542005598
23.0,307.5,6.17860144137778,-0.06926028874779178
23.0,312.5,6.206477103022754,-0.04138462710281754
23.0,317.5,6.128158433479435,-0.11970329664613732
23.0,322.5,6.161037012231313,-0.08682471789425872
23.0,327.5,6.166874915323557,-0.08098681480201453
23.0,332.5,6.137940426756806,-0.1099213033687656
23.0,337.5,6.140340705283025,-0.10752102484254689
23.0,342.5,6.223198381654978,-0.024663348470594038
23.0,347.5,6.223181484268851,-0.024680245856720795
23.0,352.5,6.2316369916393635,-0.016224738486208423
23.0,357.5,6.270530107134345,0.022668377008773
23.25,2.5,6.299187768135247,0.051326038009674946
23.25,7.5,6.294218915182353,0.04635718505678099
23.25,12.5,6.309421009887992,0.06155927976242026
23.25,17.5,6.296072245391794,0.048210515266221776
23.25,22.5,6.318085483084421,0.07022375295884942
23.25,27.5,6.349022822430729,0.10116109230515669
23.25,32.5,6.335729501516739,0.08786777139116708
23.25,37.5,6.402342335345327,0.1544806052197547
23.25,42.5,6.342766876235395,0.0949051461098227
23.25,47.5,6.313955511731516,0.06609378160594392
23.25,52.5,6.281167981975786,0.033306251850214075
23.25,57.5,6.233402324395099,-0.014459405730472774
23.25,62.5,6.20685156369178,-0.04101016643379207
23.25,67.5,6.219999742423303,-0.027861987702268998
23.25,72.5,6.228048503524033,-0.019813226601538503
23.25,77.5,6.214468894329904,-0.03339283579566832
23.25,82.5,6.227953010198181,-0.019908719927390628
23.25,87.5,6.20500852864583,-0.04285320147974225
23.25,92.5,6.209215298113776,-0.03864643201179607
23.25,97.5,6.222757525343029,-0.025104204782542716
23.25,102.5,6.164213954622189,-0.08364777550338331
23.25,107.5,6.211361589588767,-0.036500140536804615
23.25,112.5,6.24065215010979,-0.007209580015781647
23.25,117.5,6.124591277884014,-0.12327045224155775
23.25,122.5,6.1429595334716725,-0.10490219665389944
23.25,127.5,6.16636531091039,-0.08149641921518214
23.25,132.5,6.182281491970711,-0.06558023815486091
23.25,137.5,6.173706540505069,-0.0741551896205026
23.25,142.5,6.254216142888817,0.006354412763244888
23.25,147.5,6.260000395242388,0.01213866511681605
23.25,152.5,6.270961153056128,0.02309942293055567
23.25,157.5,6.357717096089537,0.10985536596396539
23.25,162.5,6.345795924608906,0.09793419448333385
23.25,167.5,6.329354228468547,0.08149249834297478
23.25,172.5,6.283487552235194,0.03562582210962173
23.25,177.5,6.322937414231614,0.07507568410604204
23.25,182.5,6.356893647995454,0.1090319178698822
23.25,187.5,6.355194402537227,0.10733267241165478
23.25,192.5,6.307676524415161,0.059814794289589024
23.25,197.5,6.2383498411997955,-0.009511888925776368
23.25,202.5,6.30865783045482,0.06079610032924787
23.25,207.5,6.261917567851461,0.014055837725889475
23.25,212.5,6.2709416541443925,0.02307992401882064
23.25,217.5,6.262857742540594,0.014996012415021909
23.25,222.5,6.27534686666066,0.02748513653508855
23.25,227.5,6.260030487192344,0.012168757066771896
23.25,232.5,6.187692468761471,-0.06016926136410117
23.25,237.5,6.1589031866414725,-0.08895854348409937
23.25,242.5,6.193193838490303,-0.05466789163526897
23.25,247.5,6.18932326235943,-0.0585384677661418
23.25,252.5,6.209015311011569,-0.03884641911400255
23.25,257.5,6.220809018808106,-0.027052711317465672
23.25,262.5,6.257776526209378,0.009914796083806188
23.25,267.5,6.1802987368975355,-0.06756299322803638
23.25,272.5,6.241580182639991,-0.006281547485580852
23.25,277.5,6.204269303445661,-0.043592426679911256
23.25,282.5,6.219949989529561,-0.02791174059601076
23.25,287.5,6.228001631555843,-0.019860098569728812
23.25,292.5,6.282446772918716,0.034585042793144005
23.25,297.5,6.199529760198896,-0.04833196992667599
23.25,302.5,6.154132893301885,-0.09372883682368727
23.25,307.5,6.163544021744113,-0.0843177083814588
23.25,312.5,6.160946710039103,-0.08691502008646879
23.25,317.5,6.144801966961469,-0.10305976316410259
23.25,322.5,6.2066530061838865,-0.0412087239416854
23.25,327.5,6.124889278117084,-0.12297245200848828
23.25,332.5,6.1751264600700395,-0.07273527005553238
23.25,337.5,6.1447733795810695,-0.10308835054450238
23.25,342.5,6.2257134163557675,-0.022148313769804417
23.25,347.5,6.215014406025089,-0.032847324100482744
23.25,352.5,6.231430950037701,-0.016430780087870467
23.25,357.5,6.2957975642501065,0.047935834124534615
23.5,2.5,6.273932866983141,0.02607113685756879
23.5,7.5,6.225996952742795,-0.0218647773827767
23.5,12.5,6.261449297879158,0.013587567753585716
23.5,17.5,6.272761851457566,0.02490012133199393
23.5,22.5,6.3336747722225795,0.08581304209700757
23.5,27.5,6.36624728336032,0.11838555323474775
23.5,32.5,6.328061921890335,0.08020019176476278
23.5,37.5,6.343858685040002,0.09599695491442972
23.5,42.5,6.333243579097493,0.08538184897192114
23.5,47.5,6.334901233929424,0.08703950380385184
23.5,52.5,6.313294057473242,0.06543232734767024
23.5,57.5,6.288200350988537,0.0403386208629648
23.5,62.5,6.1443809965485725,-0.10348073357699938
23.5,67.5,6.10650862653873,-0.14135310358684183
23.5,72.5,6.156854000162017,-0.09100772996355477
23.5,77.5,6.150889685939372,-0.09697204418619965
23.5,82.5,6.115068458187817,-0.13279327193775448
23.5,87.5,6.152740551327463,-0.09512117879810855
23.5,92.5,6.15226135584946,-0.09560037427611157
23.5,97.5,6.118807136615738,-0.12905459350983417
23.5,102.5,6.13159462214985,-0.11626710797572226
23.5,107.5,6.130072988507935,-0.11778874161763664
23.5,112.5,6.144812488766617,-0.10304924135895455
23.5,117.5,6.0983743761934885,-0.14948735393208334
23.5,122.5,6.093989531226067,-0.15387219889950465
23.5,127.5,6.146956871990772,-0.10090485813479955
23.5,132.5,6.137643275912861,-0.1102184542127107
23.5,137.5,,
23.5,142.5,,
23.5,147.5,6.20780177987932,-0.04005995024625175
23.5,152.5,6.210478813075367,-0.03738291705020469
23.5,157.5,6.292630194592903,0.04476846446733074
23.5,162.5,6.313170547185733,0.06530881706016078
23.5,167.5,,
23.5,172.5,,
23.5,177.5,,
23.5,182.5,,
23.5,187.5,,
23.5,192.5,,
23.5,197.5,,
23.5,202.5,,
23.5,207.5,,
23.5,212.5,6.248860236995335,0.000998506869763105
23.5,217.5,6.31791803478804,0.07005630466246782
23.5,222.5,6.259855872284489,0.011994142158917143
23.5,227.5,6.1766549395822485,-0.07120679054332335
23.5,232.5,6.1195138289430435,-0.12834790118252837
23.5,237.5,6.07652878086182,-0.17133294926375164
23.5,242.5,6.097885660383936,-0.14997606974163613
23.5,247.5,6.128639539735117,-0.11922219039045512
23.5,252.5,6.162609296176273,-0.08525243394929927
23.5,257.5,6.138385195967425,-0.10947653415814695
23.5,262.5,6.203873405752426,-0.043988324373145815
23.5,267.5,6.165358894064823,-0.08250283606074849
23.5,272.5,6.207585019738491,-0.04027671038708114
23.5,277.5,6.146337356404914,-0.10152437372065748
23.5,282.5,6.1493028907349085,-0.09855883939066334
23.5,287.5,6.191521953344464,-0.05633977678110824
23.5,292.5,,
23.5,297.5,6.201376029110827,-0.046485701014744585
23.5,302.5,,
23.5,307.5,6.145381830015002,-0.10247990011056984
23.5,312.5,6.141502498818701,-0.10635923130687086
23.5,317.5,6.092572656630995,-0.15528907349457732
23.5,322.5,,
23.5,327.5,,
23.5,332.5,6.153359753758349,-0.0945019763672228
23.5,337.5,6.150427077586478,-0.09743465253909367
23.5,342.5,6.175853879327134,-0.07200785079843808
23.5,347.5,,
23.5,352.5,6.18417362529796,-0.06368810482761145
23.5,357.5,6.309760035481427,0.0618983053558555
23.75,2.5,6.292386952956973,0.04452522283140148
23.75,7.5,6.189173531654306,-0.05868819847126616
23.75,12.5,6.19607831837422,-0.05178341175135159
23.75,17.5,6.210687031503481,-0.03717469862209111
23.75,22.5,6.28389652253783,0.036034792412258376
23.75,27.5,6.350933615134345,0.10307188500877285
23.75,32.5,6.2921920007209575,0.044330270595385635
23.75,37.5,6.265963414159627,0.018101684034054877
23.75,42.5,6.258641568185248,0.010779838059676194
23.75,47.5,6.263604175658635,0.015742445533063254
23.75,52.5,6.282913678753256,0.035051948627684126
23.75,57.5,6.248538363581336,0.0006766334557637421
23.75,62.5,6.201915336214063,-0.045946393911508565
23.75,67.5,6.126205740196341,-0.12165598992923066
23.75,72.5,6.082708651774963,-0.16515307835060877
23.75,77.5,6.018310728213917,-0.22955100191165467
23.75,82.5,5.989837305874668,-0.25802442425090355
23.75,87.5,6.039424270051102,-0.20843746007447006
23.75,92.5,6.0509970278333185,-0.1968647022922534
23.75,97.5,6.011086422024809,-0.2367753081007633
23.75,102.5,6.015052458579815,-0.23280927154575703
23.75,107.5,6.015673760116256,-0.23218797000931612
23.75,112.5,6.025130456422836,-0.2227312737027356
23.75,117.5,6.028317212073297,-0.21954451805227482
23.75,122.5,6.012060314807454,-0.23580141531811805
23.75,127.5,,
23.75,132.5,,
23.75,137.5,,
23.75,142.5,,
23.75,147.5,,
23.75,152.5,,
23.75,157.5,,
23.75,162.5,,
23.75,167.5,,
23.75,172.5,,
23.75,177.5,,
23.75,182.5,,
23.75,187.5,,
23.75,192.5,,
23.75,197.5,,
23.75,202.5,,
23.75,207.5,,
23.75,212.5,,
23.75,217.5,6.311715622102764,0.06385389197719249
23.75,222.5,6.247427921682623,-0.0004338084429491573
23.75,227.5,6.013384610294674,-0.23447711983089814
23.75,232.5,5.96610051143407,-0.2817612186915017
23.75,237.5,5.951165114221624,-0.29669661590394814
23.75,242.5,5.966605029446837,-0.28125670067873454
23.75,247.5,5.9906471053924335,-0.2572146247331384
23.75,252.5,6.045748237144207,-0.20211349298136483
23.75,257.5,6.062025983516076,-0.18583574660949598
23.75,262.5,,
23.75,267.5,,
23.75,272.5,,
23.75,277.5,,
23.75,282.5,,
23.75,287.5,,
23.75,292.5,,
23.75,297.5,,
23.75,302.5,,
23.75,307.5,,
23.75,312.5,,
23.75,317.5,,
23.75,322.5,,
23.75,327.5,,
23.75,332.5,,
23.75,337.5,,
23.75,342.5,,
23.75,347.5,,
23.75,352.5,,
23.75,357.5,6.2913630238651495,0.04350129373957756
24.0,2.5,6.3606323098197475,0.11277057969417559
24.0,7.5,6.163022804983778,-0.08483892514179381
24.0,12.5,6.123979980370289,-0.12388174975528266
24.0,17.5,6.174559720458361,-0.07330200966721101
24.0,22.5,6.228449722406878,-0.019412007718694113
24.0,27.5,6.279178808864786,0.031317078739213855
24.0,32.5,6.256284196868657,0.008422466743085444
24.0,37.5,6.206154664273765,-0.04170706585180728
24.0,42.5,6.239775207718507,-0.008086522407064756
24.0,47.5,6.068641241148807,-0.1792204889767648
24.0,52.5,6.074287895844459,-0.17357383428111284
24.0,57.5,6.170815792637011,-0.07704593748856059
24.0,62.5,6.087434445288689,-0.1604272848368833
24.0,67.5,6.110501615667466,-0.13736011445810625
24.0,72.5,6.001789215912969,-0.246072514212603
24.0,77.5,5.866387177083217,-0.3814745530423549
24.0,82.5,5.8179693081294035,-0.4298924219961684
24.0,87.5,5.883584950965364,-0.36427677916020773
24.0,92.5,5.903369481237494,-0.34449224888807795
24.0,97.5,5.866190099160228,-0.38167163096534384
24.0,102.5,5.82958466867732,-0.4182770614482516
24.0,107.5,5.838809791626526,-0.4090519384990463
24.0,112.5,5.876764534182954,-0.3710971959426175
24.0,117.5,5.880414935988307,-0.36744679413726455
24.0,122.5,,
24.0,127.5,,
24.0,132.5,,
24.0,137.5,,
24.0,142.5,,
24.0,147.5,,
24.0,152.5,,
24.0,157.5,,
24.0,162.5,,
24.0,167.5,,
24.0,172.5,,
24.0,177.5,,
24.0,182.5,,
24.0,187.5,,
24.0,192.5,,
24.0,197.5,,
24.0,202.5,,
24.0,207.5,,
24.0,212.5,,
24.0,217.5,6.130099859459366,-0.11776187066620558
24.0,222.5,5.920123549857814,-0.32773818026775814
24.0,227.5,5.856181104412965,-0.3916806257126071
24.0,232.5,5.750144975446127,-0.49771675467944476
24.0,237.5,5.732086929927857,-0.5157748001977147
24.0,242.5,,
24.0,247.5,5.8051235583785035,-0.4427381717470684
24.0,252.5,5.834805956490149,-0.41305577363542323
24.0,257.5,5.929907506875306,-0.3179542232502657
24.0,262.5,,
24.0,267.5,,
24.0,272.5,,
24.0,277.5,,
24.0,282.5,,
24.0,287.5,,
24.0,292.5,,
24.0,297.5,,
24.0,302.5,,
24.0,307.5,,
24.0,312.5,,
24.0,317.5,,
24.0,322.5,,
24.0,327.5,,
24.0,332.5,,
24.0,337.5,,
24.0,342.5,,
24.0,347.5,,
24.0,352.5,,
24.0,357.5,6.128630223472631,-0.11923150665294102
