z_mm,angle_degrees,radius_mm,observation_or_completion
0.0,2.5,6.247861730125572,assumed cap endpoint
0.0,7.5,6.247861730125572,assumed cap endpoint
0.0,12.5,6.247861730125572,assumed cap endpoint
0.0,17.5,6.247861730125572,assumed cap endpoint
0.0,22.5,6.247861730125572,assumed cap endpoint
0.0,27.5,6.247861730125572,assumed cap endpoint
0.0,32.5,6.247861730125572,assumed cap endpoint
0.0,37.5,6.247861730125572,assumed cap endpoint
0.0,42.5,6.247861730125572,assumed cap endpoint
0.0,47.5,6.247861730125572,assumed cap endpoint
0.0,52.5,6.247861730125572,assumed cap endpoint
0.0,57.5,6.247861730125572,assumed cap endpoint
0.0,62.5,6.247861730125572,assumed cap endpoint
0.0,67.5,6.247861730125572,assumed cap endpoint
0.0,72.5,6.247861730125572,assumed cap endpoint
0.0,77.5,6.247861730125572,assumed cap endpoint
0.0,82.5,6.247861730125572,assumed cap endpoint
0.0,87.5,6.247861730125572,assumed cap endpoint
0.0,92.5,6.247861730125572,assumed cap endpoint
0.0,97.5,6.247861730125572,assumed cap endpoint
0.0,102.5,6.247861730125572,assumed cap endpoint
0.0,107.5,6.247861730125572,assumed cap endpoint
0.0,112.5,6.247861730125572,assumed cap endpoint
0.0,117.5,6.247861730125572,assumed cap endpoint
0.0,122.5,6.247861730125572,assumed cap endpoint
0.0,127.5,6.247861730125572,assumed cap endpoint
0.0,132.5,6.247861730125572,assumed cap endpoint
0.0,137.5,6.247861730125572,assumed cap endpoint
0.0,142.5,6.247861730125572,assumed cap endpoint
0.0,147.5,6.247861730125572,assumed cap endpoint
0.0,152.5,6.247861730125572,assumed cap endpoint
0.0,157.5,6.247861730125572,assumed cap endpoint
0.0,162.5,6.247861730125572,assumed cap endpoint
0.0,167.5,6.247861730125572,assumed cap endpoint
0.0,172.5,6.247861730125572,assumed cap endpoint
0.0,177.5,6.247861730125572,assumed cap endpoint
0.0,182.5,6.247861730125572,assumed cap endpoint
0.0,187.5,6.247861730125572,assumed cap endpoint
0.0,192.5,6.247861730125572,assumed cap endpoint
0.0,197.5,6.247861730125572,assumed cap endpoint
0.0,202.5,6.247861730125572,assumed cap endpoint
0.0,207.5,6.247861730125572,assumed cap endpoint
0.0,212.5,6.247861730125572,assumed cap endpoint
0.0,217.5,6.247861730125572,assumed cap endpoint
0.0,222.5,6.247861730125572,assumed cap endpoint
0.0,227.5,6.247861730125572,assumed cap endpoint
0.0,232.5,6.247861730125572,assumed cap endpoint
0.0,237.5,6.247861730125572,assumed cap endpoint
0.0,242.5,6.247861730125572,assumed cap endpoint
0.0,247.5,6.247861730125572,assumed cap endpoint
0.0,252.5,6.247861730125572,assumed cap endpoint
0.0,257.5,6.247861730125572,assumed cap endpoint
0.0,262.5,6.247861730125572,assumed cap endpoint
0.0,267.5,6.247861730125572,assumed cap endpoint
0.0,272.5,6.247861730125572,assumed cap endpoint
0.0,277.5,6.247861730125572,assumed cap endpoint
0.0,282.5,6.247861730125572,assumed cap endpoint
0.0,287.5,6.247861730125572,assumed cap endpoint
0.0,292.5,6.247861730125572,assumed cap endpoint
0.0,297.5,6.247861730125572,assumed cap endpoint
0.0,302.5,6.247861730125572,assumed cap endpoint
0.0,307.5,6.247861730125572,assumed cap endpoint
0.0,312.5,6.247861730125572,assumed cap endpoint
0.0,317.5,6.247861730125572,assumed cap endpoint
0.0,322.5,6.247861730125572,assumed cap endpoint
0.0,327.5,6.247861730125572,assumed cap endpoint
0.0,332.5,6.247861730125572,assumed cap endpoint
0.0,337.5,6.247861730125572,assumed cap endpoint
0.0,342.5,6.247861730125572,assumed cap endpoint
0.0,347.5,6.247861730125572,assumed cap endpoint
0.0,352.5,6.247861730125572,assumed cap endpoint
0.0,357.5,6.247861730125572,assumed cap endpoint
0.5,2.5,6.472670586809274,observed angular median
0.5,7.5,6.479093831183651,observed angular median
0.5,12.5,6.663498101888674,observed angular median
0.5,17.5,6.531587262095514,observed angular median
0.5,22.5,6.511487746684535,observed angular median
0.5,27.5,6.486622759853038,observed angular median
0.5,32.5,6.5630884652272155,observed angular median
0.5,37.5,6.542863535440778,observed angular median
0.5,42.5,6.550373159395899,observed angular median
0.5,47.5,6.555890983986451,observed angular median
0.5,52.5,6.72813584994398,observed angular median
0.5,57.5,6.730265016624536,observed angular median
0.5,62.5,6.589121159656312,observed angular median
0.5,67.5,6.674049852468428,observed angular median
0.5,72.5,6.739352014399063,observed angular median
0.5,77.5,6.645612636305145,observed angular median
0.5,82.5,6.618083645860428,periodic interpolation
0.5,87.5,6.590554655415709,periodic interpolation
0.5,92.5,6.563025664970992,periodic interpolation
0.5,97.5,6.535496674526273,periodic interpolation
0.5,102.5,6.507967684081556,periodic interpolation
0.5,107.5,6.480438693636837,periodic interpolation
0.5,112.5,6.45290970319212,periodic interpolation
0.5,117.5,6.425380712747401,periodic interpolation
0.5,122.5,6.397851722302684,periodic interpolation
0.5,127.5,6.370322731857966,periodic interpolation
0.5,132.5,6.342793741413248,periodic interpolation
0.5,137.5,6.31526475096853,periodic interpolation
0.5,142.5,6.287735760523812,periodic interpolation
0.5,147.5,6.260206770079094,periodic interpolation
0.5,152.5,6.2326777796343755,periodic interpolation
0.5,157.5,6.205148789189658,periodic interpolation
0.5,162.5,6.1776197987449395,periodic interpolation
0.5,167.5,6.150090808300222,periodic interpolation
0.5,172.5,6.1225618178555035,periodic interpolation
0.5,177.5,6.095032827410786,observed angular median
0.5,182.5,6.08592387990347,observed angular median
0.5,187.5,6.1303224886211165,observed angular median
0.5,192.5,6.179184601724538,observed angular median
0.5,197.5,6.1382030259499185,observed angular median
0.5,202.5,6.085061122297063,observed angular median
0.5,207.5,6.2598718623199545,observed angular median
0.5,212.5,6.2156911026281465,observed angular median
0.5,217.5,6.166928537616641,observed angular median
0.5,222.5,6.127417297966108,observed angular median
0.5,227.5,6.125951712999427,observed angular median
0.5,232.5,6.124566302602058,observed angular median
0.5,237.5,6.150666891530111,observed angular median
0.5,242.5,6.254146146549815,observed angular median
0.5,247.5,6.209135526794704,observed angular median
0.5,252.5,6.124770675466154,observed angular median
0.5,257.5,6.225523179183848,observed angular median
0.5,262.5,6.117457335442264,observed angular median
0.5,267.5,6.128980650319652,observed angular median
0.5,272.5,6.122165690142995,observed angular median
0.5,277.5,6.126497821677878,observed angular median
0.5,282.5,6.179689674311689,observed angular median
0.5,287.5,6.240682997572511,observed angular median
0.5,292.5,6.26834329320843,observed angular median
0.5,297.5,6.285278487971111,observed angular median
0.5,302.5,6.256989855953379,observed angular median
0.5,307.5,6.286101875290386,observed angular median
0.5,312.5,6.349465130624674,observed angular median
0.5,317.5,6.298962916258654,observed angular median
0.5,322.5,6.379614103377243,observed angular median
0.5,327.5,6.376670110636091,observed angular median
0.5,332.5,6.383014970027009,observed angular median
0.5,337.5,6.404010074448587,observed angular median
0.5,342.5,6.473519073930068,observed angular median
0.5,347.5,6.52362068207988,observed angular median
0.5,352.5,6.564678293821001,observed angular median
0.5,357.5,6.5458980661215564,observed angular median
0.75,2.5,6.622863534168222,observed angular median
0.75,7.5,6.721151744720814,observed angular median
0.75,12.5,6.7387236550059235,observed angular median
0.75,17.5,6.65072625142814,observed angular median
0.75,22.5,6.630439133630871,observed angular median
0.75,27.5,6.560470048759754,observed angular median
0.75,32.5,6.5827798073699535,observed angular median
0.75,37.5,6.515547003159442,observed angular median
0.75,42.5,6.570537337573773,observed angular median
0.75,47.5,6.609529816730393,observed angular median
0.75,52.5,6.705545935579341,observed angular median
0.75,57.5,6.687131740632032,observed angular median
0.75,62.5,6.635348038061485,observed angular median
0.75,67.5,6.702971465552261,observed angular median
0.75,72.5,6.712740151315327,observed angular median
0.75,77.5,6.731913003511988,observed angular median
0.75,82.5,6.749487735648314,observed angular median
0.75,87.5,6.797643397588852,observed angular median
0.75,92.5,6.765898029026282,periodic interpolation
0.75,97.5,6.734152660463711,periodic interpolation
0.75,102.5,6.702407291901141,periodic interpolation
0.75,107.5,6.67066192333857,periodic interpolation
0.75,112.5,6.638916554775999,periodic interpolation
0.75,117.5,6.607171186213429,periodic interpolation
0.75,122.5,6.575425817650858,periodic interpolation
0.75,127.5,6.543680449088288,periodic interpolation
0.75,132.5,6.511935080525717,periodic interpolation
0.75,137.5,6.480189711963146,periodic interpolation
0.75,142.5,6.448444343400576,observed angular median
0.75,147.5,6.4306191026003985,observed angular median
0.75,152.5,6.514129670996404,observed angular median
0.75,157.5,6.436527000428631,observed angular median
0.75,162.5,6.390237586696635,periodic interpolation
0.75,167.5,6.34394817296464,observed angular median
0.75,172.5,6.339223257188474,observed angular median
0.75,177.5,6.332779445893111,observed angular median
0.75,182.5,6.374236497963187,observed angular median
0.75,187.5,6.3806844966059115,observed angular median
0.75,192.5,6.396375761840156,observed angular median
0.75,197.5,6.328074056744583,observed angular median
0.75,202.5,6.305637283939105,observed angular median
0.75,207.5,6.4267513646108805,observed angular median
0.75,212.5,6.430316315150041,observed angular median
0.75,217.5,6.4032396628855155,observed angular median
0.75,222.5,6.436925912086728,observed angular median
0.75,227.5,6.382048319937942,observed angular median
0.75,232.5,6.378353486210304,observed angular median
0.75,237.5,6.390115829845786,observed angular median
0.75,242.5,6.399400370715655,observed angular median
0.75,247.5,6.422663293657942,observed angular median
0.75,252.5,6.441596555343694,observed angular median
0.75,257.5,6.419000063793557,observed angular median
0.75,262.5,6.431182132284742,observed angular median
0.75,267.5,6.3775230767817845,observed angular median
0.75,272.5,6.356599610420897,observed angular median
0.75,277.5,6.299958676314006,observed angular median
0.75,282.5,6.338291685769124,observed angular median
0.75,287.5,6.371697963512288,observed angular median
0.75,292.5,6.390054477584695,observed angular median
0.75,297.5,6.408343590346462,observed angular median
0.75,302.5,6.339028294071475,observed angular median
0.75,307.5,6.3876068928613225,observed angular median
0.75,312.5,6.443432554811091,observed angular median
0.75,317.5,6.41286402988079,observed angular median
0.75,322.5,6.5126512585786465,observed angular median
0.75,327.5,6.51126157844498,observed angular median
0.75,332.5,6.505461820548592,observed angular median
0.75,337.5,6.5906009654927775,observed angular median
0.75,342.5,6.63005365317554,observed angular median
0.75,347.5,6.6432650219033365,observed angular median
0.75,352.5,6.608133198885363,observed angular median
0.75,357.5,6.628106925889143,observed angular median
1.0,2.5,6.597904285371378,observed angular median
1.0,7.5,6.651202564352154,observed angular median
1.0,12.5,6.672687924509731,observed angular median
1.0,17.5,6.604486195044972,observed angular median
1.0,22.5,6.54891429748751,observed angular median
1.0,27.5,6.543718248115667,observed angular median
1.0,32.5,6.523910423496906,observed angular median
1.0,37.5,6.558385721996896,observed angular median
1.0,42.5,6.575537675807108,observed angular median
1.0,47.5,6.576677712663206,observed angular median
1.0,52.5,6.622561366157561,observed angular median
1.0,57.5,6.6234564185717275,observed angular median
1.0,62.5,6.612604382769748,observed angular median
1.0,67.5,6.616154983216889,observed angular median
1.0,72.5,6.663575700728773,observed angular median
1.0,77.5,6.7121070762056645,observed angular median
1.0,82.5,6.685419369714642,observed angular median
1.0,87.5,6.703070897823151,observed angular median
1.0,92.5,6.6746880420018355,observed angular median
1.0,97.5,6.712628596684476,observed angular median
1.0,102.5,6.645750590653796,observed angular median
1.0,107.5,6.711346779383925,observed angular median
1.0,112.5,6.711822755749758,observed angular median
1.0,117.5,6.597960261050657,observed angular median
1.0,122.5,6.563510803493349,observed angular median
1.0,127.5,6.533290983766442,observed angular median
1.0,132.5,6.504900447586313,observed angular median
1.0,137.5,6.466039534516158,observed angular median
1.0,142.5,6.422732193338575,observed angular median
1.0,147.5,6.507606832002698,observed angular median
1.0,152.5,6.521859553634377,observed angular median
1.0,157.5,6.4542026497128395,observed angular median
1.0,162.5,6.419769742920648,observed angular median
1.0,167.5,6.397177222908144,observed angular median
1.0,172.5,6.360165734420706,observed angular median
1.0,177.5,6.390541071007316,observed angular median
1.0,182.5,6.4149273919000285,observed angular median
1.0,187.5,6.468727890503917,observed angular median
1.0,192.5,6.490990469555383,observed angular median
1.0,197.5,6.446308137571202,observed angular median
1.0,202.5,6.409361381162941,observed angular median
1.0,207.5,6.4999094703428195,observed angular median
1.0,212.5,6.474741718602792,observed angular median
1.0,217.5,6.459931385858722,observed angular median
1.0,222.5,6.528235989231949,observed angular median
1.0,227.5,6.48116707447849,observed angular median
1.0,232.5,6.478787392500697,observed angular median
1.0,237.5,6.4816326749145965,observed angular median
1.0,242.5,6.487994791272127,observed angular median
1.0,247.5,6.496979883712502,observed angular median
1.0,252.5,6.487627483885705,observed angular median
1.0,257.5,6.45257756394939,observed angular median
1.0,262.5,6.467332487022696,observed angular median
1.0,267.5,6.418930676819665,observed angular median
1.0,272.5,6.350871114789835,observed angular median
1.0,277.5,6.374383825618643,observed angular median
1.0,282.5,6.384746115005429,observed angular median
1.0,287.5,6.41249022962875,observed angular median
1.0,292.5,6.443264912920295,observed angular median
1.0,297.5,6.4914550755764076,observed angular median
1.0,302.5,6.3803990081829145,observed angular median
1.0,307.5,6.469306137491104,observed angular median
1.0,312.5,6.458911811964935,observed angular median
1.0,317.5,6.501255859655247,observed angular median
1.0,322.5,6.530466835972172,observed angular median
1.0,327.5,6.5398511106819,observed angular median
1.0,332.5,6.5398134701964015,observed angular median
1.0,337.5,6.529066733785082,observed angular median
1.0,342.5,6.581307685398343,observed angular median
1.0,347.5,6.595085073190116,observed angular median
1.0,352.5,6.59518436919432,observed angular median
1.0,357.5,6.601110669273875,observed angular median
1.25,2.5,6.532997589678139,observed angular median
1.25,7.5,6.5716279664395305,observed angular median
1.25,12.5,6.5667234610244565,observed angular median
1.25,17.5,6.5124291244338535,observed angular median
1.25,22.5,6.432829346440441,observed angular median
1.25,27.5,6.453305252472337,observed angular median
1.25,32.5,6.464364360114187,observed angular median
1.25,37.5,6.534180468056327,observed angular median
1.25,42.5,6.5036765815692235,observed angular median
1.25,47.5,6.564816341317681,observed angular median
1.25,52.5,6.5483425044768735,observed angular median
1.25,57.5,6.555065747273751,observed angular median
1.25,62.5,6.528570864291158,observed angular median
1.25,67.5,6.517924254908894,observed angular median
1.25,72.5,6.596272750946981,observed angular median
1.25,77.5,6.571395590136691,observed angular median
1.25,82.5,6.582144878266982,observed angular median
1.25,87.5,6.5797285113849195,observed angular median
1.25,92.5,6.582597262269697,observed angular median
1.25,97.5,6.569796007439524,observed angular median
1.25,102.5,6.556679485744559,observed angular median
1.25,107.5,6.561170696051957,observed angular median
1.25,112.5,6.603477871359798,observed angular median
1.25,117.5,6.548638552131905,observed angular median
1.25,122.5,6.497789894513659,observed angular median
1.25,127.5,6.500449468301522,observed angular median
1.25,132.5,6.503059132648687,observed angular median
1.25,137.5,6.465094723258336,observed angular median
1.25,142.5,6.402463453554891,observed angular median
1.25,147.5,6.388767585780165,observed angular median
1.25,152.5,6.528641793472107,observed angular median
1.25,157.5,6.427085497283851,observed angular median
1.25,162.5,6.402083710180067,observed angular median
1.25,167.5,6.361020605648566,observed angular median
1.25,172.5,6.38206306722682,observed angular median
1.25,177.5,6.4166374569751135,observed angular median
1.25,182.5,6.450528879141251,observed angular median
1.25,187.5,6.479829863991643,observed angular median
1.25,192.5,6.421363255897843,observed angular median
1.25,197.5,6.429888263132227,observed angular median
1.25,202.5,6.453326520145453,observed angular median
1.25,207.5,6.452411190140856,observed angular median
1.25,212.5,6.444200059611355,observed angular median
1.25,217.5,6.464429514349806,observed angular median
1.25,222.5,6.512624542818076,observed angular median
1.25,227.5,6.483747958749144,observed angular median
1.25,232.5,6.463902766001686,observed angular median
1.25,237.5,6.467531009395456,observed angular median
1.25,242.5,6.507823780043243,observed angular median
1.25,247.5,6.513159596323945,observed angular median
1.25,252.5,6.5036669078988485,observed angular median
1.25,257.5,6.469382242402714,observed angular median
1.25,262.5,6.497600375983492,observed angular median
1.25,267.5,6.431636823319737,observed angular median
1.25,272.5,6.391566733739809,observed angular median
1.25,277.5,6.405445817291778,observed angular median
1.25,282.5,6.398714372772347,observed angular median
1.25,287.5,6.437009433361705,observed angular median
1.25,292.5,6.465728842973847,observed angular median
1.25,297.5,6.456088165477963,observed angular median
1.25,302.5,6.410666695915116,observed angular median
1.25,307.5,6.4786489589529275,observed angular median
1.25,312.5,6.467872611068762,observed angular median
1.25,317.5,6.527872090572236,observed angular median
1.25,322.5,6.499235376858929,observed angular median
1.25,327.5,6.511016468728021,observed angular median
1.25,332.5,6.506652807485841,observed angular median
1.25,337.5,6.497732586126336,observed angular median
1.25,342.5,6.501006063621295,observed angular median
1.25,347.5,6.523690326278868,observed angular median
1.25,352.5,6.52120379526745,observed angular median
1.25,357.5,6.537691365474612,observed angular median
1.5,2.5,6.4362307268692565,observed angular median
1.5,7.5,6.472934362539001,observed angular median
1.5,12.5,6.428881590123398,observed angular median
1.5,17.5,6.425213094098706,observed angular median
1.5,22.5,6.375530538591251,observed angular median
1.5,27.5,6.351181812223549,observed angular median
1.5,32.5,6.377531310455718,observed angular median
1.5,37.5,6.457479343338789,observed angular median
1.5,42.5,6.417378042487629,observed angular median
1.5,47.5,6.404468364878543,observed angular median
1.5,52.5,6.429764171184955,observed angular median
1.5,57.5,6.459924892619479,observed angular median
1.5,62.5,6.444455544387546,observed angular median
1.5,67.5,6.4351790331211625,observed angular median
1.5,72.5,6.446772031930782,observed angular median
1.5,77.5,6.432774341152063,observed angular median
1.5,82.5,6.45704276846405,observed angular median
1.5,87.5,6.462603742541975,observed angular median
1.5,92.5,6.462950886932692,observed angular median
1.5,97.5,6.443238132776724,observed angular median
1.5,102.5,6.453638901367633,observed angular median
1.5,107.5,6.48109233037946,observed angular median
1.5,112.5,6.511229246028705,observed angular median
1.5,117.5,6.419264437605544,observed angular median
1.5,122.5,6.426695892400044,observed angular median
1.5,127.5,6.459187828155404,observed angular median
1.5,132.5,6.457276504170836,observed angular median
1.5,137.5,6.353280574378735,observed angular median
1.5,142.5,6.3304583388970626,observed angular median
1.5,147.5,6.376742777056176,observed angular median
1.5,152.5,6.433007296698282,observed angular median
1.5,157.5,6.3848499857861505,observed angular median
1.5,162.5,6.360877797310371,observed angular median
1.5,167.5,6.30013761794088,observed angular median
1.5,172.5,6.307599615140353,observed angular median
1.5,177.5,6.395139792811874,observed angular median
1.5,182.5,6.344301592279833,observed angular median
1.5,187.5,6.4132616895122485,observed angular median
1.5,192.5,6.388915369654118,observed angular median
1.5,197.5,6.340965620426456,observed angular median
1.5,202.5,6.38387490847412,observed angular median
1.5,207.5,6.39926776784956,observed angular median
1.5,212.5,6.3518432854729445,observed angular median
1.5,217.5,6.375678817016926,observed angular median
1.5,222.5,6.438307347950435,observed angular median
1.5,227.5,6.39974467218671,observed angular median
1.5,232.5,6.409212250297464,observed angular median
1.5,237.5,6.405247287596516,observed angular median
1.5,242.5,6.4606826760346525,observed angular median
1.5,247.5,6.449905383806958,observed angular median
1.5,252.5,6.44171556737684,observed angular median
1.5,257.5,6.460695972422956,observed angular median
1.5,262.5,6.46299703394234,observed angular median
1.5,267.5,6.433265309028741,observed angular median
1.5,272.5,6.400983269767506,observed angular median
1.5,277.5,6.405196679739527,observed angular median
1.5,282.5,6.411990333312926,observed angular median
1.5,287.5,6.431459792839841,observed angular median
1.5,292.5,6.439944844219098,observed angular median
1.5,297.5,6.396691922137174,observed angular median
1.5,302.5,6.378623952213891,observed angular median
1.5,307.5,6.417825905530728,observed angular median
1.5,312.5,6.4315931646449025,observed angular median
1.5,317.5,6.442324756762824,observed angular median
1.5,322.5,6.435314964604606,observed angular median
1.5,327.5,6.465461538508735,observed angular median
1.5,332.5,6.40496279606137,observed angular median
1.5,337.5,6.405919053004831,observed angular median
1.5,342.5,6.445879910106517,observed angular median
1.5,347.5,6.430296058611878,observed angular median
1.5,352.5,6.433197660013578,observed angular median
1.5,357.5,6.390102230226691,observed angular median
1.75,2.5,6.348538312438915,observed angular median
1.75,7.5,6.361391030884356,observed angular median
1.75,12.5,6.355057167284386,observed angular median
1.75,17.5,6.341264131008531,observed angular median
1.75,22.5,6.317388698820419,observed angular median
1.75,27.5,6.280382128179276,observed angular median
1.75,32.5,6.2940113910023054,observed angular median
1.75,37.5,6.3532436179286575,observed angular median
1.75,42.5,6.330488773520284,observed angular median
1.75,47.5,6.30612018121596,observed angular median
1.75,52.5,6.346565471495631,observed angular median
1.75,57.5,6.351327690216711,observed angular median
1.75,62.5,6.356988975497893,observed angular median
1.75,67.5,6.324607701227916,observed angular median
1.75,72.5,6.3643405223345315,observed angular median
1.75,77.5,6.33263924157354,observed angular median
1.75,82.5,6.32609079340412,observed angular median
1.75,87.5,6.360133018929045,observed angular median
1.75,92.5,6.330896778559614,observed angular median
1.75,97.5,6.316948638129153,observed angular median
1.75,102.5,6.365589595079093,observed angular median
1.75,107.5,6.414576973208246,observed angular median
1.75,112.5,6.424415880727492,observed angular median
1.75,117.5,6.338437051661566,observed angular median
1.75,122.5,6.325335816723225,observed angular median
1.75,127.5,6.310698617966121,observed angular median
1.75,132.5,6.342053081513907,observed angular median
1.75,137.5,6.277186759866204,observed angular median
1.75,142.5,6.239446603502975,observed angular median
1.75,147.5,6.29842421425304,observed angular median
1.75,152.5,6.337929300668599,observed angular median
1.75,157.5,6.297380691658646,observed angular median
1.75,162.5,6.271717001380217,observed angular median
1.75,167.5,6.209915680395988,observed angular median
1.75,172.5,6.238776471671505,observed angular median
1.75,177.5,6.275307463443754,observed angular median
1.75,182.5,6.254096098678341,observed angular median
1.75,187.5,6.329956763857572,observed angular median
1.75,192.5,6.321581222471115,observed angular median
1.75,197.5,6.271836494856686,observed angular median
1.75,202.5,6.305187312725956,observed angular median
1.75,207.5,6.3299037800753055,observed angular median
1.75,212.5,6.294200192022699,observed angular median
1.75,217.5,6.3057200939730205,observed angular median
1.75,222.5,6.352436677223426,observed angular median
1.75,227.5,6.33555057260242,observed angular median
1.75,232.5,6.334789000913206,observed angular median
1.75,237.5,6.329839407352364,observed angular median
1.75,242.5,6.354230031400121,observed angular median
1.75,247.5,6.3916824716215155,observed angular median
1.75,252.5,6.3181316003563035,observed angular median
1.75,257.5,6.38415291996823,observed angular median
1.75,262.5,6.362128321198529,observed angular median
1.75,267.5,6.358407872937374,observed angular median
1.75,272.5,6.323803793905567,observed angular median
1.75,277.5,6.313229593270178,observed angular median
1.75,282.5,6.33951952565044,observed angular median
1.75,287.5,6.368432572731095,observed angular median
1.75,292.5,6.39126395887294,observed angular median
1.75,297.5,6.325252471767461,observed angular median
1.75,302.5,6.3251879167897025,observed angular median
1.75,307.5,6.336802738145907,observed angular median
1.75,312.5,6.360598509926897,observed angular median
1.75,317.5,6.357870624690111,observed angular median
1.75,322.5,6.349677306178204,observed angular median
1.75,327.5,6.372608012898512,observed angular median
1.75,332.5,6.325293998748373,observed angular median
1.75,337.5,6.302825542296674,observed angular median
1.75,342.5,6.373659316244352,observed angular median
1.75,347.5,6.357053053457406,observed angular median
1.75,352.5,6.331466096774218,observed angular median
1.75,357.5,6.291320485730592,observed angular median
2.0,2.5,6.287149208913555,observed angular median
2.0,7.5,6.280584761441437,observed angular median
2.0,12.5,6.25147732071393,observed angular median
2.0,17.5,6.258807684516374,observed angular median
2.0,22.5,6.251666543771814,observed angular median
2.0,27.5,6.207506367129788,observed angular median
2.0,32.5,6.204425817558512,observed angular median
2.0,37.5,6.310492792054914,observed angular median
2.0,42.5,6.289512674201179,observed angular median
2.0,47.5,6.189068243612077,observed angular median
2.0,52.5,6.265170795315629,observed angular median
2.0,57.5,6.2966789137073516,observed angular median
2.0,62.5,6.2541224937386515,observed angular median
2.0,67.5,6.24369713381336,observed angular median
2.0,72.5,6.276107260994385,observed angular median
2.0,77.5,6.287244335046135,observed angular median
2.0,82.5,6.20787622057413,observed angular median
2.0,87.5,6.270734892152504,observed angular median
2.0,92.5,6.244365317907792,observed angular median
2.0,97.5,6.226213865830447,observed angular median
2.0,102.5,6.220077549054285,observed angular median
2.0,107.5,6.3356914275278715,observed angular median
2.0,112.5,6.33401760796433,observed angular median
2.0,117.5,6.237805780696711,observed angular median
2.0,122.5,6.2169797727976475,observed angular median
2.0,127.5,6.262198479285648,observed angular median
2.0,132.5,6.2908514140216845,observed angular median
2.0,137.5,6.205413050791186,observed angular median
2.0,142.5,6.184816443690384,observed angular median
2.0,147.5,6.222940889990344,observed angular median
2.0,152.5,6.265248597204286,observed angular median
2.0,157.5,6.234258248303939,observed angular median
2.0,162.5,6.1832159234657995,observed angular median
2.0,167.5,6.143412875460378,observed angular median
2.0,172.5,6.183750466065019,observed angular median
2.0,177.5,6.19984235530295,observed angular median
2.0,182.5,6.16364899986123,observed angular median
2.0,187.5,6.208385233886297,observed angular median
2.0,192.5,6.264093310878518,observed angular median
2.0,197.5,6.212460312505285,observed angular median
2.0,202.5,6.244036207883583,observed angular median
2.0,207.5,6.274309508593033,observed angular median
2.0,212.5,6.25110697773942,observed angular median
2.0,217.5,6.244624838066271,observed angular median
2.0,222.5,6.292201168503751,observed angular median
2.0,227.5,6.287979216197126,observed angular median
2.0,232.5,6.277383444911662,observed angular median
2.0,237.5,6.283576706721575,observed angular median
2.0,242.5,6.312013802143662,observed angular median
2.0,247.5,6.2966814615286095,observed angular median
2.0,252.5,6.2327001030987175,observed angular median
2.0,257.5,6.319893670695167,observed angular median
2.0,262.5,6.3088690779395264,observed angular median
2.0,267.5,6.246191717017877,observed angular median
2.0,272.5,6.237814260919171,observed angular median
2.0,277.5,6.242905272367918,observed angular median
2.0,282.5,6.238296664290269,observed angular median
2.0,287.5,6.272492281075592,observed angular median
2.0,292.5,6.354849912751151,observed angular median
2.0,297.5,6.274045188822986,observed angular median
2.0,302.5,6.238521724885922,observed angular median
2.0,307.5,6.249332185421431,observed angular median
2.0,312.5,6.275641629446693,observed angular median
2.0,317.5,6.243198574720609,observed angular median
2.0,322.5,6.273634186500166,observed angular median
2.0,327.5,6.284031097711597,observed angular median
2.0,332.5,6.198009702823512,observed angular median
2.0,337.5,6.26981242742643,observed angular median
2.0,342.5,6.283670901150983,observed angular median
2.0,347.5,6.263621628773414,observed angular median
2.0,352.5,6.227436900839019,observed angular median
2.0,357.5,6.218394497877079,observed angular median
2.25,2.5,6.228259153391418,observed angular median
2.25,7.5,6.256381708607647,observed angular median
2.25,12.5,6.185721520931487,observed angular median
2.25,17.5,6.225701439672303,observed angular median
2.25,22.5,6.228565689197669,observed angular median
2.25,27.5,6.133452325037277,observed angular median
2.25,32.5,6.151739641549552,observed angular median
2.25,37.5,6.264984813420207,observed angular median
2.25,42.5,6.2303546384055615,observed angular median
2.25,47.5,6.169946360040844,observed angular median
2.25,52.5,6.215773561548399,observed angular median
2.25,57.5,6.242556816649332,observed angular median
2.25,62.5,6.194165570088646,observed angular median
2.25,67.5,6.146326820287262,observed angular median
2.25,72.5,6.229953987376784,observed angular median
2.25,77.5,6.239929671288628,observed angular median
2.25,82.5,6.174016582771819,observed angular median
2.25,87.5,6.206496153696255,observed angular median
2.25,92.5,6.190480754329306,observed angular median
2.25,97.5,6.157564064310479,observed angular median
2.25,102.5,6.164283419584816,observed angular median
2.25,107.5,6.2743852626951675,observed angular median
2.25,112.5,6.26175097126176,observed angular median
2.25,117.5,6.167288557361341,observed angular median
2.25,122.5,6.137275196354908,observed angular median
2.25,127.5,6.185277181963755,observed angular median
2.25,132.5,6.215218204499259,observed angular median
2.25,137.5,6.12850623450154,observed angular median
2.25,142.5,6.124069494143227,observed angular median
2.25,147.5,6.140954141846114,observed angular median
2.25,152.5,6.195979406584415,observed angular median
2.25,157.5,6.172725588467885,observed angular median
2.25,162.5,6.121713017331466,observed angular median
2.25,167.5,6.098144795452652,observed angular median
2.25,172.5,6.162812582260663,observed angular median
2.25,177.5,6.125631711191483,observed angular median
2.25,182.5,6.1077732971381185,observed angular median
2.25,187.5,6.203762597508789,observed angular median
2.25,192.5,6.218157128695172,observed angular median
2.25,197.5,6.172560525217621,observed angular median
2.25,202.5,6.190119375121225,observed angular median
2.25,207.5,6.218868335030638,observed angular median
2.25,212.5,6.207282196780158,observed angular median
2.25,217.5,6.159627855055089,observed angular median
2.25,222.5,6.228252791051471,observed angular median
2.25,227.5,6.240093784938447,observed angular median
2.25,232.5,6.235192799852291,observed angular median
2.25,237.5,6.249090113271054,observed angular median
2.25,242.5,6.2578262269695495,observed angular median
2.25,247.5,6.230516682647007,observed angular median
2.25,252.5,6.167119623005494,observed angular median
2.25,257.5,6.2386071562467365,observed angular median
2.25,262.5,6.261390094888753,observed angular median
2.25,267.5,6.185103301593515,observed angular median
2.25,272.5,6.168745619844332,observed angular median
2.25,277.5,6.171236206795948,observed angular median
2.25,282.5,6.160547920226007,observed angular median
2.25,287.5,6.160052827345872,observed angular median
2.25,292.5,6.30422897607021,observed angular median
2.25,297.5,6.226632618718226,observed angular median
2.25,302.5,6.15356842735821,observed angular median
2.25,307.5,6.181301809796671,observed angular median
2.25,312.5,6.228774337924608,observed angular median
2.25,317.5,6.150960188055969,observed angular median
2.25,322.5,6.248672333373088,observed angular median
2.25,327.5,6.263013730730103,observed angular median
2.25,332.5,6.181584995388234,observed angular median
2.25,337.5,6.174027675520165,observed angular median
2.25,342.5,6.148648952432538,observed angular median
2.25,347.5,6.209879603077502,observed angular median
2.25,352.5,6.139654415456888,observed angular median
2.25,357.5,6.1794239539901445,observed angular median
2.5,2.5,6.188492805338899,observed angular median
2.5,7.5,6.2380314609287515,observed angular median
2.5,12.5,6.159238871254352,observed angular median
2.5,17.5,6.153714702624766,observed angular median
2.5,22.5,6.21279734156223,observed angular median
2.5,27.5,6.144216608722777,observed angular median
2.5,32.5,6.212927142501204,observed angular median
2.5,37.5,6.229220970186686,observed angular median
2.5,42.5,6.133565903848502,observed angular median
2.5,47.5,6.166315185598896,observed angular median
2.5,52.5,6.189474031486591,observed angular median
2.5,57.5,6.209877375938218,observed angular median
2.5,62.5,6.180585121872679,observed angular median
2.5,67.5,6.14189924721242,observed angular median
2.5,72.5,6.195791354175522,observed angular median
2.5,77.5,6.2260458765899624,observed angular median
2.5,82.5,6.171683387832584,observed angular median
2.5,87.5,6.190209973381001,observed angular median
2.5,92.5,6.221675294072418,observed angular median
2.5,97.5,6.170619965433894,observed angular median
2.5,102.5,6.154200762179734,observed angular median
2.5,107.5,6.209379573176103,observed angular median
2.5,112.5,6.1678194201290895,observed angular median
2.5,117.5,6.147906591408358,observed angular median
2.5,122.5,6.134438193627595,observed angular median
2.5,127.5,6.152198094499671,observed angular median
2.5,132.5,6.190890218575198,observed angular median
2.5,137.5,6.139684234318076,observed angular median
2.5,142.5,6.074747837286475,observed angular median
2.5,147.5,6.081399091721647,observed angular median
2.5,152.5,6.203367907339862,observed angular median
2.5,157.5,6.219432414792587,observed angular median
2.5,162.5,6.113152550734654,observed angular median
2.5,167.5,6.067315408784049,observed angular median
2.5,172.5,6.165330298826024,observed angular median
2.5,177.5,6.1397659165235305,observed angular median
2.5,182.5,6.121378965293049,observed angular median
2.5,187.5,6.225821618501063,observed angular median
2.5,192.5,6.240932302604632,observed angular median
2.5,197.5,6.208415194962452,observed angular median
2.5,202.5,6.147540999241714,observed angular median
2.5,207.5,6.1694918362171265,observed angular median
2.5,212.5,6.187462740535011,observed angular median
2.5,217.5,6.1679754215126135,observed angular median
2.5,222.5,6.185228358975088,observed angular median
2.5,227.5,6.1953624042660635,observed angular median
2.5,232.5,6.190969295220553,observed angular median
2.5,237.5,6.249903541342774,observed angular median
2.5,242.5,6.248027056322711,observed angular median
2.5,247.5,6.193381317532285,observed angular median
2.5,252.5,6.1138056372939165,observed angular median
2.5,257.5,6.235637918548356,observed angular median
2.5,262.5,6.218966305174385,observed angular median
2.5,267.5,6.14191749115821,observed angular median
2.5,272.5,6.118601760687193,observed angular median
2.5,277.5,6.119435127259234,observed angular median
2.5,282.5,6.106985532283197,observed angular median
2.5,287.5,6.132344846319833,observed angular median
2.5,292.5,6.235932649083462,observed angular median
2.5,297.5,6.22671544334735,observed angular median
2.5,302.5,6.1538885174886815,observed angular median
2.5,307.5,6.165623045158234,observed angular median
2.5,312.5,6.191793426340947,observed angular median
2.5,317.5,6.126287371034623,observed angular median
2.5,322.5,6.241561083463212,observed angular median
2.5,327.5,6.259998179884713,observed angular median
2.5,332.5,6.158613273766884,observed angular median
2.5,337.5,6.170126922955051,observed angular median
2.5,342.5,6.192003246077078,observed angular median
2.5,347.5,6.192055826181285,observed angular median
2.5,352.5,6.109598528388938,observed angular median
2.5,357.5,6.127177934653661,observed angular median
2.75,2.5,6.239587285131091,observed angular median
2.75,7.5,6.193213612406249,observed angular median
2.75,12.5,6.1428776160591845,observed angular median
2.75,17.5,6.147944839497972,observed angular median
2.75,22.5,6.202238046849722,observed angular median
2.75,27.5,6.193453240499648,observed angular median
2.75,32.5,6.225759245052256,observed angular median
2.75,37.5,6.246076039562363,observed angular median
2.75,42.5,6.123517956464245,observed angular median
2.75,47.5,6.120258087642855,observed angular median
2.75,52.5,6.184945930439638,observed angular median
2.75,57.5,6.27822760550964,observed angular median
2.75,62.5,6.205035487649626,observed angular median
2.75,67.5,6.144971358994848,observed angular median
2.75,72.5,6.193099146674722,observed angular median
2.75,77.5,6.200986113696588,observed angular median
2.75,82.5,6.1499178640007806,observed angular median
2.75,87.5,6.155220065144599,observed angular median
2.75,92.5,6.232259707433828,observed angular median
2.75,97.5,6.184489415815957,observed angular median
2.75,102.5,6.181123815694674,observed angular median
2.75,107.5,6.204153499906896,observed angular median
2.75,112.5,6.165878113868406,observed angular median
2.75,117.5,6.118135636189734,observed angular median
2.75,122.5,6.175097169968279,observed angular median
2.75,127.5,6.178003573159654,observed angular median
2.75,132.5,6.20755101469447,observed angular median
2.75,137.5,6.127092622221178,observed angular median
2.75,142.5,6.076732166263134,observed angular median
2.75,147.5,6.060898576225168,observed angular median
2.75,152.5,6.201711047596163,observed angular median
2.75,157.5,6.23555024026699,observed angular median
2.75,162.5,6.09350876190573,observed angular median
2.75,167.5,6.062988088860771,observed angular median
2.75,172.5,6.185376187634334,observed angular median
2.75,177.5,6.139663709673447,observed angular median
2.75,182.5,6.160225456690572,observed angular median
2.75,187.5,6.196975732649195,observed angular median
2.75,192.5,6.2508876266608056,observed angular median
2.75,197.5,6.216680064690865,observed angular median
2.75,202.5,6.1633371208471655,observed angular median
2.75,207.5,6.162156324830212,observed angular median
2.75,212.5,6.195807258212387,observed angular median
2.75,217.5,6.183381509825741,observed angular median
2.75,222.5,6.202742872093381,observed angular median
2.75,227.5,6.1868523987959225,observed angular median
2.75,232.5,6.173701100778797,observed angular median
2.75,237.5,6.2153240721080305,observed angular median
2.75,242.5,6.231941364381188,observed angular median
2.75,247.5,6.191249422635548,observed angular median
2.75,252.5,6.115307858458529,observed angular median
2.75,257.5,6.217055531437328,observed angular median
2.75,262.5,6.212858937493905,observed angular median
2.75,267.5,6.148356482034638,observed angular median
2.75,272.5,6.120281005991609,observed angular median
2.75,277.5,6.108716486045963,observed angular median
2.75,282.5,6.077309641638799,observed angular median
2.75,287.5,6.202286631153638,observed angular median
2.75,292.5,6.20017423659467,observed angular median
2.75,297.5,6.172322569730294,observed angular median
2.75,302.5,6.20470236120692,observed angular median
2.75,307.5,6.175400873858532,observed angular median
2.75,312.5,6.166690579724771,observed angular median
2.75,317.5,6.141699499901961,observed angular median
2.75,322.5,6.1066888114973565,observed angular median
2.75,327.5,6.240437072107772,observed angular median
2.75,332.5,6.102823039571113,observed angular median
2.75,337.5,6.1209330024175195,observed angular median
2.75,342.5,6.174178154170737,observed angular median
2.75,347.5,6.177378444554988,observed angular median
2.75,352.5,6.100265481766582,observed angular median
2.75,357.5,6.132723243298357,observed angular median
3.0,2.5,6.273756248177433,observed angular median
3.0,7.5,6.165282507752094,observed angular median
3.0,12.5,6.144657476528149,observed angular median
3.0,17.5,6.182328799316851,observed angular median
3.0,22.5,6.20590077000821,observed angular median
3.0,27.5,6.205854559339109,observed angular median
3.0,32.5,6.221978250056211,observed angular median
3.0,37.5,6.249661913067873,observed angular median
3.0,42.5,6.123694836999052,observed angular median
3.0,47.5,6.108996536890273,observed angular median
3.0,52.5,6.202538837626995,observed angular median
3.0,57.5,6.301087218829908,observed angular median
3.0,62.5,6.227564017943034,observed angular median
3.0,67.5,6.156865702699491,observed angular median
3.0,72.5,6.187622480482048,observed angular median
3.0,77.5,6.205545388525521,observed angular median
3.0,82.5,6.081340118599317,observed angular median
3.0,87.5,6.101377274348991,observed angular median
3.0,92.5,6.2166904276698896,observed angular median
3.0,97.5,6.212491038558344,observed angular median
3.0,102.5,6.193052928824813,observed angular median
3.0,107.5,6.201152243113872,observed angular median
3.0,112.5,6.189612650609359,observed angular median
3.0,117.5,6.13609793697754,observed angular median
3.0,122.5,6.156451993250027,observed angular median
3.0,127.5,6.168642923609011,observed angular median
3.0,132.5,6.210143885533169,observed angular median
3.0,137.5,6.185688150070465,observed angular median
3.0,142.5,6.103563399899519,observed angular median
3.0,147.5,6.070843767785239,observed angular median
3.0,152.5,6.227639601482395,observed angular median
3.0,157.5,6.19361050694565,observed angular median
3.0,162.5,6.065533659470157,observed angular median
3.0,167.5,6.08099821674147,observed angular median
3.0,172.5,6.175705642735988,observed angular median
3.0,177.5,6.127560091181915,observed angular median
3.0,182.5,6.12932108558795,observed angular median
3.0,187.5,6.166710834554337,observed angular median
3.0,192.5,6.221147771630976,observed angular median
3.0,197.5,6.2061609168308225,observed angular median
3.0,202.5,6.198884714228593,observed angular median
3.0,207.5,6.119571691109996,observed angular median
3.0,212.5,6.212268034062811,observed angular median
3.0,217.5,6.189208721665469,observed angular median
3.0,222.5,6.192106622641978,observed angular median
3.0,227.5,6.1921295202386375,observed angular median
3.0,232.5,6.164302624991431,observed angular median
3.0,237.5,6.189573854298048,observed angular median
3.0,242.5,6.24345621026241,observed angular median
3.0,247.5,6.174489563189684,observed angular median
3.0,252.5,6.10904913346961,observed angular median
3.0,257.5,6.157768014706281,observed angular median
3.0,262.5,6.209444835558564,observed angular median
3.0,267.5,6.163600622380258,observed angular median
3.0,272.5,6.144146777080772,observed angular median
3.0,277.5,6.147176768323449,observed angular median
3.0,282.5,6.0529649595067525,observed angular median
3.0,287.5,6.1497842647563745,observed angular median
3.0,292.5,6.178739269508501,observed angular median
3.0,297.5,6.106441369741798,observed angular median
3.0,302.5,6.195978710171597,observed angular median
3.0,307.5,6.152513291937771,observed angular median
3.0,312.5,6.170015367032211,observed angular median
3.0,317.5,6.1217507924781955,observed angular median
3.0,322.5,6.151994748170954,observed angular median
3.0,327.5,6.226170549936106,observed angular median
3.0,332.5,6.098163226239946,observed angular median
3.0,337.5,6.065040602496902,observed angular median
3.0,342.5,6.162509230712956,observed angular median
3.0,347.5,6.181881464420906,observed angular median
3.0,352.5,6.061801213134139,observed angular median
3.0,357.5,6.077975377142775,observed angular median
3.25,2.5,6.254610293638168,observed angular median
3.25,7.5,6.154826563506923,observed angular median
3.25,12.5,6.130049864562584,observed angular median
3.25,17.5,6.245432583989324,observed angular median
3.25,22.5,6.221423146408596,observed angular median
3.25,27.5,6.206069020199406,observed angular median
3.25,32.5,6.229217933033247,observed angular median
3.25,37.5,6.228234105352421,observed angular median
3.25,42.5,6.137197229813324,observed angular median
3.25,47.5,6.1263049428846,observed angular median
3.25,52.5,6.2323973776273105,observed angular median
3.25,57.5,6.281876336411403,observed angular median
3.25,62.5,6.2334356266410555,observed angular median
3.25,67.5,6.182008789445243,observed angular median
3.25,72.5,6.182134739582548,observed angular median
3.25,77.5,6.17177211633918,observed angular median
3.25,82.5,6.104285450388745,observed angular median
3.25,87.5,6.091747448336633,observed angular median
3.25,92.5,6.183854968600462,observed angular median
3.25,97.5,6.183357596677295,observed angular median
3.25,102.5,6.1652047152884375,observed angular median
3.25,107.5,6.2129744191975185,observed angular median
3.25,112.5,6.228415894610736,observed angular median
3.25,117.5,6.145349640392598,observed angular median
3.25,122.5,6.194882576893686,observed angular median
3.25,127.5,6.139228297976057,observed angular median
3.25,132.5,6.18661187848895,observed angular median
3.25,137.5,6.201603357512033,observed angular median
3.25,142.5,6.104715036550966,observed angular median
3.25,147.5,6.116405801660148,observed angular median
3.25,152.5,6.229748355277341,observed angular median
3.25,157.5,6.150835918183012,observed angular median
3.25,162.5,6.077960621019206,observed angular median
3.25,167.5,6.0158876362733915,observed angular median
3.25,172.5,6.109123805277998,observed angular median
3.25,177.5,6.119279827271644,observed angular median
3.25,182.5,6.093191834143473,observed angular median
3.25,187.5,6.1664001677416636,observed angular median
3.25,192.5,6.196144392359305,observed angular median
3.25,197.5,6.206960067223423,observed angular median
3.25,202.5,6.202300180565058,observed angular median
3.25,207.5,6.129576509929895,observed angular median
3.25,212.5,6.228774575018919,observed angular median
3.25,217.5,6.20362263749003,observed angular median
3.25,222.5,6.120564406017239,observed angular median
3.25,227.5,6.174670410868432,observed angular median
3.25,232.5,6.145498705204089,observed angular median
3.25,237.5,6.175132829977152,observed angular median
3.25,242.5,6.256642708140541,observed angular median
3.25,247.5,6.2296897341738475,observed angular median
3.25,252.5,6.126496601702544,observed angular median
3.25,257.5,6.158361702535753,observed angular median
3.25,262.5,6.210385338632384,observed angular median
3.25,267.5,6.156534425694243,observed angular median
3.25,272.5,6.106494406593811,observed angular median
3.25,277.5,6.063737419288976,observed angular median
3.25,282.5,6.006711579080582,observed angular median
3.25,287.5,6.108911871468262,observed angular median
3.25,292.5,6.210610367477481,observed angular median
3.25,297.5,6.1573041216697915,observed angular median
3.25,302.5,6.180149696556958,observed angular median
3.25,307.5,6.114737285940381,observed angular median
3.25,312.5,6.147184577091498,observed angular median
3.25,317.5,6.1232555181187545,observed angular median
3.25,322.5,6.115904303654583,observed angular median
3.25,327.5,6.168517925859405,observed angular median
3.25,332.5,6.124957164849249,observed angular median
3.25,337.5,6.08682883410025,observed angular median
3.25,342.5,6.135318036352538,observed angular median
3.25,347.5,6.168792513305002,observed angular median
3.25,352.5,6.061852007249401,observed angular median
3.25,357.5,6.093854510601407,observed angular median
3.5,2.5,6.259466350555791,observed angular median
3.5,7.5,6.197467248299579,observed angular median
3.5,12.5,6.159353167572247,observed angular median
3.5,17.5,6.207234843468854,observed angular median
3.5,22.5,6.227001979422576,observed angular median
3.5,27.5,6.23366346346966,observed angular median
3.5,32.5,6.2756243876842195,observed angular median
3.5,37.5,6.249350991450703,observed angular median
3.5,42.5,6.212360623420974,observed angular median
3.5,47.5,6.148104280358747,observed angular median
3.5,52.5,6.2624664828691134,observed angular median
3.5,57.5,6.273343734403936,observed angular median
3.5,62.5,6.226588446794431,observed angular median
3.5,67.5,6.187467351056575,observed angular median
3.5,72.5,6.277292431173116,observed angular median
3.5,77.5,6.185169766892648,observed angular median
3.5,82.5,6.122304544282425,observed angular median
3.5,87.5,6.163540214737445,observed angular median
3.5,92.5,6.171112389979534,observed angular median
3.5,97.5,6.164554490959261,observed angular median
3.5,102.5,6.085952448856488,observed angular median
3.5,107.5,6.245558178073367,observed angular median
3.5,112.5,6.180402913267789,observed angular median
3.5,117.5,6.104877699310212,observed angular median
3.5,122.5,6.193607715564124,observed angular median
3.5,127.5,6.179985573633154,observed angular median
3.5,132.5,6.1949602153857,observed angular median
3.5,137.5,6.12141282422839,observed angular median
3.5,142.5,6.129598713871025,observed angular median
3.5,147.5,6.170446372048973,observed angular median
3.5,152.5,6.2048970556995675,observed angular median
3.5,157.5,6.211286219998754,observed angular median
3.5,162.5,6.109894630273803,observed angular median
3.5,167.5,6.133303321764437,observed angular median
3.5,172.5,6.103908162122021,observed angular median
3.5,177.5,6.145155622137182,observed angular median
3.5,182.5,6.132771398244131,observed angular median
3.5,187.5,6.211014223396354,observed angular median
3.5,192.5,6.2208729513471805,observed angular median
3.5,197.5,6.166248459414937,observed angular median
3.5,202.5,6.241388259411336,observed angular median
3.5,207.5,6.17812821879875,observed angular median
3.5,212.5,6.23683021234065,observed angular median
3.5,217.5,6.2171972396432125,observed angular median
3.5,222.5,6.192896517196232,observed angular median
3.5,227.5,6.198628228308715,observed angular median
3.5,232.5,6.143231885365191,observed angular median
3.5,237.5,6.1633980016831496,observed angular median
3.5,242.5,6.251904968072336,observed angular median
3.5,247.5,6.252469668997719,observed angular median
3.5,252.5,6.130362452126899,observed angular median
3.5,257.5,6.173659025269834,observed angular median
3.5,262.5,6.204480361105048,observed angular median
3.5,267.5,6.1394693209671525,observed angular median
3.5,272.5,6.085438197326199,observed angular median
3.5,277.5,5.9969905289306,observed angular median
3.5,282.5,6.0041207640549406,observed angular median
3.5,287.5,6.141605880275312,observed angular median
3.5,292.5,6.20539414462371,observed angular median
3.5,297.5,6.189060602918089,observed angular median
3.5,302.5,6.190748346860274,observed angular median
3.5,307.5,6.091428693390631,observed angular median
3.5,312.5,6.129903672426217,observed angular median
3.5,317.5,6.138898152051853,observed angular median
3.5,322.5,6.175720264810931,observed angular median
3.5,327.5,6.12965426052385,observed angular median
3.5,332.5,6.1447610804418655,observed angular median
3.5,337.5,6.075131978591282,observed angular median
3.5,342.5,6.165677026646269,observed angular median
3.5,347.5,6.174362988193846,observed angular median
3.5,352.5,6.111766834633258,observed angular median
3.5,357.5,6.157181928852557,observed angular median
3.75,2.5,6.26968049831076,observed angular median
3.75,7.5,6.2216026060046765,observed angular median
3.75,12.5,6.220835981436317,observed angular median
3.75,17.5,6.22729208667316,observed angular median
3.75,22.5,6.228862577625713,observed angular median
3.75,27.5,6.260549934299374,observed angular median
3.75,32.5,6.315000543348948,observed angular median
3.75,37.5,6.28368958676161,observed angular median
3.75,42.5,6.201011334834023,observed angular median
3.75,47.5,6.146747540866839,observed angular median
3.75,52.5,6.281372569963869,observed angular median
3.75,57.5,6.260118020496283,observed angular median
3.75,62.5,6.222393842321182,observed angular median
3.75,67.5,6.174356253828932,observed angular median
3.75,72.5,6.283685021129912,observed angular median
3.75,77.5,6.269771714547039,observed angular median
3.75,82.5,6.194801629569217,observed angular median
3.75,87.5,6.198170061820376,observed angular median
3.75,92.5,6.196379275039023,observed angular median
3.75,97.5,6.132799130630937,observed angular median
3.75,102.5,6.09996975435521,observed angular median
3.75,107.5,6.246703456321598,observed angular median
3.75,112.5,6.2033796950606925,observed angular median
3.75,117.5,6.158624060627074,observed angular median
3.75,122.5,6.142821606266152,observed angular median
3.75,127.5,6.2441744385457945,observed angular median
3.75,132.5,6.225467485962981,observed angular median
3.75,137.5,6.113745845155352,observed angular median
3.75,142.5,6.140286126460599,observed angular median
3.75,147.5,6.154702817398302,observed angular median
3.75,152.5,6.205189586601296,observed angular median
3.75,157.5,6.205763103048426,observed angular median
3.75,162.5,6.1519031929770716,observed angular median
3.75,167.5,6.172405506493057,observed angular median
3.75,172.5,6.165971878713926,observed angular median
3.75,177.5,6.184531148176006,observed angular median
3.75,182.5,6.15169819456165,observed angular median
3.75,187.5,6.264476760624779,observed angular median
3.75,192.5,6.247961434056993,observed angular median
3.75,197.5,6.193173418560987,observed angular median
3.75,202.5,6.239455919651516,observed angular median
3.75,207.5,6.211871177080193,observed angular median
3.75,212.5,6.234750303219721,observed angular median
3.75,217.5,6.212646885115994,observed angular median
3.75,222.5,6.215336723676032,observed angular median
3.75,227.5,6.215952191512979,observed angular median
3.75,232.5,6.1600788001284545,observed angular median
3.75,237.5,6.178736461735808,observed angular median
3.75,242.5,6.254821442387955,observed angular median
3.75,247.5,6.220589745915563,observed angular median
3.75,252.5,6.173301997947548,observed angular median
3.75,257.5,6.2344202642522255,observed angular median
3.75,262.5,6.251447315014218,observed angular median
3.75,267.5,6.1661483455553086,observed angular median
3.75,272.5,6.130233713134706,observed angular median
3.75,277.5,6.034344410732196,observed angular median
3.75,282.5,6.061527771973188,observed angular median
3.75,287.5,6.146632554878977,observed angular median
3.75,292.5,6.247125206406586,observed angular median
3.75,297.5,6.200053164605697,observed angular median
3.75,302.5,6.183074918739133,observed angular median
3.75,307.5,6.124945971018657,observed angular median
3.75,312.5,6.149114668794274,observed angular median
3.75,317.5,6.131911739839401,observed angular median
3.75,322.5,6.2298573160973865,observed angular median
3.75,327.5,6.119123399300528,observed angular median
3.75,332.5,6.1429879959961315,observed angular median
3.75,337.5,6.095340433069366,observed angular median
3.75,342.5,6.229013278325347,observed angular median
3.75,347.5,6.170832200520187,observed angular median
3.75,352.5,6.147300128131535,observed angular median
3.75,357.5,6.191853400518657,observed angular median
4.0,2.5,6.266570325452078,observed angular median
4.0,7.5,6.252024545432933,observed angular median
4.0,12.5,6.2475583088927955,observed angular median
4.0,17.5,6.24212480205604,observed angular median
4.0,22.5,6.237386416359335,observed angular median
4.0,27.5,6.230153960472444,observed angular median
4.0,32.5,6.294308634547492,observed angular median
4.0,37.5,6.3032785699024085,observed angular median
4.0,42.5,6.200538339163868,observed angular median
4.0,47.5,6.200662146522702,observed angular median
4.0,52.5,6.301549408340211,observed angular median
4.0,57.5,6.21194969124617,observed angular median
4.0,62.5,6.247602538784746,observed angular median
4.0,67.5,6.228200616398545,observed angular median
4.0,72.5,6.2577469181055125,observed angular median
4.0,77.5,6.310869531094242,observed angular median
4.0,82.5,6.233080794982468,observed angular median
4.0,87.5,6.216592188891489,observed angular median
4.0,92.5,6.255466209093578,observed angular median
4.0,97.5,6.218036705077531,observed angular median
4.0,102.5,6.167779166959061,observed angular median
4.0,107.5,6.244208837268461,observed angular median
4.0,112.5,6.221303879838729,observed angular median
4.0,117.5,6.168257337373502,observed angular median
4.0,122.5,6.106249057085023,observed angular median
4.0,127.5,6.262131613130666,observed angular median
4.0,132.5,6.273275206152923,observed angular median
4.0,137.5,6.134567699630804,observed angular median
4.0,142.5,6.119777209734256,observed angular median
4.0,147.5,6.183126403183632,observed angular median
4.0,152.5,6.212139800188755,observed angular median
4.0,157.5,6.207253757487967,observed angular median
4.0,162.5,6.229659364378071,observed angular median
4.0,167.5,6.174060056682835,observed angular median
4.0,172.5,6.171161647506066,observed angular median
4.0,177.5,6.186350516062595,observed angular median
4.0,182.5,6.196019507555025,observed angular median
4.0,187.5,6.228721430356112,observed angular median
4.0,192.5,6.198748253331779,observed angular median
4.0,197.5,6.212015168803353,observed angular median
4.0,202.5,6.2303464687933925,observed angular median
4.0,207.5,6.217806904778485,observed angular median
4.0,212.5,6.23562283158608,observed angular median
4.0,217.5,6.202844401522481,observed angular median
4.0,222.5,6.228655349004034,observed angular median
4.0,227.5,6.2010464008197665,observed angular median
4.0,232.5,6.179534103626743,observed angular median
4.0,237.5,6.220053734778455,observed angular median
4.0,242.5,6.282973475933638,observed angular median
4.0,247.5,6.254848152665319,observed angular median
4.0,252.5,6.2293529439885145,observed angular median
4.0,257.5,6.2856951336868105,observed angular median
4.0,262.5,6.295990734232999,observed angular median
4.0,267.5,6.204049843855213,observed angular median
4.0,272.5,6.1749071823261215,observed angular median
4.0,277.5,6.092625527143629,observed angular median
4.0,282.5,6.100425215067565,observed angular median
4.0,287.5,6.138658661509453,observed angular median
4.0,292.5,6.225461417253975,observed angular median
4.0,297.5,6.199679331893763,observed angular median
4.0,302.5,6.173725958577864,observed angular median
4.0,307.5,6.146343330394143,observed angular median
4.0,312.5,6.177520811357802,observed angular median
4.0,317.5,6.159807893952257,observed angular median
4.0,322.5,6.2215078884035355,observed angular median
4.0,327.5,6.172642018718735,observed angular median
4.0,332.5,6.129550634299484,observed angular median
4.0,337.5,6.157348892436039,observed angular median
4.0,342.5,6.305607264818542,observed angular median
4.0,347.5,6.156291629997908,observed angular median
4.0,352.5,6.147685080597238,observed angular median
4.0,357.5,6.225099497516821,observed angular median
4.25,2.5,6.254652341425634,observed angular median
4.25,7.5,6.265106907477939,observed angular median
4.25,12.5,6.246524615491446,observed angular median
4.25,17.5,6.264674505133569,observed angular median
4.25,22.5,6.240359412114882,observed angular median
4.25,27.5,6.2246600193270645,observed angular median
4.25,32.5,6.277206776912592,observed angular median
4.25,37.5,6.307763403033586,observed angular median
4.25,42.5,6.263809406890109,observed angular median
4.25,47.5,6.207651662547165,observed angular median
4.25,52.5,6.310048595300023,observed angular median
4.25,57.5,6.235961915978681,observed angular median
4.25,62.5,6.268330434015713,observed angular median
4.25,67.5,6.232306254994922,observed angular median
4.25,72.5,6.306625777369588,observed angular median
4.25,77.5,6.3291099097143935,observed angular median
4.25,82.5,6.251355591524288,observed angular median
4.25,87.5,6.231177815236487,observed angular median
4.25,92.5,6.293321860569136,observed angular median
4.25,97.5,6.232023019887142,observed angular median
4.25,102.5,6.1918725247228705,observed angular median
4.25,107.5,6.277094793222927,observed angular median
4.25,112.5,6.218265147689861,observed angular median
4.25,117.5,6.224953942551161,observed angular median
4.25,122.5,6.163146505777058,observed angular median
4.25,127.5,6.264847312791833,observed angular median
4.25,132.5,6.279560069396848,observed angular median
4.25,137.5,6.179479541014067,observed angular median
4.25,142.5,6.183260963384347,observed angular median
4.25,147.5,6.218252369703073,observed angular median
4.25,152.5,6.259981333546503,observed angular median
4.25,157.5,6.235609019067033,observed angular median
4.25,162.5,6.166186427901683,observed angular median
4.25,167.5,6.141883447105892,observed angular median
4.25,172.5,6.186069846208625,observed angular median
4.25,177.5,6.1983678348866,observed angular median
4.25,182.5,6.202819045149491,observed angular median
4.25,187.5,6.212396480714142,observed angular median
4.25,192.5,6.213670144971146,observed angular median
4.25,197.5,6.196952148745237,observed angular median
4.25,202.5,6.219013758341792,observed angular median
4.25,207.5,6.225336995671233,observed angular median
4.25,212.5,6.246018337579834,observed angular median
4.25,217.5,6.2382134299838095,observed angular median
4.25,222.5,6.256398581251796,observed angular median
4.25,227.5,6.213358597561172,observed angular median
4.25,232.5,6.201678473976139,observed angular median
4.25,237.5,6.219890078239941,observed angular median
4.25,242.5,6.313838939427253,observed angular median
4.25,247.5,6.293483280385086,observed angular median
4.25,252.5,6.265000044713293,observed angular median
4.25,257.5,6.289986006032584,observed angular median
4.25,262.5,6.314854647353442,observed angular median
4.25,267.5,6.233234698793544,observed angular median
4.25,272.5,6.186471396560304,observed angular median
4.25,277.5,6.156148154788183,observed angular median
4.25,282.5,6.137028613065667,observed angular median
4.25,287.5,6.140431060968072,observed angular median
4.25,292.5,6.2381969894026765,observed angular median
4.25,297.5,6.232435761691142,observed angular median
4.25,302.5,6.18727583864621,observed angular median
4.25,307.5,6.165854513610258,observed angular median
4.25,312.5,6.206967490659247,observed angular median
4.25,317.5,6.201553602649059,observed angular median
4.25,322.5,6.251879240779871,observed angular median
4.25,327.5,6.187286292482353,observed angular median
4.25,332.5,6.1646995314613084,observed angular median
4.25,337.5,6.17101643459447,observed angular median
4.25,342.5,6.25724362507902,observed angular median
4.25,347.5,6.1923138943447285,observed angular median
4.25,352.5,6.165872495930124,observed angular median
4.25,357.5,6.202870832329935,observed angular median
4.5,2.5,6.249002562677066,observed angular median
4.5,7.5,6.2613106654571595,observed angular median
4.5,12.5,6.244167808357253,observed angular median
4.5,17.5,6.262110562584855,observed angular median
4.5,22.5,6.24834945989622,observed angular median
4.5,27.5,6.239326392884249,observed angular median
4.5,32.5,6.263436527003635,observed angular median
4.5,37.5,6.301495018212628,observed angular median
4.5,42.5,6.299433963045558,observed angular median
4.5,47.5,6.257260935274798,observed angular median
4.5,52.5,6.303803743376429,observed angular median
4.5,57.5,6.272372095342524,observed angular median
4.5,62.5,6.262583500706891,observed angular median
4.5,67.5,6.206852558019429,observed angular median
4.5,72.5,6.294301990428727,observed angular median
4.5,77.5,6.314630260970831,observed angular median
4.5,82.5,6.264954205815597,observed angular median
4.5,87.5,6.209704984983599,observed angular median
4.5,92.5,6.273825645880595,observed angular median
4.5,97.5,6.2563216448304875,observed angular median
4.5,102.5,6.217418801436825,observed angular median
4.5,107.5,6.287091765315622,observed angular median
4.5,112.5,6.218816899548589,observed angular median
4.5,117.5,6.226780084014373,observed angular median
4.5,122.5,6.223734719891562,observed angular median
4.5,127.5,6.289498562973328,observed angular median
4.5,132.5,6.291239493727607,observed angular median
4.5,137.5,6.219183117733701,observed angular median
4.5,142.5,6.188198535929284,observed angular median
4.5,147.5,6.199028495394345,observed angular median
4.5,152.5,6.291256951495615,observed angular median
4.5,157.5,6.247672879491564,observed angular median
4.5,162.5,6.105079949388408,observed angular median
4.5,167.5,6.149089081125096,observed angular median
4.5,172.5,6.189549377089502,observed angular median
4.5,177.5,6.206852917700417,observed angular median
4.5,182.5,6.20768057743664,observed angular median
4.5,187.5,6.249255641184481,observed angular median
4.5,192.5,6.256730294404401,observed angular median
4.5,197.5,6.198718319859269,observed angular median
4.5,202.5,6.218050499674208,observed angular median
4.5,207.5,6.22545243914664,observed angular median
4.5,212.5,6.264631960935485,observed angular median
4.5,217.5,6.228006422950239,observed angular median
4.5,222.5,6.235150480022115,observed angular median
4.5,227.5,6.228617756047444,observed angular median
4.5,232.5,6.235439215910887,observed angular median
4.5,237.5,6.2456291499111,observed angular median
4.5,242.5,6.328280438717659,observed angular median
4.5,247.5,6.304659926122871,observed angular median
4.5,252.5,6.267423003950655,observed angular median
4.5,257.5,6.305729189768416,observed angular median
4.5,262.5,6.314189009170595,observed angular median
4.5,267.5,6.264001392252913,observed angular median
4.5,272.5,6.183756492057908,observed angular median
4.5,277.5,6.177281488967795,observed angular median
4.5,282.5,6.171558254668322,observed angular median
4.5,287.5,6.1720028973091665,observed angular median
4.5,292.5,6.265152250149125,observed angular median
4.5,297.5,6.217936835559444,observed angular median
4.5,302.5,6.176855488725937,observed angular median
4.5,307.5,6.194527429676063,observed angular median
4.5,312.5,6.243171874745806,observed angular median
4.5,317.5,6.237176138003699,observed angular median
4.5,322.5,6.245745893977744,observed angular median
4.5,327.5,6.236144528617485,observed angular median
4.5,332.5,6.205519033288954,observed angular median
4.5,337.5,6.202836286117504,observed angular median
4.5,342.5,6.218615272940417,observed angular median
4.5,347.5,6.2316301898776345,observed angular median
4.5,352.5,6.175349826998753,observed angular median
4.5,357.5,6.195685034178,observed angular median
4.75,2.5,6.252501664174993,observed angular median
4.75,7.5,6.253868950485598,observed angular median
4.75,12.5,6.234156491180988,observed angular median
4.75,17.5,6.245956375706241,observed angular median
4.75,22.5,6.272861566008607,observed angular median
4.75,27.5,6.235526974382195,observed angular median
4.75,32.5,6.279012740178365,observed angular median
4.75,37.5,6.300421964047105,observed angular median
4.75,42.5,6.286902253396479,observed angular median
4.75,47.5,6.240647133524612,observed angular median
4.75,52.5,6.276959698800037,observed angular median
4.75,57.5,6.277251699939852,observed angular median
4.75,62.5,6.24608538553233,observed angular median
4.75,67.5,6.225360739026346,observed angular median
4.75,72.5,6.2874403718272465,observed angular median
4.75,77.5,6.259454876291761,observed angular median
4.75,82.5,6.236121441645231,observed angular median
4.75,87.5,6.176641368245724,observed angular median
4.75,92.5,6.257213688435604,observed angular median
4.75,97.5,6.240432743369482,observed angular median
4.75,102.5,6.243133733868793,observed angular median
4.75,107.5,6.24384475143704,observed angular median
4.75,112.5,6.236325371519697,observed angular median
4.75,117.5,6.223478257431811,observed angular median
4.75,122.5,6.256643615418631,observed angular median
4.75,127.5,6.272369058943754,observed angular median
4.75,132.5,6.239461548744494,observed angular median
4.75,137.5,6.235197277502576,observed angular median
4.75,142.5,6.148009074304186,observed angular median
4.75,147.5,6.172889940997353,observed angular median
4.75,152.5,6.265752769238592,observed angular median
4.75,157.5,6.282538465324859,observed angular median
4.75,162.5,6.132478886545668,observed angular median
4.75,167.5,6.150828637016038,observed angular median
4.75,172.5,6.187867633063203,observed angular median
4.75,177.5,6.207498046037109,observed angular median
4.75,182.5,6.1913019378083165,observed angular median
4.75,187.5,6.217967570513401,observed angular median
4.75,192.5,6.26207680391499,observed angular median
4.75,197.5,6.222618059513341,observed angular median
4.75,202.5,6.2231046368937974,observed angular median
4.75,207.5,6.236830689738554,observed angular median
4.75,212.5,6.266325377821377,observed angular median
4.75,217.5,6.219521458873436,observed angular median
4.75,222.5,6.220205352057332,observed angular median
4.75,227.5,6.231361165247389,observed angular median
4.75,232.5,6.246177986472604,observed angular median
4.75,237.5,6.233287089045092,observed angular median
4.75,242.5,6.312322380596744,observed angular median
4.75,247.5,6.285577442897206,observed angular median
4.75,252.5,6.262799223015931,observed angular median
4.75,257.5,6.270322942060719,observed angular median
4.75,262.5,6.277662640736344,observed angular median
4.75,267.5,6.227044307138473,observed angular median
4.75,272.5,6.207842246750961,observed angular median
4.75,277.5,6.177592639381105,observed angular median
4.75,282.5,6.171159497212767,observed angular median
4.75,287.5,6.179476163273308,observed angular median
4.75,292.5,6.260907741410317,observed angular median
4.75,297.5,6.144414420636185,observed angular median
4.75,302.5,6.145033782074954,observed angular median
4.75,307.5,6.201727505990446,observed angular median
4.75,312.5,6.2533233434285975,observed angular median
4.75,317.5,6.231837870165281,observed angular median
4.75,322.5,6.245089288633967,observed angular median
4.75,327.5,6.290557798583412,observed angular median
4.75,332.5,6.211367972107692,observed angular median
4.75,337.5,6.215343227513309,observed angular median
4.75,342.5,6.225681696302753,observed angular median
4.75,347.5,6.16521411289972,observed angular median
4.75,352.5,6.19334673114837,observed angular median
4.75,357.5,6.211536534367027,observed angular median
5.0,2.5,6.247319143300473,observed angular median
5.0,7.5,6.250892745990041,observed angular median
5.0,12.5,6.243661150143351,observed angular median
5.0,17.5,6.276946703408206,observed angular median
5.0,22.5,6.2599578845606985,observed angular median
5.0,27.5,6.233834985027433,observed angular median
5.0,32.5,6.283621991183899,observed angular median
5.0,37.5,6.3060033610032225,observed angular median
5.0,42.5,6.27954715761352,observed angular median
5.0,47.5,6.217713348481548,observed angular median
5.0,52.5,6.239003313890153,observed angular median
5.0,57.5,6.284405500576752,observed angular median
5.0,62.5,6.247548736452282,observed angular median
5.0,67.5,6.241833285234405,observed angular median
5.0,72.5,6.285857954101019,observed angular median
5.0,77.5,6.249661078759658,observed angular median
5.0,82.5,6.207221207476252,observed angular median
5.0,87.5,6.199694113636753,observed angular median
5.0,92.5,6.250651504293078,observed angular median
5.0,97.5,6.227622750962163,observed angular median
5.0,102.5,6.216823090695698,observed angular median
5.0,107.5,6.261804082477989,observed angular median
5.0,112.5,6.1920895155980835,observed angular median
5.0,117.5,6.1961700059395195,observed angular median
5.0,122.5,6.254934955302088,observed angular median
5.0,127.5,6.220881159930501,observed angular median
5.0,132.5,6.240211605755059,observed angular median
5.0,137.5,6.1616424847925195,observed angular median
5.0,142.5,6.144078605614601,observed angular median
5.0,147.5,6.268612775361395,observed angular median
5.0,152.5,6.298455630930199,observed angular median
5.0,157.5,6.301334292191884,observed angular median
5.0,162.5,6.1795653252974265,observed angular median
5.0,167.5,6.181914414889323,observed angular median
5.0,172.5,6.178817757355702,observed angular median
5.0,177.5,6.195939861534483,observed angular median
5.0,182.5,6.1297870851391885,observed angular median
5.0,187.5,6.2236482998269915,observed angular median
5.0,192.5,6.234626854649398,observed angular median
5.0,197.5,6.253463879381951,observed angular median
5.0,202.5,6.215688489920653,observed angular median
5.0,207.5,6.228571513082881,observed angular median
5.0,212.5,6.244751577030581,observed angular median
5.0,217.5,6.214391121885921,observed angular median
5.0,222.5,6.201796052286123,observed angular median
5.0,227.5,6.25876736448997,observed angular median
5.0,232.5,6.2456406710711,observed angular median
5.0,237.5,6.2036629801910035,observed angular median
5.0,242.5,6.308325315462877,observed angular median
5.0,247.5,6.302143568026572,observed angular median
5.0,252.5,6.250348600812977,observed angular median
5.0,257.5,6.275395635789261,observed angular median
5.0,262.5,6.256175876603754,observed angular median
5.0,267.5,6.205145475830912,observed angular median
5.0,272.5,6.218007554156214,observed angular median
5.0,277.5,6.173807003610593,observed angular median
5.0,282.5,6.1581700014403395,observed angular median
5.0,287.5,6.167981343947016,observed angular median
5.0,292.5,6.211824831731782,observed angular median
5.0,297.5,6.21387654125204,observed angular median
5.0,302.5,6.104875005811052,observed angular median
5.0,307.5,6.197552921433503,observed angular median
5.0,312.5,6.23710580079406,observed angular median
5.0,317.5,6.223290272153809,observed angular median
5.0,322.5,6.211823327929464,observed angular median
5.0,327.5,6.340519966258294,observed angular median
5.0,332.5,6.2078637739546485,observed angular median
5.0,337.5,6.2141656500111075,observed angular median
5.0,342.5,6.244361501326521,observed angular median
5.0,347.5,6.192825924467248,observed angular median
5.0,352.5,6.2017693043038795,observed angular median
5.0,357.5,6.220358197492385,observed angular median
5.25,2.5,6.223396470212526,observed angular median
5.25,7.5,6.237278858041098,observed angular median
5.25,12.5,6.2543194411369445,observed angular median
5.25,17.5,6.288125978947685,observed angular median
5.25,22.5,6.238907288386086,observed angular median
5.25,27.5,6.2133062167756385,observed angular median
5.25,32.5,6.274849757321574,observed angular median
5.25,37.5,6.289413797111193,observed angular median
5.25,42.5,6.238064953122619,observed angular median
5.25,47.5,6.193636066912008,observed angular median
5.25,52.5,6.226388599275639,observed angular median
5.25,57.5,6.268096362019646,observed angular median
5.25,62.5,6.228208817323672,observed angular median
5.25,67.5,6.235345924812477,observed angular median
5.25,72.5,6.2800760624966365,observed angular median
5.25,77.5,6.256923588853298,observed angular median
5.25,82.5,6.215101256738244,observed angular median
5.25,87.5,6.241049372466254,observed angular median
5.25,92.5,6.279564013974998,observed angular median
5.25,97.5,6.202279627845321,observed angular median
5.25,102.5,6.178527016401542,observed angular median
5.25,107.5,6.269234202226679,observed angular median
5.25,112.5,6.2353416201583025,observed angular median
5.25,117.5,6.193452865584265,observed angular median
5.25,122.5,6.26027672862179,observed angular median
5.25,127.5,6.232850552219093,observed angular median
5.25,132.5,6.21114112898878,observed angular median
5.25,137.5,6.146372731211187,observed angular median
5.25,142.5,6.139903963038367,observed angular median
5.25,147.5,6.308990714022163,observed angular median
5.25,152.5,6.244417312249205,observed angular median
5.25,157.5,6.266144468815706,observed angular median
5.25,162.5,6.1958135382226445,observed angular median
5.25,167.5,6.1951694594913285,observed angular median
5.25,172.5,6.178734198843367,observed angular median
5.25,177.5,6.17713143154714,observed angular median
5.25,182.5,6.167838170964128,observed angular median
5.25,187.5,6.242174068901367,observed angular median
5.25,192.5,6.255385239977585,observed angular median
5.25,197.5,6.215617077247485,observed angular median
5.25,202.5,6.206231340705094,observed angular median
5.25,207.5,6.236763052505109,observed angular median
5.25,212.5,6.205766921533467,observed angular median
5.25,217.5,6.219326101830761,observed angular median
5.25,222.5,6.250067180788072,observed angular median
5.25,227.5,6.245405429181616,observed angular median
5.25,232.5,6.220690917112094,observed angular median
5.25,237.5,6.239144959669165,observed angular median
5.25,242.5,6.328975678851069,observed angular median
5.25,247.5,6.315108562883,observed angular median
5.25,252.5,6.252011208660276,observed angular median
5.25,257.5,6.275654369601243,observed angular median
5.25,262.5,6.263200041904248,observed angular median
5.25,267.5,6.1973269877923345,observed angular median
5.25,272.5,6.2241557167274095,observed angular median
5.25,277.5,6.185823896057386,observed angular median
5.25,282.5,6.132293298558583,observed angular median
5.25,287.5,6.167946091687362,observed angular median
5.25,292.5,6.20882882021356,observed angular median
5.25,297.5,6.183977048221035,observed angular median
5.25,302.5,6.055872775849279,observed angular median
5.25,307.5,6.19164684005806,observed angular median
5.25,312.5,6.208840156841464,observed angular median
5.25,317.5,6.199392455419121,observed angular median
5.25,322.5,6.228468361111169,observed angular median
5.25,327.5,6.3057603264449575,observed angular median
5.25,332.5,6.1905216497949835,observed angular median
5.25,337.5,6.2003133182923555,observed angular median
5.25,342.5,6.213033326983664,observed angular median
5.25,347.5,6.220994451703252,observed angular median
5.25,352.5,6.1949820248033705,observed angular median
5.25,357.5,6.225709266006397,observed angular median
5.5,2.5,6.215547437751464,observed angular median
5.5,7.5,6.218858125137131,observed angular median
5.5,12.5,6.238160218134016,observed angular median
5.5,17.5,6.24834207307523,observed angular median
5.5,22.5,6.174750026381796,observed angular median
5.5,27.5,6.2233927813896415,observed angular median
5.5,32.5,6.2725226996751235,observed angular median
5.5,37.5,6.277423227121889,observed angular median
5.5,42.5,6.244004837483596,observed angular median
5.5,47.5,6.196532815946194,observed angular median
5.5,52.5,6.245272000278401,observed angular median
5.5,57.5,6.257602568025678,observed angular median
5.5,62.5,6.2096814373338844,observed angular median
5.5,67.5,6.208001442564338,observed angular median
5.5,72.5,6.22589908964232,observed angular median
5.5,77.5,6.242298432287178,observed angular median
5.5,82.5,6.241294255513065,observed angular median
5.5,87.5,6.256802281978057,observed angular median
5.5,92.5,6.312223948336946,observed angular median
5.5,97.5,6.218368628143019,observed angular median
5.5,102.5,6.133609941232892,observed angular median
5.5,107.5,6.24790522379781,observed angular median
5.5,112.5,6.258128418429203,observed angular median
5.5,117.5,6.205677746793722,observed angular median
5.5,122.5,6.177971637211859,observed angular median
5.5,127.5,6.256644240170145,observed angular median
5.5,132.5,6.203385627838125,observed angular median
5.5,137.5,6.143822974239132,observed angular median
5.5,142.5,6.137672663104176,observed angular median
5.5,147.5,6.184601458386309,observed angular median
5.5,152.5,6.199882745219074,observed angular median
5.5,157.5,6.264187815007329,observed angular median
5.5,162.5,6.202701807121416,observed angular median
5.5,167.5,6.2212965487285645,observed angular median
5.5,172.5,6.209001028737282,observed angular median
5.5,177.5,6.18074742540389,observed angular median
5.5,182.5,6.223962972564435,observed angular median
5.5,187.5,6.271749709373234,observed angular median
5.5,192.5,6.274311852021466,observed angular median
5.5,197.5,6.190696642275665,observed angular median
5.5,202.5,6.241022033647905,observed angular median
5.5,207.5,6.237017645510854,observed angular median
5.5,212.5,6.226296565962659,observed angular median
5.5,217.5,6.24695598554504,observed angular median
5.5,222.5,6.242273959821446,observed angular median
5.5,227.5,6.230742121838059,observed angular median
5.5,232.5,6.222039268823463,observed angular median
5.5,237.5,6.277432754018102,observed angular median
5.5,242.5,6.3483706160067515,observed angular median
5.5,247.5,6.305558994175803,observed angular median
5.5,252.5,6.251891781945339,observed angular median
5.5,257.5,6.257515524526825,observed angular median
5.5,262.5,6.279753429272513,observed angular median
5.5,267.5,6.199247926596028,observed angular median
5.5,272.5,6.170543762790121,observed angular median
5.5,277.5,6.216556513273163,observed angular median
5.5,282.5,6.162954139287209,observed angular median
5.5,287.5,6.1954377455710725,observed angular median
5.5,292.5,6.216778538958139,observed angular median
5.5,297.5,6.264593279557671,observed angular median
5.5,302.5,6.122260844124744,observed angular median
5.5,307.5,6.200820674621203,observed angular median
5.5,312.5,6.19078659663336,observed angular median
5.5,317.5,6.1861139983066495,observed angular median
5.5,322.5,6.246000188001986,observed angular median
5.5,327.5,6.302375272966942,observed angular median
5.5,332.5,6.167265309674017,observed angular median
5.5,337.5,6.169960665552,observed angular median
5.5,342.5,6.194431866496854,observed angular median
5.5,347.5,6.1770489607730426,observed angular median
5.5,352.5,6.22975971392138,observed angular median
5.5,357.5,6.224825500666427,observed angular median
5.75,2.5,6.226031219858798,observed angular median
5.75,7.5,6.2193889778357585,observed angular median
5.75,12.5,6.209993288336728,observed angular median
5.75,17.5,6.225840577430963,observed angular median
5.75,22.5,6.205230203971842,observed angular median
5.75,27.5,6.238209970043765,observed angular median
5.75,32.5,6.26872595583335,observed angular median
5.75,37.5,6.270846807538826,observed angular median
5.75,42.5,6.236076114642811,observed angular median
5.75,47.5,6.228221612774095,observed angular median
5.75,52.5,6.242023048448431,observed angular median
5.75,57.5,6.240050850450135,observed angular median
5.75,62.5,6.218090147722698,observed angular median
5.75,67.5,6.166163103309512,observed angular median
5.75,72.5,6.256531641714373,observed angular median
5.75,77.5,6.19084348724279,observed angular median
5.75,82.5,6.2291662236716565,observed angular median
5.75,87.5,6.249893225743135,observed angular median
5.75,92.5,6.288812094987006,observed angular median
5.75,97.5,6.2341122329114,observed angular median
5.75,102.5,6.171139746701234,observed angular median
5.75,107.5,6.238397126658618,observed angular median
5.75,112.5,6.238463659545431,observed angular median
5.75,117.5,6.223808801336326,observed angular median
5.75,122.5,6.116001090439438,observed angular median
5.75,127.5,6.23410889565615,observed angular median
5.75,132.5,6.200193165411298,observed angular median
5.75,137.5,6.177530795260196,observed angular median
5.75,142.5,6.132461237271068,observed angular median
5.75,147.5,6.163317033553854,observed angular median
5.75,152.5,6.208818016102322,observed angular median
5.75,157.5,6.236721459250758,observed angular median
5.75,162.5,6.18029034641706,observed angular median
5.75,167.5,6.22010231441034,observed angular median
5.75,172.5,6.2322344071489155,observed angular median
5.75,177.5,6.205110600878459,observed angular median
5.75,182.5,6.254355600024807,observed angular median
5.75,187.5,6.267394926570765,observed angular median
5.75,192.5,6.26035870047155,observed angular median
5.75,197.5,6.197683204775416,observed angular median
5.75,202.5,6.2531828355545755,observed angular median
5.75,207.5,6.24915428476837,observed angular median
5.75,212.5,6.243605063727639,observed angular median
5.75,217.5,6.247897303528633,observed angular median
5.75,222.5,6.238358236374715,observed angular median
5.75,227.5,6.239745100487207,observed angular median
5.75,232.5,6.258019017827701,observed angular median
5.75,237.5,6.335678915035113,observed angular median
5.75,242.5,6.349398595183608,observed angular median
5.75,247.5,6.281180345093909,observed angular median
5.75,252.5,6.226012181292375,observed angular median
5.75,257.5,6.283146863640188,observed angular median
5.75,262.5,6.274614268021213,observed angular median
5.75,267.5,6.210276857248422,observed angular median
5.75,272.5,6.158583947379619,observed angular median
5.75,277.5,6.209496189170174,observed angular median
5.75,282.5,6.158944154533689,observed angular median
5.75,287.5,6.211232738739826,observed angular median
5.75,292.5,6.255220376359235,observed angular median
5.75,297.5,6.269599080528531,observed angular median
5.75,302.5,6.170551176234049,observed angular median
5.75,307.5,6.1864631760959075,observed angular median
5.75,312.5,6.2383127671169,observed angular median
5.75,317.5,6.177812908086729,observed angular median
5.75,322.5,6.216782085491635,observed angular median
5.75,327.5,6.283607912623192,observed angular median
5.75,332.5,6.158720113715459,observed angular median
5.75,337.5,6.171426620922091,observed angular median
5.75,342.5,6.226111674602284,observed angular median
5.75,347.5,6.1964140820503895,observed angular median
5.75,352.5,6.228041300406286,observed angular median
5.75,357.5,6.211779752829611,observed angular median
6.0,2.5,6.252508163422813,observed angular median
6.0,7.5,6.210918591614802,observed angular median
6.0,12.5,6.195953499194184,observed angular median
6.0,17.5,6.224397498503618,observed angular median
6.0,22.5,6.231567378425629,observed angular median
6.0,27.5,6.242028965259835,observed angular median
6.0,32.5,6.256478735769656,observed angular median
6.0,37.5,6.289702395785248,observed angular median
6.0,42.5,6.22022248451828,observed angular median
6.0,47.5,6.251863820868228,observed angular median
6.0,52.5,6.247546385954238,observed angular median
6.0,57.5,6.271243090524771,observed angular median
6.0,62.5,6.214964721926364,observed angular median
6.0,67.5,6.189152603336946,observed angular median
6.0,72.5,6.271692572479992,observed angular median
6.0,77.5,6.23282720071442,observed angular median
6.0,82.5,6.227161424168491,observed angular median
6.0,87.5,6.238781965381074,observed angular median
6.0,92.5,6.258784150074416,observed angular median
6.0,97.5,6.273606489930203,observed angular median
6.0,102.5,6.2120004516565555,observed angular median
6.0,107.5,6.263194963208441,observed angular median
6.0,112.5,6.200945086568932,observed angular median
6.0,117.5,6.2206739912357545,observed angular median
6.0,122.5,6.141984297257897,observed angular median
6.0,127.5,6.22816539443742,observed angular median
6.0,132.5,6.163590881971828,observed angular median
6.0,137.5,6.174785068678799,observed angular median
6.0,142.5,6.165624544420681,observed angular median
6.0,147.5,6.142389250890557,observed angular median
6.0,152.5,6.25401262806481,observed angular median
6.0,157.5,6.224274634879394,observed angular median
6.0,162.5,6.167321710127983,observed angular median
6.0,167.5,6.150078091373376,observed angular median
6.0,172.5,6.237386468005658,observed angular median
6.0,177.5,6.219578068798855,observed angular median
6.0,182.5,6.238365519195345,observed angular median
6.0,187.5,6.267751474372298,observed angular median
6.0,192.5,6.241764243560187,observed angular median
6.0,197.5,6.2059578525372405,observed angular median
6.0,202.5,6.2443331810286296,observed angular median
6.0,207.5,6.274491048423517,observed angular median
6.0,212.5,6.261038693053582,observed angular median
6.0,217.5,6.249155212015408,observed angular median
6.0,222.5,6.297751062103734,observed angular median
6.0,227.5,6.28616395743345,observed angular median
6.0,232.5,6.266305636858293,observed angular median
6.0,237.5,6.30313125857548,observed angular median
6.0,242.5,6.348683801050243,observed angular median
6.0,247.5,6.266645399212834,observed angular median
6.0,252.5,6.239342265801586,observed angular median
6.0,257.5,6.2616464231413484,observed angular median
6.0,262.5,6.256868800060764,observed angular median
6.0,267.5,6.223013260404306,observed angular median
6.0,272.5,6.1640375004445005,observed angular median
6.0,277.5,6.1528179735977275,observed angular median
6.0,282.5,6.1182016913373545,observed angular median
6.0,287.5,6.193750287712655,observed angular median
6.0,292.5,6.281525046340391,observed angular median
6.0,297.5,6.260594276044223,observed angular median
6.0,302.5,6.172700670049619,observed angular median
6.0,307.5,6.2098836510202595,observed angular median
6.0,312.5,6.239502698681583,observed angular median
6.0,317.5,6.218620610356792,observed angular median
6.0,322.5,6.159090627062478,observed angular median
6.0,327.5,6.248480489531248,observed angular median
6.0,332.5,6.188249724948904,observed angular median
6.0,337.5,6.182660227031272,observed angular median
6.0,342.5,6.231956048028933,observed angular median
6.0,347.5,6.188343700669225,observed angular median
6.0,352.5,6.234826714206182,observed angular median
6.0,357.5,6.220994076691868,observed angular median
6.25,2.5,6.272727719480459,observed angular median
6.25,7.5,6.20480015971577,observed angular median
6.25,12.5,6.18572670349541,observed angular median
6.25,17.5,6.225941536228354,observed angular median
6.25,22.5,6.258322908282863,observed angular median
6.25,27.5,6.240214239693931,observed angular median
6.25,32.5,6.223005926879748,observed angular median
6.25,37.5,6.253415639304662,observed angular median
6.25,42.5,6.213351563312982,observed angular median
6.25,47.5,6.199673972855566,observed angular median
6.25,52.5,6.231337470467589,observed angular median
6.25,57.5,6.234970592265715,observed angular median
6.25,62.5,6.207666193543069,observed angular median
6.25,67.5,6.199681864607037,observed angular median
6.25,72.5,6.283550353258098,observed angular median
6.25,77.5,6.257004937030567,observed angular median
6.25,82.5,6.226282142844754,observed angular median
6.25,87.5,6.224788449075859,observed angular median
6.25,92.5,6.236089101804888,observed angular median
6.25,97.5,6.23221314579037,observed angular median
6.25,102.5,6.220120098844953,observed angular median
6.25,107.5,6.289461414815123,observed angular median
6.25,112.5,6.161004963414418,observed angular median
6.25,117.5,6.148048584912192,observed angular median
6.25,122.5,6.177691030742172,observed angular median
6.25,127.5,6.254325519887852,observed angular median
6.25,132.5,6.1306939236444515,observed angular median
6.25,137.5,6.1777443004869905,observed angular median
6.25,142.5,6.167446302682848,observed angular median
6.25,147.5,6.145992858262293,observed angular median
6.25,152.5,6.294866335837866,observed angular median
6.25,157.5,6.2365464584007215,observed angular median
6.25,162.5,6.165658666523008,observed angular median
6.25,167.5,6.130537438584534,observed angular median
6.25,172.5,6.238470557631688,observed angular median
6.25,177.5,6.2363134620481215,observed angular median
6.25,182.5,6.1966432522395785,observed angular median
6.25,187.5,6.286171114975421,observed angular median
6.25,192.5,6.234727150950207,observed angular median
6.25,197.5,6.199528362135553,observed angular median
6.25,202.5,6.242954710431642,observed angular median
6.25,207.5,6.280553791717954,observed angular median
6.25,212.5,6.2856469148183205,observed angular median
6.25,217.5,6.2687760278356395,observed angular median
6.25,222.5,6.339941009509316,observed angular median
6.25,227.5,6.323050531785515,observed angular median
6.25,232.5,6.28370828984748,observed angular median
6.25,237.5,6.305508557541968,observed angular median
6.25,242.5,6.344745338468188,observed angular median
6.25,247.5,6.249019821554414,observed angular median
6.25,252.5,6.25001360036623,observed angular median
6.25,257.5,6.247063777570484,observed angular median
6.25,262.5,6.245472879166655,observed angular median
6.25,267.5,6.214246705454875,observed angular median
6.25,272.5,6.172638616958243,observed angular median
6.25,277.5,6.126666561338331,observed angular median
6.25,282.5,6.119578605489298,observed angular median
6.25,287.5,6.135258896700963,observed angular median
6.25,292.5,6.249112622733309,observed angular median
6.25,297.5,6.238204197854732,observed angular median
6.25,302.5,6.13892755048647,observed angular median
6.25,307.5,6.180784245467699,observed angular median
6.25,312.5,6.254304195031273,observed angular median
6.25,317.5,6.223926995697138,observed angular median
6.25,322.5,6.198598951437739,observed angular median
6.25,327.5,6.258572399576381,observed angular median
6.25,332.5,6.1313868844079575,observed angular median
6.25,337.5,6.164521736463052,observed angular median
6.25,342.5,6.241690862646527,observed angular median
6.25,347.5,6.165887546326136,observed angular median
6.25,352.5,6.157072903829169,observed angular median
6.25,357.5,6.233837188296067,observed angular median
6.5,2.5,6.279693161550405,observed angular median
6.5,7.5,6.2154281070066775,observed angular median
6.5,12.5,6.182540995076278,observed angular median
6.5,17.5,6.218028766894427,observed angular median
6.5,22.5,6.273250834242079,observed angular median
6.5,27.5,6.2345861049867075,observed angular median
6.5,32.5,6.225621825739481,observed angular median
6.5,37.5,6.236613519771587,observed angular median
6.5,42.5,6.228281198703831,observed angular median
6.5,47.5,6.204710219515195,observed angular median
6.5,52.5,6.206947711970168,observed angular median
6.5,57.5,6.188126899752472,observed angular median
6.5,62.5,6.20922713866392,observed angular median
6.5,67.5,6.182868190296337,observed angular median
6.5,72.5,6.257922822855371,observed angular median
6.5,77.5,6.262835307284785,observed angular median
6.5,82.5,6.235521129828336,observed angular median
6.5,87.5,6.217321214123345,observed angular median
6.5,92.5,6.20042331850214,observed angular median
6.5,97.5,6.235070454831019,observed angular median
6.5,102.5,6.203218895341813,observed angular median
6.5,107.5,6.287437994157848,observed angular median
6.5,112.5,6.153570128360147,observed angular median
6.5,117.5,6.080442229154738,observed angular median
6.5,122.5,6.156274564982059,observed angular median
6.5,127.5,6.2536720301182935,observed angular median
6.5,132.5,6.159202168227407,observed angular median
6.5,137.5,6.160817596702682,observed angular median
6.5,142.5,6.171223267844169,observed angular median
6.5,147.5,6.1366891270185295,observed angular median
6.5,152.5,6.225967032912773,observed angular median
6.5,157.5,6.22315370282755,observed angular median
6.5,162.5,6.177421479296769,observed angular median
6.5,167.5,6.201502492713713,observed angular median
6.5,172.5,6.214385293176109,observed angular median
6.5,177.5,6.242707378000674,observed angular median
6.5,182.5,6.206607909315675,observed angular median
6.5,187.5,6.265848696568689,observed angular median
6.5,192.5,6.248542230669475,observed angular median
6.5,197.5,6.171438186025285,observed angular median
6.5,202.5,6.26946505469269,observed angular median
6.5,207.5,6.319853447554717,observed angular median
6.5,212.5,6.348360582545229,observed angular median
6.5,217.5,6.306449436784851,observed angular median
6.5,222.5,6.347265807545484,observed angular median
6.5,227.5,6.341485185302501,observed angular median
6.5,232.5,6.2926790504881875,observed angular median
6.5,237.5,6.297627600581533,observed angular median
6.5,242.5,6.316287196496409,observed angular median
6.5,247.5,6.229612022874346,observed angular median
6.5,252.5,6.2334116120120635,observed angular median
6.5,257.5,6.262982349842238,observed angular median
6.5,262.5,6.249736605683856,observed angular median
6.5,267.5,6.206743084481103,observed angular median
6.5,272.5,6.150102090984333,observed angular median
6.5,277.5,6.125947069093853,observed angular median
6.5,282.5,6.135362157701356,observed angular median
6.5,287.5,6.150207777802505,observed angular median
6.5,292.5,6.21693594361944,observed angular median
6.5,297.5,6.223136018777419,observed angular median
6.5,302.5,6.145703206316373,observed angular median
6.5,307.5,6.203810685009015,observed angular median
6.5,312.5,6.207354069639127,observed angular median
6.5,317.5,6.244048323420559,observed angular median
6.5,322.5,6.190811213055541,observed angular median
6.5,327.5,6.256405235332396,observed angular median
6.5,332.5,6.124209470830569,observed angular median
6.5,337.5,6.125886760749093,observed angular median
6.5,342.5,6.204383543286043,observed angular median
6.5,347.5,6.151204869052059,observed angular median
6.5,352.5,6.137406313008611,observed angular median
6.5,357.5,6.231376892708774,observed angular median
6.75,2.5,6.247623326388011,observed angular median
6.75,7.5,6.234198440932749,observed angular median
6.75,12.5,6.205213235429513,observed angular median
6.75,17.5,6.245893906098951,observed angular median
6.75,22.5,6.266318740657245,observed angular median
6.75,27.5,6.2164744488058625,observed angular median
6.75,32.5,6.23946743828146,observed angular median
6.75,37.5,6.244865032581092,observed angular median
6.75,42.5,6.252431447368886,observed angular median
6.75,47.5,6.210065208737844,observed angular median
6.75,52.5,6.196777788545276,observed angular median
6.75,57.5,6.209597209751514,observed angular median
6.75,62.5,6.207040988148604,observed angular median
6.75,67.5,6.21514102071821,observed angular median
6.75,72.5,6.212826703517864,observed angular median
6.75,77.5,6.229111239205315,observed angular median
6.75,82.5,6.203190025089784,observed angular median
6.75,87.5,6.198949828887695,observed angular median
6.75,92.5,6.182549630015602,observed angular median
6.75,97.5,6.204448838980615,observed angular median
6.75,102.5,6.172173937327744,observed angular median
6.75,107.5,6.242210623180471,observed angular median
6.75,112.5,6.145445750263081,observed angular median
6.75,117.5,6.088307661774342,observed angular median
6.75,122.5,6.121206783813931,observed angular median
6.75,127.5,6.291376982599824,observed angular median
6.75,132.5,6.164971123140157,observed angular median
6.75,137.5,6.172522146596785,observed angular median
6.75,142.5,6.137718035143487,observed angular median
6.75,147.5,6.14771704698836,observed angular median
6.75,152.5,6.200382354141254,observed angular median
6.75,157.5,6.2431565773697475,observed angular median
6.75,162.5,6.18276750735912,observed angular median
6.75,167.5,6.216871463132955,observed angular median
6.75,172.5,6.230612047856843,observed angular median
6.75,177.5,6.227677106483883,observed angular median
6.75,182.5,6.204295807915827,observed angular median
6.75,187.5,6.282203224253803,observed angular median
6.75,192.5,6.262762534064282,observed angular median
6.75,197.5,6.213856120201825,observed angular median
6.75,202.5,6.3016179715056015,observed angular median
6.75,207.5,6.296128178559974,observed angular median
6.75,212.5,6.305426178455521,observed angular median
6.75,217.5,6.27598816024346,observed angular median
6.75,222.5,6.309418531196242,observed angular median
6.75,227.5,6.350717883351461,observed angular median
6.75,232.5,6.316398461246402,observed angular median
6.75,237.5,6.2854040545549905,observed angular median
6.75,242.5,6.310445726048278,observed angular median
6.75,247.5,6.256285785967156,observed angular median
6.75,252.5,6.236113659517466,observed angular median
6.75,257.5,6.263827311526316,observed angular median
6.75,262.5,6.235252019439649,observed angular median
6.75,267.5,6.198475326375299,observed angular median
6.75,272.5,6.22828790517774,observed angular median
6.75,277.5,6.120395706176507,observed angular median
6.75,282.5,6.160805190164703,observed angular median
6.75,287.5,6.1697177341743545,observed angular median
6.75,292.5,6.162336056108447,observed angular median
6.75,297.5,6.220410559650015,observed angular median
6.75,302.5,6.123405359285003,observed angular median
6.75,307.5,6.2191165209957155,observed angular median
6.75,312.5,6.242428954623963,observed angular median
6.75,317.5,6.178528248016476,observed angular median
6.75,322.5,6.182610168620725,observed angular median
6.75,327.5,6.18420737463256,observed angular median
6.75,332.5,6.126895624766369,observed angular median
6.75,337.5,6.091676627132966,observed angular median
6.75,342.5,6.224333333357837,observed angular median
6.75,347.5,6.175812560319521,observed angular median
6.75,352.5,6.121345546491071,observed angular median
6.75,357.5,6.237647010416227,observed angular median
7.0,2.5,6.276924471945604,observed angular median
7.0,7.5,6.213601557742936,observed angular median
7.0,12.5,6.249128469710737,observed angular median
7.0,17.5,6.267615934458327,observed angular median
7.0,22.5,6.24653803069314,observed angular median
7.0,27.5,6.220175345640729,observed angular median
7.0,32.5,6.238614948258974,observed angular median
7.0,37.5,6.2745460889922455,observed angular median
7.0,42.5,6.277388052487325,observed angular median
7.0,47.5,6.25748956590297,observed angular median
7.0,52.5,6.21300387520772,observed angular median
7.0,57.5,6.242367285662532,observed angular median
7.0,62.5,6.217312366991463,observed angular median
7.0,67.5,6.237343228124607,observed angular median
7.0,72.5,6.215297669698172,observed angular median
7.0,77.5,6.236411656735272,observed angular median
7.0,82.5,6.232492019670838,observed angular median
7.0,87.5,6.205443103460461,observed angular median
7.0,92.5,6.206953741114834,observed angular median
7.0,97.5,6.159864019320542,observed angular median
7.0,102.5,6.175952532420156,observed angular median
7.0,107.5,6.219688759093261,observed angular median
7.0,112.5,6.135754516754657,observed angular median
7.0,117.5,6.1129144343677115,observed angular median
7.0,122.5,6.167338799506865,observed angular median
7.0,127.5,6.261235754727865,observed angular median
7.0,132.5,6.182920275380801,observed angular median
7.0,137.5,6.213088958619863,observed angular median
7.0,142.5,6.112897414153167,observed angular median
7.0,147.5,6.142028837323521,observed angular median
7.0,152.5,6.234687590274522,observed angular median
7.0,157.5,6.2483688604174885,observed angular median
7.0,162.5,6.180027162117387,observed angular median
7.0,167.5,6.190107993082936,observed angular median
7.0,172.5,6.2390153780688244,observed angular median
7.0,177.5,6.201494984429708,observed angular median
7.0,182.5,6.207942763709811,observed angular median
7.0,187.5,6.277292089195777,observed angular median
7.0,192.5,6.283870008392286,observed angular median
7.0,197.5,6.253808448097116,observed angular median
7.0,202.5,6.3304985469789825,observed angular median
7.0,207.5,6.310980026780516,observed angular median
7.0,212.5,6.264684481314259,observed angular median
7.0,217.5,6.244650684058702,observed angular median
7.0,222.5,6.331301717549453,observed angular median
7.0,227.5,6.348832310237037,observed angular median
7.0,232.5,6.312775406887791,observed angular median
7.0,237.5,6.28673760032853,observed angular median
7.0,242.5,6.311245894984242,observed angular median
7.0,247.5,6.2708119101726325,observed angular median
7.0,252.5,6.263764763119582,observed angular median
7.0,257.5,6.27753937835376,observed angular median
7.0,262.5,6.233229357907961,observed angular median
7.0,267.5,6.183052024790961,observed angular median
7.0,272.5,6.169478568500496,observed angular median
7.0,277.5,6.16890593111843,observed angular median
7.0,282.5,6.165337144720703,observed angular median
7.0,287.5,6.198297482474252,observed angular median
7.0,292.5,6.177464698486152,observed angular median
7.0,297.5,6.207561627280938,observed angular median
7.0,302.5,6.250396219700446,observed angular median
7.0,307.5,6.223493222057819,observed angular median
7.0,312.5,6.240501115906773,observed angular median
7.0,317.5,6.156413693482553,observed angular median
7.0,322.5,6.187823529811881,observed angular median
7.0,327.5,6.158925734050923,observed angular median
7.0,332.5,6.136033934226414,observed angular median
7.0,337.5,6.1161938586746665,observed angular median
7.0,342.5,6.207839418545705,observed angular median
7.0,347.5,6.157019319275397,observed angular median
7.0,352.5,6.095163912151746,observed angular median
7.0,357.5,6.195825700600724,observed angular median
7.25,2.5,6.272620527107858,observed angular median
7.25,7.5,6.192098227734392,observed angular median
7.25,12.5,6.264212239304304,observed angular median
7.25,17.5,6.312106736877764,observed angular median
7.25,22.5,6.249897544874415,observed angular median
7.25,27.5,6.229417957375726,observed angular median
7.25,32.5,6.250648868353261,observed angular median
7.25,37.5,6.278412605613169,observed angular median
7.25,42.5,6.275628230096514,observed angular median
7.25,47.5,6.2738236520737605,observed angular median
7.25,52.5,6.247500043005469,observed angular median
7.25,57.5,6.270722152286975,observed angular median
7.25,62.5,6.2568187335582195,observed angular median
7.25,67.5,6.256395491914199,observed angular median
7.25,72.5,6.250869710805075,observed angular median
7.25,77.5,6.302928682887144,observed angular median
7.25,82.5,6.232408641717485,observed angular median
7.25,87.5,6.186425942069374,observed angular median
7.25,92.5,6.240199729843498,observed angular median
7.25,97.5,6.1893804917157915,observed angular median
7.25,102.5,6.17810336664597,observed angular median
7.25,107.5,6.229542497371987,observed angular median
7.25,112.5,6.183844286843048,observed angular median
7.25,117.5,6.190863109036813,observed angular median
7.25,122.5,6.235110525213475,observed angular median
7.25,127.5,6.246687075755221,observed angular median
7.25,132.5,6.201283031274011,observed angular median
7.25,137.5,6.1845988445678755,observed angular median
7.25,142.5,6.1059778516862,observed angular median
7.25,147.5,6.162370723301646,observed angular median
7.25,152.5,6.332056763730949,observed angular median
7.25,157.5,6.28655287508963,observed angular median
7.25,162.5,6.2098633257451,observed angular median
7.25,167.5,6.217007070308684,observed angular median
7.25,172.5,6.206612587985914,observed angular median
7.25,177.5,6.207085835651117,observed angular median
7.25,182.5,6.293174458751775,observed angular median
7.25,187.5,6.298083606020809,observed angular median
7.25,192.5,6.323204318762868,observed angular median
7.25,197.5,6.288399247831265,observed angular median
7.25,202.5,6.2769775859993135,observed angular median
7.25,207.5,6.318739536269161,observed angular median
7.25,212.5,6.2483472955484505,observed angular median
7.25,217.5,6.258499258485193,observed angular median
7.25,222.5,6.327737412284353,observed angular median
7.25,227.5,6.328444995255701,observed angular median
7.25,232.5,6.2864826199323165,observed angular median
7.25,237.5,6.294013828989611,observed angular median
7.25,242.5,6.304713079673984,observed angular median
7.25,247.5,6.271394687119898,observed angular median
7.25,252.5,6.254126953492362,observed angular median
7.25,257.5,6.283279660836999,observed angular median
7.25,262.5,6.283193572368352,observed angular median
7.25,267.5,6.165788354767843,observed angular median
7.25,272.5,6.136661730769844,observed angular median
7.25,277.5,6.136359655315603,observed angular median
7.25,282.5,6.144139951434266,observed angular median
7.25,287.5,6.142165362077722,observed angular median
7.25,292.5,6.235923922188423,observed angular median
7.25,297.5,6.228899666732273,observed angular median
7.25,302.5,6.234238217173179,observed angular median
7.25,307.5,6.246793869875838,observed angular median
7.25,312.5,6.272016041056265,observed angular median
7.25,317.5,6.146487780870298,observed angular median
7.25,322.5,6.150506667807897,observed angular median
7.25,327.5,6.145811144692699,observed angular median
7.25,332.5,6.161737560411949,observed angular median
7.25,337.5,6.228442804184754,observed angular median
7.25,342.5,6.238957912110336,observed angular median
7.25,347.5,6.178039927182648,observed angular median
7.25,352.5,6.132500414246477,observed angular median
7.25,357.5,6.19080494592896,observed angular median
7.5,2.5,6.240197071721204,observed angular median
7.5,7.5,6.1959132780469925,observed angular median
7.5,12.5,6.2677945442463905,observed angular median
7.5,17.5,6.342014351612979,observed angular median
7.5,22.5,6.299651452905834,observed angular median
7.5,27.5,6.2575144294710405,observed angular median
7.5,32.5,6.280404086018665,observed angular median
7.5,37.5,6.2965501918392714,observed angular median
7.5,42.5,6.295504877733111,observed angular median
7.5,47.5,6.295285701961495,observed angular median
7.5,52.5,6.288265257184811,observed angular median
7.5,57.5,6.284101442042219,observed angular median
7.5,62.5,6.248928173965785,observed angular median
7.5,67.5,6.285013881065445,observed angular median
7.5,72.5,6.32017200065982,observed angular median
7.5,77.5,6.2537441953228745,observed angular median
7.5,82.5,6.196564473474435,observed angular median
7.5,87.5,6.220781356539691,observed angular median
7.5,92.5,6.2524417165203054,observed angular median
7.5,97.5,6.221787865060837,observed angular median
7.5,102.5,6.228039550987107,observed angular median
7.5,107.5,6.295173717770593,observed angular median
7.5,112.5,6.241870184537869,observed angular median
7.5,117.5,6.230381142829219,observed angular median
7.5,122.5,6.251965579619129,observed angular median
7.5,127.5,6.226176186850813,observed angular median
7.5,132.5,6.209291579412316,observed angular median
7.5,137.5,6.194298805807225,observed angular median
7.5,142.5,6.169495397968744,observed angular median
7.5,147.5,6.192670051120112,observed angular median
7.5,152.5,6.34652711705684,observed angular median
7.5,157.5,6.3013959601691205,observed angular median
7.5,162.5,6.232041537683518,observed angular median
7.5,167.5,6.231304529782203,observed angular median
7.5,172.5,6.204730526634817,observed angular median
7.5,177.5,6.259552860945444,observed angular median
7.5,182.5,6.290021158077843,observed angular median
7.5,187.5,6.285500973602684,observed angular median
7.5,192.5,6.3541808753635305,observed angular median
7.5,197.5,6.295706253616375,observed angular median
7.5,202.5,6.2546953149204745,observed angular median
7.5,207.5,6.317707728530298,observed angular median
7.5,212.5,6.226192992425317,observed angular median
7.5,217.5,6.249489906521452,observed angular median
7.5,222.5,6.273159135624979,observed angular median
7.5,227.5,6.279486017198118,observed angular median
7.5,232.5,6.261466880938091,observed angular median
7.5,237.5,6.282263242467012,observed angular median
7.5,242.5,6.29332170825486,observed angular median
7.5,247.5,6.215408457985828,observed angular median
7.5,252.5,6.191563120548285,observed angular median
7.5,257.5,6.262734569223972,observed angular median
7.5,262.5,6.246047745321542,observed angular median
7.5,267.5,6.1425887024527785,observed angular median
7.5,272.5,6.119208266244231,observed angular median
7.5,277.5,6.146154602766123,observed angular median
7.5,282.5,6.1524224927208495,observed angular median
7.5,287.5,6.093451175921832,observed angular median
7.5,292.5,6.233654857873032,observed angular median
7.5,297.5,6.204296910747606,observed angular median
7.5,302.5,6.193525546453935,observed angular median
7.5,307.5,6.190628874124467,observed angular median
7.5,312.5,6.258639267831591,observed angular median
7.5,317.5,6.181063312754777,observed angular median
7.5,322.5,6.179981834847253,observed angular median
7.5,327.5,6.158765021280697,observed angular median
7.5,332.5,6.1966674455040645,observed angular median
7.5,337.5,6.241023637026564,observed angular median
7.5,342.5,6.242602390314566,observed angular median
7.5,347.5,6.199635042534994,observed angular median
7.5,352.5,6.158582681194789,observed angular median
7.5,357.5,6.207245975409279,observed angular median
7.75,2.5,6.2729066532241795,observed angular median
7.75,7.5,6.231641725800268,observed angular median
7.75,12.5,6.272261047488119,observed angular median
7.75,17.5,6.334052285296761,observed angular median
7.75,22.5,6.2668549308955175,observed angular median
7.75,27.5,6.2976095944502966,observed angular median
7.75,32.5,6.312804283193658,observed angular median
7.75,37.5,6.299553346051172,observed angular median
7.75,42.5,6.300886150523663,observed angular median
7.75,47.5,6.281895476538987,observed angular median
7.75,52.5,6.282188126526217,observed angular median
7.75,57.5,6.2993670810221944,observed angular median
7.75,62.5,6.252844214621855,observed angular median
7.75,67.5,6.285515101509867,observed angular median
7.75,72.5,6.348205620054263,observed angular median
7.75,77.5,6.275047907022408,observed angular median
7.75,82.5,6.234135903517474,observed angular median
7.75,87.5,6.249055338523035,observed angular median
7.75,92.5,6.208735435796311,observed angular median
7.75,97.5,6.235401260213388,observed angular median
7.75,102.5,6.2667678166064515,observed angular median
7.75,107.5,6.304141226488807,observed angular median
7.75,112.5,6.279468001323387,observed angular median
7.75,117.5,6.232977639461704,observed angular median
7.75,122.5,6.246650438759564,observed angular median
7.75,127.5,6.232048299917086,observed angular median
7.75,132.5,6.246197802635465,observed angular median
7.75,137.5,6.1870563935645215,observed angular median
7.75,142.5,6.186018150607211,observed angular median
7.75,147.5,6.203077307688876,observed angular median
7.75,152.5,6.301427578287301,observed angular median
7.75,157.5,6.2800043306775155,observed angular median
7.75,162.5,6.214005187283853,observed angular median
7.75,167.5,6.22451651537489,observed angular median
7.75,172.5,6.221775460015829,observed angular median
7.75,177.5,6.261296668695681,observed angular median
7.75,182.5,6.271883114981999,observed angular median
7.75,187.5,6.262098712815568,observed angular median
7.75,192.5,6.328632114879298,observed angular median
7.75,197.5,6.267703365628431,observed angular median
7.75,202.5,6.26734308327897,observed angular median
7.75,207.5,6.326387980502293,observed angular median
7.75,212.5,6.229928533052799,observed angular median
7.75,217.5,6.225804205414812,observed angular median
7.75,222.5,6.259627832738179,observed angular median
7.75,227.5,6.251856071875128,observed angular median
7.75,232.5,6.216572242026745,observed angular median
7.75,237.5,6.225972286021775,observed angular median
7.75,242.5,6.2671409646297604,observed angular median
7.75,247.5,6.191295011887593,observed angular median
7.75,252.5,6.152350890354109,observed angular median
7.75,257.5,6.230213683250701,observed angular median
7.75,262.5,6.212624695207931,observed angular median
7.75,267.5,6.160197075555532,observed angular median
7.75,272.5,6.114037703312306,observed angular median
7.75,277.5,6.157814735078626,observed angular median
7.75,282.5,6.137484267629773,observed angular median
7.75,287.5,6.104754963472541,observed angular median
7.75,292.5,6.26282312150814,observed angular median
7.75,297.5,6.2397769337902815,observed angular median
7.75,302.5,6.137821676466941,observed angular median
7.75,307.5,6.201372744211496,observed angular median
7.75,312.5,6.253423577482157,observed angular median
7.75,317.5,6.219742620187102,observed angular median
7.75,322.5,6.275979790435093,observed angular median
7.75,327.5,6.218628487050848,observed angular median
7.75,332.5,6.2091295171833885,observed angular median
7.75,337.5,6.209366591310681,observed angular median
7.75,342.5,6.237054984042837,observed angular median
7.75,347.5,6.196444056737756,observed angular median
7.75,352.5,6.15711251870011,observed angular median
7.75,357.5,6.252310666770595,observed angular median
8.0,2.5,6.292328882173006,observed angular median
8.0,7.5,6.288332333981694,observed angular median
8.0,12.5,6.288431605805439,observed angular median
8.0,17.5,6.331562994137071,observed angular median
8.0,22.5,6.3104699792930266,observed angular median
8.0,27.5,6.315022842452748,observed angular median
8.0,32.5,6.299015944528728,observed angular median
8.0,37.5,6.313355826336647,observed angular median
8.0,42.5,6.283816830983483,observed angular median
8.0,47.5,6.251443148093536,observed angular median
8.0,52.5,6.289548313231419,observed angular median
8.0,57.5,6.3161949265266895,observed angular median
8.0,62.5,6.307168405496466,observed angular median
8.0,67.5,6.2832382202749395,observed angular median
8.0,72.5,6.296632146658177,observed angular median
8.0,77.5,6.286043082821802,observed angular median
8.0,82.5,6.224225727306261,observed angular median
8.0,87.5,6.317895934505799,observed angular median
8.0,92.5,6.208003946176346,observed angular median
8.0,97.5,6.2390978315429715,observed angular median
8.0,102.5,6.2873408770416415,observed angular median
8.0,107.5,6.315243280342591,observed angular median
8.0,112.5,6.216340885341596,observed angular median
8.0,117.5,6.208720743013711,observed angular median
8.0,122.5,6.2148186147178475,observed angular median
8.0,127.5,6.206886601466989,observed angular median
8.0,132.5,6.233535357924255,observed angular median
8.0,137.5,6.202924077030893,observed angular median
8.0,142.5,6.150578626809389,observed angular median
8.0,147.5,6.22729181295618,observed angular median
8.0,152.5,6.318500998733996,observed angular median
8.0,157.5,6.26369923356053,observed angular median
8.0,162.5,6.226140884101127,observed angular median
8.0,167.5,6.205902713231607,observed angular median
8.0,172.5,6.222226797208257,observed angular median
8.0,177.5,6.24235388973838,observed angular median
8.0,182.5,6.222364255603145,observed angular median
8.0,187.5,6.280604139809794,observed angular median
8.0,192.5,6.270991148705116,observed angular median
8.0,197.5,6.22133747256547,observed angular median
8.0,202.5,6.284233422718431,observed angular median
8.0,207.5,6.303183952702062,observed angular median
8.0,212.5,6.226268873655595,observed angular median
8.0,217.5,6.2323319403422754,observed angular median
8.0,222.5,6.23375083383723,observed angular median
8.0,227.5,6.242281017460076,observed angular median
8.0,232.5,6.19209190909078,observed angular median
8.0,237.5,6.213591785246208,observed angular median
8.0,242.5,6.25198080342785,observed angular median
8.0,247.5,6.2010473868260965,observed angular median
8.0,252.5,6.141179110793075,observed angular median
8.0,257.5,6.234437664388681,observed angular median
8.0,262.5,6.176908840845526,observed angular median
8.0,267.5,6.14561468473138,observed angular median
8.0,272.5,6.114152109752701,observed angular median
8.0,277.5,6.206591651877977,observed angular median
8.0,282.5,6.186420260707359,observed angular median
8.0,287.5,6.1653147733607785,observed angular median
8.0,292.5,6.2319471017708405,observed angular median
8.0,297.5,6.2738874237883815,observed angular median
8.0,302.5,6.152397480084927,observed angular median
8.0,307.5,6.213647353534944,observed angular median
8.0,312.5,6.233342217535602,observed angular median
8.0,317.5,6.229904684718878,observed angular median
8.0,322.5,6.281128873346535,observed angular median
8.0,327.5,6.269572108822126,observed angular median
8.0,332.5,6.2340659355752575,observed angular median
8.0,337.5,6.24548775466494,observed angular median
8.0,342.5,6.24839681660459,observed angular median
8.0,347.5,6.216717940983838,observed angular median
8.0,352.5,6.199696973579675,observed angular median
8.0,357.5,6.286261656865401,observed angular median
8.25,2.5,6.297445353630373,observed angular median
8.25,7.5,6.269719433807824,observed angular median
8.25,12.5,6.297860292344044,observed angular median
8.25,17.5,6.3091928149219365,observed angular median
8.25,22.5,6.319695391772145,observed angular median
8.25,27.5,6.321241188354984,observed angular median
8.25,32.5,6.279943385774774,observed angular median
8.25,37.5,6.301677741788915,observed angular median
8.25,42.5,6.286273812667888,observed angular median
8.25,47.5,6.222911394700139,observed angular median
8.25,52.5,6.273936334406988,observed angular median
8.25,57.5,6.2866028029963354,observed angular median
8.25,62.5,6.30936315108947,observed angular median
8.25,67.5,6.275887629362476,observed angular median
8.25,72.5,6.263676964277643,observed angular median
8.25,77.5,6.190141522439896,observed angular median
8.25,82.5,6.240577186178491,observed angular median
8.25,87.5,6.278977597510308,observed angular median
8.25,92.5,6.295405894450488,observed angular median
8.25,97.5,6.258105851181518,observed angular median
8.25,102.5,6.257310990714482,observed angular median
8.25,107.5,6.305825436242283,observed angular median
8.25,112.5,6.243085879085597,observed angular median
8.25,117.5,6.234078043842505,observed angular median
8.25,122.5,6.187557694768893,observed angular median
8.25,127.5,6.1805893345485625,observed angular median
8.25,132.5,6.236450221794101,observed angular median
8.25,137.5,6.184975084531059,observed angular median
8.25,142.5,6.124692062399754,observed angular median
8.25,147.5,6.2269781258773955,observed angular median
8.25,152.5,6.295157117778583,observed angular median
8.25,157.5,6.263226362165016,observed angular median
8.25,162.5,6.232021840406073,observed angular median
8.25,167.5,6.171109120393266,observed angular median
8.25,172.5,6.211323740062592,observed angular median
8.25,177.5,6.2276889438305405,observed angular median
8.25,182.5,6.2413927550507236,observed angular median
8.25,187.5,6.270712440435079,observed angular median
8.25,192.5,6.297212236790065,observed angular median
8.25,197.5,6.211985823026026,observed angular median
8.25,202.5,6.187787561549429,observed angular median
8.25,207.5,6.298630264354326,observed angular median
8.25,212.5,6.274014526598337,observed angular median
8.25,217.5,6.254664810680806,observed angular median
8.25,222.5,6.248088808180101,observed angular median
8.25,227.5,6.234775957722248,observed angular median
8.25,232.5,6.1856671999168835,observed angular median
8.25,237.5,6.199705780276062,observed angular median
8.25,242.5,6.229758071812577,observed angular median
8.25,247.5,6.200974384905038,observed angular median
8.25,252.5,6.159239619863206,observed angular median
8.25,257.5,6.230407912485006,observed angular median
8.25,262.5,6.220863605527481,observed angular median
8.25,267.5,6.140041984503367,observed angular median
8.25,272.5,6.15459668381626,observed angular median
8.25,277.5,6.228790066422688,observed angular median
8.25,282.5,6.2079653041823635,observed angular median
8.25,287.5,6.223118136772834,observed angular median
8.25,292.5,6.214478606305378,observed angular median
8.25,297.5,6.257769941285288,observed angular median
8.25,302.5,6.16421165742984,observed angular median
8.25,307.5,6.200873922406707,observed angular median
8.25,312.5,6.231346661599879,observed angular median
8.25,317.5,6.264987114652507,observed angular median
8.25,322.5,6.264126728873952,observed angular median
8.25,327.5,6.307931905729776,observed angular median
8.25,332.5,6.21974426176956,observed angular median
8.25,337.5,6.283388688108237,observed angular median
8.25,342.5,6.263081845756135,observed angular median
8.25,347.5,6.243197100095905,observed angular median
8.25,352.5,6.244435933905802,observed angular median
8.25,357.5,6.315507411155537,observed angular median
8.5,2.5,6.330552792257369,observed angular median
8.5,7.5,6.264039847560846,observed angular median
8.5,12.5,6.290686577932271,observed angular median
8.5,17.5,6.304319936954,observed angular median
8.5,22.5,6.313850142727921,observed angular median
8.5,27.5,6.30882558527445,observed angular median
8.5,32.5,6.302710159451232,observed angular median
8.5,37.5,6.306213340723878,observed angular median
8.5,42.5,6.289972066471357,observed angular median
8.5,47.5,6.223564350752529,observed angular median
8.5,52.5,6.279983233498849,observed angular median
8.5,57.5,6.2562450371825165,observed angular median
8.5,62.5,6.301856731654733,observed angular median
8.5,67.5,6.286481626894563,observed angular median
8.5,72.5,6.287153760674845,observed angular median
8.5,77.5,6.215673472022104,observed angular median
8.5,82.5,6.238702396038719,observed angular median
8.5,87.5,6.270116122314274,observed angular median
8.5,92.5,6.297614377750614,observed angular median
8.5,97.5,6.265738517040131,observed angular median
8.5,102.5,6.231119555640881,observed angular median
8.5,107.5,6.2435944894001425,observed angular median
8.5,112.5,6.189973318974134,observed angular median
8.5,117.5,6.177044679011895,observed angular median
8.5,122.5,6.214432008854667,observed angular median
8.5,127.5,6.215987953774568,observed angular median
8.5,132.5,6.209463529390149,observed angular median
8.5,137.5,6.180388612332678,observed angular median
8.5,142.5,6.104427852152778,observed angular median
8.5,147.5,6.224971829072964,observed angular median
8.5,152.5,6.266112084503073,observed angular median
8.5,157.5,6.284795975029082,observed angular median
8.5,162.5,6.251648905872842,observed angular median
8.5,167.5,6.190463909928294,observed angular median
8.5,172.5,6.210943644716254,observed angular median
8.5,177.5,6.234915980003834,observed angular median
8.5,182.5,6.283201397397771,observed angular median
8.5,187.5,6.2826860376895795,observed angular median
8.5,192.5,6.299506594644681,observed angular median
8.5,197.5,6.22529528668395,observed angular median
8.5,202.5,6.201115646619272,observed angular median
8.5,207.5,6.314799630172394,observed angular median
8.5,212.5,6.3057820827695625,observed angular median
8.5,217.5,6.246928810644945,observed angular median
8.5,222.5,6.253214001809279,observed angular median
8.5,227.5,6.276797491326455,observed angular median
8.5,232.5,6.18226356707747,observed angular median
8.5,237.5,6.189885694897061,observed angular median
8.5,242.5,6.246062958606365,observed angular median
8.5,247.5,6.2256098648105045,observed angular median
8.5,252.5,6.1859802020479595,observed angular median
8.5,257.5,6.20057255385644,observed angular median
8.5,262.5,6.224844301645698,observed angular median
8.5,267.5,6.195281088142092,observed angular median
8.5,272.5,6.193293570862709,observed angular median
8.5,277.5,6.246527960890861,observed angular median
8.5,282.5,6.221852206926041,observed angular median
8.5,287.5,6.216501867855987,observed angular median
8.5,292.5,6.206025390152348,observed angular median
8.5,297.5,6.217741634239255,observed angular median
8.5,302.5,6.181854436661527,observed angular median
8.5,307.5,6.169731275486841,observed angular median
8.5,312.5,6.227490757893193,observed angular median
8.5,317.5,6.226086239769819,observed angular median
8.5,322.5,6.254515056903307,observed angular median
8.5,327.5,6.3093107028969,observed angular median
8.5,332.5,6.158967388230418,observed angular median
8.5,337.5,6.238448718219497,observed angular median
8.5,342.5,6.262591563595582,observed angular median
8.5,347.5,6.262157007246406,observed angular median
8.5,352.5,6.213280882061701,observed angular median
8.5,357.5,6.319366025412679,observed angular median
8.75,2.5,6.336102233513863,observed angular median
8.75,7.5,6.267524625734484,observed angular median
8.75,12.5,6.286650381855689,observed angular median
8.75,17.5,6.323724103083775,observed angular median
8.75,22.5,6.309817248511561,observed angular median
8.75,27.5,6.287003588381169,observed angular median
8.75,32.5,6.301580259461536,observed angular median
8.75,37.5,6.326798510861089,observed angular median
8.75,42.5,6.296893544881637,observed angular median
8.75,47.5,6.290518734397038,observed angular median
8.75,52.5,6.318244345783309,observed angular median
8.75,57.5,6.250705885843997,observed angular median
8.75,62.5,6.266004482709517,observed angular median
8.75,67.5,6.2794757656021325,observed angular median
8.75,72.5,6.303170718856503,observed angular median
8.75,77.5,6.2548212151629645,observed angular median
8.75,82.5,6.261209568077919,observed angular median
8.75,87.5,6.303423401199818,observed angular median
8.75,92.5,6.299877121344119,observed angular median
8.75,97.5,6.2500785349364,observed angular median
8.75,102.5,6.2549751834189635,observed angular median
8.75,107.5,6.2393062682576055,observed angular median
8.75,112.5,6.183061125726963,observed angular median
8.75,117.5,6.1617808949331225,observed angular median
8.75,122.5,6.214999834966288,observed angular median
8.75,127.5,6.240672948512302,observed angular median
8.75,132.5,6.214123637930971,observed angular median
8.75,137.5,6.239037468340879,observed angular median
8.75,142.5,6.191141608032707,observed angular median
8.75,147.5,6.204587163299603,observed angular median
8.75,152.5,6.2342521745103925,observed angular median
8.75,157.5,6.304992946633039,observed angular median
8.75,162.5,6.27271902448677,observed angular median
8.75,167.5,6.2244192256027935,observed angular median
8.75,172.5,6.24105140548564,observed angular median
8.75,177.5,6.229763005785671,observed angular median
8.75,182.5,6.28046392031885,observed angular median
8.75,187.5,6.276899872354276,observed angular median
8.75,192.5,6.267750106674179,observed angular median
8.75,197.5,6.242056468592702,observed angular median
8.75,202.5,6.230661511494346,observed angular median
8.75,207.5,6.314778317915076,observed angular median
8.75,212.5,6.303847026428237,observed angular median
8.75,217.5,6.231675155962867,observed angular median
8.75,222.5,6.246900796247274,observed angular median
8.75,227.5,6.282330305766569,observed angular median
8.75,232.5,6.199860057193733,observed angular median
8.75,237.5,6.204969838854037,observed angular median
8.75,242.5,6.238281242258467,observed angular median
8.75,247.5,6.225819472916825,observed angular median
8.75,252.5,6.204610895001725,observed angular median
8.75,257.5,6.223367065714234,observed angular median
8.75,262.5,6.238602642812885,observed angular median
8.75,267.5,6.186786076900581,observed angular median
8.75,272.5,6.199124537023442,observed angular median
8.75,277.5,6.264434659043918,observed angular median
8.75,282.5,6.2284305915923,observed angular median
8.75,287.5,6.216027331435275,observed angular median
8.75,292.5,6.250873744770537,observed angular median
8.75,297.5,6.222516352808898,observed angular median
8.75,302.5,6.174053803832804,observed angular median
8.75,307.5,6.216482250587837,observed angular median
8.75,312.5,6.26017698191643,observed angular median
8.75,317.5,6.235212930359156,observed angular median
8.75,322.5,6.2903812832818895,observed angular median
8.75,327.5,6.280173768470308,observed angular median
8.75,332.5,6.1820669528555605,observed angular median
8.75,337.5,6.214938200374121,observed angular median
8.75,342.5,6.274197462403755,observed angular median
8.75,347.5,6.275016042925972,observed angular median
8.75,352.5,6.21090251724726,observed angular median
8.75,357.5,6.236214500642557,observed angular median
9.0,2.5,6.287241392909612,observed angular median
9.0,7.5,6.2665241492185215,observed angular median
9.0,12.5,6.2804213394891,observed angular median
9.0,17.5,6.334167611920412,observed angular median
9.0,22.5,6.306096937443629,observed angular median
9.0,27.5,6.306128165631171,observed angular median
9.0,32.5,6.3247489553073155,observed angular median
9.0,37.5,6.342303089185782,observed angular median
9.0,42.5,6.323207164818312,observed angular median
9.0,47.5,6.305753814624188,observed angular median
9.0,52.5,6.349799202613948,observed angular median
9.0,57.5,6.282987390068184,observed angular median
9.0,62.5,6.270541199812486,observed angular median
9.0,67.5,6.286751931189551,observed angular median
9.0,72.5,6.277933928130823,observed angular median
9.0,77.5,6.24309334881588,observed angular median
9.0,82.5,6.289241449456354,observed angular median
9.0,87.5,6.309672444284933,observed angular median
9.0,92.5,6.248524903948568,observed angular median
9.0,97.5,6.251142058564009,observed angular median
9.0,102.5,6.235549590943312,observed angular median
9.0,107.5,6.262461698267741,observed angular median
9.0,112.5,6.213583840843805,observed angular median
9.0,117.5,6.1790664539145395,observed angular median
9.0,122.5,6.210585294100884,observed angular median
9.0,127.5,6.243997981642637,observed angular median
9.0,132.5,6.221886354168218,observed angular median
9.0,137.5,6.233543222654536,observed angular median
9.0,142.5,6.181442997914363,observed angular median
9.0,147.5,6.232223527723729,observed angular median
9.0,152.5,6.251596005377129,observed angular median
9.0,157.5,6.301779557683709,observed angular median
9.0,162.5,6.2481763682060425,observed angular median
9.0,167.5,6.246451081452395,observed angular median
9.0,172.5,6.249356649450633,observed angular median
9.0,177.5,6.250657674239392,observed angular median
9.0,182.5,6.279429174755537,observed angular median
9.0,187.5,6.314446246140546,observed angular median
9.0,192.5,6.255149842269128,observed angular median
9.0,197.5,6.25819560210749,observed angular median
9.0,202.5,6.259400723710193,observed angular median
9.0,207.5,6.301611464327408,observed angular median
9.0,212.5,6.300797085858592,observed angular median
9.0,217.5,6.2296532056628635,observed angular median
9.0,222.5,6.257942665914289,observed angular median
9.0,227.5,6.2907834707062715,observed angular median
9.0,232.5,6.226566091453464,observed angular median
9.0,237.5,6.225428324769759,observed angular median
9.0,242.5,6.247272620018551,observed angular median
9.0,247.5,6.2219521700309715,observed angular median
9.0,252.5,6.183410497023811,observed angular median
9.0,257.5,6.234719895365243,observed angular median
9.0,262.5,6.245653335840608,observed angular median
9.0,267.5,6.187590484693732,observed angular median
9.0,272.5,6.17705126858365,observed angular median
9.0,277.5,6.2759720336379115,observed angular median
9.0,282.5,6.252072244432606,observed angular median
9.0,287.5,6.22731968957456,observed angular median
9.0,292.5,6.283833643440946,observed angular median
9.0,297.5,6.273798449348104,observed angular median
9.0,302.5,6.241839537591545,observed angular median
9.0,307.5,6.237793551589243,observed angular median
9.0,312.5,6.287133525571898,observed angular median
9.0,317.5,6.256568331117244,observed angular median
9.0,322.5,6.3260627360869135,observed angular median
9.0,327.5,6.319028215671604,observed angular median
9.0,332.5,6.219150559125048,observed angular median
9.0,337.5,6.205759507566769,observed angular median
9.0,342.5,6.245520724375693,observed angular median
9.0,347.5,6.266874582485817,observed angular median
9.0,352.5,6.2117251439374375,observed angular median
9.0,357.5,6.243472923101692,observed angular median
9.25,2.5,6.281254395319076,observed angular median
9.25,7.5,6.269081201602287,observed angular median
9.25,12.5,6.27306283405729,observed angular median
9.25,17.5,6.32610042381538,observed angular median
9.25,22.5,6.290047811285033,observed angular median
9.25,27.5,6.316231946933856,observed angular median
9.25,32.5,6.3188971370859175,observed angular median
9.25,37.5,6.311469650946572,observed angular median
9.25,42.5,6.328114873967513,observed angular median
9.25,47.5,6.31976360296747,observed angular median
9.25,52.5,6.364410360873716,observed angular median
9.25,57.5,6.316543175521865,observed angular median
9.25,62.5,6.265107234890126,observed angular median
9.25,67.5,6.280711069034257,observed angular median
9.25,72.5,6.299519081314262,observed angular median
9.25,77.5,6.244020017574777,observed angular median
9.25,82.5,6.282628343403287,observed angular median
9.25,87.5,6.286281132193435,observed angular median
9.25,92.5,6.260953472617992,observed angular median
9.25,97.5,6.26597891818133,observed angular median
9.25,102.5,6.209583994012627,observed angular median
9.25,107.5,6.249263031245973,observed angular median
9.25,112.5,6.292202709827894,observed angular median
9.25,117.5,6.206161708865626,observed angular median
9.25,122.5,6.211783118090462,observed angular median
9.25,127.5,6.236625309559551,observed angular median
9.25,132.5,6.238119520617808,observed angular median
9.25,137.5,6.233488765240821,observed angular median
9.25,142.5,6.161382442792013,observed angular median
9.25,147.5,6.2351478164391985,observed angular median
9.25,152.5,6.284172522596397,observed angular median
9.25,157.5,6.304195104066908,observed angular median
9.25,162.5,6.225469742510718,observed angular median
9.25,167.5,6.226120841014047,observed angular median
9.25,172.5,6.255651279131273,observed angular median
9.25,177.5,6.243471098551815,observed angular median
9.25,182.5,6.277960527540536,observed angular median
9.25,187.5,6.266206623036574,observed angular median
9.25,192.5,6.277460135333504,observed angular median
9.25,197.5,6.248505575943984,observed angular median
9.25,202.5,6.251957887334356,observed angular median
9.25,207.5,6.29884149267191,observed angular median
9.25,212.5,6.294494394053752,observed angular median
9.25,217.5,6.246006532993904,observed angular median
9.25,222.5,6.2626608393537015,observed angular median
9.25,227.5,6.26916954189551,observed angular median
9.25,232.5,6.24354314579139,observed angular median
9.25,237.5,6.241343387378043,observed angular median
9.25,242.5,6.269071960027808,observed angular median
9.25,247.5,6.225604565505119,observed angular median
9.25,252.5,6.211609051510453,observed angular median
9.25,257.5,6.26637767589823,observed angular median
9.25,262.5,6.272708948989402,observed angular median
9.25,267.5,6.217993961965985,observed angular median
9.25,272.5,6.221708582379659,observed angular median
9.25,277.5,6.285684139961224,observed angular median
9.25,282.5,6.283416539832784,observed angular median
9.25,287.5,6.254072488428373,observed angular median
9.25,292.5,6.305686095043937,observed angular median
9.25,297.5,6.308913552327733,observed angular median
9.25,302.5,6.297701887520977,observed angular median
9.25,307.5,6.258109484502777,observed angular median
9.25,312.5,6.3084121079614786,observed angular median
9.25,317.5,6.270357121578343,observed angular median
9.25,322.5,6.30644793495981,observed angular median
9.25,327.5,6.299616046655771,observed angular median
9.25,332.5,6.229760764190101,observed angular median
9.25,337.5,6.214222921184436,observed angular median
9.25,342.5,6.1836446452733735,observed angular median
9.25,347.5,6.215584311910721,observed angular median
9.25,352.5,6.231582024263766,observed angular median
9.25,357.5,6.269993763010841,observed angular median
9.5,2.5,6.283589393827959,observed angular median
9.5,7.5,6.281149502905963,observed angular median
9.5,12.5,6.272481253289946,observed angular median
9.5,17.5,6.307240829512079,observed angular median
9.5,22.5,6.295418062508542,observed angular median
9.5,27.5,6.305906171582841,observed angular median
9.5,32.5,6.306914295033168,observed angular median
9.5,37.5,6.315164139471534,observed angular median
9.5,42.5,6.284002162256191,observed angular median
9.5,47.5,6.281307907241667,observed angular median
9.5,52.5,6.3065913461116,observed angular median
9.5,57.5,6.310973428214634,observed angular median
9.5,62.5,6.2781570647839775,observed angular median
9.5,67.5,6.229541855904741,observed angular median
9.5,72.5,6.299666410204214,observed angular median
9.5,77.5,6.258598433226123,observed angular median
9.5,82.5,6.266084463455163,observed angular median
9.5,87.5,6.259160400210575,observed angular median
9.5,92.5,6.2887966469635606,observed angular median
9.5,97.5,6.21625202363165,observed angular median
9.5,102.5,6.207091267640199,observed angular median
9.5,107.5,6.286093145091007,observed angular median
9.5,112.5,6.287214164999492,observed angular median
9.5,117.5,6.212913386672287,observed angular median
9.5,122.5,6.208535706624289,observed angular median
9.5,127.5,6.230510947092016,observed angular median
9.5,132.5,6.253454211794593,observed angular median
9.5,137.5,6.234734801069894,observed angular median
9.5,142.5,6.183786338932527,observed angular median
9.5,147.5,6.231881559695136,observed angular median
9.5,152.5,6.308062917918018,observed angular median
9.5,157.5,6.241522987380645,observed angular median
9.5,162.5,6.23489335638088,observed angular median
9.5,167.5,6.230412720620247,observed angular median
9.5,172.5,6.239258806619908,observed angular median
9.5,177.5,6.242514901092237,observed angular median
9.5,182.5,6.291350398000462,observed angular median
9.5,187.5,6.247434195875713,observed angular median
9.5,192.5,6.250574234975275,observed angular median
9.5,197.5,6.2447298950526795,observed angular median
9.5,202.5,6.245074232718329,observed angular median
9.5,207.5,6.303781402563883,observed angular median
9.5,212.5,6.303269285240047,observed angular median
9.5,217.5,6.226439430482543,observed angular median
9.5,222.5,6.27616223775984,observed angular median
9.5,227.5,6.270697211713456,observed angular median
9.5,232.5,6.25525844239975,observed angular median
9.5,237.5,6.24872054071247,observed angular median
9.5,242.5,6.2893237130621555,observed angular median
9.5,247.5,6.263594503526313,observed angular median
9.5,252.5,6.256488755586865,observed angular median
9.5,257.5,6.242122741271751,observed angular median
9.5,262.5,6.287779469291099,observed angular median
9.5,267.5,6.244967927798297,observed angular median
9.5,272.5,6.206705739430247,observed angular median
9.5,277.5,6.255062869086353,observed angular median
9.5,282.5,6.311437296263117,observed angular median
9.5,287.5,6.278046528631114,observed angular median
9.5,292.5,6.364143610567579,observed angular median
9.5,297.5,6.301104182330974,observed angular median
9.5,302.5,6.247897973059098,observed angular median
9.5,307.5,6.239119985640171,observed angular median
9.5,312.5,6.299917754186597,observed angular median
9.5,317.5,6.2756769805185435,observed angular median
9.5,322.5,6.281690034157858,observed angular median
9.5,327.5,6.261985740067559,observed angular median
9.5,332.5,6.187834028385731,observed angular median
9.5,337.5,6.213612737762927,observed angular median
9.5,342.5,6.219095157041705,observed angular median
9.5,347.5,6.204472649211657,observed angular median
9.5,352.5,6.25667412150495,observed angular median
9.5,357.5,6.248435210599207,observed angular median
9.75,2.5,6.278545913051287,observed angular median
9.75,7.5,6.263931180220016,observed angular median
9.75,12.5,6.277041885761035,observed angular median
9.75,17.5,6.291264803107479,observed angular median
9.75,22.5,6.284370666774721,observed angular median
9.75,27.5,6.291887877108653,observed angular median
9.75,32.5,6.291181852719081,observed angular median
9.75,37.5,6.309168735793127,observed angular median
9.75,42.5,6.2906991227203175,observed angular median
9.75,47.5,6.279213489582766,observed angular median
9.75,52.5,6.264482624132567,observed angular median
9.75,57.5,6.281580136478343,observed angular median
9.75,62.5,6.229828097828832,observed angular median
9.75,67.5,6.217253718502695,observed angular median
9.75,72.5,6.250456618964579,observed angular median
9.75,77.5,6.259551030926257,observed angular median
9.75,82.5,6.289943902039051,observed angular median
9.75,87.5,6.2863753820893695,observed angular median
9.75,92.5,6.301207811996025,observed angular median
9.75,97.5,6.212526695999479,observed angular median
9.75,102.5,6.193975312729909,observed angular median
9.75,107.5,6.291513997868076,observed angular median
9.75,112.5,6.226351707489773,observed angular median
9.75,117.5,6.166967121156778,observed angular median
9.75,122.5,6.200147155703306,observed angular median
9.75,127.5,6.2211636748536145,observed angular median
9.75,132.5,6.243051341596717,observed angular median
9.75,137.5,6.224626852629452,observed angular median
9.75,142.5,6.195464788062254,observed angular median
9.75,147.5,6.222232713136719,observed angular median
9.75,152.5,6.2189381438491,observed angular median
9.75,157.5,6.224083711460932,observed angular median
9.75,162.5,6.233924935438652,observed angular median
9.75,167.5,6.249200565962298,observed angular median
9.75,172.5,6.204230498833271,observed angular median
9.75,177.5,6.268532723757339,observed angular median
9.75,182.5,6.272533112118807,observed angular median
9.75,187.5,6.286598155688619,observed angular median
9.75,192.5,6.2759894603500275,observed angular median
9.75,197.5,6.242109963145696,observed angular median
9.75,202.5,6.241327291701737,observed angular median
9.75,207.5,6.318005152927843,observed angular median
9.75,212.5,6.291133483791868,observed angular median
9.75,217.5,6.242572427806729,observed angular median
9.75,222.5,6.272832742608574,observed angular median
9.75,227.5,6.273285983482233,observed angular median
9.75,232.5,6.268433749859367,observed angular median
9.75,237.5,6.264069036957367,observed angular median
9.75,242.5,6.293258164446436,observed angular median
9.75,247.5,6.2527032579262505,observed angular median
9.75,252.5,6.271118567321425,observed angular median
9.75,257.5,6.284602287285807,observed angular median
9.75,262.5,6.295064419557867,observed angular median
9.75,267.5,6.229742384428955,observed angular median
9.75,272.5,6.18732933878224,observed angular median
9.75,277.5,6.235461748188354,observed angular median
9.75,282.5,6.306755695474756,observed angular median
9.75,287.5,6.314324143489991,observed angular median
9.75,292.5,6.329798316639848,observed angular median
9.75,297.5,6.273887621986338,observed angular median
9.75,302.5,6.217467085421785,observed angular median
9.75,307.5,6.206543544851256,observed angular median
9.75,312.5,6.2475441462031105,observed angular median
9.75,317.5,6.234900369867903,observed angular median
9.75,322.5,6.261840506316319,observed angular median
9.75,327.5,6.228523754683961,observed angular median
9.75,332.5,6.171062051452106,observed angular median
9.75,337.5,6.213471104370877,observed angular median
9.75,342.5,6.223349955592136,observed angular median
9.75,347.5,6.221243052221816,observed angular median
9.75,352.5,6.204059108642574,observed angular median
9.75,357.5,6.230033258688682,observed angular median
10.0,2.5,6.267635401973018,observed angular median
10.0,7.5,6.254799802430587,observed angular median
10.0,12.5,6.244334478364398,observed angular median
10.0,17.5,6.292828930289301,observed angular median
10.0,22.5,6.264105583148014,observed angular median
10.0,27.5,6.2676807619294745,observed angular median
10.0,32.5,6.278557026309476,observed angular median
10.0,37.5,6.297762566183209,observed angular median
10.0,42.5,6.269972748718562,observed angular median
10.0,47.5,6.2493764181682305,observed angular median
10.0,52.5,6.254873602631615,observed angular median
10.0,57.5,6.24794941805746,observed angular median
10.0,62.5,6.22025392634399,observed angular median
10.0,67.5,6.218722528960506,observed angular median
10.0,72.5,6.2552957156548725,observed angular median
10.0,77.5,6.195839711414033,observed angular median
10.0,82.5,6.213992528435926,observed angular median
10.0,87.5,6.302327575113537,observed angular median
10.0,92.5,6.273686542565861,observed angular median
10.0,97.5,6.250493945206433,observed angular median
10.0,102.5,6.189922452677174,observed angular median
10.0,107.5,6.301323672716016,observed angular median
10.0,112.5,6.218715777321036,observed angular median
10.0,117.5,6.156852025938123,observed angular median
10.0,122.5,6.190922432549069,observed angular median
10.0,127.5,6.2385942546651645,observed angular median
10.0,132.5,6.202692946629631,observed angular median
10.0,137.5,6.203101636527446,observed angular median
10.0,142.5,6.164983224356871,observed angular median
10.0,147.5,6.200578229082813,observed angular median
10.0,152.5,6.220919632391624,observed angular median
10.0,157.5,6.223328833335881,observed angular median
10.0,162.5,6.229095070771344,observed angular median
10.0,167.5,6.268959980113275,observed angular median
10.0,172.5,6.1577774094606355,observed angular median
10.0,177.5,6.254265206413742,observed angular median
10.0,182.5,6.280917246029799,observed angular median
10.0,187.5,6.306252360155418,observed angular median
10.0,192.5,6.301356842689206,observed angular median
10.0,197.5,6.242320048131226,observed angular median
10.0,202.5,6.231565456473753,observed angular median
10.0,207.5,6.303449724551815,observed angular median
10.0,212.5,6.2752501896097845,observed angular median
10.0,217.5,6.238099653780231,observed angular median
10.0,222.5,6.278190646901744,observed angular median
10.0,227.5,6.268888285550034,observed angular median
10.0,232.5,6.271768865423757,observed angular median
10.0,237.5,6.265170839692972,observed angular median
10.0,242.5,6.279374746890239,observed angular median
10.0,247.5,6.265800590143542,observed angular median
10.0,252.5,6.256283275278144,observed angular median
10.0,257.5,6.308716250210577,observed angular median
10.0,262.5,6.30544730039778,observed angular median
10.0,267.5,6.246134149293969,observed angular median
10.0,272.5,6.19479815343476,observed angular median
10.0,277.5,6.249621333465842,observed angular median
10.0,282.5,6.274002925563376,observed angular median
10.0,287.5,6.307339121646544,observed angular median
10.0,292.5,6.3201107508649494,observed angular median
10.0,297.5,6.226862827198125,observed angular median
10.0,302.5,6.164643201874799,observed angular median
10.0,307.5,6.198320411351697,observed angular median
10.0,312.5,6.228057656216647,observed angular median
10.0,317.5,6.19450754978538,observed angular median
10.0,322.5,6.275632853523542,observed angular median
10.0,327.5,6.222058842741989,observed angular median
10.0,332.5,6.189441712847862,observed angular median
10.0,337.5,6.1866102315860125,observed angular median
10.0,342.5,6.201708324843083,observed angular median
10.0,347.5,6.233311284145396,observed angular median
10.0,352.5,6.18961626296908,observed angular median
10.0,357.5,6.2396571622377275,observed angular median
10.25,2.5,6.258741084979031,observed angular median
10.25,7.5,6.244835630784623,observed angular median
10.25,12.5,6.243821264289689,observed angular median
10.25,17.5,6.279487935994579,observed angular median
10.25,22.5,6.265625173164314,observed angular median
10.25,27.5,6.2276250756185565,observed angular median
10.25,32.5,6.285652134606127,observed angular median
10.25,37.5,6.270509235486589,observed angular median
10.25,42.5,6.255449501459697,observed angular median
10.25,47.5,6.227977791742383,observed angular median
10.25,52.5,6.253690994908502,observed angular median
10.25,57.5,6.23052587134138,observed angular median
10.25,62.5,6.226087717830063,observed angular median
10.25,67.5,6.236745599998897,observed angular median
10.25,72.5,6.251837133827056,observed angular median
10.25,77.5,6.212777354066881,observed angular median
10.25,82.5,6.212540269952234,observed angular median
10.25,87.5,6.271961797060756,observed angular median
10.25,92.5,6.250286847909266,observed angular median
10.25,97.5,6.238476458700836,observed angular median
10.25,102.5,6.187244003153632,observed angular median
10.25,107.5,6.29226170793129,observed angular median
10.25,112.5,6.205023278691747,observed angular median
10.25,117.5,6.167722772628174,observed angular median
10.25,122.5,6.19132416542509,observed angular median
10.25,127.5,6.220850735111246,observed angular median
10.25,132.5,6.192601658457305,observed angular median
10.25,137.5,6.190944727803708,observed angular median
10.25,142.5,6.162701447562536,observed angular median
10.25,147.5,6.157731466559213,observed angular median
10.25,152.5,6.23520595647863,observed angular median
10.25,157.5,6.232501742236012,observed angular median
10.25,162.5,6.219114035411383,observed angular median
10.25,167.5,6.2339642027336275,observed angular median
10.25,172.5,6.165222745956012,observed angular median
10.25,177.5,6.257199097854146,observed angular median
10.25,182.5,6.2792334799302845,observed angular median
10.25,187.5,6.254089144245805,observed angular median
10.25,192.5,6.28959975475264,observed angular median
10.25,197.5,6.248515939860496,observed angular median
10.25,202.5,6.258282029019891,observed angular median
10.25,207.5,6.274544363341137,observed angular median
10.25,212.5,6.2874638594662215,observed angular median
10.25,217.5,6.245810412786307,observed angular median
10.25,222.5,6.28451921905065,observed angular median
10.25,227.5,6.275106507772643,observed angular median
10.25,232.5,6.270170867331525,observed angular median
10.25,237.5,6.255796723939607,observed angular median
10.25,242.5,6.280203903337237,observed angular median
10.25,247.5,6.2789435358411145,observed angular median
10.25,252.5,6.2530769611504855,observed angular median
10.25,257.5,6.322927097848203,observed angular median
10.25,262.5,6.297424212805133,observed angular median
10.25,267.5,6.2523305388385975,observed angular median
10.25,272.5,6.223232581570424,observed angular median
10.25,277.5,6.261248545047376,observed angular median
10.25,282.5,6.263448752365388,observed angular median
10.25,287.5,6.278034194970653,observed angular median
10.25,292.5,6.291528371552005,observed angular median
10.25,297.5,6.23101977298162,observed angular median
10.25,302.5,6.157088480592568,observed angular median
10.25,307.5,6.198954598955218,observed angular median
10.25,312.5,6.237295476354853,observed angular median
10.25,317.5,6.197459862387174,observed angular median
10.25,322.5,6.236134312888098,observed angular median
10.25,327.5,6.250950217026923,observed angular median
10.25,332.5,6.182188054618189,observed angular median
10.25,337.5,6.178179714481989,observed angular median
10.25,342.5,6.180613638997615,observed angular median
10.25,347.5,6.212509023769401,observed angular median
10.25,352.5,6.183056631768184,observed angular median
10.25,357.5,6.234046956881175,observed angular median
10.5,2.5,6.247507623091073,observed angular median
10.5,7.5,6.215296338513456,observed angular median
10.5,12.5,6.238686917962848,observed angular median
10.5,17.5,6.249977172321191,observed angular median
10.5,22.5,6.242646752979231,observed angular median
10.5,27.5,6.210142498865248,observed angular median
10.5,32.5,6.270376878145144,observed angular median
10.5,37.5,6.26782664124557,observed angular median
10.5,42.5,6.2542934267054955,observed angular median
10.5,47.5,6.23395960833195,observed angular median
10.5,52.5,6.24572244880838,observed angular median
10.5,57.5,6.231621965402258,observed angular median
10.5,62.5,6.237447556291507,observed angular median
10.5,67.5,6.237749575622654,observed angular median
10.5,72.5,6.242709584017927,observed angular median
10.5,77.5,6.2286632746092465,observed angular median
10.5,82.5,6.2271135078703725,observed angular median
10.5,87.5,6.242408322445955,observed angular median
10.5,92.5,6.2299540246794525,observed angular median
10.5,97.5,6.20558409687947,observed angular median
10.5,102.5,6.212282177936871,observed angular median
10.5,107.5,6.2850083712497105,observed angular median
10.5,112.5,6.196986608458944,observed angular median
10.5,117.5,6.2028169415441194,observed angular median
10.5,122.5,6.1817196019250105,observed angular median
10.5,127.5,6.248143892393569,observed angular median
10.5,132.5,6.1622789298464715,observed angular median
10.5,137.5,6.183411639641112,observed angular median
10.5,142.5,6.184799945303038,observed angular median
10.5,147.5,6.1565081101215515,observed angular median
10.5,152.5,6.213956680084467,observed angular median
10.5,157.5,6.255848063491047,observed angular median
10.5,162.5,6.219587850614708,observed angular median
10.5,167.5,6.214206527697913,observed angular median
10.5,172.5,6.201463206949909,observed angular median
10.5,177.5,6.245411111268597,observed angular median
10.5,182.5,6.301174273883355,observed angular median
10.5,187.5,6.252490551518088,observed angular median
10.5,192.5,6.2738971093677325,observed angular median
10.5,197.5,6.2464121887530615,observed angular median
10.5,202.5,6.263267502529569,observed angular median
10.5,207.5,6.278746025999176,observed angular median
10.5,212.5,6.279150725402811,observed angular median
10.5,217.5,6.257608748281136,observed angular median
10.5,222.5,6.259215765715656,observed angular median
10.5,227.5,6.273919406445645,observed angular median
10.5,232.5,6.251437966202209,observed angular median
10.5,237.5,6.257320154979957,observed angular median
10.5,242.5,6.265663233264309,observed angular median
10.5,247.5,6.277275619051557,observed angular median
10.5,252.5,6.228378323075268,observed angular median
10.5,257.5,6.299376507606207,observed angular median
10.5,262.5,6.314406037604936,observed angular median
10.5,267.5,6.222591032504616,observed angular median
10.5,272.5,6.2351506963838474,observed angular median
10.5,277.5,6.266833156519536,observed angular median
10.5,282.5,6.28509697222203,observed angular median
10.5,287.5,6.25788159576512,observed angular median
10.5,292.5,6.277445851201669,observed angular median
10.5,297.5,6.245374301472831,observed angular median
10.5,302.5,6.15643462829312,observed angular median
10.5,307.5,6.170819835823593,observed angular median
10.5,312.5,6.237397491321779,observed angular median
10.5,317.5,6.201582152430014,observed angular median
10.5,322.5,6.194719508723002,observed angular median
10.5,327.5,6.226735209334112,observed angular median
10.5,332.5,6.164991440889379,observed angular median
10.5,337.5,6.192942279964359,observed angular median
10.5,342.5,6.186426897321473,observed angular median
10.5,347.5,6.189364170806885,observed angular median
10.5,352.5,6.185455742142981,observed angular median
10.5,357.5,6.203550236534017,observed angular median
10.75,2.5,6.2319741938816,observed angular median
10.75,7.5,6.2124292966038634,observed angular median
10.75,12.5,6.213758700048307,observed angular median
10.75,17.5,6.231024471007327,observed angular median
10.75,22.5,6.220043630978513,observed angular median
10.75,27.5,6.204895942182826,observed angular median
10.75,32.5,6.263579452748248,observed angular median
10.75,37.5,6.254431295719845,observed angular median
10.75,42.5,6.254594731065419,observed angular median
10.75,47.5,6.24495510291205,observed angular median
10.75,52.5,6.231046501557296,observed angular median
10.75,57.5,6.265891130367248,observed angular median
10.75,62.5,6.271210526036417,observed angular median
10.75,67.5,6.2356342173549075,observed angular median
10.75,72.5,6.267941068589324,observed angular median
10.75,77.5,6.220473385481743,observed angular median
10.75,82.5,6.223580806173173,observed angular median
10.75,87.5,6.216207995020019,observed angular median
10.75,92.5,6.256943672588185,observed angular median
10.75,97.5,6.179800531013179,observed angular median
10.75,102.5,6.2311513053878524,observed angular median
10.75,107.5,6.263904719368591,observed angular median
10.75,112.5,6.219948675567723,observed angular median
10.75,117.5,6.156462529032634,observed angular median
10.75,122.5,6.179866355794951,observed angular median
10.75,127.5,6.229155926062885,observed angular median
10.75,132.5,6.175643912642911,observed angular median
10.75,137.5,6.194384260222411,observed angular median
10.75,142.5,6.1943197699606545,observed angular median
10.75,147.5,6.18159183284052,observed angular median
10.75,152.5,6.193549840492917,observed angular median
10.75,157.5,6.3002004334544495,observed angular median
10.75,162.5,6.245122436892683,observed angular median
10.75,167.5,6.193595956087611,observed angular median
10.75,172.5,6.212254784617741,observed angular median
10.75,177.5,6.2446142494419625,observed angular median
10.75,182.5,6.265123155585186,observed angular median
10.75,187.5,6.2521206111479914,observed angular median
10.75,192.5,6.268635227278457,observed angular median
10.75,197.5,6.248511206199242,observed angular median
10.75,202.5,6.267199958856753,observed angular median
10.75,207.5,6.303219534025074,observed angular median
10.75,212.5,6.266314079886282,observed angular median
10.75,217.5,6.262143321413738,observed angular median
10.75,222.5,6.25634469788098,observed angular median
10.75,227.5,6.253088497850062,observed angular median
10.75,232.5,6.22858498654225,observed angular median
10.75,237.5,6.242196693421086,observed angular median
10.75,242.5,6.265192399277738,observed angular median
10.75,247.5,6.295980949620743,observed angular median
10.75,252.5,6.229854500318716,observed angular median
10.75,257.5,6.247226865364005,observed angular median
10.75,262.5,6.3434023266511295,observed angular median
10.75,267.5,6.176773041623978,observed angular median
10.75,272.5,6.172906273611311,observed angular median
10.75,277.5,6.281664828802397,observed angular median
10.75,282.5,6.260209037435388,observed angular median
10.75,287.5,6.262939581484913,observed angular median
10.75,292.5,6.26536375503083,observed angular median
10.75,297.5,6.25498852817927,observed angular median
10.75,302.5,6.229452568921808,observed angular median
10.75,307.5,6.1669671004969535,observed angular median
10.75,312.5,6.258002878146178,observed angular median
10.75,317.5,6.167829663660148,observed angular median
10.75,322.5,6.226260138868678,observed angular median
10.75,327.5,6.212403907176237,observed angular median
10.75,332.5,6.1402877578165445,observed angular median
10.75,337.5,6.198500976755728,observed angular median
10.75,342.5,6.219966494815483,observed angular median
10.75,347.5,6.185929145271105,observed angular median
10.75,352.5,6.189239013553152,observed angular median
10.75,357.5,6.197130716550269,observed angular median
11.0,2.5,6.230629171666093,observed angular median
11.0,7.5,6.206903345211597,observed angular median
11.0,12.5,6.2046603691430375,observed angular median
11.0,17.5,6.228878773845057,observed angular median
11.0,22.5,6.222020754438235,observed angular median
11.0,27.5,6.218507085131906,observed angular median
11.0,32.5,6.247410136982042,observed angular median
11.0,37.5,6.246203713760833,observed angular median
11.0,42.5,6.2719815118383035,observed angular median
11.0,47.5,6.239668189851799,observed angular median
11.0,52.5,6.24416459664607,observed angular median
11.0,57.5,6.298003703665589,observed angular median
11.0,62.5,6.251060074652928,observed angular median
11.0,67.5,6.233856601022731,observed angular median
11.0,72.5,6.2738999740924495,observed angular median
11.0,77.5,6.220215706771291,observed angular median
11.0,82.5,6.208728175370217,observed angular median
11.0,87.5,6.187716640179529,observed angular median
11.0,92.5,6.268244298623721,observed angular median
11.0,97.5,6.191280440078195,observed angular median
11.0,102.5,6.238609187358154,observed angular median
11.0,107.5,6.267978217371714,observed angular median
11.0,112.5,6.219793955583085,observed angular median
11.0,117.5,6.136090542437004,observed angular median
11.0,122.5,6.196157274293858,observed angular median
11.0,127.5,6.215638257661377,observed angular median
11.0,132.5,6.210536783650532,observed angular median
11.0,137.5,6.204160600237281,observed angular median
11.0,142.5,6.190634128523952,observed angular median
11.0,147.5,6.217715696888385,observed angular median
11.0,152.5,6.224072326246441,observed angular median
11.0,157.5,6.353390478241388,observed angular median
11.0,162.5,6.258387523995366,observed angular median
11.0,167.5,6.225355266674868,observed angular median
11.0,172.5,6.224502918195312,observed angular median
11.0,177.5,6.239635584931917,observed angular median
11.0,182.5,6.247230220448161,observed angular median
11.0,187.5,6.23912461813428,observed angular median
11.0,192.5,6.287672018518702,observed angular median
11.0,197.5,6.250096715515404,observed angular median
11.0,202.5,6.26265030401775,observed angular median
11.0,207.5,6.294903230279198,observed angular median
11.0,212.5,6.265514168281623,observed angular median
11.0,217.5,6.267426002872179,observed angular median
11.0,222.5,6.255771907210983,observed angular median
11.0,227.5,6.247841798991045,observed angular median
11.0,232.5,6.226598174244633,observed angular median
11.0,237.5,6.240324082247634,observed angular median
11.0,242.5,6.270312304010943,observed angular median
11.0,247.5,6.304069564050601,observed angular median
11.0,252.5,6.2398881057672835,observed angular median
11.0,257.5,6.25510652167087,observed angular median
11.0,262.5,6.327763346371878,observed angular median
11.0,267.5,6.2016089382072845,observed angular median
11.0,272.5,6.216154953650164,observed angular median
11.0,277.5,6.29238082894423,observed angular median
11.0,282.5,6.241095794592687,observed angular median
11.0,287.5,6.235145506881605,observed angular median
11.0,292.5,6.244632149274663,observed angular median
11.0,297.5,6.224042810409895,observed angular median
11.0,302.5,6.226951008979535,observed angular median
11.0,307.5,6.196806507867025,observed angular median
11.0,312.5,6.226431611056644,observed angular median
11.0,317.5,6.152094353411378,observed angular median
11.0,322.5,6.23863666799777,observed angular median
11.0,327.5,6.211153283557966,observed angular median
11.0,332.5,6.171202887908385,observed angular median
11.0,337.5,6.201752006381051,observed angular median
11.0,342.5,6.249013639732674,observed angular median
11.0,347.5,6.19917704883561,observed angular median
11.0,352.5,6.174055148932782,observed angular median
11.0,357.5,6.205940836807564,observed angular median
11.25,2.5,6.2244963928744825,observed angular median
11.25,7.5,6.217952884605821,observed angular median
11.25,12.5,6.215783682116743,observed angular median
11.25,17.5,6.245905873012505,observed angular median
11.25,22.5,6.210474327365347,observed angular median
11.25,27.5,6.255981751933783,observed angular median
11.25,32.5,6.262623809407465,observed angular median
11.25,37.5,6.2554102639482165,observed angular median
11.25,42.5,6.245425178871836,observed angular median
11.25,47.5,6.2270282905357215,observed angular median
11.25,52.5,6.246228482017437,observed angular median
11.25,57.5,6.268979049653467,observed angular median
11.25,62.5,6.282352299489512,observed angular median
11.25,67.5,6.244332241357945,observed angular median
11.25,72.5,6.2553093600174705,observed angular median
11.25,77.5,6.197866722438844,observed angular median
11.25,82.5,6.219898984098228,observed angular median
11.25,87.5,6.178177629325698,observed angular median
11.25,92.5,6.265188470793346,observed angular median
11.25,97.5,6.162737851402211,observed angular median
11.25,102.5,6.195847797799898,observed angular median
11.25,107.5,6.279256455675913,observed angular median
11.25,112.5,6.215388339927311,observed angular median
11.25,117.5,6.178085570186343,observed angular median
11.25,122.5,6.178712005944311,observed angular median
11.25,127.5,6.232857357230593,observed angular median
11.25,132.5,6.230681661442113,observed angular median
11.25,137.5,6.197098755067834,observed angular median
11.25,142.5,6.197734335889776,observed angular median
11.25,147.5,6.261840511679063,observed angular median
11.25,152.5,6.253631555812412,observed angular median
11.25,157.5,6.310822166722145,observed angular median
11.25,162.5,6.266526912371922,observed angular median
11.25,167.5,6.204913389497316,observed angular median
11.25,172.5,6.242680290644409,observed angular median
11.25,177.5,6.2177961981202685,observed angular median
11.25,182.5,6.226164945463554,observed angular median
11.25,187.5,6.2667962069280705,observed angular median
11.25,192.5,6.260705352107365,observed angular median
11.25,197.5,6.248362154548543,observed angular median
11.25,202.5,6.241429929214353,observed angular median
11.25,207.5,6.27311070077476,observed angular median
11.25,212.5,6.268104397125614,observed angular median
11.25,217.5,6.268203449622753,observed angular median
11.25,222.5,6.252429850519526,observed angular median
11.25,227.5,6.250891729341254,observed angular median
11.25,232.5,6.241041825573881,observed angular median
11.25,237.5,6.248852133048997,observed angular median
11.25,242.5,6.291012829440891,observed angular median
11.25,247.5,6.290784379666228,observed angular median
11.25,252.5,6.253164108957715,observed angular median
11.25,257.5,6.266132384085939,observed angular median
11.25,262.5,6.332501222954497,observed angular median
11.25,267.5,6.261755742841029,observed angular median
11.25,272.5,6.268316322613221,observed angular median
11.25,277.5,6.255342706101692,observed angular median
11.25,282.5,6.2100562397800285,observed angular median
11.25,287.5,6.214724670184172,observed angular median
11.25,292.5,6.259300287490718,observed angular median
11.25,297.5,6.228450483454712,observed angular median
11.25,302.5,6.219772899144797,observed angular median
11.25,307.5,6.1962873594196415,observed angular median
11.25,312.5,6.205703708039346,observed angular median
11.25,317.5,6.169682912017523,observed angular median
11.25,322.5,6.207758254719319,observed angular median
11.25,327.5,6.231067369936162,observed angular median
11.25,332.5,6.193749237420122,observed angular median
11.25,337.5,6.202230191881495,observed angular median
11.25,342.5,6.250165808173272,observed angular median
11.25,347.5,6.21842409813659,observed angular median
11.25,352.5,6.1809484659648595,observed angular median
11.25,357.5,6.197081273181494,observed angular median
11.5,2.5,6.231157222204682,observed angular median
11.5,7.5,6.239314902097317,observed angular median
11.5,12.5,6.230831702936208,observed angular median
11.5,17.5,6.264172072192014,observed angular median
11.5,22.5,6.240763427824425,observed angular median
11.5,27.5,6.274172388782862,observed angular median
11.5,32.5,6.261316453174915,observed angular median
11.5,37.5,6.274822640484268,observed angular median
11.5,42.5,6.240328919021328,observed angular median
11.5,47.5,6.230268652088091,observed angular median
11.5,52.5,6.233675629025864,observed angular median
11.5,57.5,6.246976687252185,observed angular median
11.5,62.5,6.263512766674175,observed angular median
11.5,67.5,6.219932040015939,observed angular median
11.5,72.5,6.255901921341162,observed angular median
11.5,77.5,6.183639523481061,observed angular median
11.5,82.5,6.218769436657299,observed angular median
11.5,87.5,6.196471044651606,observed angular median
11.5,92.5,6.259459401343069,observed angular median
11.5,97.5,6.186254020845932,observed angular median
11.5,102.5,6.211340079446017,observed angular median
11.5,107.5,6.280605400421867,observed angular median
11.5,112.5,6.2271830305270335,observed angular median
11.5,117.5,6.214603093585833,observed angular median
11.5,122.5,6.203502224987281,observed angular median
11.5,127.5,6.24032532720946,observed angular median
11.5,132.5,6.2174661569221055,observed angular median
11.5,137.5,6.215646258012276,observed angular median
11.5,142.5,6.194738110018525,observed angular median
11.5,147.5,6.23205704710119,observed angular median
11.5,152.5,6.27175036354776,observed angular median
11.5,157.5,6.27592442383319,observed angular median
11.5,162.5,6.270696222715908,observed angular median
11.5,167.5,6.214738441880145,observed angular median
11.5,172.5,6.24466322591503,observed angular median
11.5,177.5,6.251147085783614,observed angular median
11.5,182.5,6.242648383518089,observed angular median
11.5,187.5,6.2672868490612075,observed angular median
11.5,192.5,6.249527277664864,observed angular median
11.5,197.5,6.228506016070541,observed angular median
11.5,202.5,6.244070168686699,observed angular median
11.5,207.5,6.264006905059048,observed angular median
11.5,212.5,6.272104614919875,observed angular median
11.5,217.5,6.269612437868614,observed angular median
11.5,222.5,6.263692743936933,observed angular median
11.5,227.5,6.264211284529582,observed angular median
11.5,232.5,6.24269408526691,observed angular median
11.5,237.5,6.262693844827783,observed angular median
11.5,242.5,6.30539406472086,observed angular median
11.5,247.5,6.2691987350516,observed angular median
11.5,252.5,6.248399653717,observed angular median
11.5,257.5,6.2806035081320655,observed angular median
11.5,262.5,6.30731217178848,observed angular median
11.5,267.5,6.256304080308679,observed angular median
11.5,272.5,6.273216909560304,observed angular median
11.5,277.5,6.277722590876361,observed angular median
11.5,282.5,6.178299156437443,observed angular median
11.5,287.5,6.230214220953732,observed angular median
11.5,292.5,6.3049818628567795,observed angular median
11.5,297.5,6.255911814375953,observed angular median
11.5,302.5,6.18371739057469,observed angular median
11.5,307.5,6.183159409552903,observed angular median
11.5,312.5,6.216288929427991,observed angular median
11.5,317.5,6.182452207300384,observed angular median
11.5,322.5,6.222439227716892,observed angular median
11.5,327.5,6.244629483739635,observed angular median
11.5,332.5,6.20355322641859,observed angular median
11.5,337.5,6.167144114418529,observed angular median
11.5,342.5,6.251649245278784,observed angular median
11.5,347.5,6.228996908872771,observed angular median
11.5,352.5,6.185131594389581,observed angular median
11.5,357.5,6.215019799110911,observed angular median
11.75,2.5,6.258878126654859,observed angular median
11.75,7.5,6.251272130552339,observed angular median
11.75,12.5,6.254072058914497,observed angular median
11.75,17.5,6.278837992386144,observed angular median
11.75,22.5,6.243383558353215,observed angular median
11.75,27.5,6.266751194917173,observed angular median
11.75,32.5,6.2683718061493465,observed angular median
11.75,37.5,6.296489232592134,observed angular median
11.75,42.5,6.2554006213666815,observed angular median
11.75,47.5,6.232432220907133,observed angular median
11.75,52.5,6.286598618466289,observed angular median
11.75,57.5,6.276470935816363,observed angular median
11.75,62.5,6.25034417119279,observed angular median
11.75,67.5,6.227890649411895,observed angular median
11.75,72.5,6.255541594996286,observed angular median
11.75,77.5,6.201513220022029,observed angular median
11.75,82.5,6.221612417143971,observed angular median
11.75,87.5,6.224291701023388,observed angular median
11.75,92.5,6.243764812299133,observed angular median
11.75,97.5,6.229316520020509,observed angular median
11.75,102.5,6.209686581370537,observed angular median
11.75,107.5,6.237711369337605,observed angular median
11.75,112.5,6.24152142988313,observed angular median
11.75,117.5,6.224298215190385,observed angular median
11.75,122.5,6.2241913103892585,observed angular median
11.75,127.5,6.245218460907623,observed angular median
11.75,132.5,6.215338910491197,observed angular median
11.75,137.5,6.209682679677888,observed angular median
11.75,142.5,6.2027982577693805,observed angular median
11.75,147.5,6.213836008210252,observed angular median
11.75,152.5,6.286813040183199,observed angular median
11.75,157.5,6.269973627887776,observed angular median
11.75,162.5,6.228609266097651,observed angular median
11.75,167.5,6.210962815220213,observed angular median
11.75,172.5,6.22983252053207,observed angular median
11.75,177.5,6.248199668771289,observed angular median
11.75,182.5,6.269722075460679,observed angular median
11.75,187.5,6.298490874930533,observed angular median
11.75,192.5,6.246963496980815,observed angular median
11.75,197.5,6.235961660785039,observed angular median
11.75,202.5,6.251770545336063,observed angular median
11.75,207.5,6.272773370409134,observed angular median
11.75,212.5,6.285691132432415,observed angular median
11.75,217.5,6.268287810526298,observed angular median
11.75,222.5,6.262691516100124,observed angular median
11.75,227.5,6.295123658555843,observed angular median
11.75,232.5,6.248088782209373,observed angular median
11.75,237.5,6.273823180404169,observed angular median
11.75,242.5,6.299272992186423,observed angular median
11.75,247.5,6.296014000320553,observed angular median
11.75,252.5,6.2454540267821335,observed angular median
11.75,257.5,6.2832326002585495,observed angular median
11.75,262.5,6.321062276906121,observed angular median
11.75,267.5,6.244493771880453,observed angular median
11.75,272.5,6.270877970623151,observed angular median
11.75,277.5,6.266622558545639,observed angular median
11.75,282.5,6.176065452306596,observed angular median
11.75,287.5,6.195231428917215,observed angular median
11.75,292.5,6.297948889149868,observed angular median
11.75,297.5,6.2866602302616315,observed angular median
11.75,302.5,6.17114494975011,observed angular median
11.75,307.5,6.1773007722996125,observed angular median
11.75,312.5,6.171965535357957,observed angular median
11.75,317.5,6.232124111940589,observed angular median
11.75,322.5,6.205632389584606,observed angular median
11.75,327.5,6.226942805402228,observed angular median
11.75,332.5,6.223758480414466,observed angular median
11.75,337.5,6.2107996160722205,observed angular median
11.75,342.5,6.259261713533652,observed angular median
11.75,347.5,6.202981670007526,observed angular median
11.75,352.5,6.200903600026684,observed angular median
11.75,357.5,6.20916418590625,observed angular median
12.0,2.5,6.270210410821223,observed angular median
12.0,7.5,6.25219883850609,observed angular median
12.0,12.5,6.28385337899695,observed angular median
12.0,17.5,6.288545557197126,observed angular median
12.0,22.5,6.242041354596971,observed angular median
12.0,27.5,6.274045092016818,observed angular median
12.0,32.5,6.280216364320156,observed angular median
12.0,37.5,6.276613190866282,observed angular median
12.0,42.5,6.279908459274594,observed angular median
12.0,47.5,6.23740615163514,observed angular median
12.0,52.5,6.281459306416115,observed angular median
12.0,57.5,6.287842598826187,observed angular median
12.0,62.5,6.23435654014157,observed angular median
12.0,67.5,6.228203597274472,observed angular median
12.0,72.5,6.233735741616818,observed angular median
12.0,77.5,6.2094262105272,observed angular median
12.0,82.5,6.2050378606470105,observed angular median
12.0,87.5,6.2383356966033165,observed angular median
12.0,92.5,6.255092922117256,observed angular median
12.0,97.5,6.193275035756692,observed angular median
12.0,102.5,6.211236937979027,observed angular median
12.0,107.5,6.231739680493654,observed angular median
12.0,112.5,6.178055261675494,observed angular median
12.0,117.5,6.182549145445554,observed angular median
12.0,122.5,6.194982862255149,observed angular median
12.0,127.5,6.23955474444321,observed angular median
12.0,132.5,6.224335713569019,observed angular median
12.0,137.5,6.214856679870452,observed angular median
12.0,142.5,6.217314009891103,observed angular median
12.0,147.5,6.214437281390869,observed angular median
12.0,152.5,6.323773842154839,observed angular median
12.0,157.5,6.252845074978316,observed angular median
12.0,162.5,6.255672813857585,observed angular median
12.0,167.5,6.217901103854668,observed angular median
12.0,172.5,6.2033480985853595,observed angular median
12.0,177.5,6.2248411724706125,observed angular median
12.0,182.5,6.279210929429123,observed angular median
12.0,187.5,6.29019805669337,observed angular median
12.0,192.5,6.265852864841078,observed angular median
12.0,197.5,6.235949532617898,observed angular median
12.0,202.5,6.2710553584298445,observed angular median
12.0,207.5,6.280949178300523,observed angular median
12.0,212.5,6.277457908176871,observed angular median
12.0,217.5,6.265973734572428,observed angular median
12.0,222.5,6.2592558487003735,observed angular median
12.0,227.5,6.302604119285638,observed angular median
12.0,232.5,6.25241775289375,observed angular median
12.0,237.5,6.2767945627967645,observed angular median
12.0,242.5,6.307991254657448,observed angular median
12.0,247.5,6.27981410532045,observed angular median
12.0,252.5,6.240072766437919,observed angular median
12.0,257.5,6.286515291838169,observed angular median
12.0,262.5,6.312112917273554,observed angular median
12.0,267.5,6.245752048979071,observed angular median
12.0,272.5,6.247774262764791,observed angular median
12.0,277.5,6.270621285686948,observed angular median
12.0,282.5,6.212169687787929,observed angular median
12.0,287.5,6.1991880116421125,observed angular median
12.0,292.5,6.2976845284088,observed angular median
12.0,297.5,6.308997600613105,observed angular median
12.0,302.5,6.149769454191183,observed angular median
12.0,307.5,6.183707120612312,observed angular median
12.0,312.5,6.174307837806127,observed angular median
12.0,317.5,6.221541579217663,observed angular median
12.0,322.5,6.19021677435407,observed angular median
12.0,327.5,6.197895400633158,observed angular median
12.0,332.5,6.2035274768426945,observed angular median
12.0,337.5,6.244350768895538,observed angular median
12.0,342.5,6.249188648009762,observed angular median
12.0,347.5,6.192076250175482,observed angular median
12.0,352.5,6.220939725200982,observed angular median
12.0,357.5,6.23060865247637,observed angular median
12.25,2.5,6.2844551457035465,observed angular median
12.25,7.5,6.259047984504665,observed angular median
12.25,12.5,6.262396413728726,observed angular median
12.25,17.5,6.28645880570064,observed angular median
12.25,22.5,6.250624130553925,observed angular median
12.25,27.5,6.269594909909609,observed angular median
12.25,32.5,6.295606912687461,observed angular median
12.25,37.5,6.284056792044259,observed angular median
12.25,42.5,6.30114347781769,observed angular median
12.25,47.5,6.238341354380927,observed angular median
12.25,52.5,6.268857040658172,observed angular median
12.25,57.5,6.249496277863877,observed angular median
12.25,62.5,6.23585078551568,observed angular median
12.25,67.5,6.248093146257544,observed angular median
12.25,72.5,6.216199593587974,observed angular median
12.25,77.5,6.235089766906345,observed angular median
12.25,82.5,6.1783259297755055,observed angular median
12.25,87.5,6.208838153327514,observed angular median
12.25,92.5,6.255277144467732,observed angular median
12.25,97.5,6.169404616627999,observed angular median
12.25,102.5,6.176266340566845,observed angular median
12.25,107.5,6.205698729580099,observed angular median
12.25,112.5,6.15087683498183,observed angular median
12.25,117.5,6.124000962811939,observed angular median
12.25,122.5,6.162405110869153,observed angular median
12.25,127.5,6.244055161049249,observed angular median
12.25,132.5,6.182847419765835,observed angular median
12.25,137.5,6.206971222381139,observed angular median
12.25,142.5,6.195039708705169,observed angular median
12.25,147.5,6.227986236985247,observed angular median
12.25,152.5,6.3220478066402315,observed angular median
12.25,157.5,6.2499166422978085,observed angular median
12.25,162.5,6.202029463348845,observed angular median
12.25,167.5,6.199302562566773,observed angular median
12.25,172.5,6.196511482961226,observed angular median
12.25,177.5,6.244541241702698,observed angular median
12.25,182.5,6.268840929113459,observed angular median
12.25,187.5,6.275350196568277,observed angular median
12.25,192.5,6.279412988648801,observed angular median
12.25,197.5,6.225795998711533,observed angular median
12.25,202.5,6.264307166560052,observed angular median
12.25,207.5,6.285025158489612,observed angular median
12.25,212.5,6.249809895635176,observed angular median
12.25,217.5,6.273106801162088,observed angular median
12.25,222.5,6.265908194981554,observed angular median
12.25,227.5,6.262411932039756,observed angular median
12.25,232.5,6.245167748436661,observed angular median
12.25,237.5,6.28704248961162,observed angular median
12.25,242.5,6.296368101215439,observed angular median
12.25,247.5,6.250289105976185,observed angular median
12.25,252.5,6.230879402533818,observed angular median
12.25,257.5,6.289417370310213,observed angular median
12.25,262.5,6.292268253718717,observed angular median
12.25,267.5,6.248368290986154,observed angular median
12.25,272.5,6.21305927291211,observed angular median
12.25,277.5,6.252516381742957,observed angular median
12.25,282.5,6.256059169650278,observed angular median
12.25,287.5,6.226687568402715,observed angular median
12.25,292.5,6.2978523741328125,observed angular median
12.25,297.5,6.282155058602596,observed angular median
12.25,302.5,6.135855882167501,observed angular median
12.25,307.5,6.196421506576323,observed angular median
12.25,312.5,6.216288924565991,observed angular median
12.25,317.5,6.236630618214994,observed angular median
12.25,322.5,6.197634202181976,observed angular median
12.25,327.5,6.2089402550193675,observed angular median
12.25,332.5,6.173777477458797,observed angular median
12.25,337.5,6.182517604937934,observed angular median
12.25,342.5,6.235735651656029,observed angular median
12.25,347.5,6.199608904952118,observed angular median
12.25,352.5,6.2104915163235,observed angular median
12.25,357.5,6.259403675869729,observed angular median
12.5,2.5,6.285710237352191,observed angular median
12.5,7.5,6.261997690989983,observed angular median
12.5,12.5,6.264020266110944,observed angular median
12.5,17.5,6.255804620393333,observed angular median
12.5,22.5,6.254049021337001,observed angular median
12.5,27.5,6.250652836106502,observed angular median
12.5,32.5,6.294443431857731,observed angular median
12.5,37.5,6.294475652993087,observed angular median
12.5,42.5,6.287339942266273,observed angular median
12.5,47.5,6.263619875243274,observed angular median
12.5,52.5,6.271520007005325,observed angular median
12.5,57.5,6.2467278329297775,observed angular median
12.5,62.5,6.221624213001844,observed angular median
12.5,67.5,6.246917946690511,observed angular median
12.5,72.5,6.223688327977371,observed angular median
12.5,77.5,6.2031304509848235,observed angular median
12.5,82.5,6.188405097692094,observed angular median
12.5,87.5,6.174022830449969,observed angular median
12.5,92.5,6.2720178962921285,observed angular median
12.5,97.5,6.184274089649392,observed angular median
12.5,102.5,6.149566524642751,observed angular median
12.5,107.5,6.226396186143006,observed angular median
12.5,112.5,6.156301736459005,observed angular median
12.5,117.5,6.062874068422067,observed angular median
12.5,122.5,6.122432072670864,observed angular median
12.5,127.5,6.192301794200617,observed angular median
12.5,132.5,6.170780984797248,observed angular median
12.5,137.5,6.14974311800651,observed angular median
12.5,142.5,6.1775610212045855,observed angular median
12.5,147.5,6.236013505563479,observed angular median
12.5,152.5,6.301012728723659,observed angular median
12.5,157.5,6.256949180274143,observed angular median
12.5,162.5,6.166845260067307,observed angular median
12.5,167.5,6.177875605409863,observed angular median
12.5,172.5,6.206222054785993,observed angular median
12.5,177.5,6.206597739092945,observed angular median
12.5,182.5,6.265603169647134,observed angular median
12.5,187.5,6.298561510378087,observed angular median
12.5,192.5,6.309378017156424,observed angular median
12.5,197.5,6.207477555355574,observed angular median
12.5,202.5,6.2476183033135735,observed angular median
12.5,207.5,6.275959728067704,observed angular median
12.5,212.5,6.244024036825697,observed angular median
12.5,217.5,6.238963354636962,observed angular median
12.5,222.5,6.254638419417916,observed angular median
12.5,227.5,6.25066528257727,observed angular median
12.5,232.5,6.250891235700869,observed angular median
12.5,237.5,6.249950788042175,observed angular median
12.5,242.5,6.28021472212671,observed angular median
12.5,247.5,6.222347040215592,observed angular median
12.5,252.5,6.198103891021599,observed angular median
12.5,257.5,6.246616309932077,observed angular median
12.5,262.5,6.276399405164156,observed angular median
12.5,267.5,6.231646277154113,observed angular median
12.5,272.5,6.195533206446668,observed angular median
12.5,277.5,6.242485801291059,observed angular median
12.5,282.5,6.2696242856212,observed angular median
12.5,287.5,6.217066599093316,observed angular median
12.5,292.5,6.275052906877754,observed angular median
12.5,297.5,6.24289756434024,observed angular median
12.5,302.5,6.131541537282461,observed angular median
12.5,307.5,6.190587010353672,observed angular median
12.5,312.5,6.232943454501305,observed angular median
12.5,317.5,6.19949757850746,observed angular median
12.5,322.5,6.188685337863182,observed angular median
12.5,327.5,6.230877872975304,observed angular median
12.5,332.5,6.141215032425131,observed angular median
12.5,337.5,6.1667477348608335,observed angular median
12.5,342.5,6.265137162239989,observed angular median
12.5,347.5,6.2071144787158055,observed angular median
12.5,352.5,6.168239960359763,observed angular median
12.5,357.5,6.25394961314664,observed angular median
12.75,2.5,6.273639924264815,observed angular median
12.75,7.5,6.264146489941505,observed angular median
12.75,12.5,6.270790176599506,observed angular median
12.75,17.5,6.257510201018282,observed angular median
12.75,22.5,6.263855961318171,observed angular median
12.75,27.5,6.2499691871385865,observed angular median
12.75,32.5,6.271406995545539,observed angular median
12.75,37.5,6.303681138764296,observed angular median
12.75,42.5,6.284502297024895,observed angular median
12.75,47.5,6.273576272269517,observed angular median
12.75,52.5,6.256362190236953,observed angular median
12.75,57.5,6.251831189343294,observed angular median
12.75,62.5,6.255649011637202,observed angular median
12.75,67.5,6.214336302344002,observed angular median
12.75,72.5,6.213972125333353,observed angular median
12.75,77.5,6.223800286168725,observed angular median
12.75,82.5,6.187647157843479,observed angular median
12.75,87.5,6.1645573161088425,observed angular median
12.75,92.5,6.2470784542745985,observed angular median
12.75,97.5,6.215673590942082,observed angular median
12.75,102.5,6.168495402380765,observed angular median
12.75,107.5,6.216480654295629,observed angular median
12.75,112.5,6.134596393647596,observed angular median
12.75,117.5,6.061277315952341,observed angular median
12.75,122.5,6.113203715144836,observed angular median
12.75,127.5,6.176860635810792,observed angular median
12.75,132.5,6.1765343794806205,observed angular median
12.75,137.5,6.166369723443067,observed angular median
12.75,142.5,6.15006331649723,observed angular median
12.75,147.5,6.2136598406533015,observed angular median
12.75,152.5,6.299191938088775,observed angular median
12.75,157.5,6.269165797993804,observed angular median
12.75,162.5,6.178595679857025,observed angular median
12.75,167.5,6.188425897208547,observed angular median
12.75,172.5,6.1767471142513655,observed angular median
12.75,177.5,6.211792684839849,observed angular median
12.75,182.5,6.274334034372781,observed angular median
12.75,187.5,6.289110897809305,observed angular median
12.75,192.5,6.261687733758027,observed angular median
12.75,197.5,6.195691256270717,observed angular median
12.75,202.5,6.203268821452809,observed angular median
12.75,207.5,6.263138156752849,observed angular median
12.75,212.5,6.246325118542838,observed angular median
12.75,217.5,6.240464595198319,observed angular median
12.75,222.5,6.25969174627046,observed angular median
12.75,227.5,6.236466689102269,observed angular median
12.75,232.5,6.23901313217383,observed angular median
12.75,237.5,6.211578669413541,observed angular median
12.75,242.5,6.258039096686968,observed angular median
12.75,247.5,6.227796589041803,observed angular median
12.75,252.5,6.193048769466501,observed angular median
12.75,257.5,6.23322141943012,observed angular median
12.75,262.5,6.254185252955756,observed angular median
12.75,267.5,6.232969529830395,observed angular median
12.75,272.5,6.185703073632013,observed angular median
12.75,277.5,6.23579584477387,observed angular median
12.75,282.5,6.274790561843658,observed angular median
12.75,287.5,6.203400138279736,observed angular median
12.75,292.5,6.240780047466105,observed angular median
12.75,297.5,6.218100198779637,observed angular median
12.75,302.5,6.158928849272428,observed angular median
12.75,307.5,6.189515242802981,observed angular median
12.75,312.5,6.203466877320992,observed angular median
12.75,317.5,6.190429057705681,observed angular median
12.75,322.5,6.194435849723028,observed angular median
12.75,327.5,6.234497006741825,observed angular median
12.75,332.5,6.137977644525305,observed angular median
12.75,337.5,6.216015785234008,observed angular median
12.75,342.5,6.270828664368109,observed angular median
12.75,347.5,6.210512103037981,observed angular median
12.75,352.5,6.167610069751111,observed angular median
12.75,357.5,6.215376352251592,observed angular median
13.0,2.5,6.273685663778039,observed angular median
13.0,7.5,6.261055568256703,observed angular median
13.0,12.5,6.267412126788353,observed angular median
13.0,17.5,6.262808965268132,observed angular median
13.0,22.5,6.280299743657095,observed angular median
13.0,27.5,6.268604923178514,observed angular median
13.0,32.5,6.268234128183331,observed angular median
13.0,37.5,6.315654866050975,observed angular median
13.0,42.5,6.31075483070962,observed angular median
13.0,47.5,6.269320861366695,observed angular median
13.0,52.5,6.291813697680831,observed angular median
13.0,57.5,6.2764403931833925,observed angular median
13.0,62.5,6.276725530953666,observed angular median
13.0,67.5,6.235519159722584,observed angular median
13.0,72.5,6.295249805322075,observed angular median
13.0,77.5,6.297971480202293,observed angular median
13.0,82.5,6.210396798731587,observed angular median
13.0,87.5,6.1862869102228455,observed angular median
13.0,92.5,6.237449699921484,observed angular median
13.0,97.5,6.233238833099284,observed angular median
13.0,102.5,6.221268098346614,observed angular median
13.0,107.5,6.246587598821285,observed angular median
13.0,112.5,6.178149734623558,observed angular median
13.0,117.5,6.111639225931069,observed angular median
13.0,122.5,6.199360901869923,observed angular median
13.0,127.5,6.1874720160188845,observed angular median
13.0,132.5,6.186396317846183,observed angular median
13.0,137.5,6.175592796167498,observed angular median
13.0,142.5,6.1845677338903595,observed angular median
13.0,147.5,6.209808185831703,observed angular median
13.0,152.5,6.3276447191698635,observed angular median
13.0,157.5,6.272625446587194,observed angular median
13.0,162.5,6.2209725964430325,observed angular median
13.0,167.5,6.2400666461728775,observed angular median
13.0,172.5,6.204435099124932,observed angular median
13.0,177.5,6.241489722705957,observed angular median
13.0,182.5,6.243816987070821,observed angular median
13.0,187.5,6.270708788752468,observed angular median
13.0,192.5,6.287106506066268,observed angular median
13.0,197.5,6.219077698332297,observed angular median
13.0,202.5,6.2012007794745045,observed angular median
13.0,207.5,6.2755873383681875,observed angular median
13.0,212.5,6.259877354894893,observed angular median
13.0,217.5,6.260290913269397,observed angular median
13.0,222.5,6.277216990615134,observed angular median
13.0,227.5,6.2435547738753305,observed angular median
13.0,232.5,6.235699138192388,observed angular median
13.0,237.5,6.208108413515453,observed angular median
13.0,242.5,6.265886703906716,observed angular median
13.0,247.5,6.256698943609197,observed angular median
13.0,252.5,6.210946772025801,observed angular median
13.0,257.5,6.204574359798722,observed angular median
13.0,262.5,6.26134142209195,observed angular median
13.0,267.5,6.227595855879913,observed angular median
13.0,272.5,6.185769049776933,observed angular median
13.0,277.5,6.306055624654064,observed angular median
13.0,282.5,6.305142245140532,observed angular median
13.0,287.5,6.20380663035239,observed angular median
13.0,292.5,6.251910698397531,observed angular median
13.0,297.5,6.217551455002238,observed angular median
13.0,302.5,6.206234358336006,observed angular median
13.0,307.5,6.222513465664951,observed angular median
13.0,312.5,6.190316688395633,observed angular median
13.0,317.5,6.187466425225334,observed angular median
13.0,322.5,6.227569784836018,observed angular median
13.0,327.5,6.247496640523176,observed angular median
13.0,332.5,6.155390313705537,observed angular median
13.0,337.5,6.302398316076303,observed angular median
13.0,342.5,6.262091210519788,observed angular median
13.0,347.5,6.226911567552336,observed angular median
13.0,352.5,6.1772225448861935,observed angular median
13.0,357.5,6.236446061702815,observed angular median
13.25,2.5,6.2850765741231385,observed angular median
13.25,7.5,6.257645995331989,observed angular median
13.25,12.5,6.266286871497785,observed angular median
13.25,17.5,6.298695339256349,observed angular median
13.25,22.5,6.313752600517019,observed angular median
13.25,27.5,6.303603576700978,observed angular median
13.25,32.5,6.257822530251884,observed angular median
13.25,37.5,6.3058491274647945,observed angular median
13.25,42.5,6.326528916738633,observed angular median
13.25,47.5,6.25358513854148,observed angular median
13.25,52.5,6.324128877015766,observed angular median
13.25,57.5,6.293504652956589,observed angular median
13.25,62.5,6.291880825977364,observed angular median
13.25,67.5,6.292234468152623,observed angular median
13.25,72.5,6.324100794736615,observed angular median
13.25,77.5,6.275033582531914,observed angular median
13.25,82.5,6.236022614908578,observed angular median
13.25,87.5,6.22165521781593,observed angular median
13.25,92.5,6.25633630603296,observed angular median
13.25,97.5,6.265597991641927,observed angular median
13.25,102.5,6.2421287313253355,observed angular median
13.25,107.5,6.28322333031936,observed angular median
13.25,112.5,6.213937492048355,observed angular median
13.25,117.5,6.1273233778121785,observed angular median
13.25,122.5,6.187546474724397,observed angular median
13.25,127.5,6.218390239922503,observed angular median
13.25,132.5,6.211062396270121,observed angular median
13.25,137.5,6.1974231922293,observed angular median
13.25,142.5,6.187426856998545,observed angular median
13.25,147.5,6.232560897321983,observed angular median
13.25,152.5,6.351104539244217,observed angular median
13.25,157.5,6.289089417666556,observed angular median
13.25,162.5,6.261462031754002,observed angular median
13.25,167.5,6.281851670158632,observed angular median
13.25,172.5,6.261005335481625,observed angular median
13.25,177.5,6.267108701580437,observed angular median
13.25,182.5,6.263428650284019,observed angular median
13.25,187.5,6.313566272755081,observed angular median
13.25,192.5,6.264660750912892,observed angular median
13.25,197.5,6.226449189925013,observed angular median
13.25,202.5,6.2136222160033725,observed angular median
13.25,207.5,6.290101489136477,observed angular median
13.25,212.5,6.248307462604151,observed angular median
13.25,217.5,6.263103237835912,observed angular median
13.25,222.5,6.259408001531421,observed angular median
13.25,227.5,6.25678477714197,observed angular median
13.25,232.5,6.254430128781962,observed angular median
13.25,237.5,6.258352577792714,observed angular median
13.25,242.5,6.274786160053571,observed angular median
13.25,247.5,6.265297620736112,observed angular median
13.25,252.5,6.249777271821136,observed angular median
13.25,257.5,6.240028518119848,observed angular median
13.25,262.5,6.265104165146955,observed angular median
13.25,267.5,6.227639444596014,observed angular median
13.25,272.5,6.2535342713108735,observed angular median
13.25,277.5,6.335409629218501,observed angular median
13.25,282.5,6.310062408947516,observed angular median
13.25,287.5,6.226196846964262,observed angular median
13.25,292.5,6.241258141702635,observed angular median
13.25,297.5,6.273697403076465,observed angular median
13.25,302.5,6.22371187632708,observed angular median
13.25,307.5,6.225361681660484,observed angular median
13.25,312.5,6.171470704619264,observed angular median
13.25,317.5,6.205736343276499,observed angular median
13.25,322.5,6.2642266845900245,observed angular median
13.25,327.5,6.2713791448743255,observed angular median
13.25,332.5,6.179527972466323,observed angular median
13.25,337.5,6.270629573509939,observed angular median
13.25,342.5,6.238673972077024,observed angular median
13.25,347.5,6.228318993464719,observed angular median
13.25,352.5,6.209150092578616,observed angular median
13.25,357.5,6.20985455897346,observed angular median
13.5,2.5,6.3105039301785,observed angular median
13.5,7.5,6.309740241213199,observed angular median
13.5,12.5,6.282097580984681,observed angular median
13.5,17.5,6.307259565054382,observed angular median
13.5,22.5,6.319881788853047,observed angular median
13.5,27.5,6.284951140574041,observed angular median
13.5,32.5,6.25301359846524,observed angular median
13.5,37.5,6.325743027969166,observed angular median
13.5,42.5,6.283440025869788,observed angular median
13.5,47.5,6.257030796324484,observed angular median
13.5,52.5,6.3183745840679215,observed angular median
13.5,57.5,6.287009560469421,observed angular median
13.5,62.5,6.288257480861082,observed angular median
13.5,67.5,6.318479630504163,observed angular median
13.5,72.5,6.336219891557271,observed angular median
13.5,77.5,6.254191999187709,observed angular median
13.5,82.5,6.2487962216818955,observed angular median
13.5,87.5,6.280749820224007,observed angular median
13.5,92.5,6.283018248802693,observed angular median
13.5,97.5,6.292894151791039,observed angular median
13.5,102.5,6.240360998586229,observed angular median
13.5,107.5,6.2836455478028315,observed angular median
13.5,112.5,6.252213873076248,observed angular median
13.5,117.5,6.173842932779278,observed angular median
13.5,122.5,6.209384676399937,observed angular median
13.5,127.5,6.240228283086964,observed angular median
13.5,132.5,6.221749654502426,observed angular median
13.5,137.5,6.207249258109497,observed angular median
13.5,142.5,6.1743000033270725,observed angular median
13.5,147.5,6.228583774979212,observed angular median
13.5,152.5,6.353371639067513,observed angular median
13.5,157.5,6.303213328255445,observed angular median
13.5,162.5,6.2459920611029185,observed angular median
13.5,167.5,6.251030324037174,observed angular median
13.5,172.5,6.284841761066912,observed angular median
13.5,177.5,6.25861904280979,observed angular median
13.5,182.5,6.281142988779188,observed angular median
13.5,187.5,6.360269527880838,observed angular median
13.5,192.5,6.248732773280363,observed angular median
13.5,197.5,6.2270186409379455,observed angular median
13.5,202.5,6.227048744650107,observed angular median
13.5,207.5,6.317892270319752,observed angular median
13.5,212.5,6.282657716498906,observed angular median
13.5,217.5,6.283305314477995,observed angular median
13.5,222.5,6.2864968651712925,observed angular median
13.5,227.5,6.263850880604392,observed angular median
13.5,232.5,6.2533755026950235,observed angular median
13.5,237.5,6.289075405480238,observed angular median
13.5,242.5,6.27507628502085,observed angular median
13.5,247.5,6.275560817275785,observed angular median
13.5,252.5,6.275040040644833,observed angular median
13.5,257.5,6.263273967572333,observed angular median
13.5,262.5,6.285950954642174,observed angular median
13.5,267.5,6.244985194812619,observed angular median
13.5,272.5,6.2746334853166035,observed angular median
13.5,277.5,6.34765047851153,observed angular median
13.5,282.5,6.312357239794395,observed angular median
13.5,287.5,6.254319850197344,observed angular median
13.5,292.5,6.284377964483601,observed angular median
13.5,297.5,6.31181902652903,observed angular median
13.5,302.5,6.254075166431726,observed angular median
13.5,307.5,6.232630419384714,observed angular median
13.5,312.5,6.1821732904650375,observed angular median
13.5,317.5,6.187297771661974,observed angular median
13.5,322.5,6.258543280084117,observed angular median
13.5,327.5,6.2751527104468785,observed angular median
13.5,332.5,6.210619225137802,observed angular median
13.5,337.5,6.218260075140742,observed angular median
13.5,342.5,6.2081573601238995,observed angular median
13.5,347.5,6.244627994985451,observed angular median
13.5,352.5,6.214349124394903,observed angular median
13.5,357.5,6.218071561087314,observed angular median
13.75,2.5,6.34003690772136,observed angular median
13.75,7.5,6.280747492512135,observed angular median
13.75,12.5,6.272522305970831,observed angular median
13.75,17.5,6.287297104981671,observed angular median
13.75,22.5,6.304736549968153,observed angular median
13.75,27.5,6.291978505466592,observed angular median
13.75,32.5,6.258921749252419,observed angular median
13.75,37.5,6.336680920530585,observed angular median
13.75,42.5,6.286484002975487,observed angular median
13.75,47.5,6.274855907738991,observed angular median
13.75,52.5,6.299868786571324,observed angular median
13.75,57.5,6.2871755396536,observed angular median
13.75,62.5,6.272347090255712,observed angular median
13.75,67.5,6.304106894851847,observed angular median
13.75,72.5,6.305242272614836,observed angular median
13.75,77.5,6.27210715689355,observed angular median
13.75,82.5,6.260342208860574,observed angular median
13.75,87.5,6.303478255971747,observed angular median
13.75,92.5,6.295493930109421,observed angular median
13.75,97.5,6.281999092791689,observed angular median
13.75,102.5,6.226278678170995,observed angular median
13.75,107.5,6.289576748090165,observed angular median
13.75,112.5,6.252792714168451,observed angular median
13.75,117.5,6.210158018957094,observed angular median
13.75,122.5,6.2377990700765995,observed angular median
13.75,127.5,6.237328984357482,observed angular median
13.75,132.5,6.198035160627951,observed angular median
13.75,137.5,6.209105420850918,observed angular median
13.75,142.5,6.1660605178818555,observed angular median
13.75,147.5,6.247603873981635,observed angular median
13.75,152.5,6.364260112330497,observed angular median
13.75,157.5,6.300318403737652,observed angular median
13.75,162.5,6.239069529507156,observed angular median
13.75,167.5,6.236801579800381,observed angular median
13.75,172.5,6.300861542169473,observed angular median
13.75,177.5,6.275153900579301,observed angular median
13.75,182.5,6.289525939329653,observed angular median
13.75,187.5,6.356643830056109,observed angular median
13.75,192.5,6.273842465748126,observed angular median
13.75,197.5,6.21683144168917,observed angular median
13.75,202.5,6.231596334860274,observed angular median
13.75,207.5,6.3119792896607905,observed angular median
13.75,212.5,6.309443114245049,observed angular median
13.75,217.5,6.321670852578144,observed angular median
13.75,222.5,6.304524072937747,observed angular median
13.75,227.5,6.275663606477423,observed angular median
13.75,232.5,6.258949171103476,observed angular median
13.75,237.5,6.280837188387106,observed angular median
13.75,242.5,6.282283457374475,observed angular median
13.75,247.5,6.283108200018994,observed angular median
13.75,252.5,6.2761981604428305,observed angular median
13.75,257.5,6.292603283154645,observed angular median
13.75,262.5,6.308582336836403,observed angular median
13.75,267.5,6.2725118144496,observed angular median
13.75,272.5,6.309831588229591,observed angular median
13.75,277.5,6.33647804375765,observed angular median
13.75,282.5,6.297928114360924,observed angular median
13.75,287.5,6.285916417620223,observed angular median
13.75,292.5,6.323587853642717,observed angular median
13.75,297.5,6.3217435052050615,observed angular median
13.75,302.5,6.27173394554686,observed angular median
13.75,307.5,6.235500236685736,observed angular median
13.75,312.5,6.218479565187911,observed angular median
13.75,317.5,6.21419638288336,observed angular median
13.75,322.5,6.240579354925827,observed angular median
13.75,327.5,6.286602222140903,observed angular median
13.75,332.5,6.215702334371134,observed angular median
13.75,337.5,6.180721215796112,observed angular median
13.75,342.5,6.215440812367802,observed angular median
13.75,347.5,6.245382514201397,observed angular median
13.75,352.5,6.20095721155208,observed angular median
13.75,357.5,6.237513785728824,observed angular median
14.0,2.5,6.313422494337073,observed angular median
14.0,7.5,6.270723817346045,observed angular median
14.0,12.5,6.265014338656321,observed angular median
14.0,17.5,6.273683816995774,observed angular median
14.0,22.5,6.297302032655431,observed angular median
14.0,27.5,6.285482967565078,observed angular median
14.0,32.5,6.2727460931508725,observed angular median
14.0,37.5,6.306542120068839,observed angular median
14.0,42.5,6.3027581955881224,observed angular median
14.0,47.5,6.272523635052532,observed angular median
14.0,52.5,6.286262629347506,observed angular median
14.0,57.5,6.29935678144816,observed angular median
14.0,62.5,6.2506209994044895,observed angular median
14.0,67.5,6.283734601499713,observed angular median
14.0,72.5,6.297107141882519,observed angular median
14.0,77.5,6.338941786679115,observed angular median
14.0,82.5,6.2636074685914025,observed angular median
14.0,87.5,6.251417859310113,observed angular median
14.0,92.5,6.301412375183032,observed angular median
14.0,97.5,6.265067013760307,observed angular median
14.0,102.5,6.243700828617026,observed angular median
14.0,107.5,6.234246264569171,observed angular median
14.0,112.5,6.264428572170003,observed angular median
14.0,117.5,6.231573851624236,observed angular median
14.0,122.5,6.21606324823708,observed angular median
14.0,127.5,6.216149780986985,observed angular median
14.0,132.5,6.19401000769521,observed angular median
14.0,137.5,6.220551709840649,observed angular median
14.0,142.5,6.187268400811463,observed angular median
14.0,147.5,6.238090826718402,observed angular median
14.0,152.5,6.37502439359157,observed angular median
14.0,157.5,6.301861722017933,observed angular median
14.0,162.5,6.251109049075685,observed angular median
14.0,167.5,6.2345583232988915,observed angular median
14.0,172.5,6.282669371862383,observed angular median
14.0,177.5,6.289377222189726,observed angular median
14.0,182.5,6.253857888555861,observed angular median
14.0,187.5,6.311507015208964,observed angular median
14.0,192.5,6.3007476419323964,observed angular median
14.0,197.5,6.227206277461388,observed angular median
14.0,202.5,6.278092578975387,observed angular median
14.0,207.5,6.308940872349489,observed angular median
14.0,212.5,6.322361836102108,observed angular median
14.0,217.5,6.304690896672115,observed angular median
14.0,222.5,6.298160110436098,observed angular median
14.0,227.5,6.254018557998166,observed angular median
14.0,232.5,6.264622603442509,observed angular median
14.0,237.5,6.27958191696043,observed angular median
14.0,242.5,6.277001297872127,observed angular median
14.0,247.5,6.291168300787935,observed angular median
14.0,252.5,6.271079558046097,observed angular median
14.0,257.5,6.326711474034722,observed angular median
14.0,262.5,6.331863293552257,observed angular median
14.0,267.5,6.3208216273356275,observed angular median
14.0,272.5,6.304609626907684,observed angular median
14.0,277.5,6.312590136632117,observed angular median
14.0,282.5,6.297106115971051,observed angular median
14.0,287.5,6.29251584918512,observed angular median
14.0,292.5,6.3262360001519,observed angular median
14.0,297.5,6.2983396509002585,observed angular median
14.0,302.5,6.246282886254858,observed angular median
14.0,307.5,6.256446635632733,observed angular median
14.0,312.5,6.2319909455100255,observed angular median
14.0,317.5,6.234764066165925,observed angular median
14.0,322.5,6.240577272823876,observed angular median
14.0,327.5,6.2816693606577205,observed angular median
14.0,332.5,6.222706262736403,observed angular median
14.0,337.5,6.175629721879901,observed angular median
14.0,342.5,6.2251752642780565,observed angular median
14.0,347.5,6.2404221287743376,observed angular median
14.0,352.5,6.202987433007651,observed angular median
14.0,357.5,6.239390523251944,observed angular median
14.25,2.5,6.29208207487539,observed angular median
14.25,7.5,6.258536888029704,observed angular median
14.25,12.5,6.251089773644308,observed angular median
14.25,17.5,6.275787530626721,observed angular median
14.25,22.5,6.2895935248544195,observed angular median
14.25,27.5,6.2801086125645975,observed angular median
14.25,32.5,6.275345894236589,observed angular median
14.25,37.5,6.281238328584296,observed angular median
14.25,42.5,6.286609149325511,observed angular median
14.25,47.5,6.253524333545702,observed angular median
14.25,52.5,6.279408092698693,observed angular median
14.25,57.5,6.318739408407046,observed angular median
14.25,62.5,6.2489790428047645,observed angular median
14.25,67.5,6.2779411466436414,observed angular median
14.25,72.5,6.316921633573225,observed angular median
14.25,77.5,6.362505737734221,observed angular median
14.25,82.5,6.255814275288607,observed angular median
14.25,87.5,6.255547772836929,observed angular median
14.25,92.5,6.290237900882631,observed angular median
14.25,97.5,6.243968853426746,observed angular median
14.25,102.5,6.23543153058845,observed angular median
14.25,107.5,6.254033187154215,observed angular median
14.25,112.5,6.295053910591417,observed angular median
14.25,117.5,6.215151336005491,observed angular median
14.25,122.5,6.191526740292079,observed angular median
14.25,127.5,6.215049056798643,observed angular median
14.25,132.5,6.215729702490725,observed angular median
14.25,137.5,6.228392864606093,observed angular median
14.25,142.5,6.202828573700755,observed angular median
14.25,147.5,6.223273124195335,observed angular median
14.25,152.5,6.359655749928199,observed angular median
14.25,157.5,6.305047720608243,observed angular median
14.25,162.5,6.228865520346553,observed angular median
14.25,167.5,6.242721282763542,observed angular median
14.25,172.5,6.266044697717322,observed angular median
14.25,177.5,6.280656413922121,observed angular median
14.25,182.5,6.248510269140783,observed angular median
14.25,187.5,6.320076239949353,observed angular median
14.25,192.5,6.270124177513974,observed angular median
14.25,197.5,6.232444623376734,observed angular median
14.25,202.5,6.26645186908434,observed angular median
14.25,207.5,6.296522924831503,observed angular median
14.25,212.5,6.301706810556135,observed angular median
14.25,217.5,6.291021766649518,observed angular median
14.25,222.5,6.29599827375598,observed angular median
14.25,227.5,6.259242738190173,observed angular median
14.25,232.5,6.2605327906765815,observed angular median
14.25,237.5,6.287284637525204,observed angular median
14.25,242.5,6.274329105625173,observed angular median
14.25,247.5,6.289579067234028,observed angular median
14.25,252.5,6.282463798343484,observed angular median
14.25,257.5,6.3377769214918285,observed angular median
14.25,262.5,6.352432971543244,observed angular median
14.25,267.5,6.338173193963919,observed angular median
14.25,272.5,6.316594957193936,observed angular median
14.25,277.5,6.307545684905067,observed angular median
14.25,282.5,6.268501522240555,observed angular median
14.25,287.5,6.289165778106398,observed angular median
14.25,292.5,6.332155760730341,observed angular median
14.25,297.5,6.27359823562366,observed angular median
14.25,302.5,6.24078558944832,observed angular median
14.25,307.5,6.274811397046995,observed angular median
14.25,312.5,6.2755693573184015,observed angular median
14.25,317.5,6.244182308508651,observed angular median
14.25,322.5,6.250289389678121,observed angular median
14.25,327.5,6.274358198114208,observed angular median
14.25,332.5,6.223292576469299,observed angular median
14.25,337.5,6.1855291334850895,observed angular median
14.25,342.5,6.229651126567396,observed angular median
14.25,347.5,6.229620978402951,observed angular median
14.25,352.5,6.2241329771129585,observed angular median
14.25,357.5,6.2714649783355485,observed angular median
14.5,2.5,6.29092925713496,observed angular median
14.5,7.5,6.267263301270994,observed angular median
14.5,12.5,6.227701156840098,observed angular median
14.5,17.5,6.289959880536472,observed angular median
14.5,22.5,6.28247230276034,observed angular median
14.5,27.5,6.284760996466261,observed angular median
14.5,32.5,6.279044345387394,observed angular median
14.5,37.5,6.279457459721167,observed angular median
14.5,42.5,6.282013625151634,observed angular median
14.5,47.5,6.270943572606821,observed angular median
14.5,52.5,6.306792180102094,observed angular median
14.5,57.5,6.3201734820985624,observed angular median
14.5,62.5,6.249766565700771,observed angular median
14.5,67.5,6.274433611276283,observed angular median
14.5,72.5,6.293968328974137,observed angular median
14.5,77.5,6.3163874389545835,observed angular median
14.5,82.5,6.256569132012587,observed angular median
14.5,87.5,6.241629920152132,observed angular median
14.5,92.5,6.272370435534698,observed angular median
14.5,97.5,6.225630216722035,observed angular median
14.5,102.5,6.208066309404302,observed angular median
14.5,107.5,6.252382737153585,observed angular median
14.5,112.5,6.3120088067913365,observed angular median
14.5,117.5,6.213015276208418,observed angular median
14.5,122.5,6.170725497258748,observed angular median
14.5,127.5,6.204744226877814,observed angular median
14.5,132.5,6.235179235028625,observed angular median
14.5,137.5,6.203163572910776,observed angular median
14.5,142.5,6.229775221986089,observed angular median
14.5,147.5,6.220514374834129,observed angular median
14.5,152.5,6.352599236205004,observed angular median
14.5,157.5,6.288687590990314,observed angular median
14.5,162.5,6.23725423580257,observed angular median
14.5,167.5,6.240244630067283,observed angular median
14.5,172.5,6.248560111836964,observed angular median
14.5,177.5,6.2822846509652175,observed angular median
14.5,182.5,6.309502055551764,observed angular median
14.5,187.5,6.3509693391963475,observed angular median
14.5,192.5,6.314556113177394,observed angular median
14.5,197.5,6.253727831437077,observed angular median
14.5,202.5,6.229033006659836,observed angular median
14.5,207.5,6.289064643762524,observed angular median
14.5,212.5,6.276109246047447,observed angular median
14.5,217.5,6.281105547224049,observed angular median
14.5,222.5,6.2826380012059175,observed angular median
14.5,227.5,6.275705479452242,observed angular median
14.5,232.5,6.251761133717232,observed angular median
14.5,237.5,6.296167771632941,observed angular median
14.5,242.5,6.29345394195824,observed angular median
14.5,247.5,6.296674453095873,observed angular median
14.5,252.5,6.307642425743072,observed angular median
14.5,257.5,6.3664471660299515,observed angular median
14.5,262.5,6.350096858376816,observed angular median
14.5,267.5,6.304039527761184,observed angular median
14.5,272.5,6.293718701909583,observed angular median
14.5,277.5,6.308684633083381,observed angular median
14.5,282.5,6.250150473713806,observed angular median
14.5,287.5,6.294956458148682,observed angular median
14.5,292.5,6.333287178754077,observed angular median
14.5,297.5,6.260744869145102,observed angular median
14.5,302.5,6.2295893212036315,observed angular median
14.5,307.5,6.2588161276457175,observed angular median
14.5,312.5,6.309782413890017,observed angular median
14.5,317.5,6.25520058645818,observed angular median
14.5,322.5,6.256444160653656,observed angular median
14.5,327.5,6.24062337177465,observed angular median
14.5,332.5,6.220305551594896,observed angular median
14.5,337.5,6.19659221760828,observed angular median
14.5,342.5,6.229286921248026,observed angular median
14.5,347.5,6.20959410467053,observed angular median
14.5,352.5,6.209744081050048,observed angular median
14.5,357.5,6.245322469261695,observed angular median
14.75,2.5,6.29889012199444,observed angular median
14.75,7.5,6.277862421511149,observed angular median
14.75,12.5,6.230084539120909,observed angular median
14.75,17.5,6.282553221868626,observed angular median
14.75,22.5,6.277607343515777,observed angular median
14.75,27.5,6.291307050054666,observed angular median
14.75,32.5,6.293483269220535,observed angular median
14.75,37.5,6.295295517817333,observed angular median
14.75,42.5,6.299483292080225,observed angular median
14.75,47.5,6.293653282690487,observed angular median
14.75,52.5,6.317610183724616,observed angular median
14.75,57.5,6.296667206868099,observed angular median
14.75,62.5,6.252999675645444,observed angular median
14.75,67.5,6.25501322640822,observed angular median
14.75,72.5,6.290976980182855,observed angular median
14.75,77.5,6.2987742798579145,observed angular median
14.75,82.5,6.26204031055169,observed angular median
14.75,87.5,6.240153238303365,observed angular median
14.75,92.5,6.2617030471678605,observed angular median
14.75,97.5,6.215312491990392,observed angular median
14.75,102.5,6.200477069591425,observed angular median
14.75,107.5,6.295014035038325,observed angular median
14.75,112.5,6.2845816763517,observed angular median
14.75,117.5,6.212696828227276,observed angular median
14.75,122.5,6.1594296235546135,observed angular median
14.75,127.5,6.193663625069831,observed angular median
14.75,132.5,6.234963862651278,observed angular median
14.75,137.5,6.228474373761799,observed angular median
14.75,142.5,6.198614045049973,observed angular median
14.75,147.5,6.239234716024961,observed angular median
14.75,152.5,6.257406546075931,observed angular median
14.75,157.5,6.2853315933533445,observed angular median
14.75,162.5,6.277920554602984,observed angular median
14.75,167.5,6.26852222645843,observed angular median
14.75,172.5,6.2516056741327715,observed angular median
14.75,177.5,6.274434759680986,observed angular median
14.75,182.5,6.307763139101269,observed angular median
14.75,187.5,6.360614509550038,observed angular median
14.75,192.5,6.3141256468026565,observed angular median
14.75,197.5,6.246858138789246,observed angular median
14.75,202.5,6.220357908259456,observed angular median
14.75,207.5,6.2672209086110735,observed angular median
14.75,212.5,6.270269435075512,observed angular median
14.75,217.5,6.271435366767647,observed angular median
14.75,222.5,6.274235568747221,observed angular median
14.75,227.5,6.258169057317646,observed angular median
14.75,232.5,6.2552962328739765,observed angular median
14.75,237.5,6.291800936588539,observed angular median
14.75,242.5,6.30532869935187,observed angular median
14.75,247.5,6.317142773788574,observed angular median
14.75,252.5,6.305089374183141,observed angular median
14.75,257.5,6.368075044584903,observed angular median
14.75,262.5,6.3670085844786035,observed angular median
14.75,267.5,6.285603883955345,observed angular median
14.75,272.5,6.259873372481406,observed angular median
14.75,277.5,6.30119550930955,observed angular median
14.75,282.5,6.263789110047432,observed angular median
14.75,287.5,6.278902792670729,observed angular median
14.75,292.5,6.318304690299451,observed angular median
14.75,297.5,6.256225728898252,observed angular median
14.75,302.5,6.2069482814924,observed angular median
14.75,307.5,6.2783718251958485,observed angular median
14.75,312.5,6.268680091413204,observed angular median
14.75,317.5,6.285130239860586,observed angular median
14.75,322.5,6.2378795985509985,observed angular median
14.75,327.5,6.222785461312788,observed angular median
14.75,332.5,6.22827902244842,observed angular median
14.75,337.5,6.214121589738767,observed angular median
14.75,342.5,6.227301224936455,observed angular median
14.75,347.5,6.2041985824361925,observed angular median
14.75,352.5,6.205998055967879,observed angular median
14.75,357.5,6.218679468858582,observed angular median
15.0,2.5,6.298806318256207,observed angular median
15.0,7.5,6.276259043574537,observed angular median
15.0,12.5,6.247115266582356,observed angular median
15.0,17.5,6.282324183485742,observed angular median
15.0,22.5,6.26627630133382,observed angular median
15.0,27.5,6.289361380921447,observed angular median
15.0,32.5,6.304217345055877,observed angular median
15.0,37.5,6.286732211884801,observed angular median
15.0,42.5,6.302187241066873,observed angular median
15.0,47.5,6.2828818732704494,observed angular median
15.0,52.5,6.341802671370806,observed angular median
15.0,57.5,6.284427307940952,observed angular median
15.0,62.5,6.259155292588104,observed angular median
15.0,67.5,6.258440437833372,observed angular median
15.0,72.5,6.292927288954002,observed angular median
15.0,77.5,6.300761017739928,observed angular median
15.0,82.5,6.270040863987087,observed angular median
15.0,87.5,6.246430065368708,observed angular median
15.0,92.5,6.260787511973785,observed angular median
15.0,97.5,6.220908080708405,observed angular median
15.0,102.5,6.201961685446518,observed angular median
15.0,107.5,6.249511815897384,observed angular median
15.0,112.5,6.263799791807594,observed angular median
15.0,117.5,6.184501146740132,observed angular median
15.0,122.5,6.136683775031621,observed angular median
15.0,127.5,6.202323535206633,observed angular median
15.0,132.5,6.2151206829944545,observed angular median
15.0,137.5,6.2535765026030585,observed angular median
15.0,142.5,6.18649515383934,observed angular median
15.0,147.5,6.189928524872844,observed angular median
15.0,152.5,6.299867848074902,observed angular median
15.0,157.5,6.285662763534993,observed angular median
15.0,162.5,6.286931773691942,observed angular median
15.0,167.5,6.305804426798826,observed angular median
15.0,172.5,6.2708631782521405,observed angular median
15.0,177.5,6.289780867353899,observed angular median
15.0,182.5,6.288146462603391,observed angular median
15.0,187.5,6.316948593022508,observed angular median
15.0,192.5,6.329203762326315,observed angular median
15.0,197.5,6.249721940593305,observed angular median
15.0,202.5,6.243302053069241,observed angular median
15.0,207.5,6.278482774669608,observed angular median
15.0,212.5,6.2694830410863265,observed angular median
15.0,217.5,6.271717301934173,observed angular median
15.0,222.5,6.269219011015313,observed angular median
15.0,227.5,6.265597633094824,observed angular median
15.0,232.5,6.266012931236988,observed angular median
15.0,237.5,6.300105374157602,observed angular median
15.0,242.5,6.313061620033393,observed angular median
15.0,247.5,6.3329951493817065,observed angular median
15.0,252.5,6.324394216075936,observed angular median
15.0,257.5,6.346111529318781,observed angular median
15.0,262.5,6.331133900692661,observed angular median
15.0,267.5,6.2535103418507765,observed angular median
15.0,272.5,6.233843776046715,observed angular median
15.0,277.5,6.292071234730526,observed angular median
15.0,282.5,6.239507507799344,observed angular median
15.0,287.5,6.291760015509697,observed angular median
15.0,292.5,6.286783450645241,observed angular median
15.0,297.5,6.2453487419310845,observed angular median
15.0,302.5,6.204541859929044,observed angular median
15.0,307.5,6.260369938399188,observed angular median
15.0,312.5,6.266497713932438,observed angular median
15.0,317.5,6.289600163377283,observed angular median
15.0,322.5,6.237152188677964,observed angular median
15.0,327.5,6.205860360062165,observed angular median
15.0,332.5,6.217067545184717,observed angular median
15.0,337.5,6.213060192747895,observed angular median
15.0,342.5,6.204871007387454,observed angular median
15.0,347.5,6.22029387097475,observed angular median
15.0,352.5,6.2126825618215795,observed angular median
15.0,357.5,6.214627502275048,observed angular median
15.25,2.5,6.300952237608836,observed angular median
15.25,7.5,6.285320591323403,observed angular median
15.25,12.5,6.253202829810534,observed angular median
15.25,17.5,6.297374390757039,observed angular median
15.25,22.5,6.288792613326507,observed angular median
15.25,27.5,6.289268714826301,observed angular median
15.25,32.5,6.29934498216018,observed angular median
15.25,37.5,6.297701358979609,observed angular median
15.25,42.5,6.305877034375534,observed angular median
15.25,47.5,6.286443919587198,observed angular median
15.25,52.5,6.311135557344212,observed angular median
15.25,57.5,6.27553407738981,observed angular median
15.25,62.5,6.271145544560467,observed angular median
15.25,67.5,6.2618309165246995,observed angular median
15.25,72.5,6.284426292727177,observed angular median
15.25,77.5,6.299012935814694,observed angular median
15.25,82.5,6.273031968085836,observed angular median
15.25,87.5,6.264899351767633,observed angular median
15.25,92.5,6.260746897034,observed angular median
15.25,97.5,6.245398040289608,observed angular median
15.25,102.5,6.196629341082032,observed angular median
15.25,107.5,6.235199415087895,observed angular median
15.25,112.5,6.215832371501085,observed angular median
15.25,117.5,6.1670336114382796,observed angular median
15.25,122.5,6.142437527320517,observed angular median
15.25,127.5,6.193619501334314,observed angular median
15.25,132.5,6.219799698047331,observed angular median
15.25,137.5,6.29249175333235,observed angular median
15.25,142.5,6.164809042836007,observed angular median
15.25,147.5,6.165160843390629,observed angular median
15.25,152.5,6.300720018100273,observed angular median
15.25,157.5,6.314041126609253,observed angular median
15.25,162.5,6.245552949516654,observed angular median
15.25,167.5,6.259451589977919,observed angular median
15.25,172.5,6.286330266433447,observed angular median
15.25,177.5,6.301755976814572,observed angular median
15.25,182.5,6.252571023889072,observed angular median
15.25,187.5,6.2710251642516495,observed angular median
15.25,192.5,6.314170427412595,observed angular median
15.25,197.5,6.2855810150476685,observed angular median
15.25,202.5,6.252095178842627,observed angular median
15.25,207.5,6.281170143796445,observed angular median
15.25,212.5,6.270980102449923,observed angular median
15.25,217.5,6.2605024938831475,observed angular median
15.25,222.5,6.2752119791237595,observed angular median
15.25,227.5,6.2858518392089024,observed angular median
15.25,232.5,6.2699036528668595,observed angular median
15.25,237.5,6.29675380140249,observed angular median
15.25,242.5,6.300570130180466,observed angular median
15.25,247.5,6.310059695100959,observed angular median
15.25,252.5,6.318127515199583,observed angular median
15.25,257.5,6.30751053870104,observed angular median
15.25,262.5,6.3114023600803,observed angular median
15.25,267.5,6.228332224533267,observed angular median
15.25,272.5,6.196247764301846,observed angular median
15.25,277.5,6.267845253749315,observed angular median
15.25,282.5,6.2316220241453175,observed angular median
15.25,287.5,6.276454588080318,observed angular median
15.25,292.5,6.287458917227824,observed angular median
15.25,297.5,6.22570388309871,observed angular median
15.25,302.5,6.218570745438777,observed angular median
15.25,307.5,6.277648052363037,observed angular median
15.25,312.5,6.273133246479539,observed angular median
15.25,317.5,6.283349387031024,observed angular median
15.25,322.5,6.226576453069325,observed angular median
15.25,327.5,6.1981493893739055,observed angular median
15.25,332.5,6.213603428536081,observed angular median
15.25,337.5,6.213145613219948,observed angular median
15.25,342.5,6.2103987152274,observed angular median
15.25,347.5,6.23459992586126,observed angular median
15.25,352.5,6.21038671823618,observed angular median
15.25,357.5,6.228571502961475,observed angular median
15.5,2.5,6.281634623728716,observed angular median
15.5,7.5,6.293797492604233,observed angular median
15.5,12.5,6.259237329869487,observed angular median
15.5,17.5,6.262012152524467,observed angular median
15.5,22.5,6.306875504393409,observed angular median
15.5,27.5,6.276701901241074,observed angular median
15.5,32.5,6.31168703483673,observed angular median
15.5,37.5,6.313769102848568,observed angular median
15.5,42.5,6.312082343612288,observed angular median
15.5,47.5,6.296228942318116,observed angular median
15.5,52.5,6.280254872333664,observed angular median
15.5,57.5,6.2812929835267814,observed angular median
15.5,62.5,6.282518799198435,observed angular median
15.5,67.5,6.264491084293334,observed angular median
15.5,72.5,6.3050029304012964,observed angular median
15.5,77.5,6.2583108646848995,observed angular median
15.5,82.5,6.22635328759505,observed angular median
15.5,87.5,6.257664132395233,observed angular median
15.5,92.5,6.252509975728611,observed angular median
15.5,97.5,6.234667140379566,observed angular median
15.5,102.5,6.218007028548202,observed angular median
15.5,107.5,6.235529404134642,observed angular median
15.5,112.5,6.199082779711493,observed angular median
15.5,117.5,6.168527571294588,observed angular median
15.5,122.5,6.177341913442307,observed angular median
15.5,127.5,6.206254960561466,observed angular median
15.5,132.5,6.217241518660298,observed angular median
15.5,137.5,6.239467374485878,observed angular median
15.5,142.5,6.1808281853505225,observed angular median
15.5,147.5,6.185208155992669,observed angular median
15.5,152.5,6.292756022428535,observed angular median
15.5,157.5,6.300236274995331,observed angular median
15.5,162.5,6.268092280364087,observed angular median
15.5,167.5,6.251580151072805,observed angular median
15.5,172.5,6.298291145262963,observed angular median
15.5,177.5,6.271296947301748,observed angular median
15.5,182.5,6.196701255478572,observed angular median
15.5,187.5,6.233068425340908,observed angular median
15.5,192.5,6.31593314920946,observed angular median
15.5,197.5,6.263302459003651,observed angular median
15.5,202.5,6.247636303342493,observed angular median
15.5,207.5,6.243870407135624,observed angular median
15.5,212.5,6.264544343963246,observed angular median
15.5,217.5,6.248212144642676,observed angular median
15.5,222.5,6.301285725010043,observed angular median
15.5,227.5,6.310074856756352,observed angular median
15.5,232.5,6.267084660026494,observed angular median
15.5,237.5,6.293865338580335,observed angular median
15.5,242.5,6.2859916349150895,observed angular median
15.5,247.5,6.275723809885882,observed angular median
15.5,252.5,6.291809096535421,observed angular median
15.5,257.5,6.270624072813975,observed angular median
15.5,262.5,6.2800212862572895,observed angular median
15.5,267.5,6.213291806450748,observed angular median
15.5,272.5,6.1804867702463175,observed angular median
15.5,277.5,6.251239733970037,observed angular median
15.5,282.5,6.223689863913555,observed angular median
15.5,287.5,6.256915895968224,observed angular median
15.5,292.5,6.282565561762436,observed angular median
15.5,297.5,6.2347568927118315,observed angular median
15.5,302.5,6.241696830345879,observed angular median
15.5,307.5,6.2568015474812455,observed angular median
15.5,312.5,6.257689851455051,observed angular median
15.5,317.5,6.274634226731695,observed angular median
15.5,322.5,6.225112674889214,observed angular median
15.5,327.5,6.1998836721830335,observed angular median
15.5,332.5,6.215223331413359,observed angular median
15.5,337.5,6.195885595959796,observed angular median
15.5,342.5,6.199612731769523,observed angular median
15.5,347.5,6.227200555284256,observed angular median
15.5,352.5,6.19911917484787,observed angular median
15.5,357.5,6.240279143114335,observed angular median
15.75,2.5,6.288252522975181,observed angular median
15.75,7.5,6.287060919500575,observed angular median
15.75,12.5,6.280475773562638,observed angular median
15.75,17.5,6.296916651640868,observed angular median
15.75,22.5,6.294472241170135,observed angular median
15.75,27.5,6.2602678040559105,observed angular median
15.75,32.5,6.300025687096212,observed angular median
15.75,37.5,6.311242218984232,observed angular median
15.75,42.5,6.303378101540943,observed angular median
15.75,47.5,6.290602269902605,observed angular median
15.75,52.5,6.285614072760985,observed angular median
15.75,57.5,6.306963332983112,observed angular median
15.75,62.5,6.277601555094614,observed angular median
15.75,67.5,6.270569033591845,observed angular median
15.75,72.5,6.30086262968744,observed angular median
15.75,77.5,6.255634929012858,observed angular median
15.75,82.5,6.21341321173494,observed angular median
15.75,87.5,6.231461875304493,observed angular median
15.75,92.5,6.253517518399967,observed angular median
15.75,97.5,6.2237455669945305,observed angular median
15.75,102.5,6.237535441464568,observed angular median
15.75,107.5,6.231459846798421,observed angular median
15.75,112.5,6.193718404311238,observed angular median
15.75,117.5,6.176237040642933,observed angular median
15.75,122.5,6.220360586254818,observed angular median
15.75,127.5,6.221150457362756,observed angular median
15.75,132.5,6.206084195949503,observed angular median
15.75,137.5,6.225760660944323,observed angular median
15.75,142.5,6.203006827221947,observed angular median
15.75,147.5,6.130573547992039,observed angular median
15.75,152.5,6.2494983099967465,observed angular median
15.75,157.5,6.297179691805807,observed angular median
15.75,162.5,6.302354870187501,observed angular median
15.75,167.5,6.242384000648462,observed angular median
15.75,172.5,6.30572641313559,observed angular median
15.75,177.5,6.285568972964351,observed angular median
15.75,182.5,6.233758011080246,observed angular median
15.75,187.5,6.273734797922985,observed angular median
15.75,192.5,6.295317279333956,observed angular median
15.75,197.5,6.228601398294304,observed angular median
15.75,202.5,6.236033537009952,observed angular median
15.75,207.5,6.250185954167177,observed angular median
15.75,212.5,6.2982733517953156,observed angular median
15.75,217.5,6.2462155683489256,observed angular median
15.75,222.5,6.2841191640674126,observed angular median
15.75,227.5,6.305220506512184,observed angular median
15.75,232.5,6.257009747755085,observed angular median
15.75,237.5,6.263748125876008,observed angular median
15.75,242.5,6.280841251185413,observed angular median
15.75,247.5,6.248568985681557,observed angular median
15.75,252.5,6.262340857303908,observed angular median
15.75,257.5,6.243923527683096,observed angular median
15.75,262.5,6.249364811649717,observed angular median
15.75,267.5,6.22924097084295,observed angular median
15.75,272.5,6.187876782647126,observed angular median
15.75,277.5,6.248740899563456,observed angular median
15.75,282.5,6.22632610862936,observed angular median
15.75,287.5,6.238896098505498,observed angular median
15.75,292.5,6.323760752307621,observed angular median
15.75,297.5,6.253982097427366,observed angular median
15.75,302.5,6.245648401246082,observed angular median
15.75,307.5,6.233355737325529,observed angular median
15.75,312.5,6.207545033647836,observed angular median
15.75,317.5,6.275496937678511,observed angular median
15.75,322.5,6.249854704532409,observed angular median
15.75,327.5,6.239090990025791,observed angular median
15.75,332.5,6.200608274711644,observed angular median
15.75,337.5,6.174597785106313,observed angular median
15.75,342.5,6.200294905247649,observed angular median
15.75,347.5,6.218597769178371,observed angular median
15.75,352.5,6.1594493554789524,observed angular median
15.75,357.5,6.243463933834696,observed angular median
16.0,2.5,6.292468486305591,observed angular median
16.0,7.5,6.285479995468606,observed angular median
16.0,12.5,6.289457299853897,observed angular median
16.0,17.5,6.300789006816601,observed angular median
16.0,22.5,6.286267730249481,observed angular median
16.0,27.5,6.260875008784992,observed angular median
16.0,32.5,6.280371041933865,observed angular median
16.0,37.5,6.289001935843495,observed angular median
16.0,42.5,6.295319443546788,observed angular median
16.0,47.5,6.287743462990779,observed angular median
16.0,52.5,6.295324000579924,observed angular median
16.0,57.5,6.31684081972948,observed angular median
16.0,62.5,6.259158036499949,observed angular median
16.0,67.5,6.236943899001156,observed angular median
16.0,72.5,6.251551588132841,observed angular median
16.0,77.5,6.258905213974945,observed angular median
16.0,82.5,6.230107194692845,observed angular median
16.0,87.5,6.224230056317929,observed angular median
16.0,92.5,6.2517098256400345,observed angular median
16.0,97.5,6.224404092919906,observed angular median
16.0,102.5,6.258624638473516,observed angular median
16.0,107.5,6.254578930038145,observed angular median
16.0,112.5,6.234377117446841,observed angular median
16.0,117.5,6.172793846339541,observed angular median
16.0,122.5,6.23818500230694,observed angular median
16.0,127.5,6.211201995259072,observed angular median
16.0,132.5,6.215586559706141,observed angular median
16.0,137.5,6.221027580514333,observed angular median
16.0,142.5,6.206780664389765,observed angular median
16.0,147.5,6.152428231362973,observed angular median
16.0,152.5,6.271624609345949,observed angular median
16.0,157.5,6.321483781321786,observed angular median
16.0,162.5,6.305134012778879,observed angular median
16.0,167.5,6.271607548121095,observed angular median
16.0,172.5,6.308011575677542,observed angular median
16.0,177.5,6.309411475645894,observed angular median
16.0,182.5,6.292949431385248,observed angular median
16.0,187.5,6.392848116082139,observed angular median
16.0,192.5,6.219178809566666,observed angular median
16.0,197.5,6.226603252370719,observed angular median
16.0,202.5,6.2528716390093635,observed angular median
16.0,207.5,6.269279037258713,observed angular median
16.0,212.5,6.284372354446061,observed angular median
16.0,217.5,6.277322088824693,observed angular median
16.0,222.5,6.270728667106627,observed angular median
16.0,227.5,6.288959758006394,observed angular median
16.0,232.5,6.251181617889685,observed angular median
16.0,237.5,6.27442645699662,observed angular median
16.0,242.5,6.2519621549778,observed angular median
16.0,247.5,6.242152356570252,observed angular median
16.0,252.5,6.267809063053531,observed angular median
16.0,257.5,6.2728685735660275,observed angular median
16.0,262.5,6.232677461974223,observed angular median
16.0,267.5,6.201097223315163,observed angular median
16.0,272.5,6.2010952089977245,observed angular median
16.0,277.5,6.247216611364193,observed angular median
16.0,282.5,6.232144379876745,observed angular median
16.0,287.5,6.25058798933815,observed angular median
16.0,292.5,6.3114959131655315,observed angular median
16.0,297.5,6.263899291470542,observed angular median
16.0,302.5,6.230766826252496,observed angular median
16.0,307.5,6.228367893415136,observed angular median
16.0,312.5,6.228278883024368,observed angular median
16.0,317.5,6.232639747689657,observed angular median
16.0,322.5,6.2550189023868805,observed angular median
16.0,327.5,6.249241717706692,observed angular median
16.0,332.5,6.207138741527437,observed angular median
16.0,337.5,6.1728036462581795,observed angular median
16.0,342.5,6.181054414420261,observed angular median
16.0,347.5,6.194416601447463,observed angular median
16.0,352.5,6.171078087582922,observed angular median
16.0,357.5,6.208790071284548,observed angular median
16.25,2.5,6.283446511272589,observed angular median
16.25,7.5,6.253403164815551,observed angular median
16.25,12.5,6.267302316484098,observed angular median
16.25,17.5,6.313177912939562,observed angular median
16.25,22.5,6.278576995539533,observed angular median
16.25,27.5,6.277853349503959,observed angular median
16.25,32.5,6.284345816607205,observed angular median
16.25,37.5,6.2924162965740775,observed angular median
16.25,42.5,6.288320246935388,observed angular median
16.25,47.5,6.272722152013076,observed angular median
16.25,52.5,6.283872357309587,observed angular median
16.25,57.5,6.299288849457748,observed angular median
16.25,62.5,6.239049663955043,observed angular median
16.25,67.5,6.2280166217692,observed angular median
16.25,72.5,6.266476877601379,observed angular median
16.25,77.5,6.259775927085556,observed angular median
16.25,82.5,6.233666020118014,observed angular median
16.25,87.5,6.243213662242815,observed angular median
16.25,92.5,6.274975392646427,observed angular median
16.25,97.5,6.231692363706839,observed angular median
16.25,102.5,6.2708701556710915,observed angular median
16.25,107.5,6.24845264186869,observed angular median
16.25,112.5,6.2456962247046075,observed angular median
16.25,117.5,6.174542211989476,observed angular median
16.25,122.5,6.207973579251221,observed angular median
16.25,127.5,6.208089102122279,observed angular median
16.25,132.5,6.210968827381358,observed angular median
16.25,137.5,6.199148728672587,observed angular median
16.25,142.5,6.218498435671394,observed angular median
16.25,147.5,6.172888565456172,observed angular median
16.25,152.5,6.260952370344997,observed angular median
16.25,157.5,6.328020495435152,observed angular median
16.25,162.5,6.288890203286202,observed angular median
16.25,167.5,6.266291068504595,observed angular median
16.25,172.5,6.287441133274737,observed angular median
16.25,177.5,6.306136101550746,observed angular median
16.25,182.5,6.257267668377492,observed angular median
16.25,187.5,6.3502609899484135,observed angular median
16.25,192.5,6.24641531952794,observed angular median
16.25,197.5,6.232080657998629,observed angular median
16.25,202.5,6.316156992897152,observed angular median
16.25,207.5,6.303238361893111,observed angular median
16.25,212.5,6.318278211443779,observed angular median
16.25,217.5,6.301417929610075,observed angular median
16.25,222.5,6.313833391736932,observed angular median
16.25,227.5,6.284109686580054,observed angular median
16.25,232.5,6.257656722316367,observed angular median
16.25,237.5,6.262072033589638,observed angular median
16.25,242.5,6.293644661027594,observed angular median
16.25,247.5,6.223462543921502,observed angular median
16.25,252.5,6.237995599646004,observed angular median
16.25,257.5,6.238493718462688,observed angular median
16.25,262.5,6.239854215031242,observed angular median
16.25,267.5,6.19203333185869,observed angular median
16.25,272.5,6.186428301315577,observed angular median
16.25,277.5,6.20043556074613,observed angular median
16.25,282.5,6.230457112983919,observed angular median
16.25,287.5,6.2375798196441,observed angular median
16.25,292.5,6.300528360107791,observed angular median
16.25,297.5,6.22659321225647,observed angular median
16.25,302.5,6.185755683259405,observed angular median
16.25,307.5,6.215323029397255,observed angular median
16.25,312.5,6.220357932899087,observed angular median
16.25,317.5,6.21829339722609,observed angular median
16.25,322.5,6.2497956359587725,observed angular median
16.25,327.5,6.250456132145983,observed angular median
16.25,332.5,6.22002867157722,observed angular median
16.25,337.5,6.169400720897425,observed angular median
16.25,342.5,6.204634890462607,observed angular median
16.25,347.5,6.18838740881951,observed angular median
16.25,352.5,6.190753699182277,observed angular median
16.25,357.5,6.1917539532098145,observed angular median
16.5,2.5,6.263613313221471,observed angular median
16.5,7.5,6.229611098625485,observed angular median
16.5,12.5,6.2495267633337255,observed angular median
16.5,17.5,6.313170081025533,observed angular median
16.5,22.5,6.275417121524089,observed angular median
16.5,27.5,6.263851097374247,observed angular median
16.5,32.5,6.286170323198842,observed angular median
16.5,37.5,6.284251414439332,observed angular median
16.5,42.5,6.27405254025183,observed angular median
16.5,47.5,6.233450624789236,observed angular median
16.5,52.5,6.261978223944243,observed angular median
16.5,57.5,6.2568560491376655,observed angular median
16.5,62.5,6.242386631158942,observed angular median
16.5,67.5,6.232242276774782,observed angular median
16.5,72.5,6.284464768178624,observed angular median
16.5,77.5,6.261911288092892,observed angular median
16.5,82.5,6.240957121729579,observed angular median
16.5,87.5,6.257238742269256,observed angular median
16.5,92.5,6.259371659969849,observed angular median
16.5,97.5,6.217019250065078,observed angular median
16.5,102.5,6.268403061144242,observed angular median
16.5,107.5,6.240353654246954,observed angular median
16.5,112.5,6.21173692173905,observed angular median
16.5,117.5,6.18282465700089,observed angular median
16.5,122.5,6.178633632117352,observed angular median
16.5,127.5,6.181120194031912,observed angular median
16.5,132.5,6.198921869965069,observed angular median
16.5,137.5,6.197476247847747,observed angular median
16.5,142.5,6.206878140383301,observed angular median
16.5,147.5,6.183536250422887,observed angular median
16.5,152.5,6.279369913693672,observed angular median
16.5,157.5,6.301810631509336,observed angular median
16.5,162.5,6.279194505325355,observed angular median
16.5,167.5,6.279470731980062,observed angular median
16.5,172.5,6.273226354051536,observed angular median
16.5,177.5,6.286511313065698,observed angular median
16.5,182.5,6.304437112156161,observed angular median
16.5,187.5,6.323136620133081,observed angular median
16.5,192.5,6.281345712340904,observed angular median
16.5,197.5,6.2754219713650174,observed angular median
16.5,202.5,6.342476023819099,observed angular median
16.5,207.5,6.317227528704993,observed angular median
16.5,212.5,6.342682286839109,observed angular median
16.5,217.5,6.290140878147404,observed angular median
16.5,222.5,6.340327731547021,observed angular median
16.5,227.5,6.2833387257968205,observed angular median
16.5,232.5,6.279522650619666,observed angular median
16.5,237.5,6.25854728448926,observed angular median
16.5,242.5,6.285109789118492,observed angular median
16.5,247.5,6.206059759614097,observed angular median
16.5,252.5,6.215322891491832,observed angular median
16.5,257.5,6.192772544050792,observed angular median
16.5,262.5,6.221650857021782,observed angular median
16.5,267.5,6.182145019904259,observed angular median
16.5,272.5,6.175126035887043,observed angular median
16.5,277.5,6.189016280614693,observed angular median
16.5,282.5,6.192228834619444,observed angular median
16.5,287.5,6.225123164226851,observed angular median
16.5,292.5,6.273631265142295,observed angular median
16.5,297.5,6.2373351021009285,observed angular median
16.5,302.5,6.200225375160648,observed angular median
16.5,307.5,6.177764721903799,observed angular median
16.5,312.5,6.220590987159802,observed angular median
16.5,317.5,6.250341538475173,observed angular median
16.5,322.5,6.2439746917587895,observed angular median
16.5,327.5,6.253585373741606,observed angular median
16.5,332.5,6.182915845839688,observed angular median
16.5,337.5,6.180796125725317,observed angular median
16.5,342.5,6.207012190062687,observed angular median
16.5,347.5,6.2165352234480356,observed angular median
16.5,352.5,6.185853802791754,observed angular median
16.5,357.5,6.155071769606335,observed angular median
16.75,2.5,6.222407929644887,observed angular median
16.75,7.5,6.236304713652882,observed angular median
16.75,12.5,6.271701909694966,observed angular median
16.75,17.5,6.285209181327222,observed angular median
16.75,22.5,6.276120696083055,observed angular median
16.75,27.5,6.243166000883842,observed angular median
16.75,32.5,6.256975592425398,observed angular median
16.75,37.5,6.281620191544182,observed angular median
16.75,42.5,6.244137256006627,observed angular median
16.75,47.5,6.249898493581597,observed angular median
16.75,52.5,6.262825403187918,observed angular median
16.75,57.5,6.254031672076217,observed angular median
16.75,62.5,6.2505626944220865,observed angular median
16.75,67.5,6.233888913708484,observed angular median
16.75,72.5,6.30612727866032,observed angular median
16.75,77.5,6.268874918402937,observed angular median
16.75,82.5,6.2350121341425915,observed angular median
16.75,87.5,6.246577674498396,observed angular median
16.75,92.5,6.245515607278503,observed angular median
16.75,97.5,6.228641013782097,observed angular median
16.75,102.5,6.278112282223574,observed angular median
16.75,107.5,6.222385924119409,observed angular median
16.75,112.5,6.2154957402235596,observed angular median
16.75,117.5,6.160722984691912,observed angular median
16.75,122.5,6.150911497008261,observed angular median
16.75,127.5,6.167766912879957,observed angular median
16.75,132.5,6.202875969756463,observed angular median
16.75,137.5,6.194388652611828,observed angular median
16.75,142.5,6.180405658758965,observed angular median
16.75,147.5,6.172574554118075,observed angular median
16.75,152.5,6.2840802952571755,observed angular median
16.75,157.5,6.303293804446514,observed angular median
16.75,162.5,6.303297374252745,observed angular median
16.75,167.5,6.302286743578492,observed angular median
16.75,172.5,6.299734283352274,observed angular median
16.75,177.5,6.295424264220268,observed angular median
16.75,182.5,6.357259912738408,observed angular median
16.75,187.5,6.337148950342236,observed angular median
16.75,192.5,6.357857936071245,observed angular median
16.75,197.5,6.305908220940369,observed angular median
16.75,202.5,6.368422434165316,observed angular median
16.75,207.5,6.334850161713174,observed angular median
16.75,212.5,6.362634259401202,observed angular median
16.75,217.5,6.301363328248171,observed angular median
16.75,222.5,6.318374071052988,observed angular median
16.75,227.5,6.301200992693991,observed angular median
16.75,232.5,6.2582001228174144,observed angular median
16.75,237.5,6.266516228180512,observed angular median
16.75,242.5,6.288131394070888,observed angular median
16.75,247.5,6.211737782928594,observed angular median
16.75,252.5,6.203172254414955,observed angular median
16.75,257.5,6.196497244092477,observed angular median
16.75,262.5,6.192607749773176,observed angular median
16.75,267.5,6.174884415898611,observed angular median
16.75,272.5,6.161653426153129,observed angular median
16.75,277.5,6.219785533948529,observed angular median
16.75,282.5,6.194101828413196,observed angular median
16.75,287.5,6.206663294755679,observed angular median
16.75,292.5,6.2562501118220295,observed angular median
16.75,297.5,6.211778727441426,observed angular median
16.75,302.5,6.213444135537262,observed angular median
16.75,307.5,6.2119423609519195,observed angular median
16.75,312.5,6.261776108037654,observed angular median
16.75,317.5,6.24235129927986,observed angular median
16.75,322.5,6.2840301981470095,observed angular median
16.75,327.5,6.218477761434874,observed angular median
16.75,332.5,6.19853658568793,observed angular median
16.75,337.5,6.179483401318121,observed angular median
16.75,342.5,6.1874060425329045,observed angular median
16.75,347.5,6.234944319952643,observed angular median
16.75,352.5,6.211851292763038,observed angular median
16.75,357.5,6.155133738034497,observed angular median
17.0,2.5,6.232514486802014,observed angular median
17.0,7.5,6.237379805346436,observed angular median
17.0,12.5,6.265780038915498,observed angular median
17.0,17.5,6.267731247446384,observed angular median
17.0,22.5,6.254224639377645,observed angular median
17.0,27.5,6.237670292051375,observed angular median
17.0,32.5,6.233192751914009,observed angular median
17.0,37.5,6.274506774922328,observed angular median
17.0,42.5,6.235827212185107,observed angular median
17.0,47.5,6.256404903684851,observed angular median
17.0,52.5,6.255256109175905,observed angular median
17.0,57.5,6.268067954712212,observed angular median
17.0,62.5,6.261791846515845,observed angular median
17.0,67.5,6.214722477031053,observed angular median
17.0,72.5,6.327470592586139,observed angular median
17.0,77.5,6.259008782691287,observed angular median
17.0,82.5,6.203673364881723,observed angular median
17.0,87.5,6.231757263454643,observed angular median
17.0,92.5,6.23529143989691,observed angular median
17.0,97.5,6.2309252237293915,observed angular median
17.0,102.5,6.281263025962775,observed angular median
17.0,107.5,6.238737882376558,observed angular median
17.0,112.5,6.221104181081802,observed angular median
17.0,117.5,6.180243619967469,observed angular median
17.0,122.5,6.144284323052762,observed angular median
17.0,127.5,6.162605958071064,observed angular median
17.0,132.5,6.208245662893388,observed angular median
17.0,137.5,6.222162480290376,observed angular median
17.0,142.5,6.1988690422214505,observed angular median
17.0,147.5,6.195741480785275,observed angular median
17.0,152.5,6.23817196813623,observed angular median
17.0,157.5,6.276495744867431,observed angular median
17.0,162.5,6.291202869457432,observed angular median
17.0,167.5,6.309058856317714,observed angular median
17.0,172.5,6.32529040521668,observed angular median
17.0,177.5,6.320282435820972,observed angular median
17.0,182.5,6.394878668996316,observed angular median
17.0,187.5,6.394583914228935,observed angular median
17.0,192.5,6.365685268234952,observed angular median
17.0,197.5,6.336316133693545,observed angular median
17.0,202.5,6.335812133582591,observed angular median
17.0,207.5,6.329954006569293,observed angular median
17.0,212.5,6.360738378001535,observed angular median
17.0,217.5,6.288007231628788,observed angular median
17.0,222.5,6.30538090113142,observed angular median
17.0,227.5,6.302594506766951,observed angular median
17.0,232.5,6.256809930239812,observed angular median
17.0,237.5,6.274037906302824,observed angular median
17.0,242.5,6.280224326065669,observed angular median
17.0,247.5,6.1845774930605675,observed angular median
17.0,252.5,6.184681181049686,observed angular median
17.0,257.5,6.1614953329475775,observed angular median
17.0,262.5,6.193798664197866,observed angular median
17.0,267.5,6.173133614321344,observed angular median
17.0,272.5,6.164660465332299,observed angular median
17.0,277.5,6.171915985880309,observed angular median
17.0,282.5,6.1915314659780964,observed angular median
17.0,287.5,6.226100794453188,observed angular median
17.0,292.5,6.281508861961296,observed angular median
17.0,297.5,6.219439424963228,observed angular median
17.0,302.5,6.245306834538192,observed angular median
17.0,307.5,6.239152962325736,observed angular median
17.0,312.5,6.286844819934084,observed angular median
17.0,317.5,6.232093208964831,observed angular median
17.0,322.5,6.287089969155489,observed angular median
17.0,327.5,6.215032735104758,observed angular median
17.0,332.5,6.214246414792402,observed angular median
17.0,337.5,6.201176698045275,observed angular median
17.0,342.5,6.231662138923477,observed angular median
17.0,347.5,6.249612866447644,observed angular median
17.0,352.5,6.241445383028302,observed angular median
17.0,357.5,6.17491389335847,observed angular median
17.25,2.5,6.235298310886873,observed angular median
17.25,7.5,6.250928533559192,observed angular median
17.25,12.5,6.263762703085325,observed angular median
17.25,17.5,6.258896985881586,observed angular median
17.25,22.5,6.2224495415229,observed angular median
17.25,27.5,6.2155314315249495,observed angular median
17.25,32.5,6.2402491436493595,observed angular median
17.25,37.5,6.2952346193678785,observed angular median
17.25,42.5,6.234823987895918,observed angular median
17.25,47.5,6.237844028913299,observed angular median
17.25,52.5,6.263681534836305,observed angular median
17.25,57.5,6.275514234608265,observed angular median
17.25,62.5,6.270315374790877,observed angular median
17.25,67.5,6.169157782278394,observed angular median
17.25,72.5,6.2746063487536174,observed angular median
17.25,77.5,6.272943224675444,observed angular median
17.25,82.5,6.210291463853767,observed angular median
17.25,87.5,6.2304530170656705,observed angular median
17.25,92.5,6.227672833319891,observed angular median
17.25,97.5,6.223095019590552,observed angular median
17.25,102.5,6.225304556762145,observed angular median
17.25,107.5,6.239037450764528,observed angular median
17.25,112.5,6.212643178755629,observed angular median
17.25,117.5,6.161936653311212,observed angular median
17.25,122.5,6.1674044845519385,observed angular median
17.25,127.5,6.159591570305946,observed angular median
17.25,132.5,6.24039965545219,observed angular median
17.25,137.5,6.2111808052223285,observed angular median
17.25,142.5,6.20078257300865,observed angular median
17.25,147.5,6.220850792720354,observed angular median
17.25,152.5,6.233948168274425,observed angular median
17.25,157.5,6.2806349112908215,observed angular median
17.25,162.5,6.304884615383909,observed angular median
17.25,167.5,6.319933996119227,observed angular median
17.25,172.5,6.358196921152132,observed angular median
17.25,177.5,6.345450715768152,observed angular median
17.25,182.5,6.394022598266423,observed angular median
17.25,187.5,6.335782262160742,observed angular median
17.25,192.5,6.297759530967042,observed angular median
17.25,197.5,6.275523385067624,observed angular median
17.25,202.5,6.300938144758626,observed angular median
17.25,207.5,6.293825937294513,observed angular median
17.25,212.5,6.320537999574256,observed angular median
17.25,217.5,6.284270016154082,observed angular median
17.25,222.5,6.300675622308437,observed angular median
17.25,227.5,6.318887004476416,observed angular median
17.25,232.5,6.252542865683559,observed angular median
17.25,237.5,6.251438625315371,observed angular median
17.25,242.5,6.2684255297948726,observed angular median
17.25,247.5,6.191907594799275,observed angular median
17.25,252.5,6.1972857730080015,observed angular median
17.25,257.5,6.102792150194379,observed angular median
17.25,262.5,6.240399451398913,observed angular median
17.25,267.5,6.158732751836122,observed angular median
17.25,272.5,6.158478274697607,observed angular median
17.25,277.5,6.150096773683816,observed angular median
17.25,282.5,6.182699143222016,observed angular median
17.25,287.5,6.172724496439813,observed angular median
17.25,292.5,6.3001524859615365,observed angular median
17.25,297.5,6.219262215953498,observed angular median
17.25,302.5,6.213805888746196,observed angular median
17.25,307.5,6.2516042100904405,observed angular median
17.25,312.5,6.291790579499276,observed angular median
17.25,317.5,6.245918982822487,observed angular median
17.25,322.5,6.278487246896755,observed angular median
17.25,327.5,6.2405238391583415,observed angular median
17.25,332.5,6.247139601406258,observed angular median
17.25,337.5,6.241584146668117,observed angular median
17.25,342.5,6.251034266308713,observed angular median
17.25,347.5,6.25138666801991,observed angular median
17.25,352.5,6.252797931971416,observed angular median
17.25,357.5,6.222409092703233,observed angular median
17.5,2.5,6.315048126576336,observed angular median
17.5,7.5,6.274916349014698,observed angular median
17.5,12.5,6.25567662667378,observed angular median
17.5,17.5,6.240959151361212,observed angular median
17.5,22.5,6.183959188632437,observed angular median
17.5,27.5,6.207825206766752,observed angular median
17.5,32.5,6.243421230007831,observed angular median
17.5,37.5,6.294881442793314,observed angular median
17.5,42.5,6.224698619117369,observed angular median
17.5,47.5,6.224400982783386,observed angular median
17.5,52.5,6.291600309856994,observed angular median
17.5,57.5,6.269850969864477,observed angular median
17.5,62.5,6.282316786825653,observed angular median
17.5,67.5,6.20381138952538,observed angular median
17.5,72.5,6.26220466759499,observed angular median
17.5,77.5,6.270268154055288,observed angular median
17.5,82.5,6.204918784925058,observed angular median
17.5,87.5,6.2540137432357215,observed angular median
17.5,92.5,6.24048854968494,observed angular median
17.5,97.5,6.189193804635242,observed angular median
17.5,102.5,6.208510916667234,observed angular median
17.5,107.5,6.242768572711048,observed angular median
17.5,112.5,6.197945784931207,observed angular median
17.5,117.5,6.12326048088068,observed angular median
17.5,122.5,6.169818896092124,observed angular median
17.5,127.5,6.156273346975236,observed angular median
17.5,132.5,6.24044964626383,observed angular median
17.5,137.5,6.237375890969001,observed angular median
17.5,142.5,6.217746402951201,observed angular median
17.5,147.5,6.246363110297691,observed angular median
17.5,152.5,6.2346047872647485,observed angular median
17.5,157.5,6.312762903015447,observed angular median
17.5,162.5,6.308159684060167,observed angular median
17.5,167.5,6.3321642253833135,observed angular median
17.5,172.5,6.355889273242531,observed angular median
17.5,177.5,6.361503804066588,observed angular median
17.5,182.5,6.3596348583357445,observed angular median
17.5,187.5,6.312895165584622,observed angular median
17.5,192.5,6.265406159365117,observed angular median
17.5,197.5,6.2163602216659095,observed angular median
17.5,202.5,6.255570991310736,observed angular median
17.5,207.5,6.234622858690109,observed angular median
17.5,212.5,6.252468722760931,observed angular median
17.5,217.5,6.257372416858111,observed angular median
17.5,222.5,6.3086541661057565,observed angular median
17.5,227.5,6.292041412495671,observed angular median
17.5,232.5,6.23330421788297,observed angular median
17.5,237.5,6.222100379203965,observed angular median
17.5,242.5,6.224377619619401,observed angular median
17.5,247.5,6.215359084486823,observed angular median
17.5,252.5,6.215999471666475,observed angular median
17.5,257.5,6.169954090802708,observed angular median
17.5,262.5,6.2167185648870324,observed angular median
17.5,267.5,6.161623708390813,observed angular median
17.5,272.5,6.175278637377698,observed angular median
17.5,277.5,6.164579331533418,observed angular median
17.5,282.5,6.196680172683176,observed angular median
17.5,287.5,6.1982109757785455,observed angular median
17.5,292.5,6.287015879758924,observed angular median
17.5,297.5,6.230975366076663,observed angular median
17.5,302.5,6.216474883024487,observed angular median
17.5,307.5,6.209322282087124,observed angular median
17.5,312.5,6.258116523250735,observed angular median
17.5,317.5,6.213021250321361,observed angular median
17.5,322.5,6.300796052894969,observed angular median
17.5,327.5,6.275753101681807,observed angular median
17.5,332.5,6.265658551844499,observed angular median
17.5,337.5,6.291811512660831,observed angular median
17.5,342.5,6.302749583489374,observed angular median
17.5,347.5,6.271862689201371,observed angular median
17.5,352.5,6.2501150090908615,observed angular median
17.5,357.5,6.21862353485663,observed angular median
17.75,2.5,6.31968732319146,observed angular median
17.75,7.5,6.305756181312227,observed angular median
17.75,12.5,6.308248313375754,observed angular median
17.75,17.5,6.262368554516742,observed angular median
17.75,22.5,6.219890405967387,observed angular median
17.75,27.5,6.242898227305176,observed angular median
17.75,32.5,6.270778511222683,observed angular median
17.75,37.5,6.260730927676677,observed angular median
17.75,42.5,6.193519282606641,observed angular median
17.75,47.5,6.22077265135357,observed angular median
17.75,52.5,6.285434006785339,observed angular median
17.75,57.5,6.255547222106779,observed angular median
17.75,62.5,6.273276499938044,observed angular median
17.75,67.5,6.2449225344699215,observed angular median
17.75,72.5,6.278783009088846,observed angular median
17.75,77.5,6.261536757834752,observed angular median
17.75,82.5,6.195641731758402,observed angular median
17.75,87.5,6.247174227994774,observed angular median
17.75,92.5,6.262352815416123,observed angular median
17.75,97.5,6.191928108994826,observed angular median
17.75,102.5,6.1969588318906625,observed angular median
17.75,107.5,6.250109095182657,observed angular median
17.75,112.5,6.206590672384798,observed angular median
17.75,117.5,6.1601962882429175,observed angular median
17.75,122.5,6.168410772021945,observed angular median
17.75,127.5,6.169749904133488,observed angular median
17.75,132.5,6.240048565210155,observed angular median
17.75,137.5,6.226129961336227,observed angular median
17.75,142.5,6.242706603715908,observed angular median
17.75,147.5,6.288093884569877,observed angular median
17.75,152.5,6.257271206644487,observed angular median
17.75,157.5,6.327818277512586,observed angular median
17.75,162.5,6.314733855039845,observed angular median
17.75,167.5,6.31522539890779,observed angular median
17.75,172.5,6.288115529193075,observed angular median
17.75,177.5,6.336071690095974,observed angular median
17.75,182.5,6.248373748694376,observed angular median
17.75,187.5,6.2540578710489445,observed angular median
17.75,192.5,6.23711520393455,observed angular median
17.75,197.5,6.177595152566022,observed angular median
17.75,202.5,6.236603637867742,observed angular median
17.75,207.5,6.2058191299030065,observed angular median
17.75,212.5,6.219916268959518,observed angular median
17.75,217.5,6.264070326917615,observed angular median
17.75,222.5,6.271086815912189,observed angular median
17.75,227.5,6.276890054152966,observed angular median
17.75,232.5,6.208924459991778,observed angular median
17.75,237.5,6.206422494373082,observed angular median
17.75,242.5,6.206315643833615,observed angular median
17.75,247.5,6.210992233194924,observed angular median
17.75,252.5,6.228316461606579,observed angular median
17.75,257.5,6.220825989465601,observed angular median
17.75,262.5,6.20532415252667,observed angular median
17.75,267.5,6.160332285654881,observed angular median
17.75,272.5,6.197457181057097,observed angular median
17.75,277.5,6.184492472179593,observed angular median
17.75,282.5,6.2173310196900875,observed angular median
17.75,287.5,6.228577161132015,observed angular median
17.75,292.5,6.230074109351179,observed angular median
17.75,297.5,6.24540802191826,observed angular median
17.75,302.5,6.189882095442543,observed angular median
17.75,307.5,6.2320567508387015,observed angular median
17.75,312.5,6.241781529306086,observed angular median
17.75,317.5,6.190490719224577,observed angular median
17.75,322.5,6.2591960075033315,observed angular median
17.75,327.5,6.283278063961239,observed angular median
17.75,332.5,6.281569894195846,observed angular median
17.75,337.5,6.27320809870814,observed angular median
17.75,342.5,6.28283628161163,observed angular median
17.75,347.5,6.292930879500787,observed angular median
17.75,352.5,6.273210729787877,observed angular median
17.75,357.5,6.2327687023020015,observed angular median
18.0,2.5,6.331823168586109,observed angular median
18.0,7.5,6.328660045908035,observed angular median
18.0,12.5,6.296025523113488,observed angular median
18.0,17.5,6.289042300932918,observed angular median
18.0,22.5,6.255834400170967,observed angular median
18.0,27.5,6.274973040360644,observed angular median
18.0,32.5,6.296451128423966,observed angular median
18.0,37.5,6.250671435562122,observed angular median
18.0,42.5,6.207508654702041,observed angular median
18.0,47.5,6.23791845068957,observed angular median
18.0,52.5,6.239550052551709,observed angular median
18.0,57.5,6.250637958903983,observed angular median
18.0,62.5,6.265533792791776,observed angular median
18.0,67.5,6.271081289622842,observed angular median
18.0,72.5,6.297975501937062,observed angular median
18.0,77.5,6.268843055459634,observed angular median
18.0,82.5,6.200030632232836,observed angular median
18.0,87.5,6.244752413435156,observed angular median
18.0,92.5,6.232032586046087,observed angular median
18.0,97.5,6.208623668657708,observed angular median
18.0,102.5,6.212507313064249,observed angular median
18.0,107.5,6.226079766297474,observed angular median
18.0,112.5,6.228364495682857,observed angular median
18.0,117.5,6.21035806615834,observed angular median
18.0,122.5,6.174193195732852,observed angular median
18.0,127.5,6.202888850027525,observed angular median
18.0,132.5,6.163518031223196,observed angular median
18.0,137.5,6.212062503254904,observed angular median
18.0,142.5,6.179657337032369,observed angular median
18.0,147.5,6.251678253962394,observed angular median
18.0,152.5,6.28158831808516,observed angular median
18.0,157.5,6.334532903932523,observed angular median
18.0,162.5,6.294812127725056,observed angular median
18.0,167.5,6.29608236008444,observed angular median
18.0,172.5,6.340586380463883,observed angular median
18.0,177.5,6.3077976659249195,observed angular median
18.0,182.5,6.297182359082595,observed angular median
18.0,187.5,6.255934060634505,observed angular median
18.0,192.5,6.231912077568528,observed angular median
18.0,197.5,6.177546835245417,observed angular median
18.0,202.5,6.214212126301454,observed angular median
18.0,207.5,6.157802624180087,observed angular median
18.0,212.5,6.222284408239281,observed angular median
18.0,217.5,6.271441263591139,observed angular median
18.0,222.5,6.260863672231363,observed angular median
18.0,227.5,6.277062461920045,observed angular median
18.0,232.5,6.2135002438631,observed angular median
18.0,237.5,6.195626484203549,observed angular median
18.0,242.5,6.250732280423708,observed angular median
18.0,247.5,6.23409236708625,observed angular median
18.0,252.5,6.234269948046094,observed angular median
18.0,257.5,6.18955842941253,observed angular median
18.0,262.5,6.247979968135201,observed angular median
18.0,267.5,6.170411428807791,observed angular median
18.0,272.5,6.218068905196604,observed angular median
18.0,277.5,6.216624929252341,observed angular median
18.0,282.5,6.226975390944119,observed angular median
18.0,287.5,6.249378553659087,observed angular median
18.0,292.5,6.2747141455926485,observed angular median
18.0,297.5,6.257589109302683,observed angular median
18.0,302.5,6.170850966749493,observed angular median
18.0,307.5,6.252272236729118,observed angular median
18.0,312.5,6.227178502280039,observed angular median
18.0,317.5,6.224575540354261,observed angular median
18.0,322.5,6.2619444182343384,observed angular median
18.0,327.5,6.272890783209881,observed angular median
18.0,332.5,6.2024665469027775,observed angular median
18.0,337.5,6.223857570020037,observed angular median
18.0,342.5,6.23853569999722,observed angular median
18.0,347.5,6.318566644656631,observed angular median
18.0,352.5,6.274359461718232,observed angular median
18.0,357.5,6.285523289341841,observed angular median
18.25,2.5,6.333364976305635,observed angular median
18.25,7.5,6.340930255593118,observed angular median
18.25,12.5,6.2964630276643465,observed angular median
18.25,17.5,6.297315068774925,observed angular median
18.25,22.5,6.247910203341697,observed angular median
18.25,27.5,6.3046380676049125,observed angular median
18.25,32.5,6.336684158900348,observed angular median
18.25,37.5,6.288223823896567,observed angular median
18.25,42.5,6.214573974337484,observed angular median
18.25,47.5,6.25113736832289,observed angular median
18.25,52.5,6.283327682153077,observed angular median
18.25,57.5,6.25028525530784,observed angular median
18.25,62.5,6.259157366371305,observed angular median
18.25,67.5,6.259232166657583,observed angular median
18.25,72.5,6.317607910749964,observed angular median
18.25,77.5,6.276422219710858,observed angular median
18.25,82.5,6.235168446314258,observed angular median
18.25,87.5,6.260520969680593,observed angular median
18.25,92.5,6.268578112003187,observed angular median
18.25,97.5,6.218474490075744,observed angular median
18.25,102.5,6.2336314898683955,observed angular median
18.25,107.5,6.220814043040993,observed angular median
18.25,112.5,6.240199214444823,observed angular median
18.25,117.5,6.203138509468491,observed angular median
18.25,122.5,6.193866554671042,observed angular median
18.25,127.5,6.2209801891298255,observed angular median
18.25,132.5,6.202914608202974,observed angular median
18.25,137.5,6.243453504735176,observed angular median
18.25,142.5,6.11323388820472,observed angular median
18.25,147.5,6.157548503978196,observed angular median
18.25,152.5,6.292005795386682,observed angular median
18.25,157.5,6.305022123465412,observed angular median
18.25,162.5,6.293631958011867,observed angular median
18.25,167.5,6.301597548115389,observed angular median
18.25,172.5,6.323398693633127,observed angular median
18.25,177.5,6.244968346702797,observed angular median
18.25,182.5,6.30009043624263,observed angular median
18.25,187.5,6.291634012051743,observed angular median
18.25,192.5,6.214668262364704,observed angular median
18.25,197.5,6.208617947208821,observed angular median
18.25,202.5,6.202332413178446,observed angular median
18.25,207.5,6.173970392736223,observed angular median
18.25,212.5,6.1601930730304,observed angular median
18.25,217.5,6.254181203010095,observed angular median
18.25,222.5,6.271672400142289,observed angular median
18.25,227.5,6.2760233646596495,observed angular median
18.25,232.5,6.2462707697767055,observed angular median
18.25,237.5,6.2206158404700265,observed angular median
18.25,242.5,6.293838860428199,observed angular median
18.25,247.5,6.20987784620304,observed angular median
18.25,252.5,6.222387258428392,observed angular median
18.25,257.5,6.231740403135788,observed angular median
18.25,262.5,6.305016548149574,observed angular median
18.25,267.5,6.221519220991123,observed angular median
18.25,272.5,6.23468418365748,observed angular median
18.25,277.5,6.233849342497231,observed angular median
18.25,282.5,6.220831968896438,observed angular median
18.25,287.5,6.257974962575489,observed angular median
18.25,292.5,6.3055749566119275,observed angular median
18.25,297.5,6.255824565862295,observed angular median
18.25,302.5,6.170620223610179,observed angular median
18.25,307.5,6.253881742459654,observed angular median
18.25,312.5,6.20503784954208,observed angular median
18.25,317.5,6.2482059321645655,observed angular median
18.25,322.5,6.2622709501205325,observed angular median
18.25,327.5,6.246738431146289,observed angular median
18.25,332.5,6.20470076380338,observed angular median
18.25,337.5,6.231683732226915,observed angular median
18.25,342.5,6.234869958970881,observed angular median
18.25,347.5,6.25150024716392,observed angular median
18.25,352.5,6.239615109717006,observed angular median
18.25,357.5,6.2506156832522,observed angular median
18.5,2.5,6.327084221967036,observed angular median
18.5,7.5,6.348667002654151,observed angular median
18.5,12.5,6.30896277324058,observed angular median
18.5,17.5,6.280364257017921,observed angular median
18.5,22.5,6.275777926858316,observed angular median
18.5,27.5,6.328326915161479,observed angular median
18.5,32.5,6.35429847920402,observed angular median
18.5,37.5,6.347605513322159,observed angular median
18.5,42.5,6.2458272937862205,observed angular median
18.5,47.5,6.281473716413086,observed angular median
18.5,52.5,6.307716671174195,observed angular median
18.5,57.5,6.316785371187329,observed angular median
18.5,62.5,6.275393290659486,observed angular median
18.5,67.5,6.265337014708687,observed angular median
18.5,72.5,6.307201229319045,observed angular median
18.5,77.5,6.277940816872784,observed angular median
18.5,82.5,6.262465808112422,observed angular median
18.5,87.5,6.278133433515926,observed angular median
18.5,92.5,6.295952815334372,observed angular median
18.5,97.5,6.22559285282912,observed angular median
18.5,102.5,6.252261683796295,observed angular median
18.5,107.5,6.244197403735575,observed angular median
18.5,112.5,6.192570523324622,observed angular median
18.5,117.5,6.203162678382719,observed angular median
18.5,122.5,6.136450966273186,observed angular median
18.5,127.5,6.239041070516443,observed angular median
18.5,132.5,6.243067972645483,observed angular median
18.5,137.5,6.213515375978927,observed angular median
18.5,142.5,6.091748451481584,observed angular median
18.5,147.5,6.152086287474196,observed angular median
18.5,152.5,6.268347187383886,observed angular median
18.5,157.5,6.2778498318021985,observed angular median
18.5,162.5,6.291475679248306,observed angular median
18.5,167.5,6.299178206531696,observed angular median
18.5,172.5,6.3079617581034135,observed angular median
18.5,177.5,6.248367662159697,observed angular median
18.5,182.5,6.2647764784602655,observed angular median
18.5,187.5,6.324986593378491,observed angular median
18.5,192.5,6.268300483038337,observed angular median
18.5,197.5,6.256020930416582,observed angular median
18.5,202.5,6.177829502410802,observed angular median
18.5,207.5,6.205774540281483,observed angular median
18.5,212.5,6.2091378202303,observed angular median
18.5,217.5,6.26992012305172,observed angular median
18.5,222.5,6.289949527613585,observed angular median
18.5,227.5,6.269718134449603,observed angular median
18.5,232.5,6.2559694500745,observed angular median
18.5,237.5,6.232214125566417,observed angular median
18.5,242.5,6.25244485435613,observed angular median
18.5,247.5,6.194892665708111,observed angular median
18.5,252.5,6.214942630374896,observed angular median
18.5,257.5,6.282425216172579,observed angular median
18.5,262.5,6.291017700675682,observed angular median
18.5,267.5,6.243582496772521,observed angular median
18.5,272.5,6.223784918815539,observed angular median
18.5,277.5,6.238869057857709,observed angular median
18.5,282.5,6.229774108261884,observed angular median
18.5,287.5,6.230120785103439,observed angular median
18.5,292.5,6.278994659051396,observed angular median
18.5,297.5,6.237139284412525,observed angular median
18.5,302.5,6.19639198248969,observed angular median
18.5,307.5,6.2442504626560265,observed angular median
18.5,312.5,6.240331409124195,observed angular median
18.5,317.5,6.263024952888151,observed angular median
18.5,322.5,6.253060771857676,observed angular median
18.5,327.5,6.228596723292418,observed angular median
18.5,332.5,6.183352371497598,observed angular median
18.5,337.5,6.22814613108498,observed angular median
18.5,342.5,6.240236211537155,observed angular median
18.5,347.5,6.251224410951645,observed angular median
18.5,352.5,6.218995394805657,observed angular median
18.5,357.5,6.298537285744453,observed angular median
18.75,2.5,6.34149545086612,observed angular median
18.75,7.5,6.356786132051847,observed angular median
18.75,12.5,6.34544451464875,observed angular median
18.75,17.5,6.319929667273771,observed angular median
18.75,22.5,6.2879346671386935,observed angular median
18.75,27.5,6.331969789049756,observed angular median
18.75,32.5,6.349757990486812,observed angular median
18.75,37.5,6.34483870657319,observed angular median
18.75,42.5,6.278359365953646,observed angular median
18.75,47.5,6.300881577925426,observed angular median
18.75,52.5,6.315510221573739,observed angular median
18.75,57.5,6.28085703784432,observed angular median
18.75,62.5,6.298605817734116,observed angular median
18.75,67.5,6.266904046542858,observed angular median
18.75,72.5,6.307990586853994,observed angular median
18.75,77.5,6.258330098053796,observed angular median
18.75,82.5,6.274240082569234,observed angular median
18.75,87.5,6.2834310064646735,observed angular median
18.75,92.5,6.28189351091475,observed angular median
18.75,97.5,6.236133614428026,observed angular median
18.75,102.5,6.254649692600082,observed angular median
18.75,107.5,6.263149972370726,observed angular median
18.75,112.5,6.15961052098293,observed angular median
18.75,117.5,6.177042987588075,observed angular median
18.75,122.5,6.147913565550178,observed angular median
18.75,127.5,6.194444698005088,observed angular median
18.75,132.5,6.282339496945898,observed angular median
18.75,137.5,6.271556273454824,observed angular median
18.75,142.5,6.139830338199605,observed angular median
18.75,147.5,6.173194711485949,observed angular median
18.75,152.5,6.22198714190557,observed angular median
18.75,157.5,6.258879569577526,observed angular median
18.75,162.5,6.271771645547224,observed angular median
18.75,167.5,6.296972626473428,observed angular median
18.75,172.5,6.3601565289397435,observed angular median
18.75,177.5,6.266463562775914,observed angular median
18.75,182.5,6.247590111599019,observed angular median
18.75,187.5,6.339321998044058,observed angular median
18.75,192.5,6.3166675791132425,observed angular median
18.75,197.5,6.2528942907386424,observed angular median
18.75,202.5,6.228417368331205,observed angular median
18.75,207.5,6.277455847697349,observed angular median
18.75,212.5,6.300210080717989,observed angular median
18.75,217.5,6.287862564442959,observed angular median
18.75,222.5,6.284844656137269,observed angular median
18.75,227.5,6.279042232117064,observed angular median
18.75,232.5,6.242918225924457,observed angular median
18.75,237.5,6.2129771245233,observed angular median
18.75,242.5,6.2393855159768465,observed angular median
18.75,247.5,6.23611945101835,observed angular median
18.75,252.5,6.237496090752103,observed angular median
18.75,257.5,6.239915881289635,observed angular median
18.75,262.5,6.285680275115858,observed angular median
18.75,267.5,6.26381047272063,observed angular median
18.75,272.5,6.238046549162285,observed angular median
18.75,277.5,6.252165240673051,observed angular median
18.75,282.5,6.231180258447621,observed angular median
18.75,287.5,6.238612683428955,observed angular median
18.75,292.5,6.2909973884687185,observed angular median
18.75,297.5,6.263236124930128,observed angular median
18.75,302.5,6.212929540766687,observed angular median
18.75,307.5,6.204900193264249,observed angular median
18.75,312.5,6.257285237061352,observed angular median
18.75,317.5,6.283108182882202,observed angular median
18.75,322.5,6.259166845964719,observed angular median
18.75,327.5,6.247396133203917,observed angular median
18.75,332.5,6.1430293017730575,observed angular median
18.75,337.5,6.187410051031738,observed angular median
18.75,342.5,6.232190992873115,observed angular median
18.75,347.5,6.244049759750558,observed angular median
18.75,352.5,6.241773877879254,observed angular median
18.75,357.5,6.326791825208691,observed angular median
19.0,2.5,6.355894853747856,observed angular median
19.0,7.5,6.381967634788926,observed angular median
19.0,12.5,6.375568780156177,observed angular median
19.0,17.5,6.3279837000724815,observed angular median
19.0,22.5,6.307786444164063,observed angular median
19.0,27.5,6.338109934108098,observed angular median
19.0,32.5,6.345871193623103,observed angular median
19.0,37.5,6.345896477212223,observed angular median
19.0,42.5,6.302282811058845,observed angular median
19.0,47.5,6.30210938740099,observed angular median
19.0,52.5,6.317237090652165,observed angular median
19.0,57.5,6.31277337319077,observed angular median
19.0,62.5,6.304353176521786,observed angular median
19.0,67.5,6.296338636021449,observed angular median
19.0,72.5,6.292119703675695,observed angular median
19.0,77.5,6.251522826677782,observed angular median
19.0,82.5,6.246988950919721,observed angular median
19.0,87.5,6.279442615449735,observed angular median
19.0,92.5,6.27659981796182,observed angular median
19.0,97.5,6.233615764904686,observed angular median
19.0,102.5,6.239197380883142,observed angular median
19.0,107.5,6.223479250318839,observed angular median
19.0,112.5,6.102982140213492,observed angular median
19.0,117.5,6.160524215690507,observed angular median
19.0,122.5,6.142786798351071,observed angular median
19.0,127.5,6.192716932412465,observed angular median
19.0,132.5,6.183268280512631,observed angular median
19.0,137.5,6.223302507643089,observed angular median
19.0,142.5,6.171170694745554,observed angular median
19.0,147.5,6.204280762360611,observed angular median
19.0,152.5,6.230393150859416,observed angular median
19.0,157.5,6.2606293720831845,observed angular median
19.0,162.5,6.257541600554149,observed angular median
19.0,167.5,6.2859787939094565,observed angular median
19.0,172.5,6.3116022908702,observed angular median
19.0,177.5,6.303679042872499,observed angular median
19.0,182.5,6.273522608220553,observed angular median
19.0,187.5,6.317551158009469,observed angular median
19.0,192.5,6.26893018358809,observed angular median
19.0,197.5,6.267105539140049,observed angular median
19.0,202.5,6.264308699539866,observed angular median
19.0,207.5,6.311427145257975,observed angular median
19.0,212.5,6.297507619581928,observed angular median
19.0,217.5,6.282844917465692,observed angular median
19.0,222.5,6.3196566851007745,observed angular median
19.0,227.5,6.2786364548511555,observed angular median
19.0,232.5,6.269581687061118,observed angular median
19.0,237.5,6.2130811293515675,observed angular median
19.0,242.5,6.247974066505888,observed angular median
19.0,247.5,6.251647726826894,observed angular median
19.0,252.5,6.245295855382677,observed angular median
19.0,257.5,6.252566576647013,observed angular median
19.0,262.5,6.255473795401378,observed angular median
19.0,267.5,6.25037775569154,observed angular median
19.0,272.5,6.257437312140057,observed angular median
19.0,277.5,6.2420202628199,observed angular median
19.0,282.5,6.219719701723417,observed angular median
19.0,287.5,6.2465773114015635,observed angular median
19.0,292.5,6.314213977699186,observed angular median
19.0,297.5,6.296796297905265,observed angular median
19.0,302.5,6.220601154140873,observed angular median
19.0,307.5,6.218074444016615,observed angular median
19.0,312.5,6.252295406018933,observed angular median
19.0,317.5,6.277673859997527,observed angular median
19.0,322.5,6.241485674091999,observed angular median
19.0,327.5,6.2322108436720125,observed angular median
19.0,332.5,6.152101112536373,observed angular median
19.0,337.5,6.195430248353886,observed angular median
19.0,342.5,6.253642667611841,observed angular median
19.0,347.5,6.2476279153201615,observed angular median
19.0,352.5,6.2466530111692435,observed angular median
19.0,357.5,6.325056289330137,observed angular median
19.25,2.5,6.360770552720153,observed angular median
19.25,7.5,6.3787119694908165,observed angular median
19.25,12.5,6.381896879314424,observed angular median
19.25,17.5,6.358761896331547,observed angular median
19.25,22.5,6.332887963292598,observed angular median
19.25,27.5,6.329182804506392,observed angular median
19.25,32.5,6.330233255151223,observed angular median
19.25,37.5,6.326014735503141,observed angular median
19.25,42.5,6.275114948106385,observed angular median
19.25,47.5,6.303592877429899,observed angular median
19.25,52.5,6.334538095316969,observed angular median
19.25,57.5,6.355884326188741,observed angular median
19.25,62.5,6.299906142240879,observed angular median
19.25,67.5,6.319883747812431,observed angular median
19.25,72.5,6.303693882912106,observed angular median
19.25,77.5,6.309073083693443,observed angular median
19.25,82.5,6.22259366923086,observed angular median
19.25,87.5,6.283083963907996,observed angular median
19.25,92.5,6.270631765513735,observed angular median
19.25,97.5,6.2228580207654405,observed angular median
19.25,102.5,6.256997317185599,observed angular median
19.25,107.5,6.210305965093811,observed angular median
19.25,112.5,6.14697605138189,observed angular median
19.25,117.5,6.165537087704112,observed angular median
19.25,122.5,6.147975175677322,observed angular median
19.25,127.5,6.214912061576192,observed angular median
19.25,132.5,6.239296018832089,observed angular median
19.25,137.5,6.2065149004242866,observed angular median
19.25,142.5,6.1611316606083015,observed angular median
19.25,147.5,6.190611218711734,observed angular median
19.25,152.5,6.233806015599853,observed angular median
19.25,157.5,6.312739339106118,observed angular median
19.25,162.5,6.258672756846534,observed angular median
19.25,167.5,6.242808380995521,observed angular median
19.25,172.5,6.2795951220533945,observed angular median
19.25,177.5,6.292536287858006,observed angular median
19.25,182.5,6.305050670156937,observed angular median
19.25,187.5,6.332790615357243,observed angular median
19.25,192.5,6.292991895649953,observed angular median
19.25,197.5,6.304691641957521,observed angular median
19.25,202.5,6.256710521901525,observed angular median
19.25,207.5,6.356561614269388,observed angular median
19.25,212.5,6.317034264884915,observed angular median
19.25,217.5,6.270881846764844,observed angular median
19.25,222.5,6.317336496983976,observed angular median
19.25,227.5,6.312449410153186,observed angular median
19.25,232.5,6.260914518463984,observed angular median
19.25,237.5,6.253270816923537,observed angular median
19.25,242.5,6.275101582487284,observed angular median
19.25,247.5,6.2663912499930685,observed angular median
19.25,252.5,6.250736066207177,observed angular median
19.25,257.5,6.278451991242222,observed angular median
19.25,262.5,6.250685396300796,observed angular median
19.25,267.5,6.213830485846647,observed angular median
19.25,272.5,6.228380304478856,observed angular median
19.25,277.5,6.245302062111926,observed angular median
19.25,282.5,6.218947174547811,observed angular median
19.25,287.5,6.270932586168802,observed angular median
19.25,292.5,6.297620140296919,observed angular median
19.25,297.5,6.292539829287284,observed angular median
19.25,302.5,6.274503105146801,observed angular median
19.25,307.5,6.218208950259784,observed angular median
19.25,312.5,6.247429721690557,observed angular median
19.25,317.5,6.285503004731387,observed angular median
19.25,322.5,6.255957800475338,observed angular median
19.25,327.5,6.231303987478515,observed angular median
19.25,332.5,6.17914858599404,observed angular median
19.25,337.5,6.2005240816603875,observed angular median
19.25,342.5,6.230652416549878,observed angular median
19.25,347.5,6.2703363418346525,observed angular median
19.25,352.5,6.256085063290446,observed angular median
19.25,357.5,6.305585202011672,observed angular median
19.5,2.5,6.34844346581752,observed angular median
19.5,7.5,6.343031470360182,observed angular median
19.5,12.5,6.38094068899273,observed angular median
19.5,17.5,6.392419365090495,observed angular median
19.5,22.5,6.330232503229926,observed angular median
19.5,27.5,6.305983823329655,observed angular median
19.5,32.5,6.329209701688703,observed angular median
19.5,37.5,6.330650263273643,observed angular median
19.5,42.5,6.303336802918784,observed angular median
19.5,47.5,6.295777624878975,observed angular median
19.5,52.5,6.33626072778239,observed angular median
19.5,57.5,6.368499681527114,observed angular median
19.5,62.5,6.327786363119117,observed angular median
19.5,67.5,6.322701291523234,observed angular median
19.5,72.5,6.325082686297886,observed angular median
19.5,77.5,6.311285036406966,observed angular median
19.5,82.5,6.2142252257069215,observed angular median
19.5,87.5,6.2674972391480175,observed angular median
19.5,92.5,6.294672693424076,observed angular median
19.5,97.5,6.21872352772067,observed angular median
19.5,102.5,6.216761550635957,observed angular median
19.5,107.5,6.237229639106413,observed angular median
19.5,112.5,6.189740517544426,observed angular median
19.5,117.5,6.202237297484336,observed angular median
19.5,122.5,6.15619380386334,observed angular median
19.5,127.5,6.188114965337165,observed angular median
19.5,132.5,6.300346972162768,observed angular median
19.5,137.5,6.237602600207493,observed angular median
19.5,142.5,6.1658951399978426,observed angular median
19.5,147.5,6.15022778639983,observed angular median
19.5,152.5,6.251517885101402,observed angular median
19.5,157.5,6.348792530833106,observed angular median
19.5,162.5,6.35508238767375,observed angular median
19.5,167.5,6.244132718860187,observed angular median
19.5,172.5,6.329894787039679,observed angular median
19.5,177.5,6.28703591567653,observed angular median
19.5,182.5,6.340196187848331,observed angular median
19.5,187.5,6.396242765806188,observed angular median
19.5,192.5,6.296038109806579,observed angular median
19.5,197.5,6.307131225589928,observed angular median
19.5,202.5,6.280811668271463,observed angular median
19.5,207.5,6.351034217986916,observed angular median
19.5,212.5,6.3110738826017,observed angular median
19.5,217.5,6.29967851733811,observed angular median
19.5,222.5,6.326372580526008,observed angular median
19.5,227.5,6.291133009551208,observed angular median
19.5,232.5,6.281861097020138,observed angular median
19.5,237.5,6.274686645043571,observed angular median
19.5,242.5,6.276688060117449,observed angular median
19.5,247.5,6.284191780060332,observed angular median
19.5,252.5,6.271100420936402,observed angular median
19.5,257.5,6.265389211402809,observed angular median
19.5,262.5,6.246824737387512,observed angular median
19.5,267.5,6.206483265642737,observed angular median
19.5,272.5,6.218615905239541,observed angular median
19.5,277.5,6.231324574654677,observed angular median
19.5,282.5,6.182923340374953,observed angular median
19.5,287.5,6.26912654828606,observed angular median
19.5,292.5,6.299426150582885,observed angular median
19.5,297.5,6.269211999770398,observed angular median
19.5,302.5,6.281935604596519,observed angular median
19.5,307.5,6.217084910819636,observed angular median
19.5,312.5,6.223186547906883,observed angular median
19.5,317.5,6.2686027156513475,observed angular median
19.5,322.5,6.252346526140669,observed angular median
19.5,327.5,6.235553135431698,observed angular median
19.5,332.5,6.19662668513898,observed angular median
19.5,337.5,6.211302948180567,observed angular median
19.5,342.5,6.247874930695809,observed angular median
19.5,347.5,6.283812284046673,observed angular median
19.5,352.5,6.269461670621678,observed angular median
19.5,357.5,6.304850672012774,observed angular median
19.75,2.5,6.336826834269332,observed angular median
19.75,7.5,6.322951992079908,observed angular median
19.75,12.5,6.331644781110541,observed angular median
19.75,17.5,6.3625695916596055,observed angular median
19.75,22.5,6.329287838125996,observed angular median
19.75,27.5,6.320393177764935,observed angular median
19.75,32.5,6.355593986044074,observed angular median
19.75,37.5,6.352854223938758,observed angular median
19.75,42.5,6.330060915565595,observed angular median
19.75,47.5,6.2696886719577725,observed angular median
19.75,52.5,6.335171405673054,observed angular median
19.75,57.5,6.35222040768655,observed angular median
19.75,62.5,6.3507796532629435,observed angular median
19.75,67.5,6.308321626395531,observed angular median
19.75,72.5,6.329025254499154,observed angular median
19.75,77.5,6.320831943281516,observed angular median
19.75,82.5,6.293543465834618,observed angular median
19.75,87.5,6.232961088266856,observed angular median
19.75,92.5,6.297256360411607,observed angular median
19.75,97.5,6.238181104984133,observed angular median
19.75,102.5,6.218975146786713,observed angular median
19.75,107.5,6.257343909288322,observed angular median
19.75,112.5,6.242663966495315,observed angular median
19.75,117.5,6.228869586980059,observed angular median
19.75,122.5,6.193414089010256,observed angular median
19.75,127.5,6.20010937468862,observed angular median
19.75,132.5,6.205852473576925,observed angular median
19.75,137.5,6.279868202727837,observed angular median
19.75,142.5,6.182265511751659,observed angular median
19.75,147.5,6.190765747348085,observed angular median
19.75,152.5,6.291172883026822,observed angular median
19.75,157.5,6.35640598012135,observed angular median
19.75,162.5,6.327650580268759,observed angular median
19.75,167.5,6.276003860430555,observed angular median
19.75,172.5,6.3717134263018975,observed angular median
19.75,177.5,6.304316358207492,observed angular median
19.75,182.5,6.344831981269096,observed angular median
19.75,187.5,6.39106847598478,observed angular median
19.75,192.5,6.361693075522171,observed angular median
19.75,197.5,6.296681146365927,observed angular median
19.75,202.5,6.303008582788284,observed angular median
19.75,207.5,6.336486977282517,observed angular median
19.75,212.5,6.294819115865608,observed angular median
19.75,217.5,6.297754457227283,observed angular median
19.75,222.5,6.317209234855705,observed angular median
19.75,227.5,6.334384721273837,observed angular median
19.75,232.5,6.296502096558551,observed angular median
19.75,237.5,6.273594379266524,observed angular median
19.75,242.5,6.277121385544796,observed angular median
19.75,247.5,6.294825940517535,observed angular median
19.75,252.5,6.280400386920304,observed angular median
19.75,257.5,6.262543784338682,observed angular median
19.75,262.5,6.2613603789256285,observed angular median
19.75,267.5,6.207478257949344,observed angular median
19.75,272.5,6.221719626154767,observed angular median
19.75,277.5,6.220199178298811,observed angular median
19.75,282.5,6.167426635045164,observed angular median
19.75,287.5,6.265357601852181,observed angular median
19.75,292.5,6.285774776137312,observed angular median
19.75,297.5,6.26233647483909,observed angular median
19.75,302.5,6.253245102532335,observed angular median
19.75,307.5,6.199402011619199,observed angular median
19.75,312.5,6.246992188986322,observed angular median
19.75,317.5,6.261637821098184,observed angular median
19.75,322.5,6.251242814810869,observed angular median
19.75,327.5,6.247823339173005,observed angular median
19.75,332.5,6.245549551011193,observed angular median
19.75,337.5,6.2144646984992296,observed angular median
19.75,342.5,6.283878733680762,observed angular median
19.75,347.5,6.287486999775993,observed angular median
19.75,352.5,6.289837976535938,observed angular median
19.75,357.5,6.330626982697615,observed angular median
20.0,2.5,6.325607455496241,observed angular median
20.0,7.5,6.306537641703999,observed angular median
20.0,12.5,6.323724175198764,observed angular median
20.0,17.5,6.343439635620115,observed angular median
20.0,22.5,6.312478084710964,observed angular median
20.0,27.5,6.2952773100236366,observed angular median
20.0,32.5,6.325317608792838,observed angular median
20.0,37.5,6.329033174854024,observed angular median
20.0,42.5,6.302632240576691,observed angular median
20.0,47.5,6.252451084986786,observed angular median
20.0,52.5,6.334240076389618,observed angular median
20.0,57.5,6.362536920519661,observed angular median
20.0,62.5,6.3348129541778775,observed angular median
20.0,67.5,6.302076999706884,observed angular median
20.0,72.5,6.312261919596271,observed angular median
20.0,77.5,6.300293971782181,observed angular median
20.0,82.5,6.317423313452547,observed angular median
20.0,87.5,6.258548432200792,observed angular median
20.0,92.5,6.302338198891009,observed angular median
20.0,97.5,6.28796636699742,observed angular median
20.0,102.5,6.250742505621958,observed angular median
20.0,107.5,6.266194958948461,observed angular median
20.0,112.5,6.247793051608893,observed angular median
20.0,117.5,6.204583083444567,observed angular median
20.0,122.5,6.225527174464572,observed angular median
20.0,127.5,6.233108308820754,observed angular median
20.0,132.5,6.186923387517063,observed angular median
20.0,137.5,6.2420587689059355,observed angular median
20.0,142.5,6.189983141929164,observed angular median
20.0,147.5,6.284247091118771,observed angular median
20.0,152.5,6.361433485507299,observed angular median
20.0,157.5,6.37108462464314,observed angular median
20.0,162.5,6.367420593126964,observed angular median
20.0,167.5,6.328847972460695,observed angular median
20.0,172.5,6.300642245851567,observed angular median
20.0,177.5,6.306348181564569,observed angular median
20.0,182.5,6.3540445546353395,observed angular median
20.0,187.5,6.4136881652982005,observed angular median
20.0,192.5,6.379997203766236,observed angular median
20.0,197.5,6.3003353700857785,observed angular median
20.0,202.5,6.310756619100353,observed angular median
20.0,207.5,6.3484537520905,observed angular median
20.0,212.5,6.291406489788582,observed angular median
20.0,217.5,6.283438855294825,observed angular median
20.0,222.5,6.315906849698864,observed angular median
20.0,227.5,6.334563723515018,observed angular median
20.0,232.5,6.310641496773785,observed angular median
20.0,237.5,6.272662456346187,observed angular median
20.0,242.5,6.27306334311068,observed angular median
20.0,247.5,6.305621919108944,observed angular median
20.0,252.5,6.308954177907122,observed angular median
20.0,257.5,6.2822977859561195,observed angular median
20.0,262.5,6.2913644128589015,observed angular median
20.0,267.5,6.224477920237643,observed angular median
20.0,272.5,6.23228626187556,observed angular median
20.0,277.5,6.221497543151239,observed angular median
20.0,282.5,6.195117114293768,observed angular median
20.0,287.5,6.21918756535786,observed angular median
20.0,292.5,6.26730592987131,observed angular median
20.0,297.5,6.22885450309474,observed angular median
20.0,302.5,6.1928723237194,observed angular median
20.0,307.5,6.2104926970801895,observed angular median
20.0,312.5,6.250855606601056,observed angular median
20.0,317.5,6.259010066214183,observed angular median
20.0,322.5,6.231301666352655,observed angular median
20.0,327.5,6.269792351372705,observed angular median
20.0,332.5,6.250562932603401,observed angular median
20.0,337.5,6.224457744904762,observed angular median
20.0,342.5,6.303684797192002,observed angular median
20.0,347.5,6.298297555894711,observed angular median
20.0,352.5,6.287654104126482,observed angular median
20.0,357.5,6.32721561654845,observed angular median
20.25,2.5,6.3104051386724676,observed angular median
20.25,7.5,6.300576617628427,observed angular median
20.25,12.5,6.306347848445171,observed angular median
20.25,17.5,6.327932740066653,observed angular median
20.25,22.5,6.324324108662143,observed angular median
20.25,27.5,6.295243030251873,observed angular median
20.25,32.5,6.329334625128556,observed angular median
20.25,37.5,6.3188494560662605,observed angular median
20.25,42.5,6.274248578387953,observed angular median
20.25,47.5,6.259535561559915,observed angular median
20.25,52.5,6.313860827258674,observed angular median
20.25,57.5,6.361717322352913,observed angular median
20.25,62.5,6.3165961676585995,observed angular median
20.25,67.5,6.3076429893678965,observed angular median
20.25,72.5,6.305901975812672,observed angular median
20.25,77.5,6.28452998995318,observed angular median
20.25,82.5,6.319358450108614,observed angular median
20.25,87.5,6.281179614908832,observed angular median
20.25,92.5,6.30672299804009,observed angular median
20.25,97.5,6.269192436673979,observed angular median
20.25,102.5,6.275204636506428,observed angular median
20.25,107.5,6.292108110700882,observed angular median
20.25,112.5,6.210099677735321,observed angular median
20.25,117.5,6.205125225891559,observed angular median
20.25,122.5,6.250563262951115,observed angular median
20.25,127.5,6.22248409317846,observed angular median
20.25,132.5,6.22248650313486,observed angular median
20.25,137.5,6.225520688153501,observed angular median
20.25,142.5,6.164383465571571,observed angular median
20.25,147.5,6.2682509723752995,observed angular median
20.25,152.5,6.301501414295469,observed angular median
20.25,157.5,6.333228972919782,observed angular median
20.25,162.5,6.388499797631883,observed angular median
20.25,167.5,6.333043032200683,observed angular median
20.25,172.5,6.31232041893326,observed angular median
20.25,177.5,6.338937732640123,observed angular median
20.25,182.5,6.387075385336283,observed angular median
20.25,187.5,6.376863870685164,observed angular median
20.25,192.5,6.37721847995319,observed angular median
20.25,197.5,6.342239022740368,observed angular median
20.25,202.5,6.272890285854999,observed angular median
20.25,207.5,6.3523805144593535,observed angular median
20.25,212.5,6.3047330611490375,observed angular median
20.25,217.5,6.28787419289354,observed angular median
20.25,222.5,6.29813648973829,observed angular median
20.25,227.5,6.300837465309842,observed angular median
20.25,232.5,6.30209667075941,observed angular median
20.25,237.5,6.267170504040328,observed angular median
20.25,242.5,6.300661460994498,observed angular median
20.25,247.5,6.30163946618035,observed angular median
20.25,252.5,6.291800557222414,observed angular median
20.25,257.5,6.266104809837549,observed angular median
20.25,262.5,6.3137767423754,observed angular median
20.25,267.5,6.271861126888405,observed angular median
20.25,272.5,6.247976585101519,observed angular median
20.25,277.5,6.230165097600437,observed angular median
20.25,282.5,6.2339088724427265,observed angular median
20.25,287.5,6.231464622048687,observed angular median
20.25,292.5,6.256064794548478,observed angular median
20.25,297.5,6.241643774129486,observed angular median
20.25,302.5,6.183463310332684,observed angular median
20.25,307.5,6.2128001109881,observed angular median
20.25,312.5,6.261592363249633,observed angular median
20.25,317.5,6.249066246392427,observed angular median
20.25,322.5,6.235369285752222,observed angular median
20.25,327.5,6.263451199817082,observed angular median
20.25,332.5,6.254271527579163,observed angular median
20.25,337.5,6.229518394465581,observed angular median
20.25,342.5,6.299710152863229,observed angular median
20.25,347.5,6.296973954037607,observed angular median
20.25,352.5,6.300531538867872,observed angular median
20.25,357.5,6.286811163710001,observed angular median
20.5,2.5,6.30632824038371,observed angular median
20.5,7.5,6.299106660436618,observed angular median
20.5,12.5,6.2728348809147345,observed angular median
20.5,17.5,6.313116929707887,observed angular median
20.5,22.5,6.313736205904984,observed angular median
20.5,27.5,6.290583165311473,observed angular median
20.5,32.5,6.318545907882187,observed angular median
20.5,37.5,6.289912637299136,observed angular median
20.5,42.5,6.260541640549754,observed angular median
20.5,47.5,6.227973956532023,observed angular median
20.5,52.5,6.310234054029846,observed angular median
20.5,57.5,6.321415771171601,observed angular median
20.5,62.5,6.292809005474869,observed angular median
20.5,67.5,6.25166487985332,observed angular median
20.5,72.5,6.312017680998938,observed angular median
20.5,77.5,6.270607682001316,observed angular median
20.5,82.5,6.286921450133457,observed angular median
20.5,87.5,6.2879683744545884,observed angular median
20.5,92.5,6.300075560369955,observed angular median
20.5,97.5,6.248738927429269,observed angular median
20.5,102.5,6.27496454348622,observed angular median
20.5,107.5,6.286367707161004,observed angular median
20.5,112.5,6.239092238325095,observed angular median
20.5,117.5,6.207392617465931,observed angular median
20.5,122.5,6.225458760276522,observed angular median
20.5,127.5,6.216601963268178,observed angular median
20.5,132.5,6.244899469735646,observed angular median
20.5,137.5,6.273486768752725,observed angular median
20.5,142.5,6.171043653615822,observed angular median
20.5,147.5,6.240103296789249,observed angular median
20.5,152.5,6.276705450889043,observed angular median
20.5,157.5,6.330860493352738,observed angular median
20.5,162.5,6.367031866112156,observed angular median
20.5,167.5,6.354396164459564,observed angular median
20.5,172.5,6.367147477492322,observed angular median
20.5,177.5,6.350908818868677,observed angular median
20.5,182.5,6.376163891872977,observed angular median
20.5,187.5,6.349088039735354,observed angular median
20.5,192.5,6.361138709479663,observed angular median
20.5,197.5,6.308836024125663,observed angular median
20.5,202.5,6.257166553157204,observed angular median
20.5,207.5,6.337560420791375,observed angular median
20.5,212.5,6.320369998368127,observed angular median
20.5,217.5,6.297571773824524,observed angular median
20.5,222.5,6.32171150058904,observed angular median
20.5,227.5,6.291548126217677,observed angular median
20.5,232.5,6.285352437653733,observed angular median
20.5,237.5,6.267335456710814,observed angular median
20.5,242.5,6.312740467874825,observed angular median
20.5,247.5,6.295565902621751,observed angular median
20.5,252.5,6.254251243016176,observed angular median
20.5,257.5,6.247661139142614,observed angular median
20.5,262.5,6.26551859668689,observed angular median
20.5,267.5,6.237040781421767,observed angular median
20.5,272.5,6.26263541352141,observed angular median
20.5,277.5,6.257797354812212,observed angular median
20.5,282.5,6.250711280632748,observed angular median
20.5,287.5,6.246501661687878,observed angular median
20.5,292.5,6.314415954696861,observed angular median
20.5,297.5,6.281088922891521,observed angular median
20.5,302.5,6.206782391010424,observed angular median
20.5,307.5,6.2387957439837916,observed angular median
20.5,312.5,6.262738543014272,observed angular median
20.5,317.5,6.247741152628604,observed angular median
20.5,322.5,6.2406601801473105,observed angular median
20.5,327.5,6.233208575038757,observed angular median
20.5,332.5,6.249520181340241,observed angular median
20.5,337.5,6.239608754381917,observed angular median
20.5,342.5,6.279365543284172,observed angular median
20.5,347.5,6.283261491463543,observed angular median
20.5,352.5,6.286552060638815,observed angular median
20.5,357.5,6.275377923952869,observed angular median
20.75,2.5,6.312759562230615,observed angular median
20.75,7.5,6.2914868621857085,observed angular median
20.75,12.5,6.268322002568523,observed angular median
20.75,17.5,6.304528190240411,observed angular median
20.75,22.5,6.297612263892373,observed angular median
20.75,27.5,6.269032104546575,observed angular median
20.75,32.5,6.310260920246488,observed angular median
20.75,37.5,6.29125468358359,observed angular median
20.75,42.5,6.231881466733084,observed angular median
20.75,47.5,6.215409915842441,observed angular median
20.75,52.5,6.295293940575331,observed angular median
20.75,57.5,6.316092118094764,observed angular median
20.75,62.5,6.274349874860932,observed angular median
20.75,67.5,6.240982971652683,observed angular median
20.75,72.5,6.273482653359406,observed angular median
20.75,77.5,6.266484399580561,observed angular median
20.75,82.5,6.263432572090204,observed angular median
20.75,87.5,6.24819970591587,observed angular median
20.75,92.5,6.286887796697136,observed angular median
20.75,97.5,6.2252211535888105,observed angular median
20.75,102.5,6.262539935257037,observed angular median
20.75,107.5,6.281414080618521,observed angular median
20.75,112.5,6.282877315836474,observed angular median
20.75,117.5,6.227533403106925,observed angular median
20.75,122.5,6.203148321017967,observed angular median
20.75,127.5,6.2317939963208655,observed angular median
20.75,132.5,6.215603955719411,observed angular median
20.75,137.5,6.278614175390018,observed angular median
20.75,142.5,6.266075525829151,observed angular median
20.75,147.5,6.259704936441845,observed angular median
20.75,152.5,6.246528887572058,observed angular median
20.75,157.5,6.462741678520895,observed angular median
20.75,162.5,6.3804454786850595,observed angular median
20.75,167.5,6.3348930614792245,observed angular median
20.75,172.5,6.338378070013029,observed angular median
20.75,177.5,6.347798809300305,observed angular median
20.75,182.5,6.357094896457806,observed angular median
20.75,187.5,6.324664592279881,observed angular median
20.75,192.5,6.341971345239354,observed angular median
20.75,197.5,6.27120593399805,observed angular median
20.75,202.5,6.253221672563049,observed angular median
20.75,207.5,6.28882801798596,observed angular median
20.75,212.5,6.327594191622071,observed angular median
20.75,217.5,6.299500858609264,observed angular median
20.75,222.5,6.317607769902459,observed angular median
20.75,227.5,6.277335362784241,observed angular median
20.75,232.5,6.278704226594331,observed angular median
20.75,237.5,6.276091149918916,observed angular median
20.75,242.5,6.302559356182367,observed angular median
20.75,247.5,6.2883183701404475,observed angular median
20.75,252.5,6.251571096038954,observed angular median
20.75,257.5,6.269371236291959,observed angular median
20.75,262.5,6.253367173745403,observed angular median
20.75,267.5,6.216710302064069,observed angular median
20.75,272.5,6.251206231976926,observed angular median
20.75,277.5,6.2561030620906175,observed angular median
20.75,282.5,6.225457732498401,observed angular median
20.75,287.5,6.231870844753626,observed angular median
20.75,292.5,6.332812415823698,observed angular median
20.75,297.5,6.275351236735302,observed angular median
20.75,302.5,6.1978966006004095,observed angular median
20.75,307.5,6.252664041267682,observed angular median
20.75,312.5,6.245086704299146,observed angular median
20.75,317.5,6.258080010806054,observed angular median
20.75,322.5,6.26748894338216,observed angular median
20.75,327.5,6.208061677606697,observed angular median
20.75,332.5,6.201436851186678,observed angular median
20.75,337.5,6.241153247983031,observed angular median
20.75,342.5,6.254281702499004,observed angular median
20.75,347.5,6.281203285574993,observed angular median
20.75,352.5,6.242096478111707,observed angular median
20.75,357.5,6.287634262080855,observed angular median
21.0,2.5,6.324648347846534,observed angular median
21.0,7.5,6.288790030146509,observed angular median
21.0,12.5,6.288520274172069,observed angular median
21.0,17.5,6.307419885034104,observed angular median
21.0,22.5,6.290510151485186,observed angular median
21.0,27.5,6.27109992236733,observed angular median
21.0,32.5,6.308810956328188,observed angular median
21.0,37.5,6.313051519823803,observed angular median
21.0,42.5,6.260113573079322,observed angular median
21.0,47.5,6.286338089423796,observed angular median
21.0,52.5,6.293348459418853,observed angular median
21.0,57.5,6.313331688613586,observed angular median
21.0,62.5,6.247671925246099,observed angular median
21.0,67.5,6.23952893557824,observed angular median
21.0,72.5,6.28636617328185,observed angular median
21.0,77.5,6.254974514516121,observed angular median
21.0,82.5,6.2421047761604855,observed angular median
21.0,87.5,6.241323902144417,observed angular median
21.0,92.5,6.277721720251273,observed angular median
21.0,97.5,6.217598180649187,observed angular median
21.0,102.5,6.199094387562183,observed angular median
21.0,107.5,6.309174674327913,observed angular median
21.0,112.5,6.256929015193723,observed angular median
21.0,117.5,6.240811095055594,observed angular median
21.0,122.5,6.200475488843364,observed angular median
21.0,127.5,6.248642298872393,observed angular median
21.0,132.5,6.226515602974333,observed angular median
21.0,137.5,6.274725863372318,observed angular median
21.0,142.5,6.293563155911785,observed angular median
21.0,147.5,6.29395353397445,observed angular median
21.0,152.5,6.265432060834513,observed angular median
21.0,157.5,6.408450296522846,observed angular median
21.0,162.5,6.380606166592063,observed angular median
21.0,167.5,6.311810336023666,observed angular median
21.0,172.5,6.3118225906571945,observed angular median
21.0,177.5,6.331010071773727,observed angular median
21.0,182.5,6.354656170146964,observed angular median
21.0,187.5,6.36331402420888,observed angular median
21.0,192.5,6.346810473699236,observed angular median
21.0,197.5,6.292113318175204,observed angular median
21.0,202.5,6.293090789129725,observed angular median
21.0,207.5,6.2958176463153315,observed angular median
21.0,212.5,6.354238319190138,observed angular median
21.0,217.5,6.307594124361939,observed angular median
21.0,222.5,6.329429486508607,observed angular median
21.0,227.5,6.279415389433893,observed angular median
21.0,232.5,6.259793376700366,observed angular median
21.0,237.5,6.278554075421105,observed angular median
21.0,242.5,6.324116918523259,observed angular median
21.0,247.5,6.275792875685129,observed angular median
21.0,252.5,6.25058257081036,observed angular median
21.0,257.5,6.29189233411313,observed angular median
21.0,262.5,6.238206398406885,observed angular median
21.0,267.5,6.227907577509589,observed angular median
21.0,272.5,6.225692842451192,observed angular median
21.0,277.5,6.234175719149094,observed angular median
21.0,282.5,6.19695364175522,observed angular median
21.0,287.5,6.193394303058247,observed angular median
21.0,292.5,6.267130871017194,observed angular median
21.0,297.5,6.2455144346538916,observed angular median
21.0,302.5,6.195148573416838,observed angular median
21.0,307.5,6.245528203475907,observed angular median
21.0,312.5,6.2484223383368,observed angular median
21.0,317.5,6.250229171423696,observed angular median
21.0,322.5,6.253494829438566,observed angular median
21.0,327.5,6.231183381886181,observed angular median
21.0,332.5,6.200083559773389,observed angular median
21.0,337.5,6.237821002349215,observed angular median
21.0,342.5,6.2585943923469305,observed angular median
21.0,347.5,6.285190151927094,observed angular median
21.0,352.5,6.251246734532678,observed angular median
21.0,357.5,6.270914341270815,observed angular median
21.25,2.5,6.330800684537914,observed angular median
21.25,7.5,6.331376608543622,observed angular median
21.25,12.5,6.342665095339992,observed angular median
21.25,17.5,6.338799314305081,observed angular median
21.25,22.5,6.30423394116696,observed angular median
21.25,27.5,6.301301019843522,observed angular median
21.25,32.5,6.320452929893013,observed angular median
21.25,37.5,6.324874042261316,observed angular median
21.25,42.5,6.280321247222544,observed angular median
21.25,47.5,6.288442339611576,observed angular median
21.25,52.5,6.312468346934956,observed angular median
21.25,57.5,6.307156579563449,observed angular median
21.25,62.5,6.233428136240039,observed angular median
21.25,67.5,6.225961230629425,observed angular median
21.25,72.5,6.291784778914678,observed angular median
21.25,77.5,6.260878352812232,observed angular median
21.25,82.5,6.220187644083617,observed angular median
21.25,87.5,6.229217979437377,observed angular median
21.25,92.5,6.265316155289778,observed angular median
21.25,97.5,6.2113949429303865,observed angular median
21.25,102.5,6.19888171789381,observed angular median
21.25,107.5,6.33789801947074,observed angular median
21.25,112.5,6.291038995922987,observed angular median
21.25,117.5,6.22726179073001,observed angular median
21.25,122.5,6.205143656159789,observed angular median
21.25,127.5,6.2104621588052495,observed angular median
21.25,132.5,6.2343891133490335,observed angular median
21.25,137.5,6.23110787007476,observed angular median
21.25,142.5,6.265154288182485,observed angular median
21.25,147.5,6.281052245360335,observed angular median
21.25,152.5,6.287483391958014,observed angular median
21.25,157.5,6.3993632448058015,observed angular median
21.25,162.5,6.379113800627662,observed angular median
21.25,167.5,6.321515797144855,observed angular median
21.25,172.5,6.300694749909712,observed angular median
21.25,177.5,6.357871063125865,observed angular median
21.25,182.5,6.310316808151673,observed angular median
21.25,187.5,6.3856374686760375,observed angular median
21.25,192.5,6.331233956589182,observed angular median
21.25,197.5,6.294494371875668,observed angular median
21.25,202.5,6.31440129600392,observed angular median
21.25,207.5,6.325420729598596,observed angular median
21.25,212.5,6.35826124339596,observed angular median
21.25,217.5,6.312612135814694,observed angular median
21.25,222.5,6.335791618378947,observed angular median
21.25,227.5,6.282810760358461,observed angular median
21.25,232.5,6.238075268159661,observed angular median
21.25,237.5,6.278516261958692,observed angular median
21.25,242.5,6.327225905165966,observed angular median
21.25,247.5,6.288401726662212,observed angular median
21.25,252.5,6.238582499376338,observed angular median
21.25,257.5,6.256258777388901,observed angular median
21.25,262.5,6.257644634295924,observed angular median
21.25,267.5,6.226208862406302,observed angular median
21.25,272.5,6.2190398491155365,observed angular median
21.25,277.5,6.235634719541039,observed angular median
21.25,282.5,6.216225725754245,observed angular median
21.25,287.5,6.189443669602272,observed angular median
21.25,292.5,6.259954612472129,observed angular median
21.25,297.5,6.2243280491922786,observed angular median
21.25,302.5,6.1644000815331825,observed angular median
21.25,307.5,6.251774310746528,observed angular median
21.25,312.5,6.194024820232729,observed angular median
21.25,317.5,6.239951839026051,observed angular median
21.25,322.5,6.213340782398568,observed angular median
21.25,327.5,6.23099834159335,observed angular median
21.25,332.5,6.195171095592616,observed angular median
21.25,337.5,6.226443367399625,observed angular median
21.25,342.5,6.26777463423118,observed angular median
21.25,347.5,6.2820191692434095,observed angular median
21.25,352.5,6.258615405446372,observed angular median
21.25,357.5,6.278548459860555,observed angular median
21.5,2.5,6.336688866903121,observed angular median
21.5,7.5,6.351759802044617,observed angular median
21.5,12.5,6.371837721419614,observed angular median
21.5,17.5,6.356854780690789,observed angular median
21.5,22.5,6.345047552295765,observed angular median
21.5,27.5,6.329419243463226,observed angular median
21.5,32.5,6.338975056805881,observed angular median
21.5,37.5,6.3263654669324545,observed angular median
21.5,42.5,6.275661091851774,observed angular median
21.5,47.5,6.31254018521111,observed angular median
21.5,52.5,6.313747995111405,observed angular median
21.5,57.5,6.292655561272113,observed angular median
21.5,62.5,6.2372885605199855,observed angular median
21.5,67.5,6.228161141148496,observed angular median
21.5,72.5,6.2953589377014865,observed angular median
21.5,77.5,6.262211810714644,observed angular median
21.5,82.5,6.217707967407076,observed angular median
21.5,87.5,6.211587290835468,observed angular median
21.5,92.5,6.243049467955325,observed angular median
21.5,97.5,6.25591136522365,observed angular median
21.5,102.5,6.21506687485705,observed angular median
21.5,107.5,6.302057640494304,observed angular median
21.5,112.5,6.284286305333947,observed angular median
21.5,117.5,6.1831550592144096,observed angular median
21.5,122.5,6.217116081771887,observed angular median
21.5,127.5,6.236850454970913,observed angular median
21.5,132.5,6.23114545200496,observed angular median
21.5,137.5,6.197920847643532,observed angular median
21.5,142.5,6.2291438634361,observed angular median
21.5,147.5,6.263877034421963,observed angular median
21.5,152.5,6.318125233705531,observed angular median
21.5,157.5,6.384759173329029,observed angular median
21.5,162.5,6.380750335750394,observed angular median
21.5,167.5,6.314873000331472,observed angular median
21.5,172.5,6.342253126989136,observed angular median
21.5,177.5,6.339481516902528,observed angular median
21.5,182.5,6.32714056311449,observed angular median
21.5,187.5,6.326472663490835,observed angular median
21.5,192.5,6.3130277938574135,observed angular median
21.5,197.5,6.28345267698651,observed angular median
21.5,202.5,6.302209611465309,observed angular median
21.5,207.5,6.311849590369937,observed angular median
21.5,212.5,6.3453672660835165,observed angular median
21.5,217.5,6.312682114699355,observed angular median
21.5,222.5,6.335293772251717,observed angular median
21.5,227.5,6.328963280021858,observed angular median
21.5,232.5,6.257804166095039,observed angular median
21.5,237.5,6.264322043450791,observed angular median
21.5,242.5,6.326755166775688,observed angular median
21.5,247.5,6.284016254410258,observed angular median
21.5,252.5,6.238981040822764,observed angular median
21.5,257.5,6.279392610320853,observed angular median
21.5,262.5,6.246476402799901,observed angular median
21.5,267.5,6.218238445013643,observed angular median
21.5,272.5,6.210085692337586,observed angular median
21.5,277.5,6.227511221359445,observed angular median
21.5,282.5,6.244350589359552,observed angular median
21.5,287.5,6.211620057098829,observed angular median
21.5,292.5,6.276043878612211,observed angular median
21.5,297.5,6.215471017089694,observed angular median
21.5,302.5,6.16297334834616,observed angular median
21.5,307.5,6.235388863347545,observed angular median
21.5,312.5,6.177600332545608,observed angular median
21.5,317.5,6.21865217647469,observed angular median
21.5,322.5,6.217409352771786,observed angular median
21.5,327.5,6.197229697671089,observed angular median
21.5,332.5,6.184646904139083,observed angular median
21.5,337.5,6.239347122255043,observed angular median
21.5,342.5,6.270920885815935,observed angular median
21.5,347.5,6.262076319476305,observed angular median
21.5,352.5,6.279059120791261,observed angular median
21.5,357.5,6.309813159300002,observed angular median
21.75,2.5,6.358128363094773,observed angular median
21.75,7.5,6.372566585909549,observed angular median
21.75,12.5,6.380719851013397,observed angular median
21.75,17.5,6.393796269863341,observed angular median
21.75,22.5,6.37188333234006,observed angular median
21.75,27.5,6.36273249047753,observed angular median
21.75,32.5,6.354159668596517,observed angular median
21.75,37.5,6.369735785410807,observed angular median
21.75,42.5,6.308359076583289,observed angular median
21.75,47.5,6.3312937947833365,observed angular median
21.75,52.5,6.309797065310569,observed angular median
21.75,57.5,6.314119830925565,observed angular median
21.75,62.5,6.250129417380851,observed angular median
21.75,67.5,6.232614619306364,observed angular median
21.75,72.5,6.290862165010187,observed angular median
21.75,77.5,6.2258922062964235,observed angular median
21.75,82.5,6.218935589894894,observed angular median
21.75,87.5,6.208402190578684,observed angular median
21.75,92.5,6.246400388887581,observed angular median
21.75,97.5,6.259760498663552,observed angular median
21.75,102.5,6.249315625562342,observed angular median
21.75,107.5,6.261159921157559,observed angular median
21.75,112.5,6.264385378781327,observed angular median
21.75,117.5,6.170749551259429,observed angular median
21.75,122.5,6.205760008352902,observed angular median
21.75,127.5,6.2214131012950755,observed angular median
21.75,132.5,6.227742990683481,observed angular median
21.75,137.5,6.205967471676625,observed angular median
21.75,142.5,6.197137106538227,observed angular median
21.75,147.5,6.246719296428955,observed angular median
21.75,152.5,6.346840513473352,observed angular median
21.75,157.5,6.3804611813824215,observed angular median
21.75,162.5,6.38801844724043,observed angular median
21.75,167.5,6.295615819330066,observed angular median
21.75,172.5,6.35696387067328,observed angular median
21.75,177.5,6.292549260292262,observed angular median
21.75,182.5,6.316378554863323,observed angular median
21.75,187.5,6.318641874980104,observed angular median
21.75,192.5,6.297711814744881,observed angular median
21.75,197.5,6.240537904245228,observed angular median
21.75,202.5,6.278348501853266,observed angular median
21.75,207.5,6.314896792258244,observed angular median
21.75,212.5,6.34839049245393,observed angular median
21.75,217.5,6.289500765807333,observed angular median
21.75,222.5,6.322862928177534,observed angular median
21.75,227.5,6.329052876870991,observed angular median
21.75,232.5,6.232179057536431,observed angular median
21.75,237.5,6.273341182560507,observed angular median
21.75,242.5,6.310225047641474,observed angular median
21.75,247.5,6.27979553926771,observed angular median
21.75,252.5,6.239811303577445,observed angular median
21.75,257.5,6.2600640911966305,observed angular median
21.75,262.5,6.241013033174829,observed angular median
21.75,267.5,6.224651664436956,observed angular median
21.75,272.5,6.218604708261287,observed angular median
21.75,277.5,6.245864090663703,observed angular median
21.75,282.5,6.224548352815184,observed angular median
21.75,287.5,6.233903552887385,observed angular median
21.75,292.5,6.273065912199096,observed angular median
21.75,297.5,6.213648882448762,observed angular median
21.75,302.5,6.1498619933222365,observed angular median
21.75,307.5,6.184880419753701,observed angular median
21.75,312.5,6.261833643867409,observed angular median
21.75,317.5,6.1936868158143294,observed angular median
21.75,322.5,6.230146850562512,observed angular median
21.75,327.5,6.192131036941763,observed angular median
21.75,332.5,6.177256522769961,observed angular median
21.75,337.5,6.232237080258123,observed angular median
21.75,342.5,6.265600393186217,observed angular median
21.75,347.5,6.264261129714861,observed angular median
21.75,352.5,6.284975359651936,observed angular median
21.75,357.5,6.340583147893587,observed angular median
22.0,2.5,6.388664590883619,observed angular median
22.0,7.5,6.3782814526642575,observed angular median
22.0,12.5,6.376852577608041,observed angular median
22.0,17.5,6.417074108280943,observed angular median
22.0,22.5,6.391263389435657,observed angular median
22.0,27.5,6.3612815517544385,observed angular median
22.0,32.5,6.360089668940644,observed angular median
22.0,37.5,6.377663690050828,observed angular median
22.0,42.5,6.337102033872101,observed angular median
22.0,47.5,6.3314216944447175,observed angular median
22.0,52.5,6.311603931913741,observed angular median
22.0,57.5,6.306314406231143,observed angular median
22.0,62.5,6.2882046724480345,observed angular median
22.0,67.5,6.268892701012167,observed angular median
22.0,72.5,6.286316021819185,observed angular median
22.0,77.5,6.227772955351338,observed angular median
22.0,82.5,6.209032818358732,observed angular median
22.0,87.5,6.200172896994399,observed angular median
22.0,92.5,6.259115932785832,observed angular median
22.0,97.5,6.234565921334777,observed angular median
22.0,102.5,6.225862592645484,observed angular median
22.0,107.5,6.287159911130348,observed angular median
22.0,112.5,6.217059056236766,observed angular median
22.0,117.5,6.173389722866637,observed angular median
22.0,122.5,6.1951351238371295,observed angular median
22.0,127.5,6.21728546616688,observed angular median
22.0,132.5,6.218054444104158,observed angular median
22.0,137.5,6.235410652819358,observed angular median
22.0,142.5,6.217029393204631,observed angular median
22.0,147.5,6.276028806016828,observed angular median
22.0,152.5,6.327848117376284,observed angular median
22.0,157.5,6.375326050406462,observed angular median
22.0,162.5,6.367437862596038,observed angular median
22.0,167.5,6.327328633315119,observed angular median
22.0,172.5,6.3646299922117375,observed angular median
22.0,177.5,6.340310884461326,observed angular median
22.0,182.5,6.316195980216587,observed angular median
22.0,187.5,6.328794051096574,observed angular median
22.0,192.5,6.322828794577022,observed angular median
22.0,197.5,6.255058769623238,observed angular median
22.0,202.5,6.269176947532297,observed angular median
22.0,207.5,6.330857529329501,observed angular median
22.0,212.5,6.338622436779229,observed angular median
22.0,217.5,6.278807479888108,observed angular median
22.0,222.5,6.315533589128018,observed angular median
22.0,227.5,6.305214394177426,observed angular median
22.0,232.5,6.250748611818318,observed angular median
22.0,237.5,6.268673152165338,observed angular median
22.0,242.5,6.3190898916492735,observed angular median
22.0,247.5,6.299237098869646,observed angular median
22.0,252.5,6.256133577602199,observed angular median
22.0,257.5,6.244888578656193,observed angular median
22.0,262.5,6.236647210565568,observed angular median
22.0,267.5,6.212911523634656,observed angular median
22.0,272.5,6.240881455097292,observed angular median
22.0,277.5,6.2328349855084415,observed angular median
22.0,282.5,6.197040379689128,observed angular median
22.0,287.5,6.245586636103753,observed angular median
22.0,292.5,6.279138028901368,observed angular median
22.0,297.5,6.191888287514216,observed angular median
22.0,302.5,6.182382350846495,observed angular median
22.0,307.5,6.18174137248851,observed angular median
22.0,312.5,6.257403280240866,observed angular median
22.0,317.5,6.205951457680092,observed angular median
22.0,322.5,6.194818766702754,observed angular median
22.0,327.5,6.191335859355712,observed angular median
22.0,332.5,6.176782882113181,observed angular median
22.0,337.5,6.255377882460944,observed angular median
22.0,342.5,6.25497234171687,observed angular median
22.0,347.5,6.252657175566462,observed angular median
22.0,352.5,6.27422626254329,observed angular median
22.0,357.5,6.335544263072896,observed angular median
22.25,2.5,6.393861605768201,observed angular median
22.25,7.5,6.3753323767241605,observed angular median
22.25,12.5,6.3608600874128385,observed angular median
22.25,17.5,6.4105665899399975,observed angular median
22.25,22.5,6.378728627729163,observed angular median
22.25,27.5,6.366658147230589,observed angular median
22.25,32.5,6.3685429965642975,observed angular median
22.25,37.5,6.39109939363092,observed angular median
22.25,42.5,6.3458789540144585,observed angular median
22.25,47.5,6.3388327146348304,observed angular median
22.25,52.5,6.322368059536775,observed angular median
22.25,57.5,6.293152394159275,observed angular median
22.25,62.5,6.288072364354942,observed angular median
22.25,67.5,6.303002432322639,observed angular median
22.25,72.5,6.290646485263098,observed angular median
22.25,77.5,6.262645769095659,observed angular median
22.25,82.5,6.257637350892624,observed angular median
22.25,87.5,6.226663290461141,observed angular median
22.25,92.5,6.248060399868972,observed angular median
22.25,97.5,6.217298827361534,observed angular median
22.25,102.5,6.225310709039296,observed angular median
22.25,107.5,6.2948164973346294,observed angular median
22.25,112.5,6.225033636993059,observed angular median
22.25,117.5,6.184727036920095,observed angular median
22.25,122.5,6.200778879616374,observed angular median
22.25,127.5,6.250530828443827,observed angular median
22.25,132.5,6.236343768313503,observed angular median
22.25,137.5,6.261447343365001,observed angular median
22.25,142.5,6.229110845398516,observed angular median
22.25,147.5,6.303646148544811,observed angular median
22.25,152.5,6.3519297845249865,observed angular median
22.25,157.5,6.368188374994624,observed angular median
22.25,162.5,6.369187175950674,observed angular median
22.25,167.5,6.378252525565738,observed angular median
22.25,172.5,6.387470025253373,observed angular median
22.25,177.5,6.290697173970529,observed angular median
22.25,182.5,6.345016923264374,observed angular median
22.25,187.5,6.3481070756864,observed angular median
22.25,192.5,6.343167232781614,observed angular median
22.25,197.5,6.306900913154589,observed angular median
22.25,202.5,6.290382586535489,observed angular median
22.25,207.5,6.312593074093202,observed angular median
22.25,212.5,6.248527758730374,observed angular median
22.25,217.5,6.325516481657035,observed angular median
22.25,222.5,6.277877442085137,observed angular median
22.25,227.5,6.301102279595089,observed angular median
22.25,232.5,6.245860079580882,observed angular median
22.25,237.5,6.266150885460754,observed angular median
22.25,242.5,6.358607703880728,observed angular median
22.25,247.5,6.3171159797763385,observed angular median
22.25,252.5,6.297132180454922,observed angular median
22.25,257.5,6.260460373526059,observed angular median
22.25,262.5,6.2603681017620545,observed angular median
22.25,267.5,6.199820996457002,observed angular median
22.25,272.5,6.210378141450495,observed angular median
22.25,277.5,6.232861137774829,observed angular median
22.25,282.5,6.202473997311987,observed angular median
22.25,287.5,6.243231463361213,observed angular median
22.25,292.5,6.270746820949152,observed angular median
22.25,297.5,6.189280504202365,observed angular median
22.25,302.5,6.1972155873354335,observed angular median
22.25,307.5,6.140391848850758,observed angular median
22.25,312.5,6.224528199976778,observed angular median
22.25,317.5,6.182075550948625,observed angular median
22.25,322.5,6.169160999544115,observed angular median
22.25,327.5,6.191077475614026,observed angular median
22.25,332.5,6.208140330111729,observed angular median
22.25,337.5,6.191631392933493,observed angular median
22.25,342.5,6.249177498274584,observed angular median
22.25,347.5,6.238799536068507,observed angular median
22.25,352.5,6.267794143035357,observed angular median
22.25,357.5,6.298864046984681,observed angular median
22.5,2.5,6.339409242871891,observed angular median
22.5,7.5,6.344845921098731,observed angular median
22.5,12.5,6.3199942816598815,observed angular median
22.5,17.5,6.390598657352369,observed angular median
22.5,22.5,6.3849322710939616,observed angular median
22.5,27.5,6.393698463545915,observed angular median
22.5,32.5,6.372024706015141,observed angular median
22.5,37.5,6.3925877454553195,observed angular median
22.5,42.5,6.364842032245994,observed angular median
22.5,47.5,6.345226889062429,observed angular median
22.5,52.5,6.35488644776136,observed angular median
22.5,57.5,6.296079779186353,observed angular median
22.5,62.5,6.307178839571878,observed angular median
22.5,67.5,6.276880082066739,observed angular median
22.5,72.5,6.305218276778711,observed angular median
22.5,77.5,6.2774174735676995,observed angular median
22.5,82.5,6.297070245896342,observed angular median
22.5,87.5,6.262435573048516,observed angular median
22.5,92.5,6.256146826495568,observed angular median
22.5,97.5,6.247968651417955,observed angular median
22.5,102.5,6.232454880363103,observed angular median
22.5,107.5,6.283127810134432,observed angular median
22.5,112.5,6.222867376779184,observed angular median
22.5,117.5,6.206322535509968,observed angular median
22.5,122.5,6.22237903217139,observed angular median
22.5,127.5,6.294890161399016,observed angular median
22.5,132.5,6.227766781471974,observed angular median
22.5,137.5,6.251763675569165,observed angular median
22.5,142.5,6.214947762634623,observed angular median
22.5,147.5,6.324069118796385,observed angular median
22.5,152.5,6.345149617281712,observed angular median
22.5,157.5,6.376629558731686,observed angular median
22.5,162.5,6.403793709171705,observed angular median
22.5,167.5,6.392978456748697,observed angular median
22.5,172.5,6.357967796054468,observed angular median
22.5,177.5,6.321872007309415,observed angular median
22.5,182.5,6.33792472463014,observed angular median
22.5,187.5,6.36281688394636,observed angular median
22.5,192.5,6.3324814435843795,observed angular median
22.5,197.5,6.351219513713056,observed angular median
22.5,202.5,6.326133635632381,observed angular median
22.5,207.5,6.301627543619267,observed angular median
22.5,212.5,6.147787894998844,observed angular median
22.5,217.5,6.320306981838019,observed angular median
22.5,222.5,6.266418172258694,observed angular median
22.5,227.5,6.333701249081146,observed angular median
22.5,232.5,6.24923169687597,observed angular median
22.5,237.5,6.2716639142896025,observed angular median
22.5,242.5,6.30340421479053,observed angular median
22.5,247.5,6.2978897861733065,observed angular median
22.5,252.5,6.302192026988612,observed angular median
22.5,257.5,6.258619205684628,observed angular median
22.5,262.5,6.2739466428505795,observed angular median
22.5,267.5,6.205062650323613,observed angular median
22.5,272.5,6.210110702190812,observed angular median
22.5,277.5,6.2163317392324915,observed angular median
22.5,282.5,6.216600575698354,observed angular median
22.5,287.5,6.198969242220855,observed angular median
22.5,292.5,6.282438831381253,observed angular median
22.5,297.5,6.2242659460231256,observed angular median
22.5,302.5,6.198747269662101,observed angular median
22.5,307.5,6.175471320940449,observed angular median
22.5,312.5,6.151179942908104,observed angular median
22.5,317.5,6.105194406600907,observed angular median
22.5,322.5,6.163192324858166,observed angular median
22.5,327.5,6.160982598790376,observed angular median
22.5,332.5,6.169122684884688,observed angular median
22.5,337.5,6.165559837231494,observed angular median
22.5,342.5,6.198526615293224,observed angular median
22.5,347.5,6.214220301939784,observed angular median
22.5,352.5,6.259588304412974,observed angular median
22.5,357.5,6.291253258693964,observed angular median
22.75,2.5,6.307165710081354,observed angular median
22.75,7.5,6.306403536620274,observed angular median
22.75,12.5,6.303621235123863,observed angular median
22.75,17.5,6.351660373436103,observed angular median
22.75,22.5,6.371576848449661,observed angular median
22.75,27.5,6.384609762840473,observed angular median
22.75,32.5,6.366660049741684,observed angular median
22.75,37.5,6.387647300644784,observed angular median
22.75,42.5,6.339590958539486,observed angular median
22.75,47.5,6.352081680505749,observed angular median
22.75,52.5,6.3507885332950575,observed angular median
22.75,57.5,6.271182568143474,observed angular median
22.75,62.5,6.285081102966103,observed angular median
22.75,67.5,6.2726774608921065,observed angular median
22.75,72.5,6.339106217211273,observed angular median
22.75,77.5,6.260599467520508,observed angular median
22.75,82.5,6.271240358705555,observed angular median
22.75,87.5,6.269002848686542,observed angular median
22.75,92.5,6.246578713703808,observed angular median
22.75,97.5,6.239146500212255,observed angular median
22.75,102.5,6.220463058377307,observed angular median
22.75,107.5,6.273112883722515,observed angular median
22.75,112.5,6.221428479267311,observed angular median
22.75,117.5,6.203080095613107,observed angular median
22.75,122.5,6.170073039109545,observed angular median
22.75,127.5,6.252391599010872,observed angular median
22.75,132.5,6.217641272302731,observed angular median
22.75,137.5,6.22256571070348,observed angular median
22.75,142.5,6.216590727632681,observed angular median
22.75,147.5,6.273828612478821,observed angular median
22.75,152.5,6.328995749927902,observed angular median
22.75,157.5,6.349360730017682,observed angular median
22.75,162.5,6.403882234752055,observed angular median
22.75,167.5,6.344688163411867,observed angular median
22.75,172.5,6.328971593854443,observed angular median
22.75,177.5,6.3649020418805025,observed angular median
22.75,182.5,6.355561777006288,observed angular median
22.75,187.5,6.37837600242918,observed angular median
22.75,192.5,6.299053484878958,observed angular median
22.75,197.5,6.34257962661928,observed angular median
22.75,202.5,6.359463873776493,observed angular median
22.75,207.5,6.355291817310938,observed angular median
22.75,212.5,6.251821432802319,observed angular median
22.75,217.5,6.25708130416159,observed angular median
22.75,222.5,6.281661437055414,observed angular median
22.75,227.5,6.307701075748386,observed angular median
22.75,232.5,6.2491304366310985,observed angular median
22.75,237.5,6.244715043086073,observed angular median
22.75,242.5,6.295740350112024,observed angular median
22.75,247.5,6.244488590213975,observed angular median
22.75,252.5,6.282472756491857,observed angular median
22.75,257.5,6.2542928848673025,observed angular median
22.75,262.5,6.2552956782452664,observed angular median
22.75,267.5,6.210194825463694,observed angular median
22.75,272.5,6.2408052713399025,observed angular median
22.75,277.5,6.225472752595346,observed angular median
22.75,282.5,6.223177849385947,observed angular median
22.75,287.5,6.2023840195207205,observed angular median
22.75,292.5,6.287370492005483,observed angular median
22.75,297.5,6.225027008348059,observed angular median
22.75,302.5,6.212442063324602,observed angular median
22.75,307.5,6.220855484128836,observed angular median
22.75,312.5,6.193311547312876,observed angular median
22.75,317.5,6.096991210402452,observed angular median
22.75,322.5,6.159660365445004,observed angular median
22.75,327.5,6.16886760564933,observed angular median
22.75,332.5,6.125765445758518,observed angular median
22.75,337.5,6.121750744423418,observed angular median
22.75,342.5,6.205587721888721,observed angular median
22.75,347.5,6.228841045277406,observed angular median
22.75,352.5,6.246892809994378,observed angular median
22.75,357.5,6.313196990670207,observed angular median
23.0,2.5,6.307269409297692,observed angular median
23.0,7.5,6.315454269437681,observed angular median
23.0,12.5,6.34501211041348,observed angular median
23.0,17.5,6.32222362328433,observed angular median
23.0,22.5,6.34163099417601,observed angular median
23.0,27.5,6.3561980404399385,observed angular median
23.0,32.5,6.4057158550311435,observed angular median
23.0,37.5,6.40964203572921,observed angular median
23.0,42.5,6.328986542688117,observed angular median
23.0,47.5,6.328185438151102,observed angular median
23.0,52.5,6.303953708758105,observed angular median
23.0,57.5,6.241625992784599,observed angular median
23.0,62.5,6.246627459556656,observed angular median
23.0,67.5,6.260476265646964,observed angular median
23.0,72.5,6.317028821854219,observed angular median
23.0,77.5,6.238533844937789,observed angular median
23.0,82.5,6.247110508707291,observed angular median
23.0,87.5,6.237302223174468,observed angular median
23.0,92.5,6.2220926212877,observed angular median
23.0,97.5,6.232039193541552,observed angular median
23.0,102.5,6.202744452516,observed angular median
23.0,107.5,6.281333148821851,observed angular median
23.0,112.5,6.20931589133561,observed angular median
23.0,117.5,6.149754973739189,observed angular median
23.0,122.5,6.144880109249078,observed angular median
23.0,127.5,6.229457687811078,observed angular median
23.0,132.5,6.201432173859849,observed angular median
23.0,137.5,6.205337227919996,observed angular median
23.0,142.5,6.221914943325471,observed angular median
23.0,147.5,6.243491692692704,observed angular median
23.0,152.5,6.329826420103559,observed angular median
23.0,157.5,6.357927148631445,observed angular median
23.0,162.5,6.376728549729219,observed angular median
23.0,167.5,6.32628684654878,observed angular median
23.0,172.5,6.3401382488286755,observed angular median
23.0,177.5,6.364859402111179,observed angular median
23.0,182.5,6.366071615040719,observed angular median
23.0,187.5,6.3723612072380975,observed angular median
23.0,192.5,6.3081513172164545,observed angular median
23.0,197.5,6.308368006677191,observed angular median
23.0,202.5,6.32946282583829,observed angular median
23.0,207.5,6.301337633898536,observed angular median
23.0,212.5,6.28293840667088,observed angular median
23.0,217.5,6.250547035074535,observed angular median
23.0,222.5,6.284607356396066,observed angular median
23.0,227.5,6.2810853614385245,observed angular median
23.0,232.5,6.252888963540013,observed angular median
23.0,237.5,6.20966890971211,observed angular median
23.0,242.5,6.239053952768064,observed angular median
23.0,247.5,6.203623072846149,observed angular median
23.0,252.5,6.228874276942304,observed angular median
23.0,257.5,6.26649574103492,observed angular median
23.0,262.5,6.259579059960211,observed angular median
23.0,267.5,6.205945609952886,observed angular median
23.0,272.5,6.236304761567565,observed angular median
23.0,277.5,6.221879796814777,observed angular median
23.0,282.5,6.233377743750221,observed angular median
23.0,287.5,6.190089991364565,observed angular median
23.0,292.5,6.279350169026603,observed angular median
23.0,297.5,6.208508182735671,observed angular median
23.0,302.5,6.179776224705516,observed angular median
23.0,307.5,6.17860144137778,observed angular median
23.0,312.5,6.206477103022754,observed angular median
23.0,317.5,6.128158433479435,observed angular median
23.0,322.5,6.161037012231313,observed angular median
23.0,327.5,6.166874915323557,observed angular median
23.0,332.5,6.137940426756806,observed angular median
23.0,337.5,6.140340705283025,observed angular median
23.0,342.5,6.223198381654978,observed angular median
23.0,347.5,6.223181484268851,observed angular median
23.0,352.5,6.2316369916393635,observed angular median
23.0,357.5,6.270530107134345,observed angular median
23.25,2.5,6.299187768135247,observed angular median
23.25,7.5,6.294218915182353,observed angular median
23.25,12.5,6.309421009887992,observed angular median
23.25,17.5,6.296072245391794,observed angular median
23.25,22.5,6.318085483084421,observed angular median
23.25,27.5,6.349022822430729,observed angular median
23.25,32.5,6.335729501516739,observed angular median
23.25,37.5,6.402342335345327,observed angular median
23.25,42.5,6.342766876235395,observed angular median
23.25,47.5,6.313955511731516,observed angular median
23.25,52.5,6.281167981975786,observed angular median
23.25,57.5,6.233402324395099,observed angular median
23.25,62.5,6.20685156369178,observed angular median
23.25,67.5,6.219999742423303,observed angular median
23.25,72.5,6.228048503524033,observed angular median
23.25,77.5,6.214468894329904,observed angular median
23.25,82.5,6.227953010198181,observed angular median
23.25,87.5,6.20500852864583,observed angular median
23.25,92.5,6.209215298113776,observed angular median
23.25,97.5,6.222757525343029,observed angular median
23.25,102.5,6.164213954622189,observed angular median
23.25,107.5,6.211361589588767,observed angular median
23.25,112.5,6.24065215010979,observed angular median
23.25,117.5,6.124591277884014,observed angular median
23.25,122.5,6.1429595334716725,observed angular median
23.25,127.5,6.16636531091039,observed angular median
23.25,132.5,6.182281491970711,observed angular median
23.25,137.5,6.173706540505069,observed angular median
23.25,142.5,6.254216142888817,observed angular median
23.25,147.5,6.260000395242388,observed angular median
23.25,152.5,6.270961153056128,observed angular median
23.25,157.5,6.357717096089537,observed angular median
23.25,162.5,6.345795924608906,observed angular median
23.25,167.5,6.329354228468547,observed angular median
23.25,172.5,6.283487552235194,observed angular median
23.25,177.5,6.322937414231614,observed angular median
23.25,182.5,6.356893647995454,observed angular median
23.25,187.5,6.355194402537227,observed angular median
23.25,192.5,6.307676524415161,observed angular median
23.25,197.5,6.2383498411997955,observed angular median
23.25,202.5,6.30865783045482,observed angular median
23.25,207.5,6.261917567851461,observed angular median
23.25,212.5,6.2709416541443925,observed angular median
23.25,217.5,6.262857742540594,observed angular median
23.25,222.5,6.27534686666066,observed angular median
23.25,227.5,6.260030487192344,observed angular median
23.25,232.5,6.187692468761471,observed angular median
23.25,237.5,6.1589031866414725,observed angular median
23.25,242.5,6.193193838490303,observed angular median
23.25,247.5,6.18932326235943,observed angular median
23.25,252.5,6.209015311011569,observed angular median
23.25,257.5,6.220809018808106,observed angular median
23.25,262.5,6.257776526209378,observed angular median
23.25,267.5,6.1802987368975355,observed angular median
23.25,272.5,6.241580182639991,observed angular median
23.25,277.5,6.204269303445661,observed angular median
23.25,282.5,6.219949989529561,observed angular median
23.25,287.5,6.228001631555843,observed angular median
23.25,292.5,6.282446772918716,observed angular median
23.25,297.5,6.199529760198896,observed angular median
23.25,302.5,6.154132893301885,observed angular median
23.25,307.5,6.163544021744113,observed angular median
23.25,312.5,6.160946710039103,observed angular median
23.25,317.5,6.144801966961469,observed angular median
23.25,322.5,6.2066530061838865,observed angular median
23.25,327.5,6.124889278117084,observed angular median
23.25,332.5,6.1751264600700395,observed angular median
23.25,337.5,6.1447733795810695,observed angular median
23.25,342.5,6.2257134163557675,observed angular median
23.25,347.5,6.215014406025089,observed angular median
23.25,352.5,6.231430950037701,observed angular median
23.25,357.5,6.2957975642501065,observed angular median
23.5,2.5,6.273932866983141,observed angular median
23.5,7.5,6.225996952742795,observed angular median
23.5,12.5,6.261449297879158,observed angular median
23.5,17.5,6.272761851457566,observed angular median
23.5,22.5,6.3336747722225795,observed angular median
23.5,27.5,6.36624728336032,observed angular median
23.5,32.5,6.328061921890335,observed angular median
23.5,37.5,6.343858685040002,observed angular median
23.5,42.5,6.333243579097493,observed angular median
23.5,47.5,6.334901233929424,observed angular median
23.5,52.5,6.313294057473242,observed angular median
23.5,57.5,6.288200350988537,observed angular median
23.5,62.5,6.1443809965485725,observed angular median
23.5,67.5,6.10650862653873,observed angular median
23.5,72.5,6.156854000162017,observed angular median
23.5,77.5,6.150889685939372,observed angular median
23.5,82.5,6.115068458187817,observed angular median
23.5,87.5,6.152740551327463,observed angular median
23.5,92.5,6.15226135584946,observed angular median
23.5,97.5,6.118807136615738,observed angular median
23.5,102.5,6.13159462214985,observed angular median
23.5,107.5,6.130072988507935,observed angular median
23.5,112.5,6.144812488766617,observed angular median
23.5,117.5,6.0983743761934885,observed angular median
23.5,122.5,6.093989531226067,observed angular median
23.5,127.5,6.146956871990772,observed angular median
23.5,132.5,6.137643275912861,observed angular median
23.5,137.5,6.161029443901681,periodic interpolation
23.5,142.5,6.1844156118905005,periodic interpolation
23.5,147.5,6.20780177987932,observed angular median
23.5,152.5,6.210478813075367,observed angular median
23.5,157.5,6.292630194592903,observed angular median
23.5,162.5,6.313170547185733,observed angular median
23.5,167.5,6.306739516166693,periodic interpolation
23.5,172.5,6.300308485147653,periodic interpolation
23.5,177.5,6.293877454128613,periodic interpolation
23.5,182.5,6.287446423109573,periodic interpolation
23.5,187.5,6.281015392090534,periodic interpolation
23.5,192.5,6.274584361071494,periodic interpolation
23.5,197.5,6.268153330052455,periodic interpolation
23.5,202.5,6.261722299033415,periodic interpolation
23.5,207.5,6.255291268014375,periodic interpolation
23.5,212.5,6.248860236995335,observed angular median
23.5,217.5,6.31791803478804,observed angular median
23.5,222.5,6.259855872284489,observed angular median
23.5,227.5,6.1766549395822485,observed angular median
23.5,232.5,6.1195138289430435,observed angular median
23.5,237.5,6.07652878086182,observed angular median
23.5,242.5,6.097885660383936,observed angular median
23.5,247.5,6.128639539735117,observed angular median
23.5,252.5,6.162609296176273,observed angular median
23.5,257.5,6.138385195967425,observed angular median
23.5,262.5,6.203873405752426,observed angular median
23.5,267.5,6.165358894064823,observed angular median
23.5,272.5,6.207585019738491,observed angular median
23.5,277.5,6.146337356404914,observed angular median
23.5,282.5,6.1493028907349085,observed angular median
23.5,287.5,6.191521953344464,observed angular median
23.5,292.5,6.196448991227646,periodic interpolation
23.5,297.5,6.201376029110827,observed angular median
23.5,302.5,6.173378929562915,periodic interpolation
23.5,307.5,6.145381830015002,observed angular median
23.5,312.5,6.141502498818701,observed angular median
23.5,317.5,6.092572656630995,observed angular median
23.5,322.5,6.1128350223401124,periodic interpolation
23.5,327.5,6.133097388049231,periodic interpolation
23.5,332.5,6.153359753758349,observed angular median
23.5,337.5,6.150427077586478,observed angular median
23.5,342.5,6.175853879327134,observed angular median
23.5,347.5,6.180013752312547,periodic interpolation
23.5,352.5,6.18417362529796,observed angular median
23.5,357.5,6.309760035481427,observed angular median
24.26005165061907,2.5,6.247861730125572,assumed cap endpoint
24.26005165061907,7.5,6.247861730125572,assumed cap endpoint
24.26005165061907,12.5,6.247861730125572,assumed cap endpoint
24.26005165061907,17.5,6.247861730125572,assumed cap endpoint
24.26005165061907,22.5,6.247861730125572,assumed cap endpoint
24.26005165061907,27.5,6.247861730125572,assumed cap endpoint
24.26005165061907,32.5,6.247861730125572,assumed cap endpoint
24.26005165061907,37.5,6.247861730125572,assumed cap endpoint
24.26005165061907,42.5,6.247861730125572,assumed cap endpoint
24.26005165061907,47.5,6.247861730125572,assumed cap endpoint
24.26005165061907,52.5,6.247861730125572,assumed cap endpoint
24.26005165061907,57.5,6.247861730125572,assumed cap endpoint
24.26005165061907,62.5,6.247861730125572,assumed cap endpoint
24.26005165061907,67.5,6.247861730125572,assumed cap endpoint
24.26005165061907,72.5,6.247861730125572,assumed cap endpoint
24.26005165061907,77.5,6.247861730125572,assumed cap endpoint
24.26005165061907,82.5,6.247861730125572,assumed cap endpoint
24.26005165061907,87.5,6.247861730125572,assumed cap endpoint
24.26005165061907,92.5,6.247861730125572,assumed cap endpoint
24.26005165061907,97.5,6.247861730125572,assumed cap endpoint
24.26005165061907,102.5,6.247861730125572,assumed cap endpoint
24.26005165061907,107.5,6.247861730125572,assumed cap endpoint
24.26005165061907,112.5,6.247861730125572,assumed cap endpoint
24.26005165061907,117.5,6.247861730125572,assumed cap endpoint
24.26005165061907,122.5,6.247861730125572,assumed cap endpoint
24.26005165061907,127.5,6.247861730125572,assumed cap endpoint
24.26005165061907,132.5,6.247861730125572,assumed cap endpoint
24.26005165061907,137.5,6.247861730125572,assumed cap endpoint
24.26005165061907,142.5,6.247861730125572,assumed cap endpoint
24.26005165061907,147.5,6.247861730125572,assumed cap endpoint
24.26005165061907,152.5,6.247861730125572,assumed cap endpoint
24.26005165061907,157.5,6.247861730125572,assumed cap endpoint
24.26005165061907,162.5,6.247861730125572,assumed cap endpoint
24.26005165061907,167.5,6.247861730125572,assumed cap endpoint
24.26005165061907,172.5,6.247861730125572,assumed cap endpoint
24.26005165061907,177.5,6.247861730125572,assumed cap endpoint
24.26005165061907,182.5,6.247861730125572,assumed cap endpoint
24.26005165061907,187.5,6.247861730125572,assumed cap endpoint
24.26005165061907,192.5,6.247861730125572,assumed cap endpoint
24.26005165061907,197.5,6.247861730125572,assumed cap endpoint
24.26005165061907,202.5,6.247861730125572,assumed cap endpoint
24.26005165061907,207.5,6.247861730125572,assumed cap endpoint
24.26005165061907,212.5,6.247861730125572,assumed cap endpoint
24.26005165061907,217.5,6.247861730125572,assumed cap endpoint
24.26005165061907,222.5,6.247861730125572,assumed cap endpoint
24.26005165061907,227.5,6.247861730125572,assumed cap endpoint
24.26005165061907,232.5,6.247861730125572,assumed cap endpoint
24.26005165061907,237.5,6.247861730125572,assumed cap endpoint
24.26005165061907,242.5,6.247861730125572,assumed cap endpoint
24.26005165061907,247.5,6.247861730125572,assumed cap endpoint
24.26005165061907,252.5,6.247861730125572,assumed cap endpoint
24.26005165061907,257.5,6.247861730125572,assumed cap endpoint
24.26005165061907,262.5,6.247861730125572,assumed cap endpoint
24.26005165061907,267.5,6.247861730125572,assumed cap endpoint
24.26005165061907,272.5,6.247861730125572,assumed cap endpoint
24.26005165061907,277.5,6.247861730125572,assumed cap endpoint
24.26005165061907,282.5,6.247861730125572,assumed cap endpoint
24.26005165061907,287.5,6.247861730125572,assumed cap endpoint
24.26005165061907,292.5,6.247861730125572,assumed cap endpoint
24.26005165061907,297.5,6.247861730125572,assumed cap endpoint
24.26005165061907,302.5,6.247861730125572,assumed cap endpoint
24.26005165061907,307.5,6.247861730125572,assumed cap endpoint
24.26005165061907,312.5,6.247861730125572,assumed cap endpoint
24.26005165061907,317.5,6.247861730125572,assumed cap endpoint
24.26005165061907,322.5,6.247861730125572,assumed cap endpoint
24.26005165061907,327.5,6.247861730125572,assumed cap endpoint
24.26005165061907,332.5,6.247861730125572,assumed cap endpoint
24.26005165061907,337.5,6.247861730125572,assumed cap endpoint
24.26005165061907,342.5,6.247861730125572,assumed cap endpoint
24.26005165061907,347.5,6.247861730125572,assumed cap endpoint
24.26005165061907,352.5,6.247861730125572,assumed cap endpoint
24.26005165061907,357.5,6.247861730125572,assumed cap endpoint
